user_id,group
106907,Indecisive
118043,High Spenders
167852,Indecisive
217114,Indecisive
228195,Indecisive
229009,Youngs
298253,Indecisive
299476,Indecisive
306165,Indecisive
312488,Indecisive
330764,Only Hotel
337227,Indecisive
340166,Indecisive
347778,High Spenders
348863,Indecisive
350648,Indecisive
353271,Indecisive
359080,High Spenders
361459,Indecisive
365825,Long Stayers
373489,Long Stayers
374331,Long Stayers
374341,Long Stayers
375160,Indecisive
378565,Long Stayers
382384,Indecisive
382533,Indecisive
386255,Indecisive
386469,Indecisive
388767,Long Stayers
389759,High Spenders
392453,Long Stayers
400275,Discount buyer
402332,Discount buyer
403881,High Spenders
413340,Long Stayers
418692,Discount buyer
421870,High Spenders
422668,Indecisive
429345,Indecisive
431746,Indecisive
431899,Indecisive
431912,Indecisive
436320,Discount buyer
437162,Indecisive
440212,Indecisive
441205,Only Flight
442718,High Spenders
442833,High Spenders
443305,Indecisive
444885,Indecisive
446138,Long Stayers
448025,Indecisive
448154,High Spenders
449980,Indecisive
450193,Long Stayers
451291,High Spenders
452034,Indecisive
452532,Only Flight
452612,Indecisive
456318,Indecisive
456671,Indecisive
458725,Indecisive
458814,Discount buyer
459229,High Spenders
460553,Long Stayers
462894,Indecisive
464080,Indecisive
465568,Indecisive
467092,Indecisive
471649,Indecisive
471946,Indecisive
472446,Youngs
473847,Indecisive
474007,Indecisive
474120,High Spenders
474239,Indecisive
474278,Indecisive
474464,High Spenders
476104,High Spenders
476742,Long Stayers
477730,High Spenders
477805,Long Stayers
478533,Indecisive
478834,Indecisive
479078,Indecisive
480186,Indecisive
480975,Indecisive
481358,Indecisive
481772,Long Stayers
481781,Indecisive
482335,Indecisive
482621,Family travelers
483525,Indecisive
483982,Youngs
485393,Indecisive
485891,Indecisive
486605,Indecisive
486751,High Spenders
487002,Indecisive
487352,Youngs
488099,Indecisive
488918,High Spenders
489131,Indecisive
489949,High Spenders
490348,Indecisive
491995,Indecisive
492497,Indecisive
493476,Indecisive
493718,High Spenders
494484,Long Stayers
494630,Indecisive
495386,Discount buyer
495592,Indecisive
495727,High Spenders
496899,Indecisive
498287,High Spenders
498357,High Spenders
499252,Indecisive
499313,Indecisive
499366,High Spenders
499375,High Spenders
499634,Indecisive
499659,Long Stayers
499669,Indecisive
499780,Indecisive
499979,High Spenders
500288,Indecisive
500299,Indecisive
500791,Indecisive
500972,High Spenders
500974,High Spenders
501512,Discount buyer
501897,Long Stayers
502063,Indecisive
502212,Indecisive
502819,Indecisive
502850,Indecisive
503042,Indecisive
503161,Indecisive
503483,Indecisive
503621,Long Stayers
503918,Indecisive
504240,High Spenders
504610,Indecisive
504665,Discount buyer
504892,Long Stayers
504916,Indecisive
505172,Indecisive
505933,Indecisive
506347,Indecisive
506777,Indecisive
506990,Indecisive
507513,Indecisive
507531,Long Stayers
508512,Indecisive
508625,Long Stayers
508857,High Spenders
508877,High Spenders
509098,Discount buyer
509162,Long Stayers
509272,Long Stayers
509353,Indecisive
509359,High Spenders
509454,Long Stayers
509552,Youngs
509638,Indecisive
509645,Discount buyer
509763,High Spenders
509765,High Spenders
509826,Indecisive
509876,Indecisive
509892,Indecisive
509903,High Spenders
509990,Indecisive
510003,Indecisive
510079,Indecisive
510094,Long Stayers
510155,Long Stayers
510156,High Spenders
510215,Long Stayers
510270,Indecisive
510316,Long Stayers
510393,Long Stayers
510418,Indecisive
510537,High Spenders
510543,Indecisive
510545,Indecisive
510558,Indecisive
510575,Indecisive
510610,Indecisive
510779,High Spenders
510828,Indecisive
510841,High Spenders
511126,High Spenders
511140,Long Stayers
511219,Indecisive
511331,High Spenders
511377,Retired
511397,Family travelers
511418,Discount buyer
511552,Indecisive
511568,Indecisive
511577,Discount buyer
511665,Indecisive
511764,Indecisive
511784,Indecisive
511800,High Spenders
511803,High Spenders
511878,Indecisive
511910,Long Stayers
511977,Indecisive
512063,Indecisive
512147,Only Hotel
512148,Indecisive
512173,High Spenders
512289,Retired
512305,Only Hotel
512397,Indecisive
512402,Indecisive
512419,Family travelers
512529,Indecisive
512680,Indecisive
512696,Long Stayers
512704,Indecisive
512887,Discount buyer
512888,Long Stayers
512945,Long Stayers
513089,Long Stayers
513138,Indecisive
513221,Indecisive
513241,Indecisive
513261,Indecisive
513289,Indecisive
513347,Indecisive
513408,High Spenders
513425,Indecisive
513438,Long Stayers
513441,Indecisive
513495,Long Stayers
513546,Indecisive
513569,Youngs
513602,Indecisive
513625,Indecisive
513742,Indecisive
513796,Long Stayers
513856,Long Stayers
513875,High Spenders
514002,High Spenders
514021,Long Stayers
514053,Long Stayers
514235,Indecisive
514289,Indecisive
514315,Indecisive
514384,Indecisive
514503,Long Stayers
514515,High Spenders
514589,Indecisive
514623,Indecisive
514638,High Spenders
514660,High Spenders
514867,Family travelers
514893,Long Stayers
514931,Indecisive
514944,Indecisive
514980,High Spenders
515051,High Spenders
515202,Indecisive
515229,High Spenders
515240,Indecisive
515306,Long Stayers
515409,Family travelers
515502,Indecisive
515516,Indecisive
515530,Indecisive
515586,High Spenders
515610,High Spenders
515634,Indecisive
515639,High Spenders
515645,Long Stayers
515684,High Spenders
515735,Indecisive
515818,Indecisive
515854,Retired
515874,Long Stayers
515974,Long Stayers
516001,Indecisive
516053,High Spenders
516076,Indecisive
516086,Long Stayers
516105,Long Stayers
516127,Indecisive
516152,Indecisive
516217,Indecisive
516243,Indecisive
516283,Indecisive
516301,High Spenders
516340,Indecisive
516368,Indecisive
516433,Indecisive
516516,Indecisive
516543,Indecisive
516556,Indecisive
516583,Indecisive
516616,High Spenders
516620,Indecisive
516694,Long Stayers
516765,Indecisive
516798,Indecisive
516806,Long Stayers
516841,Indecisive
516862,Long Stayers
516939,Indecisive
516967,Indecisive
516972,Discount buyer
517033,Long Stayers
517064,Youngs
517143,Only Hotel
517150,High Spenders
517330,Indecisive
517543,Indecisive
517549,High Spenders
517571,Indecisive
517674,High Spenders
517739,Indecisive
517787,Indecisive
517819,Indecisive
517871,Indecisive
517961,Retired
518015,Long Stayers
518041,Indecisive
518196,Long Stayers
518450,Retired
518480,Family travelers
518495,Long Stayers
518567,Indecisive
518645,Indecisive
518694,Long Stayers
518735,Indecisive
518747,Family travelers
518826,Indecisive
518896,Long Stayers
518922,Long Stayers
518956,Discount buyer
519059,Discount buyer
519091,Long Stayers
519248,Long Stayers
519254,High Spenders
519313,Indecisive
519335,Retired
519368,Indecisive
519406,Indecisive
519561,Indecisive
519687,Indecisive
519706,Long Stayers
519787,Indecisive
519896,Long Stayers
519897,Indecisive
519982,Indecisive
520054,Indecisive
520063,Indecisive
520265,High Spenders
520440,Indecisive
520480,Discount buyer
520556,Long Stayers
520558,Indecisive
520603,Indecisive
520680,Discount buyer
520719,High Spenders
520733,High Spenders
520770,High Spenders
520771,Long Stayers
520780,Indecisive
520844,Youngs
520851,High Spenders
520959,Indecisive
521009,Indecisive
521187,Indecisive
521259,Discount buyer
521434,High Spenders
521462,Family travelers
521514,Discount buyer
521642,Long Stayers
521663,Indecisive
521719,Indecisive
521743,High Spenders
521818,Indecisive
522001,Indecisive
522086,Indecisive
522184,Indecisive
522201,Long Stayers
522438,High Spenders
522523,Indecisive
522624,Long Stayers
522631,Indecisive
522687,Family travelers
522788,Only Hotel
522809,Indecisive
522911,Indecisive
522927,Indecisive
522937,High Spenders
523256,Long Stayers
523503,Indecisive
523517,Long Stayers
523700,Indecisive
523771,Family travelers
523787,Indecisive
523800,Long Stayers
523860,Family travelers
523866,Youngs
523887,Long Stayers
524001,High Spenders
524046,Long Stayers
524057,Indecisive
524098,Indecisive
524116,High Spenders
524167,Family travelers
524169,High Spenders
524172,Indecisive
524180,High Spenders
524313,High Spenders
524365,High Spenders
524383,Indecisive
524419,Retired
524484,Indecisive
524606,Discount buyer
524728,Indecisive
524739,Indecisive
524766,Discount buyer
524797,Indecisive
524842,Long Stayers
524926,High Spenders
524940,Indecisive
524980,Discount buyer
525081,Long Stayers
525106,Indecisive
525176,Indecisive
525212,Youngs
525377,Indecisive
525379,Indecisive
525405,Indecisive
525488,Indecisive
525591,Long Stayers
525761,Indecisive
525806,Long Stayers
525848,Long Stayers
526036,Indecisive
526206,Indecisive
526239,Long Stayers
526256,High Spenders
526367,Long Stayers
526443,Indecisive
526676,Discount buyer
526740,Indecisive
526855,High Spenders
526858,Indecisive
526916,Indecisive
526925,Long Stayers
526950,Long Stayers
526959,High Spenders
527001,Long Stayers
527321,Indecisive
527359,Indecisive
527365,Indecisive
527455,Indecisive
527470,Long Stayers
527518,Indecisive
527560,Only Hotel
527726,Only Flight
527750,Only Hotel
527801,Indecisive
527857,Long Stayers
527945,Indecisive
527984,Family travelers
528028,High Spenders
528061,High Spenders
528098,Indecisive
528179,Long Stayers
528330,Indecisive
528378,Indecisive
528413,Indecisive
528461,Indecisive
528490,High Spenders
528522,Long Stayers
528688,Long Stayers
528690,Family travelers
528842,High Spenders
528909,Long Stayers
528936,Indecisive
528953,Long Stayers
528967,Youngs
529019,High Spenders
529082,Indecisive
529284,Indecisive
529338,High Spenders
529420,Indecisive
529436,High Spenders
529566,Indecisive
529704,Indecisive
529734,High Spenders
529737,Indecisive
529857,Long Stayers
529887,Indecisive
529972,Long Stayers
530329,Indecisive
530379,Indecisive
530633,Indecisive
530667,Long Stayers
530672,Indecisive
530673,Indecisive
530869,Indecisive
530873,Indecisive
531031,High Spenders
531144,Family travelers
531158,High Spenders
531253,High Spenders
531255,Indecisive
531447,High Spenders
531456,Youngs
531467,High Spenders
531475,Indecisive
531500,Long Stayers
531615,Indecisive
531735,Indecisive
531745,Indecisive
531777,Indecisive
531795,Long Stayers
531803,Indecisive
531834,Indecisive
531926,Only Flight
531959,Long Stayers
532101,Long Stayers
532119,High Spenders
532215,High Spenders
532258,Family travelers
532279,Long Stayers
532410,Long Stayers
532432,Long Stayers
532500,High Spenders
532653,High Spenders
532710,Indecisive
532711,Long Stayers
532725,Indecisive
532730,Long Stayers
532905,Indecisive
533048,Indecisive
533187,Long Stayers
533204,Indecisive
533291,High Spenders
533393,Indecisive
533402,Long Stayers
533518,High Spenders
533527,Indecisive
533542,High Spenders
533759,Long Stayers
533827,Long Stayers
533859,High Spenders
533908,Indecisive
534082,Indecisive
534254,Indecisive
534351,Long Stayers
534474,Long Stayers
534586,Indecisive
534604,Indecisive
534661,Indecisive
534703,Indecisive
534793,Indecisive
534825,Indecisive
535003,Indecisive
535035,Long Stayers
535266,High Spenders
535311,Long Stayers
535473,Indecisive
535595,High Spenders
535706,Indecisive
535737,Indecisive
535983,Indecisive
536086,High Spenders
536135,Indecisive
536212,Indecisive
536228,Long Stayers
536229,Long Stayers
536387,High Spenders
536469,Indecisive
536474,Indecisive
536488,Indecisive
536594,Retired
536651,High Spenders
536672,High Spenders
536964,Indecisive
537038,Indecisive
537121,Indecisive
537123,Long Stayers
537227,Indecisive
537289,Family travelers
537580,Youngs
537659,Indecisive
537688,Indecisive
537776,Long Stayers
537860,Indecisive
537926,Retired
538274,Indecisive
538279,High Spenders
538319,High Spenders
538350,Indecisive
538463,Indecisive
538511,Indecisive
539304,Youngs
539307,Indecisive
539426,Retired
539453,Long Stayers
539542,Long Stayers
539729,Long Stayers
539782,Indecisive
539866,Indecisive
539888,Indecisive
539912,High Spenders
539916,Long Stayers
539919,Retired
540029,High Spenders
540043,Indecisive
540138,Indecisive
540147,High Spenders
540180,High Spenders
540319,High Spenders
540348,Discount buyer
540605,Indecisive
540614,High Spenders
540652,Indecisive
540653,Indecisive
540656,High Spenders
540718,Long Stayers
540777,Long Stayers
540837,Indecisive
540857,Indecisive
540863,Long Stayers
540924,Long Stayers
541034,Indecisive
541041,Indecisive
541061,Discount buyer
541216,Indecisive
541235,High Spenders
541454,High Spenders
541649,High Spenders
541672,High Spenders
541699,Long Stayers
541980,Indecisive
541988,Indecisive
541999,Long Stayers
542065,Indecisive
542142,High Spenders
542194,Family travelers
542196,Long Stayers
542208,High Spenders
542316,Long Stayers
542482,Indecisive
542638,Indecisive
542657,High Spenders
542663,High Spenders
542812,Long Stayers
542815,Indecisive
542843,Family travelers
542874,Indecisive
542914,Long Stayers
542918,High Spenders
542965,Indecisive
543237,Retired
543273,Long Stayers
543620,Indecisive
543660,Long Stayers
543668,High Spenders
543694,Indecisive
543696,Indecisive
543723,Indecisive
543728,High Spenders
543816,Indecisive
543817,Indecisive
544015,Indecisive
544254,High Spenders
544271,Indecisive
544425,Indecisive
544472,Indecisive
544495,Retired
544497,Indecisive
544507,Indecisive
544536,Indecisive
545012,Family travelers
545089,Indecisive
545115,Indecisive
545226,Long Stayers
545247,Indecisive
545281,Indecisive
545344,Indecisive
545375,Family travelers
545399,Indecisive
545446,Long Stayers
545633,Discount buyer
545755,Long Stayers
545763,Long Stayers
546131,High Spenders
546334,Indecisive
546587,High Spenders
546612,Indecisive
546671,Indecisive
546774,Long Stayers
546842,Indecisive
546847,High Spenders
546882,Long Stayers
546884,Indecisive
546888,Indecisive
546937,Indecisive
547006,Indecisive
547164,Long Stayers
547201,Long Stayers
547301,Family travelers
547594,Indecisive
547836,Long Stayers
547878,Discount buyer
547938,Indecisive
548093,Indecisive
548109,High Spenders
548222,High Spenders
548228,Long Stayers
548310,Indecisive
548504,High Spenders
548560,Indecisive
548568,Family travelers
548653,High Spenders
548978,Long Stayers
549058,Long Stayers
549141,Only Hotel
549274,Indecisive
549293,Indecisive
549367,Family travelers
549390,Long Stayers
549611,High Spenders
549746,High Spenders
549797,Long Stayers
550017,High Spenders
550028,Indecisive
550193,Indecisive
550202,High Spenders
550421,Indecisive
550514,Indecisive
550572,Family travelers
550599,Only Flight
550627,Indecisive
550796,Family travelers
550887,Long Stayers
551088,High Spenders
551210,Indecisive
551211,Indecisive
551245,Indecisive
551473,Indecisive
551488,Long Stayers
551685,Indecisive
551729,Indecisive
551908,Indecisive
551935,Long Stayers
551978,Youngs
552036,Indecisive
552302,Indecisive
552313,High Spenders
552364,Indecisive
552366,High Spenders
552506,Indecisive
552535,High Spenders
552573,High Spenders
552597,High Spenders
552944,High Spenders
553054,Indecisive
553245,Long Stayers
553631,Indecisive
553633,Indecisive
553743,Indecisive
553901,Family travelers
553904,High Spenders
553984,Indecisive
554163,High Spenders
554357,Indecisive
554632,Indecisive
554724,Indecisive
554753,High Spenders
554853,Long Stayers
554949,Indecisive
555058,Youngs
555151,High Spenders
555250,Indecisive
555277,Indecisive
555299,Indecisive
555334,Indecisive
555428,High Spenders
555712,Indecisive
555990,Indecisive
556043,Indecisive
556111,Family travelers
556199,Indecisive
556274,Youngs
556314,High Spenders
556391,Indecisive
556579,Only Hotel
556673,Long Stayers
556827,Long Stayers
556887,High Spenders
557107,High Spenders
557108,Indecisive
557248,Indecisive
557282,Discount buyer
557402,Indecisive
557496,Indecisive
557569,Long Stayers
557762,Indecisive
557799,Indecisive
557879,Indecisive
557887,Long Stayers
557956,Long Stayers
557992,Indecisive
558147,Long Stayers
558251,Family travelers
558277,High Spenders
558395,Long Stayers
558437,Indecisive
558659,Indecisive
558838,High Spenders
558851,Indecisive
558919,Indecisive
558988,Retired
559164,Indecisive
559266,Indecisive
559432,Long Stayers
559464,Long Stayers
559469,High Spenders
559520,Indecisive
559537,High Spenders
559758,Indecisive
559772,High Spenders
559794,High Spenders
559832,Indecisive
559995,Indecisive
560195,High Spenders
560245,High Spenders
560257,Indecisive
560367,High Spenders
560433,Indecisive
560497,Indecisive
560508,Indecisive
560723,Indecisive
560803,High Spenders
560854,Family travelers
560915,Indecisive
560978,Long Stayers
561037,Long Stayers
561044,Indecisive
561243,High Spenders
561333,Indecisive
561519,Long Stayers
561665,Indecisive
561707,Only Flight
561896,Indecisive
562209,Discount buyer
562238,Indecisive
562587,Long Stayers
562814,Long Stayers
562888,Indecisive
563052,Indecisive
563201,Long Stayers
563254,Youngs
563335,Indecisive
563342,Indecisive
563598,Discount buyer
563691,Indecisive
563735,High Spenders
563736,High Spenders
563882,High Spenders
563974,Indecisive
563995,High Spenders
564100,High Spenders
564430,High Spenders
564498,Indecisive
564588,Youngs
564596,High Spenders
564713,High Spenders
564736,High Spenders
564737,Indecisive
565070,Retired
565076,Indecisive
565251,Discount buyer
565280,High Spenders
565510,Retired
565511,Indecisive
565764,Indecisive
565768,High Spenders
565826,Long Stayers
565827,Indecisive
566032,High Spenders
566279,Indecisive
566338,Indecisive
566432,High Spenders
566626,Indecisive
566735,High Spenders
566770,Family travelers
566875,High Spenders
566881,High Spenders
566953,Indecisive
567052,Indecisive
567243,Long Stayers
567245,Indecisive
567458,Indecisive
567478,High Spenders
567943,Indecisive
568064,Long Stayers
568086,Indecisive
568155,Long Stayers
568167,High Spenders
568416,Family travelers
568513,Long Stayers
568602,Indecisive
568917,Indecisive
568984,Long Stayers
569107,Indecisive
569239,High Spenders
569458,Indecisive
569534,High Spenders
569643,Indecisive
569923,Indecisive
570076,Indecisive
570279,Indecisive
570346,High Spenders
570601,Long Stayers
570631,Indecisive
570782,High Spenders
570862,Long Stayers
570930,Long Stayers
570961,High Spenders
570988,Indecisive
571001,Indecisive
571251,Indecisive
571561,Indecisive
571610,Indecisive
571637,Long Stayers
571757,Indecisive
571888,Discount buyer
571913,Discount buyer
571940,Long Stayers
572106,Long Stayers
572154,Indecisive
572397,Indecisive
572870,Indecisive
572932,Indecisive
573237,Indecisive
573249,Long Stayers
573365,Indecisive
573378,High Spenders
573379,High Spenders
573698,Long Stayers
573719,Indecisive
573922,Discount buyer
573946,Discount buyer
574116,Indecisive
574362,Indecisive
574409,Indecisive
575055,High Spenders
575233,Long Stayers
575419,High Spenders
575554,Indecisive
575692,Indecisive
575711,Long Stayers
575733,Indecisive
575923,Long Stayers
576103,Indecisive
576369,Indecisive
576541,Family travelers
576612,High Spenders
576785,Indecisive
576849,Long Stayers
576879,Indecisive
576922,Indecisive
576962,High Spenders
577046,Indecisive
577356,Indecisive
577381,Indecisive
577534,Indecisive
577901,Indecisive
577944,Indecisive
578866,Indecisive
579021,Indecisive
579230,Indecisive
579589,High Spenders
579714,Long Stayers
579783,Indecisive
579846,Long Stayers
579999,Indecisive
580026,Indecisive
580578,High Spenders
580626,High Spenders
581110,Indecisive
581269,High Spenders
581365,Indecisive
581388,Indecisive
581409,Family travelers
581461,Indecisive
581666,Long Stayers
581679,Indecisive
581685,Indecisive
581729,Indecisive
582002,Indecisive
582011,Retired
582241,Indecisive
582903,Indecisive
583016,Indecisive
583120,Indecisive
583134,Indecisive
583190,Indecisive
583297,High Spenders
583483,Indecisive
583486,High Spenders
583612,Long Stayers
583623,Indecisive
583764,High Spenders
583976,Discount buyer
584185,Indecisive
584217,Indecisive
584530,High Spenders
584549,Discount buyer
584843,Indecisive
585138,Indecisive
585585,High Spenders
585595,High Spenders
585986,Indecisive
586063,Indecisive
586192,Indecisive
586721,Indecisive
586803,Indecisive
586887,High Spenders
586936,Long Stayers
587134,Indecisive
587195,Indecisive
587233,Indecisive
587313,Long Stayers
587601,Indecisive
587753,Indecisive
587754,Indecisive
587802,Long Stayers
588313,Indecisive
588355,High Spenders
588386,High Spenders
588526,Indecisive
588560,Indecisive
588797,High Spenders
588970,Long Stayers
589008,Indecisive
589154,Long Stayers
589489,High Spenders
589539,Long Stayers
589812,Indecisive
590077,Discount buyer
590123,Long Stayers
590227,Discount buyer
590379,High Spenders
590397,Long Stayers
590412,Indecisive
590468,Long Stayers
590471,High Spenders
590659,Indecisive
590843,Long Stayers
591063,Indecisive
591328,Indecisive
592079,Indecisive
592378,Indecisive
592403,Indecisive
593385,High Spenders
593398,Indecisive
593833,Indecisive
594000,Indecisive
594146,Long Stayers
594410,High Spenders
594449,Indecisive
594516,Indecisive
594824,Indecisive
594875,Indecisive
595123,Indecisive
595183,Indecisive
595283,Indecisive
595506,Indecisive
595527,High Spenders
595690,Indecisive
595897,Long Stayers
596186,Discount buyer
596220,Long Stayers
596320,Family travelers
596349,Long Stayers
596361,Long Stayers
596505,High Spenders
596820,Indecisive
596863,Long Stayers
597955,Indecisive
598526,Indecisive
598533,Indecisive
598692,Long Stayers
598945,Indecisive
599244,Indecisive
599909,Indecisive
600057,Indecisive
600648,High Spenders
600842,Only Hotel
601282,Discount buyer
601673,Family travelers
602478,Long Stayers
602921,Indecisive
602925,Long Stayers
603033,Indecisive
603100,Long Stayers
603221,Indecisive
603341,Indecisive
604388,Indecisive
604592,Indecisive
604664,Indecisive
605136,Long Stayers
605607,Indecisive
605943,Indecisive
605945,High Spenders
606283,Indecisive
606456,Indecisive
607280,Indecisive
607626,Long Stayers
608478,Long Stayers
608786,Indecisive
608820,High Spenders
608866,Indecisive
608970,Indecisive
609262,High Spenders
609673,Discount buyer
610338,Indecisive
610905,Indecisive
611031,Indecisive
611087,Discount buyer
611177,High Spenders
611350,Indecisive
612220,Indecisive
612226,Indecisive
612562,Indecisive
613164,Long Stayers
613383,Indecisive
613874,Discount buyer
614033,High Spenders
614092,Long Stayers
614793,Indecisive
614846,Indecisive
615266,High Spenders
615307,Indecisive
615544,Indecisive
615674,Indecisive
615783,Indecisive
615922,Retired
616086,Indecisive
616125,Indecisive
616692,Indecisive
616715,Indecisive
616734,Indecisive
616950,Indecisive
617402,High Spenders
617407,High Spenders
617506,High Spenders
617606,Indecisive
617743,Retired
617878,High Spenders
617990,Indecisive
618088,High Spenders
618392,Long Stayers
618535,Long Stayers
618664,Indecisive
618881,High Spenders
619983,Indecisive
620033,Indecisive
620690,Long Stayers
620719,Long Stayers
621552,Indecisive
622418,Indecisive
623142,High Spenders
623941,Family travelers
624198,High Spenders
625398,Youngs
625555,Indecisive
625597,Long Stayers
625700,Indecisive
626114,Indecisive
626645,High Spenders
628762,Long Stayers
629812,Indecisive
630178,Indecisive
630267,Long Stayers
631201,Discount buyer
631388,Long Stayers
631872,Indecisive
632316,High Spenders
632425,Family travelers
632461,Indecisive
632631,Discount buyer
633235,Indecisive
633406,Long Stayers
634601,Indecisive
634739,Indecisive
635666,Indecisive
635861,Indecisive
636102,High Spenders
636520,Indecisive
636526,Indecisive
636739,Indecisive
637075,Indecisive
637555,Indecisive
638140,Family travelers
640451,Indecisive
640649,Long Stayers
640715,High Spenders
641310,Indecisive
641529,Retired
642215,Indecisive
642364,Indecisive
642553,Indecisive
643324,Indecisive
643714,Indecisive
644438,Indecisive
644784,Long Stayers
645488,Indecisive
645664,Long Stayers
646933,High Spenders
647016,Long Stayers
647597,Indecisive
647804,Family travelers
647862,Indecisive
649378,High Spenders
651018,Indecisive
651193,High Spenders
651269,High Spenders
651274,Indecisive
651941,Indecisive
651960,Indecisive
652737,Indecisive
653197,Indecisive
653228,Indecisive
653281,Long Stayers
653640,High Spenders
653838,Retired
654913,Long Stayers
655022,Indecisive
655051,Indecisive
655166,Indecisive
656626,Indecisive
657796,Indecisive
658774,Long Stayers
659360,Indecisive
660821,Indecisive
660894,Indecisive
660959,Indecisive
661614,Long Stayers
661639,Indecisive
661930,Indecisive
663376,Indecisive
665676,Indecisive
665887,Family travelers
665980,Indecisive
666292,Indecisive
666942,Indecisive
667643,Indecisive
669356,Indecisive
669449,Indecisive
671368,Indecisive
672468,High Spenders
673286,Long Stayers
673874,Long Stayers
676570,Indecisive
676707,Indecisive
676762,High Spenders
677842,Indecisive
679831,Indecisive
683014,Retired
684764,Indecisive
685594,Indecisive
685958,Indecisive
686408,Long Stayers
686445,Indecisive
686509,Indecisive
686915,Indecisive
689456,Long Stayers
691541,Indecisive
692211,Indecisive
692510,High Spenders
702877,High Spenders
705984,Indecisive
707402,Indecisive
709630,Indecisive
714166,Indecisive
720819,Indecisive
721552,Indecisive
722939,Indecisive
724581,High Spenders
730639,Long Stayers
736833,Indecisive
739139,Indecisive
739734,Indecisive
741773,Indecisive
742639,Discount buyer
745292,Indecisive
746934,Indecisive
748759,Indecisive
763129,Long Stayers
763792,Indecisive
765745,Retired
768291,Family travelers
23557,Long Stayers
120851,Long Stayers
133058,Indecisive
152583,Indecisive
160754,Indecisive
164522,Long Stayers
171470,Indecisive
182191,Indecisive
189676,Long Stayers
195192,Indecisive
204943,High Spenders
205044,High Spenders
216796,Indecisive
229108,Indecisive
232647,Long Stayers
258451,Indecisive
276512,Indecisive
290123,High Spenders
306819,Indecisive
322867,Indecisive
331039,Indecisive
343928,High Spenders
354950,Indecisive
371201,Indecisive
374340,Indecisive
377069,Indecisive
380436,Indecisive
380874,Discount buyer
381259,Indecisive
381465,Long Stayers
386914,Indecisive
387282,Indecisive
395202,Long Stayers
407434,Long Stayers
411179,Long Stayers
414128,High Spenders
415282,High Spenders
418329,Long Stayers
421666,Indecisive
423413,Long Stayers
425653,Indecisive
426478,Long Stayers
428056,High Spenders
432941,High Spenders
433905,Long Stayers
435837,Long Stayers
438406,High Spenders
438551,Only Hotel
438995,Indecisive
441448,Indecisive
442812,Long Stayers
442819,Indecisive
443598,High Spenders
447591,Indecisive
448467,Long Stayers
451674,Indecisive
454264,Indecisive
454430,High Spenders
454616,Indecisive
454920,High Spenders
454955,Indecisive
456226,High Spenders
457967,Indecisive
458688,Long Stayers
459645,Indecisive
460181,Retired
461791,Family travelers
463652,Indecisive
463910,High Spenders
464160,Long Stayers
464542,Indecisive
464597,Long Stayers
464673,Family travelers
464855,Indecisive
466342,Long Stayers
467007,High Spenders
469237,Indecisive
469418,Indecisive
471973,Indecisive
473568,Indecisive
475130,High Spenders
476173,Long Stayers
476665,High Spenders
476693,High Spenders
476916,Indecisive
478585,High Spenders
478760,Indecisive
479101,Indecisive
479524,Indecisive
479785,Indecisive
481245,Long Stayers
481554,High Spenders
482811,Indecisive
483224,Long Stayers
484249,Long Stayers
484342,Indecisive
485518,Indecisive
485536,Indecisive
485544,High Spenders
486046,Long Stayers
486191,Indecisive
486268,Indecisive
486447,Indecisive
486671,High Spenders
486823,High Spenders
487036,Indecisive
487276,Retired
487715,High Spenders
488246,Indecisive
488430,Indecisive
488529,Family travelers
488539,Indecisive
489635,High Spenders
489661,Indecisive
489786,Indecisive
489802,Indecisive
489953,High Spenders
490040,High Spenders
491003,Indecisive
491597,Discount buyer
491925,High Spenders
492211,Indecisive
492614,Indecisive
492999,Indecisive
494441,Indecisive
495080,Indecisive
495273,Long Stayers
495603,Long Stayers
496074,Indecisive
496286,High Spenders
497475,High Spenders
498298,Long Stayers
499379,Retired
499760,Indecisive
499969,Long Stayers
499990,High Spenders
500243,Indecisive
500532,Indecisive
500646,Long Stayers
501344,Indecisive
501708,Indecisive
501780,Indecisive
502145,High Spenders
502353,High Spenders
502995,Indecisive
503049,Indecisive
503126,Long Stayers
503773,Indecisive
504320,Discount buyer
504371,High Spenders
504579,Indecisive
505066,Indecisive
505617,Indecisive
505916,Long Stayers
506130,High Spenders
506828,Indecisive
507207,Long Stayers
507753,Long Stayers
507805,High Spenders
508050,Long Stayers
508096,Retired
508111,Indecisive
508611,Indecisive
508713,Indecisive
508731,Long Stayers
508829,Youngs
508856,Indecisive
508891,Youngs
508917,Long Stayers
508964,Indecisive
509001,Indecisive
509024,Indecisive
509052,Indecisive
509061,Discount buyer
509115,High Spenders
509157,Long Stayers
509354,Long Stayers
509402,Indecisive
509414,Long Stayers
509459,Youngs
509530,High Spenders
509603,Long Stayers
509781,Long Stayers
509841,High Spenders
509855,Indecisive
509924,Indecisive
509969,Indecisive
510070,Long Stayers
510090,Indecisive
510112,Long Stayers
510163,Long Stayers
510164,Discount buyer
510179,High Spenders
510238,High Spenders
510283,Indecisive
510379,Indecisive
510490,Indecisive
510533,Indecisive
510571,Long Stayers
510585,Long Stayers
510719,Long Stayers
510805,Retired
510822,Discount buyer
511017,Indecisive
511125,Discount buyer
511238,Indecisive
511424,Long Stayers
511542,High Spenders
511589,Indecisive
511608,Indecisive
511609,Discount buyer
511757,Indecisive
511821,Indecisive
511827,Long Stayers
511859,Long Stayers
511989,Indecisive
512016,Long Stayers
512069,High Spenders
512144,Indecisive
512163,Discount buyer
512190,Long Stayers
512193,Long Stayers
512249,Indecisive
512271,Long Stayers
512303,Family travelers
512322,High Spenders
512377,Indecisive
512416,Long Stayers
512418,Family travelers
512556,High Spenders
512610,High Spenders
512623,Indecisive
512631,Discount buyer
512677,Indecisive
512706,Family travelers
512801,High Spenders
512831,High Spenders
512835,High Spenders
512904,Long Stayers
512928,Indecisive
512974,Youngs
512976,High Spenders
513005,Indecisive
513090,Discount buyer
513091,Indecisive
513206,Indecisive
513227,Retired
513236,High Spenders
513242,Discount buyer
513317,Indecisive
513345,Long Stayers
513402,Indecisive
513470,Indecisive
513509,Only Flight
513543,Indecisive
513555,High Spenders
513620,Youngs
513638,High Spenders
513661,Long Stayers
513714,Indecisive
513776,Retired
513800,Indecisive
513823,Indecisive
513860,Retired
513869,Indecisive
513967,High Spenders
514076,Long Stayers
514113,Youngs
514208,Indecisive
514344,Retired
514395,Long Stayers
514461,Long Stayers
514501,Long Stayers
514551,Long Stayers
514639,Indecisive
514642,Indecisive
514684,Indecisive
514876,Long Stayers
514925,Indecisive
514951,High Spenders
514953,Long Stayers
515030,Long Stayers
515085,Long Stayers
515168,Only Hotel
515198,Long Stayers
515205,Indecisive
515243,High Spenders
515398,High Spenders
515436,Indecisive
515514,Indecisive
515565,High Spenders
515578,High Spenders
515713,Long Stayers
515764,Long Stayers
515802,High Spenders
516039,Indecisive
516118,Long Stayers
516150,Long Stayers
516251,High Spenders
516269,High Spenders
516287,Long Stayers
516571,High Spenders
516579,Long Stayers
516590,Youngs
516593,Long Stayers
516679,Indecisive
516680,Indecisive
516697,Indecisive
516744,Indecisive
516763,Indecisive
516789,High Spenders
516833,Youngs
516933,Youngs
517131,Retired
517219,Indecisive
517231,Long Stayers
517284,High Spenders
517324,Indecisive
517393,Indecisive
517415,Indecisive
517445,Long Stayers
517579,Indecisive
517622,Indecisive
517676,High Spenders
517715,Retired
517735,Discount buyer
517776,High Spenders
517898,Indecisive
517925,Long Stayers
518084,Long Stayers
518348,Discount buyer
518354,Indecisive
518422,Indecisive
518443,Retired
518582,Long Stayers
518628,Indecisive
518639,Indecisive
518642,Indecisive
518696,Indecisive
518716,Long Stayers
518726,Indecisive
518925,Long Stayers
518931,Indecisive
519014,Long Stayers
519089,High Spenders
519096,Discount buyer
519191,Long Stayers
519210,Long Stayers
519267,Indecisive
519312,Indecisive
519353,Indecisive
519383,Indecisive
519419,Indecisive
519515,Long Stayers
519529,Indecisive
519548,Indecisive
519722,Family travelers
519859,High Spenders
519893,High Spenders
519943,Indecisive
520106,Indecisive
520170,Family travelers
520298,Discount buyer
520314,Youngs
520405,Indecisive
520422,Discount buyer
520561,Indecisive
520696,Indecisive
520882,Indecisive
520920,Indecisive
520934,Indecisive
520947,Discount buyer
521062,Indecisive
521070,High Spenders
521201,Indecisive
521211,Indecisive
521235,High Spenders
521250,Discount buyer
521286,Indecisive
521331,Indecisive
521408,Discount buyer
521474,Indecisive
521814,High Spenders
521884,Family travelers
521904,Indecisive
521921,Indecisive
521992,High Spenders
522134,Indecisive
522152,Indecisive
522171,Long Stayers
522179,Family travelers
522276,High Spenders
522387,Long Stayers
522420,Indecisive
522445,Long Stayers
522457,High Spenders
522465,Long Stayers
522484,High Spenders
522533,High Spenders
522738,Long Stayers
522873,Indecisive
522898,Long Stayers
522943,Indecisive
522970,High Spenders
523057,Indecisive
523299,Indecisive
523526,Indecisive
523619,Long Stayers
523717,High Spenders
523729,Indecisive
523735,High Spenders
523877,High Spenders
524036,Discount buyer
524120,High Spenders
524194,Indecisive
524226,Discount buyer
524318,Indecisive
524358,Family travelers
524448,Indecisive
524607,High Spenders
524663,Indecisive
524821,Indecisive
524880,Indecisive
524885,Indecisive
524913,Long Stayers
525056,High Spenders
525089,High Spenders
525102,Long Stayers
525175,Indecisive
525234,Discount buyer
525647,Indecisive
525684,High Spenders
525824,Long Stayers
526032,Indecisive
526184,Indecisive
526203,Long Stayers
526221,Long Stayers
526291,Indecisive
526303,Only Hotel
526435,Indecisive
526492,Long Stayers
526628,High Spenders
526727,Indecisive
526759,Indecisive
526872,Long Stayers
526913,High Spenders
527019,Youngs
527130,Long Stayers
527197,Long Stayers
527219,Indecisive
527346,High Spenders
527389,Only Hotel
527396,Long Stayers
527406,Long Stayers
527445,Indecisive
527507,Long Stayers
527524,Long Stayers
527536,Indecisive
527541,Long Stayers
527552,Indecisive
527689,Long Stayers
527735,Indecisive
527886,Long Stayers
528137,Indecisive
528139,Long Stayers
528164,High Spenders
528372,Long Stayers
528500,Indecisive
528528,Indecisive
528683,Long Stayers
528723,Family travelers
528839,Indecisive
528906,Indecisive
528965,Long Stayers
529048,Indecisive
529214,Retired
529216,Long Stayers
529224,High Spenders
529231,Long Stayers
529488,High Spenders
529520,Indecisive
529677,Long Stayers
529689,Long Stayers
529695,High Spenders
529783,Only Hotel
529840,Indecisive
529913,Indecisive
529940,Retired
530196,Youngs
530199,Long Stayers
530453,Indecisive
530463,High Spenders
530563,High Spenders
530579,High Spenders
530581,Long Stayers
530599,Long Stayers
530645,High Spenders
530724,High Spenders
530739,Indecisive
530754,High Spenders
530811,High Spenders
530906,Indecisive
531009,High Spenders
531143,High Spenders
531339,Indecisive
531361,High Spenders
531386,High Spenders
531431,High Spenders
531512,Indecisive
531562,Only Hotel
531620,Indecisive
531682,Indecisive
531771,Discount buyer
531844,Indecisive
531847,Retired
531884,Long Stayers
531967,Indecisive
531989,High Spenders
532064,Indecisive
532233,High Spenders
532329,Long Stayers
532365,Indecisive
532388,Discount buyer
532426,Long Stayers
532544,Indecisive
532627,Indecisive
532637,Only Hotel
532774,Indecisive
532901,Indecisive
532912,High Spenders
532989,High Spenders
533155,High Spenders
533248,High Spenders
533388,Long Stayers
533449,Indecisive
533492,High Spenders
533537,Long Stayers
533656,Discount buyer
533755,Indecisive
533975,Discount buyer
534040,Long Stayers
534105,High Spenders
534295,High Spenders
534378,Indecisive
534380,High Spenders
534499,Indecisive
534564,Indecisive
534594,Long Stayers
534742,Retired
534903,Family travelers
534971,Discount buyer
534986,High Spenders
535149,Indecisive
535155,Indecisive
535177,Discount buyer
535497,Indecisive
535682,Indecisive
535701,Indecisive
535747,Long Stayers
535878,Long Stayers
535905,Indecisive
535994,Long Stayers
536039,High Spenders
536170,Indecisive
536241,High Spenders
536275,Indecisive
536278,Long Stayers
536691,High Spenders
536791,High Spenders
536876,Indecisive
536893,Retired
537098,Indecisive
537177,Indecisive
537181,High Spenders
537317,Family travelers
537400,Long Stayers
537470,Discount buyer
537481,Indecisive
537507,Long Stayers
537595,High Spenders
537723,Indecisive
537725,Discount buyer
537748,High Spenders
537795,Indecisive
537804,Indecisive
537818,Family travelers
537975,Indecisive
538069,Family travelers
538074,High Spenders
538108,Only Flight
538139,Indecisive
538216,Retired
538321,Long Stayers
538388,High Spenders
538413,Indecisive
538426,Indecisive
538641,Indecisive
538677,Indecisive
538681,Indecisive
538696,Only Hotel
538703,High Spenders
538714,High Spenders
538814,Discount buyer
538919,Indecisive
539012,Family travelers
539105,Indecisive
539146,Indecisive
539243,Long Stayers
539493,Indecisive
539528,High Spenders
539566,High Spenders
539637,Discount buyer
539656,Indecisive
539669,Youngs
539671,Indecisive
539899,Indecisive
539917,High Spenders
539962,Indecisive
540014,High Spenders
540226,Indecisive
540253,Indecisive
540308,Indecisive
540475,Long Stayers
540572,High Spenders
540642,Long Stayers
540941,High Spenders
540966,Indecisive
541047,Indecisive
541083,Indecisive
541132,Indecisive
541193,Indecisive
541236,Indecisive
541282,Long Stayers
541497,Indecisive
541539,Indecisive
541612,High Spenders
541735,Indecisive
542056,Long Stayers
542095,Indecisive
542189,Indecisive
542230,Indecisive
542267,Indecisive
542303,Indecisive
542570,Indecisive
542605,Indecisive
542670,Long Stayers
542706,Long Stayers
542767,Long Stayers
542796,High Spenders
542857,Indecisive
543008,Indecisive
543052,High Spenders
543074,Indecisive
543075,Indecisive
543081,High Spenders
543126,Youngs
543240,Long Stayers
543271,High Spenders
543304,High Spenders
543375,High Spenders
543385,High Spenders
543428,Only Hotel
543476,Long Stayers
543618,Indecisive
543671,Discount buyer
543810,High Spenders
543885,Indecisive
543928,Youngs
543952,High Spenders
543968,High Spenders
544256,Indecisive
544333,Indecisive
544364,Indecisive
544476,Indecisive
544647,Indecisive
544685,Indecisive
544698,Indecisive
544749,Indecisive
545063,Indecisive
545132,Indecisive
545208,Indecisive
545264,Indecisive
545272,Indecisive
545345,Indecisive
545465,Indecisive
545684,Indecisive
545736,Long Stayers
545754,Indecisive
545805,Family travelers
545810,Indecisive
545848,Indecisive
545958,Indecisive
546064,High Spenders
546121,Indecisive
546164,Indecisive
546280,Discount buyer
546399,Indecisive
546462,Retired
546470,Indecisive
546529,High Spenders
546664,Indecisive
546857,Long Stayers
546864,Indecisive
546964,High Spenders
547130,Indecisive
547175,Long Stayers
547181,Retired
547320,Long Stayers
547336,Indecisive
547342,Indecisive
547459,Long Stayers
547568,Long Stayers
547617,Long Stayers
547693,Indecisive
547792,High Spenders
547817,Long Stayers
547834,Indecisive
547857,Indecisive
547966,Long Stayers
547997,Indecisive
548123,Indecisive
548185,Long Stayers
548193,Indecisive
548391,Indecisive
548448,Long Stayers
548872,Indecisive
549115,Long Stayers
549121,Indecisive
549190,Indecisive
549235,Long Stayers
549290,Long Stayers
549320,Youngs
549366,Indecisive
549389,Youngs
549450,Indecisive
549472,Indecisive
549579,Indecisive
549608,Indecisive
549759,Indecisive
549777,Indecisive
549894,Indecisive
549988,Indecisive
550022,Indecisive
550298,Long Stayers
550400,Indecisive
550426,Long Stayers
550482,Indecisive
550506,Family travelers
550579,High Spenders
550703,Long Stayers
550711,Indecisive
550804,Indecisive
550830,Indecisive
550868,Indecisive
550904,High Spenders
550985,Discount buyer
551051,Long Stayers
551431,Indecisive
551486,Indecisive
551501,Indecisive
551560,Indecisive
551567,High Spenders
551576,Indecisive
551600,Indecisive
551620,Discount buyer
551622,Indecisive
551662,Indecisive
551671,Indecisive
551718,Family travelers
551990,Youngs
552165,Indecisive
552192,High Spenders
552209,Indecisive
552345,High Spenders
552432,High Spenders
552532,Family travelers
552623,Long Stayers
552653,Indecisive
552726,Indecisive
552861,Indecisive
553139,High Spenders
553208,Long Stayers
553231,Family travelers
553533,Indecisive
553664,Discount buyer
553690,Indecisive
553704,Discount buyer
553783,Indecisive
553943,High Spenders
554202,Youngs
554289,Long Stayers
554299,Indecisive
554450,Indecisive
554560,Indecisive
554681,Indecisive
554801,High Spenders
554866,Indecisive
554922,Indecisive
554939,Indecisive
555030,Indecisive
555075,Indecisive
555147,Indecisive
555187,Indecisive
555193,Discount buyer
555203,Long Stayers
555418,Indecisive
555521,Long Stayers
555656,Indecisive
555773,Indecisive
555818,Indecisive
555960,Indecisive
555997,High Spenders
556214,Discount buyer
556395,Indecisive
556417,Indecisive
556621,Indecisive
556622,High Spenders
556623,Indecisive
556647,Discount buyer
556900,Indecisive
557005,High Spenders
557010,Indecisive
557236,High Spenders
557307,Indecisive
557343,Indecisive
557449,Indecisive
557508,High Spenders
557562,Long Stayers
557726,Indecisive
557834,Indecisive
557851,High Spenders
557986,Youngs
558202,Youngs
558300,High Spenders
558388,Family travelers
558852,Indecisive
559094,Indecisive
559176,Retired
559226,Indecisive
559228,Indecisive
559345,Long Stayers
559441,Retired
559461,Indecisive
559465,Indecisive
559547,Indecisive
559661,Indecisive
559787,High Spenders
559846,Indecisive
560015,Indecisive
560085,High Spenders
560279,Indecisive
560374,High Spenders
560495,Indecisive
560529,Long Stayers
560680,Indecisive
560796,Long Stayers
560948,Indecisive
561013,Long Stayers
561156,Indecisive
561201,Family travelers
561288,Indecisive
561699,Indecisive
561908,Indecisive
561945,Indecisive
562032,Long Stayers
562283,Indecisive
562338,Long Stayers
562490,High Spenders
562516,Indecisive
562585,Indecisive
562641,Indecisive
562832,High Spenders
562869,High Spenders
563012,Long Stayers
563021,Indecisive
563100,Youngs
563165,Discount buyer
563221,High Spenders
563266,Youngs
563343,Retired
563375,Retired
563425,Retired
563507,High Spenders
563588,Long Stayers
563592,High Spenders
563679,Indecisive
563831,Indecisive
563896,Indecisive
564101,Indecisive
564258,Long Stayers
564364,Long Stayers
564369,Indecisive
564434,Indecisive
564822,Indecisive
565056,Indecisive
565240,Indecisive
565301,High Spenders
565348,Long Stayers
565365,Long Stayers
565387,High Spenders
565487,Indecisive
565508,Indecisive
565601,Indecisive
565755,Indecisive
565915,Indecisive
566002,Indecisive
566044,Indecisive
566097,Indecisive
566152,High Spenders
566173,Long Stayers
566312,Youngs
566336,High Spenders
566455,High Spenders
566456,Indecisive
566533,Indecisive
566592,Indecisive
566749,Indecisive
566964,Long Stayers
566996,Indecisive
566999,Only Flight
567061,Indecisive
567114,Indecisive
567256,High Spenders
567342,Indecisive
567390,Indecisive
567431,Indecisive
567548,Indecisive
567589,Indecisive
567824,Indecisive
567961,High Spenders
568101,High Spenders
568121,Family travelers
568258,Long Stayers
568325,Indecisive
568371,Indecisive
568536,Indecisive
568605,Indecisive
568641,Indecisive
568970,Only Flight
569031,Long Stayers
569203,Indecisive
569236,Long Stayers
569300,Retired
569335,Indecisive
569779,Long Stayers
569832,Indecisive
569863,High Spenders
570215,High Spenders
570242,Indecisive
570329,Indecisive
570330,Long Stayers
570600,Long Stayers
570625,Indecisive
570654,Indecisive
570683,High Spenders
570693,Long Stayers
570697,Indecisive
570713,High Spenders
570746,Long Stayers
570750,Indecisive
571208,Indecisive
571233,Long Stayers
571243,Indecisive
571300,Discount buyer
571553,High Spenders
571566,High Spenders
572133,Indecisive
572176,Indecisive
572214,Indecisive
572529,Retired
572908,High Spenders
572992,High Spenders
573189,High Spenders
573191,Discount buyer
573423,Indecisive
573584,Indecisive
573792,Indecisive
573926,Indecisive
573931,Youngs
574150,Discount buyer
574885,Indecisive
574987,Long Stayers
575092,Indecisive
575208,Indecisive
575823,Indecisive
575868,Retired
575964,Indecisive
576370,Indecisive
576663,Indecisive
576668,Indecisive
576712,Long Stayers
576765,Indecisive
576846,Indecisive
576945,Indecisive
576985,Long Stayers
577089,Retired
577215,Indecisive
577643,Indecisive
577667,Indecisive
577682,Indecisive
577851,Indecisive
578058,Indecisive
578511,Indecisive
578886,Family travelers
579040,Indecisive
579503,Indecisive
579971,Indecisive
580515,High Spenders
580622,Indecisive
580895,Retired
581086,Indecisive
581343,Indecisive
581385,Indecisive
581491,Youngs
581595,Indecisive
582038,High Spenders
582190,Indecisive
582319,High Spenders
582586,Indecisive
582664,Indecisive
582723,High Spenders
582729,Indecisive
582768,High Spenders
582785,High Spenders
582796,Long Stayers
582979,High Spenders
583166,Indecisive
583335,Youngs
583342,Retired
583446,High Spenders
583454,Indecisive
583490,Indecisive
583955,Indecisive
584001,Indecisive
584115,Only Hotel
584241,Only Hotel
584525,Long Stayers
584787,Long Stayers
584875,High Spenders
585169,Indecisive
585231,Indecisive
585248,Indecisive
585250,Indecisive
585361,Indecisive
585492,Indecisive
585522,Indecisive
585717,Youngs
585768,Indecisive
586257,Indecisive
586272,Indecisive
586344,Long Stayers
586357,Indecisive
586458,Indecisive
586471,Indecisive
586656,Indecisive
586829,Indecisive
587470,Indecisive
587642,Indecisive
587675,Indecisive
587698,Indecisive
588013,Indecisive
588103,High Spenders
588497,Indecisive
588507,Long Stayers
588893,Discount buyer
589140,Indecisive
589171,Indecisive
589414,Indecisive
589822,Indecisive
590014,Indecisive
590095,Long Stayers
590744,Indecisive
590922,Retired
591155,Discount buyer
591255,Indecisive
591271,Indecisive
591478,Long Stayers
591593,Discount buyer
591835,Indecisive
592035,Family travelers
592118,Indecisive
592221,High Spenders
592372,High Spenders
592445,Family travelers
592598,High Spenders
592707,Indecisive
592958,Indecisive
593047,Indecisive
593719,Indecisive
593804,Indecisive
594188,High Spenders
594240,Indecisive
594446,Long Stayers
594601,Indecisive
594695,Long Stayers
594948,Indecisive
595122,Long Stayers
595126,Long Stayers
595624,Indecisive
595861,Indecisive
596329,Indecisive
596442,Indecisive
596559,Indecisive
596611,Indecisive
597010,High Spenders
597410,Long Stayers
597662,Indecisive
597948,Indecisive
598185,Family travelers
598832,Indecisive
599649,High Spenders
599651,Indecisive
599657,Indecisive
599765,Long Stayers
599790,Indecisive
599999,Indecisive
600163,Indecisive
600265,Long Stayers
600796,Indecisive
600833,Long Stayers
601094,Indecisive
601104,Long Stayers
601582,Long Stayers
602323,Youngs
602598,Family travelers
602734,Indecisive
602748,High Spenders
602827,High Spenders
603160,High Spenders
603635,Retired
604617,Long Stayers
604840,High Spenders
604916,Indecisive
605308,Indecisive
605578,Long Stayers
606362,Indecisive
606862,Discount buyer
606930,High Spenders
607017,Long Stayers
607197,Indecisive
607270,Indecisive
607524,Long Stayers
607799,Indecisive
607949,Long Stayers
608343,Indecisive
608727,Long Stayers
608823,Indecisive
609102,Indecisive
609221,Indecisive
609230,Discount buyer
609683,Indecisive
609763,Indecisive
609838,Indecisive
610144,High Spenders
610226,Indecisive
610280,Long Stayers
610492,Indecisive
610530,Indecisive
610763,Indecisive
611065,High Spenders
612002,Long Stayers
612797,Indecisive
612812,Long Stayers
612976,Indecisive
613252,Indecisive
613386,Indecisive
613921,Indecisive
614111,Long Stayers
614311,Indecisive
614595,Indecisive
614814,Indecisive
615006,Indecisive
615489,Indecisive
615881,Indecisive
616752,Youngs
617199,Long Stayers
617964,Indecisive
618230,Indecisive
618266,Indecisive
618343,Indecisive
618642,High Spenders
618759,Long Stayers
618815,Long Stayers
619109,Indecisive
619218,Indecisive
619362,High Spenders
619938,Indecisive
619971,Indecisive
619988,Indecisive
620274,Retired
620382,Youngs
620453,Indecisive
621072,Indecisive
621085,Indecisive
621113,Indecisive
621150,Indecisive
621922,Indecisive
622149,Indecisive
622293,High Spenders
622343,Indecisive
623417,Indecisive
623691,Long Stayers
623935,Long Stayers
624258,Indecisive
624497,Indecisive
626037,Indecisive
626067,Indecisive
626249,Indecisive
626329,Indecisive
626558,Indecisive
626587,Long Stayers
627475,Indecisive
627518,Indecisive
627729,Indecisive
629345,Long Stayers
629747,Indecisive
629877,Long Stayers
630039,Indecisive
630176,Indecisive
630607,Indecisive
630992,Indecisive
631384,Indecisive
631448,Only Hotel
631477,Indecisive
631975,Indecisive
632239,Indecisive
632475,Indecisive
632665,Indecisive
632866,Indecisive
633972,Indecisive
635303,High Spenders
635375,Long Stayers
636251,Indecisive
638237,Indecisive
638580,Only Hotel
638598,Indecisive
638600,Indecisive
639510,Discount buyer
639554,Youngs
639894,Long Stayers
642578,Retired
642786,Long Stayers
643359,Indecisive
643469,Long Stayers
644467,Family travelers
644639,Indecisive
645022,Indecisive
645168,High Spenders
645939,Indecisive
646127,Indecisive
646197,Indecisive
646257,Indecisive
646259,Only Hotel
646937,High Spenders
647555,Indecisive
647638,Indecisive
648201,Indecisive
648379,Indecisive
649208,Indecisive
649935,Indecisive
650049,Long Stayers
650606,Indecisive
651390,Indecisive
651828,Family travelers
652003,Indecisive
652040,Discount buyer
652190,Indecisive
652527,Indecisive
653332,Indecisive
653852,Indecisive
654259,High Spenders
655300,Discount buyer
655499,Retired
656150,Indecisive
656346,Long Stayers
656422,High Spenders
656471,Indecisive
656560,Long Stayers
656850,Indecisive
657343,Indecisive
657514,Indecisive
658234,Indecisive
658528,Indecisive
659128,High Spenders
659161,High Spenders
659832,High Spenders
660903,Indecisive
662535,Indecisive
662596,Indecisive
662750,Indecisive
664084,Indecisive
664119,Long Stayers
664405,Indecisive
665746,Indecisive
666174,Indecisive
667299,Indecisive
667929,Indecisive
668172,High Spenders
669140,Retired
669155,Long Stayers
669329,Long Stayers
670971,Indecisive
671066,Indecisive
671999,Indecisive
672009,High Spenders
673076,Indecisive
675201,High Spenders
676043,Indecisive
677209,Indecisive
677896,Retired
678536,Long Stayers
678547,Long Stayers
679442,Indecisive
682005,Only Hotel
683663,Indecisive
683976,Indecisive
685604,Indecisive
688312,Indecisive
689374,Indecisive
689624,Long Stayers
693301,Retired
694265,Indecisive
695094,Indecisive
695557,High Spenders
699040,Indecisive
700289,Indecisive
700666,Long Stayers
703333,Indecisive
707525,Family travelers
708887,Long Stayers
710523,Indecisive
716801,Indecisive
717149,Indecisive
717546,Retired
721496,Long Stayers
721570,Long Stayers
725357,Indecisive
728820,Indecisive
733654,Indecisive
734565,High Spenders
741190,Indecisive
741902,Indecisive
743151,Indecisive
752933,Indecisive
767426,Family travelers
770252,Indecisive
777366,Indecisive
811077,Indecisive
844489,Indecisive
94883,Comfort Travelers
101486,Budget Travelers
101961,Frequent Travelers
149058,Frequent Travelers
153982,Budget Travelers
174997,Budget Travelers
181157,Comfort Travelers
190866,Frequent Travelers
204997,Budget Travelers
252835,Frequent Travelers
281952,Budget Travelers
283325,Budget Travelers
316527,Frequent Travelers
330893,Budget Travelers
338086,Comfort Travelers
353694,Budget Travelers
354050,Frequent Travelers
354260,Comfort Travelers
354311,Comfort Travelers
357737,Frequent Travelers
359072,Budget Travelers
372970,Comfort Travelers
375729,Comfort Travelers
375751,Budget Travelers
376159,Budget Travelers
377411,Comfort Travelers
380434,Comfort Travelers
380757,Budget Travelers
380949,Frequent Travelers
382181,Comfort Travelers
385689,Frequent Travelers
388328,Frequent Travelers
388947,Comfort Travelers
389434,Frequent Travelers
389662,Budget Travelers
390811,Comfort Travelers
395981,Comfort Travelers
399218,Budget Travelers
401245,Budget Travelers
404879,Frequent Travelers
407250,Frequent Travelers
407275,Frequent Travelers
408551,Budget Travelers
409073,Comfort Travelers
413658,Budget Travelers
415381,Budget Travelers
416319,Budget Travelers
420669,Budget Travelers
424553,Budget Travelers
425632,Comfort Travelers
425953,Frequent Travelers
425966,Comfort Travelers
428552,Budget Travelers
428858,Budget Travelers
429375,Budget Travelers
430722,Budget Travelers
432333,Budget Travelers
433080,Frequent Travelers
433339,Budget Travelers
435596,Comfort Travelers
435882,Budget Travelers
436894,Budget Travelers
437069,Frequent Travelers
437251,Comfort Travelers
438189,Frequent Travelers
438839,Budget Travelers
438937,Budget Travelers
438985,Comfort Travelers
441982,Frequent Travelers
442484,Budget Travelers
447737,Comfort Travelers
447951,Budget Travelers
448295,Budget Travelers
449326,Comfort Travelers
450164,Frequent Travelers
452594,Frequent Travelers
453168,Frequent Travelers
454934,Budget Travelers
456663,Budget Travelers
457468,Budget Travelers
458479,Budget Travelers
458762,Budget Travelers
458855,Budget Travelers
458919,Comfort Travelers
460072,Budget Travelers
461559,Frequent Travelers
463783,Frequent Travelers
463867,Budget Travelers
464239,Budget Travelers
465138,Frequent Travelers
465343,Comfort Travelers
465531,Budget Travelers
465731,Comfort Travelers
467339,Budget Travelers
467809,Comfort Travelers
467892,Frequent Travelers
468409,Frequent Travelers
468832,Frequent Travelers
469440,Comfort Travelers
469464,Comfort Travelers
469699,Budget Travelers
469824,Budget Travelers
471161,Comfort Travelers
471186,Comfort Travelers
471687,Frequent Travelers
471935,Comfort Travelers
472394,Budget Travelers
474261,Budget Travelers
475060,Budget Travelers
475467,Comfort Travelers
475531,Frequent Travelers
476124,Comfort Travelers
476270,Budget Travelers
476535,Frequent Travelers
476956,Comfort Travelers
477285,Budget Travelers
477597,Comfort Travelers
478291,Budget Travelers
478801,Comfort Travelers
480690,Frequent Travelers
480877,Frequent Travelers
480895,Comfort Travelers
481622,Frequent Travelers
482424,Frequent Travelers
482548,Budget Travelers
482602,Frequent Travelers
483345,Frequent Travelers
483483,Budget Travelers
484418,Comfort Travelers
485505,Budget Travelers
485658,Budget Travelers
485780,Budget Travelers
485785,Comfort Travelers
486113,Budget Travelers
486261,Comfort Travelers
486366,Comfort Travelers
486454,Budget Travelers
487453,Frequent Travelers
487637,Budget Travelers
488480,Comfort Travelers
488672,Frequent Travelers
488827,Frequent Travelers
488865,Budget Travelers
488870,Comfort Travelers
489096,Comfort Travelers
489575,Frequent Travelers
489730,Frequent Travelers
489785,Budget Travelers
489992,Comfort Travelers
490201,Budget Travelers
490517,Budget Travelers
490576,Budget Travelers
490608,Comfort Travelers
490629,Frequent Travelers
491141,Frequent Travelers
491175,Frequent Travelers
491182,Frequent Travelers
491241,Comfort Travelers
491617,Frequent Travelers
491930,Comfort Travelers
492371,Budget Travelers
493177,Frequent Travelers
494294,Frequent Travelers
494374,Budget Travelers
494463,Comfort Travelers
494985,Frequent Travelers
495029,Budget Travelers
496016,Frequent Travelers
496332,Frequent Travelers
496566,Frequent Travelers
496972,Budget Travelers
497077,Budget Travelers
497225,Frequent Travelers
497678,Budget Travelers
497829,Comfort Travelers
497915,Frequent Travelers
498574,Budget Travelers
498607,Comfort Travelers
499028,Budget Travelers
499461,Budget Travelers
499475,Budget Travelers
499633,Frequent Travelers
499847,Comfort Travelers
500745,Budget Travelers
500773,Frequent Travelers
500828,Comfort Travelers
501087,Budget Travelers
501125,Budget Travelers
501184,Frequent Travelers
501764,Budget Travelers
501830,Budget Travelers
501947,Frequent Travelers
502412,Budget Travelers
502435,Budget Travelers
502444,Frequent Travelers
502609,Frequent Travelers
502626,Budget Travelers
502799,Frequent Travelers
502826,Comfort Travelers
502875,Comfort Travelers
503058,Budget Travelers
503973,Budget Travelers
504435,Comfort Travelers
504473,Budget Travelers
504786,Budget Travelers
504936,Comfort Travelers
505062,Comfort Travelers
505285,Frequent Travelers
505414,Budget Travelers
505498,Budget Travelers
505713,Frequent Travelers
505747,Budget Travelers
505771,Frequent Travelers
505941,Budget Travelers
506013,Frequent Travelers
506186,Budget Travelers
506234,Frequent Travelers
506250,Budget Travelers
506652,Budget Travelers
506675,Frequent Travelers
506704,Comfort Travelers
506807,Comfort Travelers
506858,Comfort Travelers
507036,Budget Travelers
507376,Comfort Travelers
507395,Budget Travelers
507431,Frequent Travelers
507505,Budget Travelers
507617,Comfort Travelers
507732,Budget Travelers
507773,Comfort Travelers
508240,Budget Travelers
508360,Budget Travelers
508693,Comfort Travelers
508848,Budget Travelers
508860,Budget Travelers
508866,Comfort Travelers
508912,Budget Travelers
508938,Budget Travelers
508940,Frequent Travelers
508946,Frequent Travelers
508973,Comfort Travelers
509036,Comfort Travelers
509069,Comfort Travelers
509160,Comfort Travelers
509221,Budget Travelers
509242,Comfort Travelers
509341,Comfort Travelers
509411,Comfort Travelers
509419,Frequent Travelers
509445,Frequent Travelers
509467,Comfort Travelers
509516,Comfort Travelers
509626,Comfort Travelers
509635,Comfort Travelers
509681,Frequent Travelers
509713,Comfort Travelers
509717,Frequent Travelers
509749,Frequent Travelers
509822,Budget Travelers
509919,Comfort Travelers
510044,Comfort Travelers
510078,Budget Travelers
510104,Comfort Travelers
510108,Budget Travelers
510114,Frequent Travelers
510134,Frequent Travelers
510170,Budget Travelers
510185,Frequent Travelers
510195,Frequent Travelers
510219,Comfort Travelers
510227,Budget Travelers
510257,Comfort Travelers
510315,Budget Travelers
510326,Frequent Travelers
510328,Frequent Travelers
510343,Frequent Travelers
510356,Budget Travelers
510365,Frequent Travelers
510369,Comfort Travelers
510423,Budget Travelers
510449,Budget Travelers
510459,Budget Travelers
510494,Frequent Travelers
510676,Comfort Travelers
510686,Comfort Travelers
510707,Budget Travelers
510836,Frequent Travelers
510890,Frequent Travelers
510899,Budget Travelers
510946,Comfort Travelers
510960,Budget Travelers
510972,Comfort Travelers
511055,Budget Travelers
511093,Budget Travelers
511122,Budget Travelers
511142,Budget Travelers
511195,Budget Travelers
511298,Frequent Travelers
511399,Comfort Travelers
511433,Frequent Travelers
511469,Budget Travelers
511489,Comfort Travelers
511502,Budget Travelers
511504,Comfort Travelers
511535,Comfort Travelers
511549,Budget Travelers
511560,Frequent Travelers
511587,Budget Travelers
511613,Comfort Travelers
511638,Budget Travelers
511680,Frequent Travelers
511712,Budget Travelers
511772,Budget Travelers
511783,Budget Travelers
511805,Frequent Travelers
511809,Comfort Travelers
511811,Comfort Travelers
511860,Frequent Travelers
511884,Frequent Travelers
511902,Comfort Travelers
511936,Budget Travelers
511998,Budget Travelers
512009,Comfort Travelers
512028,Budget Travelers
512078,Budget Travelers
512201,Frequent Travelers
512204,Frequent Travelers
512243,Budget Travelers
512294,Frequent Travelers
512295,Frequent Travelers
512301,Frequent Travelers
512362,Budget Travelers
512440,Budget Travelers
512447,Comfort Travelers
512463,Frequent Travelers
512495,Frequent Travelers
512536,Comfort Travelers
512587,Comfort Travelers
512628,Frequent Travelers
512655,Frequent Travelers
512691,Comfort Travelers
512780,Budget Travelers
512791,Comfort Travelers
512826,Frequent Travelers
512846,Frequent Travelers
512848,Budget Travelers
512922,Budget Travelers
512943,Frequent Travelers
512999,Comfort Travelers
513006,Comfort Travelers
513026,Budget Travelers
513030,Budget Travelers
513031,Budget Travelers
513058,Frequent Travelers
513103,Comfort Travelers
513164,Budget Travelers
513220,Frequent Travelers
513237,Budget Travelers
513322,Comfort Travelers
513381,Comfort Travelers
513387,Frequent Travelers
513397,Frequent Travelers
513497,Comfort Travelers
513582,Comfort Travelers
513611,Budget Travelers
513613,Budget Travelers
513627,Budget Travelers
513659,Comfort Travelers
513761,Comfort Travelers
513787,Frequent Travelers
513791,Frequent Travelers
513826,Comfort Travelers
513844,Budget Travelers
513953,Budget Travelers
513964,Frequent Travelers
514023,Budget Travelers
514132,Frequent Travelers
514133,Budget Travelers
514164,Frequent Travelers
514167,Comfort Travelers
514210,Budget Travelers
514261,Budget Travelers
514300,Budget Travelers
514318,Comfort Travelers
514337,Frequent Travelers
514342,Frequent Travelers
514370,Frequent Travelers
514457,Frequent Travelers
514460,Frequent Travelers
514586,Budget Travelers
514675,Comfort Travelers
514737,Frequent Travelers
514830,Budget Travelers
514892,Frequent Travelers
514981,Budget Travelers
515004,Comfort Travelers
515013,Budget Travelers
515161,Budget Travelers
515182,Frequent Travelers
515200,Comfort Travelers
515271,Comfort Travelers
515330,Comfort Travelers
515344,Frequent Travelers
515423,Comfort Travelers
515478,Budget Travelers
515523,Budget Travelers
515580,Frequent Travelers
515666,Frequent Travelers
515727,Frequent Travelers
515751,Comfort Travelers
515778,Budget Travelers
515831,Budget Travelers
515891,Frequent Travelers
515901,Budget Travelers
515985,Budget Travelers
516006,Frequent Travelers
516057,Comfort Travelers
516117,Budget Travelers
516132,Budget Travelers
516211,Budget Travelers
516216,Frequent Travelers
516273,Budget Travelers
516290,Budget Travelers
516296,Budget Travelers
516351,Budget Travelers
516561,Budget Travelers
516578,Frequent Travelers
516594,Frequent Travelers
516647,Frequent Travelers
516682,Budget Travelers
516732,Budget Travelers
516827,Frequent Travelers
517061,Frequent Travelers
517076,Frequent Travelers
517105,Frequent Travelers
517119,Frequent Travelers
517158,Budget Travelers
517467,Budget Travelers
517486,Budget Travelers
517491,Frequent Travelers
517581,Comfort Travelers
517675,Frequent Travelers
517803,Frequent Travelers
517847,Frequent Travelers
517931,Frequent Travelers
518044,Budget Travelers
518074,Comfort Travelers
518092,Frequent Travelers
518121,Comfort Travelers
518135,Budget Travelers
518191,Budget Travelers
518281,Frequent Travelers
518334,Budget Travelers
518338,Frequent Travelers
518347,Frequent Travelers
518372,Budget Travelers
518406,Budget Travelers
518526,Frequent Travelers
518535,Budget Travelers
518579,Comfort Travelers
518585,Comfort Travelers
518711,Budget Travelers
518743,Comfort Travelers
518751,Frequent Travelers
518756,Comfort Travelers
518827,Frequent Travelers
518865,Comfort Travelers
518866,Comfort Travelers
518870,Comfort Travelers
518971,Budget Travelers
519079,Frequent Travelers
519205,Comfort Travelers
519285,Frequent Travelers
519348,Budget Travelers
519393,Comfort Travelers
519446,Frequent Travelers
519469,Budget Travelers
519532,Comfort Travelers
519541,Comfort Travelers
519595,Frequent Travelers
519596,Budget Travelers
519604,Budget Travelers
519694,Frequent Travelers
519726,Budget Travelers
519747,Frequent Travelers
519769,Budget Travelers
519799,Frequent Travelers
519846,Frequent Travelers
519848,Frequent Travelers
519853,Budget Travelers
519888,Frequent Travelers
519905,Budget Travelers
519911,Frequent Travelers
519961,Budget Travelers
519965,Comfort Travelers
520097,Frequent Travelers
520141,Budget Travelers
520152,Frequent Travelers
520193,Comfort Travelers
520225,Frequent Travelers
520277,Budget Travelers
520291,Frequent Travelers
520311,Frequent Travelers
520397,Comfort Travelers
520411,Budget Travelers
520429,Comfort Travelers
520436,Frequent Travelers
520532,Frequent Travelers
520539,Budget Travelers
520762,Budget Travelers
520819,Budget Travelers
520821,Comfort Travelers
520898,Comfort Travelers
520902,Frequent Travelers
521000,Budget Travelers
521031,Frequent Travelers
521033,Frequent Travelers
521060,Frequent Travelers
521065,Comfort Travelers
521127,Frequent Travelers
521152,Comfort Travelers
521185,Frequent Travelers
521186,Comfort Travelers
521212,Budget Travelers
521282,Budget Travelers
521295,Budget Travelers
521298,Comfort Travelers
521309,Comfort Travelers
521316,Budget Travelers
521335,Budget Travelers
521343,Frequent Travelers
521379,Comfort Travelers
521509,Frequent Travelers
521587,Frequent Travelers
521607,Comfort Travelers
521609,Budget Travelers
521695,Frequent Travelers
521708,Frequent Travelers
521720,Frequent Travelers
521748,Budget Travelers
521768,Budget Travelers
521865,Frequent Travelers
521956,Frequent Travelers
521963,Budget Travelers
521986,Budget Travelers
522005,Frequent Travelers
522062,Frequent Travelers
522112,Budget Travelers
522118,Budget Travelers
522233,Frequent Travelers
522237,Budget Travelers
522315,Budget Travelers
522364,Budget Travelers
522373,Comfort Travelers
522375,Budget Travelers
522402,Budget Travelers
522426,Frequent Travelers
522427,Budget Travelers
522441,Budget Travelers
522476,Frequent Travelers
522513,Budget Travelers
522532,Frequent Travelers
522634,Frequent Travelers
522639,Budget Travelers
522654,Budget Travelers
522745,Comfort Travelers
522939,Budget Travelers
522944,Comfort Travelers
522999,Comfort Travelers
523077,Budget Travelers
523090,Budget Travelers
523228,Frequent Travelers
523290,Budget Travelers
523301,Comfort Travelers
523338,Frequent Travelers
523454,Budget Travelers
523484,Frequent Travelers
523505,Frequent Travelers
523511,Budget Travelers
523559,Budget Travelers
523612,Frequent Travelers
523666,Frequent Travelers
523690,Budget Travelers
523710,Comfort Travelers
523715,Budget Travelers
523746,Comfort Travelers
523768,Budget Travelers
523807,Comfort Travelers
523819,Frequent Travelers
523841,Budget Travelers
523913,Frequent Travelers
523981,Frequent Travelers
524038,Frequent Travelers
524043,Frequent Travelers
524076,Budget Travelers
524211,Budget Travelers
524244,Comfort Travelers
524251,Budget Travelers
524412,Frequent Travelers
524572,Comfort Travelers
524668,Frequent Travelers
524722,Budget Travelers
524807,Comfort Travelers
524834,Budget Travelers
524861,Frequent Travelers
524895,Budget Travelers
524909,Comfort Travelers
525022,Budget Travelers
525034,Comfort Travelers
525168,Comfort Travelers
525201,Frequent Travelers
525227,Frequent Travelers
525308,Budget Travelers
525389,Budget Travelers
525415,Comfort Travelers
525529,Frequent Travelers
525546,Frequent Travelers
525610,Frequent Travelers
525671,Frequent Travelers
525769,Frequent Travelers
525804,Budget Travelers
525842,Budget Travelers
525844,Budget Travelers
525920,Frequent Travelers
525975,Frequent Travelers
525996,Frequent Travelers
526062,Frequent Travelers
526084,Comfort Travelers
526102,Frequent Travelers
526154,Budget Travelers
526174,Budget Travelers
526235,Comfort Travelers
526258,Budget Travelers
526297,Frequent Travelers
526332,Budget Travelers
526365,Comfort Travelers
526372,Budget Travelers
526378,Frequent Travelers
526409,Frequent Travelers
526490,Budget Travelers
526495,Budget Travelers
526540,Frequent Travelers
526565,Budget Travelers
526668,Comfort Travelers
526690,Budget Travelers
526711,Budget Travelers
526789,Comfort Travelers
526837,Comfort Travelers
526867,Frequent Travelers
526901,Frequent Travelers
527046,Comfort Travelers
527081,Budget Travelers
527082,Budget Travelers
527109,Frequent Travelers
527141,Frequent Travelers
527142,Frequent Travelers
527150,Comfort Travelers
527158,Comfort Travelers
527187,Budget Travelers
527280,Budget Travelers
527354,Budget Travelers
527393,Budget Travelers
527401,Frequent Travelers
527452,Comfort Travelers
527464,Frequent Travelers
527467,Budget Travelers
527490,Comfort Travelers
527508,Comfort Travelers
527690,Frequent Travelers
527928,Budget Travelers
527995,Comfort Travelers
528020,Frequent Travelers
528046,Comfort Travelers
528193,Comfort Travelers
528244,Budget Travelers
528248,Budget Travelers
528281,Frequent Travelers
528322,Frequent Travelers
528421,Frequent Travelers
528542,Comfort Travelers
528567,Frequent Travelers
528580,Comfort Travelers
528661,Budget Travelers
528706,Comfort Travelers
528735,Budget Travelers
528743,Comfort Travelers
528828,Frequent Travelers
528829,Frequent Travelers
528942,Frequent Travelers
528999,Comfort Travelers
529023,Comfort Travelers
529205,Frequent Travelers
529332,Comfort Travelers
529406,Frequent Travelers
529422,Comfort Travelers
529424,Budget Travelers
529428,Budget Travelers
529501,Frequent Travelers
529510,Budget Travelers
529768,Frequent Travelers
529879,Frequent Travelers
530039,Frequent Travelers
530118,Frequent Travelers
530188,Frequent Travelers
530223,Budget Travelers
530240,Comfort Travelers
530277,Frequent Travelers
530278,Frequent Travelers
530282,Frequent Travelers
530298,Budget Travelers
530315,Budget Travelers
530322,Budget Travelers
530365,Budget Travelers
530371,Comfort Travelers
530374,Budget Travelers
530385,Comfort Travelers
530427,Comfort Travelers
530514,Budget Travelers
530543,Frequent Travelers
530585,Frequent Travelers
530592,Frequent Travelers
530607,Budget Travelers
530666,Budget Travelers
530687,Frequent Travelers
530719,Frequent Travelers
530720,Budget Travelers
530773,Comfort Travelers
530775,Comfort Travelers
530801,Comfort Travelers
530810,Comfort Travelers
530833,Budget Travelers
530881,Frequent Travelers
530978,Frequent Travelers
531027,Comfort Travelers
531054,Frequent Travelers
531073,Frequent Travelers
531568,Frequent Travelers
531654,Comfort Travelers
531670,Comfort Travelers
531739,Frequent Travelers
531744,Frequent Travelers
531807,Comfort Travelers
531857,Budget Travelers
531921,Budget Travelers
531931,Comfort Travelers
531971,Budget Travelers
531994,Comfort Travelers
532063,Frequent Travelers
532259,Frequent Travelers
532312,Budget Travelers
532361,Budget Travelers
532387,Comfort Travelers
532390,Frequent Travelers
532433,Comfort Travelers
532519,Budget Travelers
532622,Budget Travelers
532651,Budget Travelers
532656,Comfort Travelers
532705,Comfort Travelers
532748,Frequent Travelers
532835,Budget Travelers
532843,Comfort Travelers
532866,Frequent Travelers
533117,Budget Travelers
533123,Budget Travelers
533129,Frequent Travelers
533211,Frequent Travelers
533222,Comfort Travelers
533283,Frequent Travelers
533302,Budget Travelers
533327,Frequent Travelers
533357,Frequent Travelers
533378,Comfort Travelers
533404,Comfort Travelers
533411,Frequent Travelers
533464,Comfort Travelers
533490,Frequent Travelers
533497,Frequent Travelers
533550,Budget Travelers
533617,Comfort Travelers
533846,Budget Travelers
533932,Budget Travelers
533985,Comfort Travelers
534045,Comfort Travelers
534179,Frequent Travelers
534190,Budget Travelers
534360,Frequent Travelers
534445,Comfort Travelers
534607,Frequent Travelers
534608,Frequent Travelers
534688,Frequent Travelers
534747,Frequent Travelers
534782,Frequent Travelers
534840,Frequent Travelers
534957,Comfort Travelers
535007,Frequent Travelers
535024,Comfort Travelers
535051,Frequent Travelers
535063,Frequent Travelers
535099,Frequent Travelers
535135,Frequent Travelers
535229,Budget Travelers
535341,Budget Travelers
535398,Budget Travelers
535441,Frequent Travelers
535459,Budget Travelers
535502,Budget Travelers
535553,Budget Travelers
535610,Budget Travelers
535625,Frequent Travelers
535746,Comfort Travelers
535791,Comfort Travelers
535795,Frequent Travelers
535885,Budget Travelers
535896,Budget Travelers
535912,Frequent Travelers
535942,Comfort Travelers
536000,Comfort Travelers
536016,Comfort Travelers
536034,Budget Travelers
536035,Budget Travelers
536066,Comfort Travelers
536313,Budget Travelers
536467,Budget Travelers
536489,Frequent Travelers
536574,Frequent Travelers
536604,Budget Travelers
536622,Frequent Travelers
536656,Comfort Travelers
536763,Comfort Travelers
536764,Frequent Travelers
536782,Frequent Travelers
536843,Frequent Travelers
536951,Frequent Travelers
536995,Comfort Travelers
537212,Budget Travelers
537412,Frequent Travelers
537413,Comfort Travelers
537414,Comfort Travelers
537586,Budget Travelers
537676,Frequent Travelers
537834,Budget Travelers
537904,Frequent Travelers
537922,Budget Travelers
538084,Frequent Travelers
538112,Budget Travelers
538131,Budget Travelers
538147,Comfort Travelers
538260,Comfort Travelers
538270,Budget Travelers
538349,Frequent Travelers
538432,Frequent Travelers
538438,Budget Travelers
538441,Budget Travelers
538458,Frequent Travelers
538529,Budget Travelers
538538,Comfort Travelers
538608,Frequent Travelers
538666,Budget Travelers
538680,Budget Travelers
538788,Budget Travelers
538944,Frequent Travelers
538976,Frequent Travelers
539135,Frequent Travelers
539209,Frequent Travelers
539221,Frequent Travelers
539267,Budget Travelers
539283,Budget Travelers
539320,Frequent Travelers
539337,Budget Travelers
539338,Comfort Travelers
539460,Comfort Travelers
539625,Budget Travelers
539627,Budget Travelers
539648,Frequent Travelers
539710,Frequent Travelers
539794,Frequent Travelers
539855,Budget Travelers
539864,Frequent Travelers
539868,Comfort Travelers
539883,Frequent Travelers
539953,Budget Travelers
540199,Comfort Travelers
540244,Frequent Travelers
540302,Frequent Travelers
540306,Comfort Travelers
540347,Frequent Travelers
540413,Budget Travelers
540455,Budget Travelers
540502,Frequent Travelers
540527,Frequent Travelers
540557,Frequent Travelers
540580,Frequent Travelers
540622,Budget Travelers
540654,Frequent Travelers
540664,Budget Travelers
541001,Comfort Travelers
541040,Comfort Travelers
541084,Frequent Travelers
541150,Budget Travelers
541162,Frequent Travelers
541168,Frequent Travelers
541176,Budget Travelers
541240,Budget Travelers
541259,Frequent Travelers
541262,Comfort Travelers
541289,Frequent Travelers
541326,Budget Travelers
541382,Frequent Travelers
541389,Frequent Travelers
541505,Budget Travelers
541540,Frequent Travelers
541734,Comfort Travelers
541752,Frequent Travelers
541764,Budget Travelers
541878,Budget Travelers
541921,Comfort Travelers
541923,Budget Travelers
541998,Budget Travelers
542012,Comfort Travelers
542059,Comfort Travelers
542080,Budget Travelers
542254,Comfort Travelers
542270,Comfort Travelers
542282,Frequent Travelers
542326,Budget Travelers
542334,Budget Travelers
542358,Budget Travelers
542451,Comfort Travelers
542471,Frequent Travelers
542752,Comfort Travelers
542760,Frequent Travelers
542795,Frequent Travelers
542805,Frequent Travelers
542976,Comfort Travelers
543038,Budget Travelers
543222,Comfort Travelers
543306,Budget Travelers
543352,Budget Travelers
543497,Frequent Travelers
543666,Frequent Travelers
543713,Budget Travelers
543826,Budget Travelers
543900,Budget Travelers
543927,Comfort Travelers
543937,Comfort Travelers
544002,Comfort Travelers
544163,Frequent Travelers
544207,Frequent Travelers
544367,Comfort Travelers
544406,Comfort Travelers
544480,Comfort Travelers
544513,Frequent Travelers
544549,Frequent Travelers
544595,Frequent Travelers
544604,Budget Travelers
544640,Frequent Travelers
544680,Frequent Travelers
544683,Frequent Travelers
544818,Comfort Travelers
544839,Comfort Travelers
544926,Budget Travelers
545010,Comfort Travelers
545070,Budget Travelers
545109,Budget Travelers
545249,Frequent Travelers
545300,Frequent Travelers
545510,Budget Travelers
545629,Frequent Travelers
545634,Comfort Travelers
545745,Comfort Travelers
545748,Comfort Travelers
545758,Budget Travelers
545879,Budget Travelers
545936,Comfort Travelers
545981,Frequent Travelers
546008,Frequent Travelers
546061,Frequent Travelers
546072,Frequent Travelers
546127,Frequent Travelers
546130,Comfort Travelers
546161,Comfort Travelers
546190,Budget Travelers
546256,Frequent Travelers
546282,Comfort Travelers
546395,Comfort Travelers
546437,Frequent Travelers
546485,Frequent Travelers
546509,Comfort Travelers
546679,Frequent Travelers
546688,Comfort Travelers
546728,Comfort Travelers
546867,Comfort Travelers
546972,Comfort Travelers
547007,Frequent Travelers
547037,Budget Travelers
547070,Frequent Travelers
547150,Comfort Travelers
547180,Budget Travelers
547266,Comfort Travelers
547325,Budget Travelers
547458,Frequent Travelers
547483,Budget Travelers
547512,Frequent Travelers
547555,Frequent Travelers
547559,Frequent Travelers
547613,Frequent Travelers
547664,Frequent Travelers
547776,Comfort Travelers
547862,Budget Travelers
547951,Frequent Travelers
548006,Budget Travelers
548040,Comfort Travelers
548113,Frequent Travelers
548190,Budget Travelers
548230,Budget Travelers
548307,Budget Travelers
548408,Frequent Travelers
548434,Budget Travelers
548490,Budget Travelers
548587,Budget Travelers
548635,Frequent Travelers
548672,Frequent Travelers
548743,Budget Travelers
548859,Budget Travelers
548967,Frequent Travelers
548988,Frequent Travelers
549202,Frequent Travelers
549281,Frequent Travelers
549292,Comfort Travelers
549303,Budget Travelers
549377,Budget Travelers
549482,Frequent Travelers
549631,Frequent Travelers
549714,Comfort Travelers
549764,Budget Travelers
549992,Comfort Travelers
550019,Frequent Travelers
550068,Budget Travelers
550071,Frequent Travelers
550105,Budget Travelers
550134,Comfort Travelers
550200,Budget Travelers
550221,Comfort Travelers
550222,Comfort Travelers
550233,Frequent Travelers
550300,Frequent Travelers
550317,Budget Travelers
550442,Budget Travelers
550459,Frequent Travelers
550752,Comfort Travelers
550805,Frequent Travelers
550871,Comfort Travelers
551032,Budget Travelers
551042,Frequent Travelers
551166,Budget Travelers
551217,Frequent Travelers
551627,Budget Travelers
551665,Frequent Travelers
551804,Frequent Travelers
551890,Frequent Travelers
551963,Frequent Travelers
551967,Comfort Travelers
552172,Comfort Travelers
552348,Frequent Travelers
552384,Comfort Travelers
552649,Budget Travelers
552732,Comfort Travelers
552760,Comfort Travelers
552929,Frequent Travelers
552945,Frequent Travelers
553017,Frequent Travelers
553219,Frequent Travelers
553361,Frequent Travelers
553559,Budget Travelers
553568,Frequent Travelers
553751,Budget Travelers
553773,Comfort Travelers
553791,Comfort Travelers
553876,Budget Travelers
553955,Frequent Travelers
554026,Frequent Travelers
554079,Frequent Travelers
554141,Frequent Travelers
554155,Budget Travelers
554269,Comfort Travelers
554444,Budget Travelers
554507,Budget Travelers
554609,Comfort Travelers
554885,Frequent Travelers
554956,Frequent Travelers
554961,Budget Travelers
555206,Frequent Travelers
555310,Frequent Travelers
555326,Comfort Travelers
555563,Frequent Travelers
555600,Budget Travelers
555698,Budget Travelers
555751,Comfort Travelers
555770,Budget Travelers
555782,Budget Travelers
555796,Frequent Travelers
555852,Frequent Travelers
556015,Budget Travelers
556052,Comfort Travelers
556067,Frequent Travelers
556119,Budget Travelers
556127,Comfort Travelers
556268,Budget Travelers
556347,Frequent Travelers
556533,Budget Travelers
556744,Comfort Travelers
556824,Frequent Travelers
556906,Comfort Travelers
557036,Comfort Travelers
557055,Comfort Travelers
557672,Comfort Travelers
557692,Comfort Travelers
557794,Frequent Travelers
557875,Budget Travelers
557921,Frequent Travelers
557932,Frequent Travelers
557957,Comfort Travelers
558018,Comfort Travelers
558114,Budget Travelers
558204,Comfort Travelers
558270,Frequent Travelers
558294,Comfort Travelers
558362,Frequent Travelers
558466,Budget Travelers
558489,Comfort Travelers
558513,Comfort Travelers
558920,Frequent Travelers
558987,Budget Travelers
559068,Budget Travelers
559071,Budget Travelers
559093,Frequent Travelers
559107,Budget Travelers
559112,Budget Travelers
559148,Comfort Travelers
559211,Frequent Travelers
559277,Budget Travelers
559324,Budget Travelers
559695,Comfort Travelers
559782,Frequent Travelers
559834,Budget Travelers
559863,Budget Travelers
559901,Frequent Travelers
559918,Budget Travelers
559936,Budget Travelers
559981,Frequent Travelers
560125,Comfort Travelers
560175,Budget Travelers
560213,Budget Travelers
560273,Comfort Travelers
560291,Comfort Travelers
560341,Budget Travelers
560362,Frequent Travelers
560468,Budget Travelers
560478,Budget Travelers
560511,Frequent Travelers
560888,Budget Travelers
560991,Frequent Travelers
561031,Frequent Travelers
561033,Frequent Travelers
561331,Budget Travelers
561339,Comfort Travelers
561353,Frequent Travelers
561503,Frequent Travelers
561642,Frequent Travelers
561652,Comfort Travelers
561653,Frequent Travelers
561687,Budget Travelers
561710,Comfort Travelers
561798,Comfort Travelers
561846,Comfort Travelers
561864,Budget Travelers
561950,Frequent Travelers
561992,Budget Travelers
561994,Comfort Travelers
562010,Frequent Travelers
562148,Frequent Travelers
562161,Comfort Travelers
562275,Frequent Travelers
562315,Budget Travelers
562398,Frequent Travelers
562428,Comfort Travelers
562529,Frequent Travelers
562576,Comfort Travelers
562612,Comfort Travelers
562708,Frequent Travelers
562886,Frequent Travelers
563059,Frequent Travelers
563162,Comfort Travelers
563483,Frequent Travelers
563489,Frequent Travelers
563544,Comfort Travelers
563731,Frequent Travelers
563773,Budget Travelers
563787,Frequent Travelers
563853,Budget Travelers
563956,Budget Travelers
564219,Frequent Travelers
564252,Comfort Travelers
564377,Comfort Travelers
564495,Budget Travelers
564517,Frequent Travelers
564534,Comfort Travelers
564593,Budget Travelers
564604,Budget Travelers
564606,Comfort Travelers
564620,Comfort Travelers
564699,Frequent Travelers
564962,Frequent Travelers
565109,Frequent Travelers
565114,Comfort Travelers
565419,Budget Travelers
565459,Comfort Travelers
565460,Budget Travelers
565464,Budget Travelers
565573,Frequent Travelers
565791,Budget Travelers
565935,Comfort Travelers
566008,Frequent Travelers
566059,Budget Travelers
566061,Comfort Travelers
566096,Frequent Travelers
566275,Budget Travelers
566547,Budget Travelers
566702,Budget Travelers
566787,Comfort Travelers
566815,Frequent Travelers
566998,Comfort Travelers
567219,Budget Travelers
567432,Frequent Travelers
567448,Budget Travelers
567547,Comfort Travelers
567643,Comfort Travelers
567651,Frequent Travelers
567778,Frequent Travelers
567950,Budget Travelers
568004,Comfort Travelers
568078,Comfort Travelers
568385,Frequent Travelers
568463,Budget Travelers
568486,Frequent Travelers
568713,Frequent Travelers
568790,Comfort Travelers
569150,Frequent Travelers
569170,Frequent Travelers
569342,Comfort Travelers
569466,Budget Travelers
569472,Budget Travelers
569572,Frequent Travelers
569817,Budget Travelers
570021,Comfort Travelers
570144,Frequent Travelers
570162,Frequent Travelers
570219,Frequent Travelers
570224,Budget Travelers
570226,Frequent Travelers
570291,Budget Travelers
570369,Frequent Travelers
570666,Budget Travelers
571015,Frequent Travelers
571200,Frequent Travelers
571363,Comfort Travelers
571429,Comfort Travelers
571560,Comfort Travelers
571639,Comfort Travelers
571864,Comfort Travelers
572290,Frequent Travelers
572396,Budget Travelers
572479,Frequent Travelers
572538,Budget Travelers
572591,Budget Travelers
572632,Budget Travelers
572744,Frequent Travelers
573244,Frequent Travelers
573291,Frequent Travelers
573420,Frequent Travelers
573518,Comfort Travelers
573648,Comfort Travelers
573704,Frequent Travelers
573939,Frequent Travelers
574003,Budget Travelers
574071,Frequent Travelers
574104,Frequent Travelers
574134,Budget Travelers
574279,Budget Travelers
574419,Budget Travelers
574440,Comfort Travelers
574794,Budget Travelers
574840,Comfort Travelers
574909,Budget Travelers
575051,Frequent Travelers
575299,Comfort Travelers
575561,Comfort Travelers
575576,Budget Travelers
575774,Comfort Travelers
575809,Comfort Travelers
575908,Comfort Travelers
576040,Budget Travelers
576136,Budget Travelers
576357,Budget Travelers
576366,Budget Travelers
576966,Budget Travelers
577074,Budget Travelers
577145,Frequent Travelers
577180,Frequent Travelers
577255,Comfort Travelers
577287,Comfort Travelers
577539,Budget Travelers
577617,Frequent Travelers
577625,Comfort Travelers
577638,Frequent Travelers
577921,Budget Travelers
577984,Comfort Travelers
578164,Budget Travelers
578396,Comfort Travelers
578503,Budget Travelers
578549,Frequent Travelers
578607,Frequent Travelers
578892,Frequent Travelers
578929,Comfort Travelers
578938,Frequent Travelers
578947,Frequent Travelers
579065,Frequent Travelers
579275,Frequent Travelers
579323,Comfort Travelers
579404,Frequent Travelers
579547,Comfort Travelers
579707,Budget Travelers
579829,Comfort Travelers
580077,Budget Travelers
580460,Budget Travelers
580944,Budget Travelers
580971,Budget Travelers
581085,Comfort Travelers
581091,Frequent Travelers
581111,Frequent Travelers
581307,Budget Travelers
581412,Budget Travelers
581438,Comfort Travelers
581527,Frequent Travelers
581721,Frequent Travelers
581770,Budget Travelers
581835,Frequent Travelers
581858,Comfort Travelers
581901,Frequent Travelers
582227,Frequent Travelers
582482,Budget Travelers
582484,Budget Travelers
582577,Comfort Travelers
582636,Budget Travelers
582995,Frequent Travelers
583087,Budget Travelers
583200,Comfort Travelers
583336,Budget Travelers
583526,Comfort Travelers
584134,Comfort Travelers
584247,Comfort Travelers
584423,Budget Travelers
584459,Budget Travelers
584531,Budget Travelers
584591,Budget Travelers
584666,Budget Travelers
584844,Comfort Travelers
585722,Comfort Travelers
585745,Frequent Travelers
585882,Comfort Travelers
585965,Budget Travelers
586006,Comfort Travelers
586038,Frequent Travelers
586077,Comfort Travelers
586122,Budget Travelers
586124,Budget Travelers
586251,Budget Travelers
586312,Comfort Travelers
586631,Budget Travelers
586672,Frequent Travelers
586701,Frequent Travelers
586732,Frequent Travelers
587234,Budget Travelers
587304,Budget Travelers
587373,Frequent Travelers
587459,Comfort Travelers
587810,Comfort Travelers
587899,Budget Travelers
588370,Budget Travelers
588391,Budget Travelers
588414,Frequent Travelers
588582,Comfort Travelers
588820,Frequent Travelers
589164,Frequent Travelers
589306,Frequent Travelers
589404,Budget Travelers
589405,Budget Travelers
589630,Frequent Travelers
589650,Budget Travelers
589758,Frequent Travelers
589775,Comfort Travelers
589868,Comfort Travelers
589884,Budget Travelers
589977,Frequent Travelers
590040,Frequent Travelers
590163,Frequent Travelers
590202,Frequent Travelers
590420,Frequent Travelers
590473,Comfort Travelers
590697,Budget Travelers
590954,Comfort Travelers
590981,Budget Travelers
591097,Frequent Travelers
591381,Budget Travelers
591714,Frequent Travelers
591888,Frequent Travelers
592132,Budget Travelers
592366,Budget Travelers
592371,Frequent Travelers
592886,Budget Travelers
592929,Budget Travelers
593350,Frequent Travelers
593401,Budget Travelers
593494,Comfort Travelers
593536,Frequent Travelers
593672,Comfort Travelers
594027,Budget Travelers
594042,Frequent Travelers
594406,Frequent Travelers
594644,Budget Travelers
595171,Budget Travelers
595257,Frequent Travelers
595386,Frequent Travelers
595442,Frequent Travelers
595587,Frequent Travelers
596103,Budget Travelers
596153,Frequent Travelers
596222,Budget Travelers
596409,Budget Travelers
596732,Comfort Travelers
597029,Frequent Travelers
597300,Budget Travelers
597434,Budget Travelers
597734,Comfort Travelers
597836,Budget Travelers
597878,Comfort Travelers
597946,Budget Travelers
598075,Comfort Travelers
598233,Frequent Travelers
598265,Budget Travelers
598590,Frequent Travelers
598715,Budget Travelers
598881,Frequent Travelers
598911,Frequent Travelers
599335,Budget Travelers
599437,Comfort Travelers
599454,Comfort Travelers
599833,Frequent Travelers
600018,Frequent Travelers
600078,Budget Travelers
600287,Budget Travelers
600304,Budget Travelers
600351,Comfort Travelers
600561,Budget Travelers
600690,Frequent Travelers
600750,Comfort Travelers
600886,Frequent Travelers
601116,Budget Travelers
601894,Budget Travelers
601917,Frequent Travelers
602190,Budget Travelers
602656,Comfort Travelers
602769,Frequent Travelers
602946,Frequent Travelers
603053,Comfort Travelers
603809,Budget Travelers
603875,Budget Travelers
604982,Comfort Travelers
605439,Comfort Travelers
605494,Comfort Travelers
605558,Frequent Travelers
605615,Comfort Travelers
605776,Frequent Travelers
605780,Budget Travelers
606041,Comfort Travelers
606060,Budget Travelers
606161,Budget Travelers
606333,Budget Travelers
606648,Frequent Travelers
606762,Budget Travelers
607152,Frequent Travelers
607350,Comfort Travelers
607706,Budget Travelers
608039,Budget Travelers
608086,Budget Travelers
608287,Frequent Travelers
608296,Frequent Travelers
608521,Comfort Travelers
608629,Frequent Travelers
608764,Budget Travelers
609051,Comfort Travelers
609243,Comfort Travelers
610294,Comfort Travelers
610306,Frequent Travelers
610395,Comfort Travelers
610909,Comfort Travelers
611126,Comfort Travelers
611839,Frequent Travelers
611852,Budget Travelers
612236,Budget Travelers
612685,Budget Travelers
613275,Budget Travelers
614412,Budget Travelers
614632,Budget Travelers
614668,Budget Travelers
614748,Comfort Travelers
614828,Budget Travelers
616461,Budget Travelers
616470,Comfort Travelers
616789,Budget Travelers
616795,Frequent Travelers
616992,Budget Travelers
617125,Comfort Travelers
617994,Budget Travelers
618063,Comfort Travelers
618157,Budget Travelers
618181,Budget Travelers
618201,Comfort Travelers
619079,Budget Travelers
619321,Frequent Travelers
619432,Frequent Travelers
619918,Comfort Travelers
620394,Budget Travelers
620991,Budget Travelers
621081,Comfort Travelers
621849,Comfort Travelers
622248,Frequent Travelers
622464,Budget Travelers
622708,Budget Travelers
622813,Frequent Travelers
623043,Frequent Travelers
623750,Budget Travelers
623850,Frequent Travelers
623949,Budget Travelers
623972,Comfort Travelers
624762,Budget Travelers
625089,Frequent Travelers
625400,Budget Travelers
626519,Budget Travelers
626520,Budget Travelers
626986,Frequent Travelers
627436,Budget Travelers
627451,Comfort Travelers
627889,Budget Travelers
627893,Budget Travelers
627972,Budget Travelers
628570,Frequent Travelers
628653,Budget Travelers
628694,Budget Travelers
628752,Budget Travelers
629647,Budget Travelers
629701,Frequent Travelers
630609,Frequent Travelers
630694,Comfort Travelers
631174,Comfort Travelers
631787,Comfort Travelers
632136,Budget Travelers
632749,Comfort Travelers
632965,Frequent Travelers
632988,Budget Travelers
633314,Budget Travelers
635249,Comfort Travelers
635442,Frequent Travelers
635587,Budget Travelers
635949,Frequent Travelers
636078,Comfort Travelers
636524,Frequent Travelers
636966,Comfort Travelers
637086,Frequent Travelers
637457,Comfort Travelers
637633,Comfort Travelers
637687,Frequent Travelers
638162,Frequent Travelers
638874,Budget Travelers
639571,Budget Travelers
640849,Frequent Travelers
641012,Budget Travelers
641102,Comfort Travelers
641106,Comfort Travelers
641537,Budget Travelers
642344,Frequent Travelers
642679,Frequent Travelers
643344,Comfort Travelers
643645,Comfort Travelers
645047,Budget Travelers
645415,Budget Travelers
646405,Budget Travelers
647662,Budget Travelers
648852,Budget Travelers
648983,Frequent Travelers
650901,Budget Travelers
651030,Comfort Travelers
651201,Frequent Travelers
651491,Budget Travelers
651613,Frequent Travelers
651744,Budget Travelers
651818,Budget Travelers
652359,Budget Travelers
652416,Comfort Travelers
653724,Frequent Travelers
654395,Budget Travelers
654687,Budget Travelers
657591,Frequent Travelers
659162,Frequent Travelers
659664,Frequent Travelers
659744,Budget Travelers
661697,Comfort Travelers
664617,Budget Travelers
664663,Frequent Travelers
665329,Comfort Travelers
665397,Budget Travelers
665505,Frequent Travelers
665593,Comfort Travelers
666049,Comfort Travelers
670626,Frequent Travelers
671367,Frequent Travelers
671975,Comfort Travelers
675053,Comfort Travelers
675594,Budget Travelers
678888,Comfort Travelers
679040,Budget Travelers
679611,Frequent Travelers
680735,Comfort Travelers
681581,Comfort Travelers
682247,Budget Travelers
684521,Budget Travelers
684543,Budget Travelers
686165,Frequent Travelers
688600,Budget Travelers
689037,Comfort Travelers
693765,Frequent Travelers
695011,Budget Travelers
695307,Budget Travelers
696475,Budget Travelers
697072,Comfort Travelers
698573,Budget Travelers
699411,Comfort Travelers
700028,Budget Travelers
700237,Comfort Travelers
704870,Budget Travelers
705215,Frequent Travelers
705310,Comfort Travelers
707260,Comfort Travelers
711391,Frequent Travelers
714565,Frequent Travelers
722828,Budget Travelers
726953,Frequent Travelers
732729,Frequent Travelers
735029,Comfort Travelers
736075,Comfort Travelers
739518,Comfort Travelers
750982,Frequent Travelers
751545,Budget Travelers
756030,Budget Travelers
760304,Budget Travelers
777846,Budget Travelers
785107,Frequent Travelers
796032,Budget Travelers
801660,Budget Travelers
125845,Comfort Travelers
175032,Comfort Travelers
187212,Comfort Travelers
206011,Frequent Travelers
217136,Budget Travelers
220725,Comfort Travelers
224996,Comfort Travelers
226367,Comfort Travelers
228872,Budget Travelers
229330,Frequent Travelers
249521,Comfort Travelers
264470,Budget Travelers
297546,Frequent Travelers
313724,Frequent Travelers
317688,Frequent Travelers
324191,Budget Travelers
328590,Comfort Travelers
334787,Budget Travelers
348817,Frequent Travelers
349132,Budget Travelers
356046,Budget Travelers
359653,Budget Travelers
361759,Frequent Travelers
363535,Budget Travelers
379543,Comfort Travelers
387783,Budget Travelers
396552,Frequent Travelers
399137,Frequent Travelers
399799,Frequent Travelers
400582,Frequent Travelers
400899,Comfort Travelers
402978,Frequent Travelers
405305,Comfort Travelers
406210,Comfort Travelers
407118,Budget Travelers
407642,Budget Travelers
411701,Budget Travelers
413128,Frequent Travelers
413418,Budget Travelers
415581,Comfort Travelers
416580,Frequent Travelers
417679,Frequent Travelers
418488,Frequent Travelers
420648,Comfort Travelers
421247,Frequent Travelers
421515,Budget Travelers
421700,Comfort Travelers
422066,Frequent Travelers
423042,Frequent Travelers
427426,Budget Travelers
427506,Budget Travelers
431144,Budget Travelers
431337,Comfort Travelers
431602,Comfort Travelers
432637,Comfort Travelers
434238,Budget Travelers
434623,Comfort Travelers
435231,Budget Travelers
435669,Comfort Travelers
437539,Frequent Travelers
437549,Comfort Travelers
438596,Budget Travelers
439052,Frequent Travelers
439120,Budget Travelers
439363,Budget Travelers
440655,Budget Travelers
441200,Budget Travelers
441457,Budget Travelers
443453,Frequent Travelers
443652,Frequent Travelers
444387,Comfort Travelers
445351,Frequent Travelers
445515,Comfort Travelers
446124,Frequent Travelers
446473,Comfort Travelers
446933,Frequent Travelers
447053,Budget Travelers
448564,Frequent Travelers
449033,Frequent Travelers
449619,Comfort Travelers
449804,Comfort Travelers
450305,Budget Travelers
450615,Frequent Travelers
453143,Frequent Travelers
454661,Comfort Travelers
457599,Frequent Travelers
459486,Budget Travelers
460625,Frequent Travelers
461744,Budget Travelers
462127,Comfort Travelers
462456,Frequent Travelers
463698,Frequent Travelers
464614,Comfort Travelers
464782,Budget Travelers
466205,Frequent Travelers
466723,Budget Travelers
468106,Frequent Travelers
468370,Budget Travelers
468666,Comfort Travelers
468801,Comfort Travelers
468808,Frequent Travelers
469767,Frequent Travelers
471077,Frequent Travelers
471500,Budget Travelers
471565,Budget Travelers
471717,Budget Travelers
472614,Budget Travelers
472713,Frequent Travelers
472785,Comfort Travelers
472966,Budget Travelers
473332,Frequent Travelers
473343,Comfort Travelers
473402,Comfort Travelers
473467,Comfort Travelers
473712,Frequent Travelers
474384,Frequent Travelers
474546,Frequent Travelers
474951,Frequent Travelers
474980,Budget Travelers
476081,Budget Travelers
476393,Comfort Travelers
476436,Frequent Travelers
476714,Comfort Travelers
477316,Frequent Travelers
478003,Comfort Travelers
478146,Budget Travelers
478188,Budget Travelers
478228,Budget Travelers
479071,Frequent Travelers
479254,Budget Travelers
480313,Budget Travelers
480331,Budget Travelers
480796,Comfort Travelers
481050,Budget Travelers
481292,Frequent Travelers
482264,Frequent Travelers
482630,Budget Travelers
482744,Frequent Travelers
483237,Frequent Travelers
483480,Frequent Travelers
483603,Frequent Travelers
483928,Frequent Travelers
484987,Frequent Travelers
485149,Budget Travelers
485260,Budget Travelers
485591,Frequent Travelers
485894,Budget Travelers
486270,Comfort Travelers
487040,Comfort Travelers
487101,Frequent Travelers
487680,Comfort Travelers
487858,Comfort Travelers
487954,Frequent Travelers
488009,Budget Travelers
488314,Comfort Travelers
488410,Budget Travelers
488462,Frequent Travelers
488511,Budget Travelers
488974,Budget Travelers
489844,Comfort Travelers
489852,Budget Travelers
490107,Frequent Travelers
490133,Frequent Travelers
490358,Comfort Travelers
490671,Budget Travelers
491124,Frequent Travelers
491266,Comfort Travelers
491559,Comfort Travelers
491706,Comfort Travelers
491772,Frequent Travelers
492209,Frequent Travelers
492287,Comfort Travelers
493409,Frequent Travelers
494382,Frequent Travelers
494590,Frequent Travelers
494680,Frequent Travelers
494704,Frequent Travelers
495042,Frequent Travelers
495272,Budget Travelers
495482,Frequent Travelers
496273,Frequent Travelers
496382,Frequent Travelers
496408,Frequent Travelers
497042,Frequent Travelers
497108,Budget Travelers
497615,Budget Travelers
497680,Budget Travelers
498154,Budget Travelers
498199,Budget Travelers
498363,Budget Travelers
498500,Comfort Travelers
498665,Frequent Travelers
498857,Comfort Travelers
498931,Budget Travelers
499038,Frequent Travelers
499751,Frequent Travelers
499810,Budget Travelers
500078,Budget Travelers
500196,Comfort Travelers
500257,Budget Travelers
500493,Budget Travelers
501322,Frequent Travelers
501436,Budget Travelers
501735,Comfort Travelers
501794,Frequent Travelers
501817,Comfort Travelers
502210,Budget Travelers
502847,Frequent Travelers
503277,Comfort Travelers
503342,Budget Travelers
503418,Frequent Travelers
503760,Frequent Travelers
503928,Budget Travelers
503945,Comfort Travelers
504081,Comfort Travelers
504133,Comfort Travelers
504299,Comfort Travelers
504669,Comfort Travelers
504859,Budget Travelers
504945,Frequent Travelers
505230,Budget Travelers
505289,Budget Travelers
505358,Budget Travelers
505667,Comfort Travelers
505680,Frequent Travelers
505854,Frequent Travelers
506427,Frequent Travelers
506611,Budget Travelers
506837,Budget Travelers
507133,Comfort Travelers
507273,Frequent Travelers
507435,Frequent Travelers
507557,Budget Travelers
507573,Budget Travelers
507728,Budget Travelers
507759,Budget Travelers
508144,Budget Travelers
508153,Comfort Travelers
508367,Frequent Travelers
508497,Budget Travelers
508546,Budget Travelers
508849,Frequent Travelers
508892,Comfort Travelers
508901,Budget Travelers
508923,Budget Travelers
508944,Comfort Travelers
509119,Comfort Travelers
509202,Budget Travelers
509278,Comfort Travelers
509282,Frequent Travelers
509302,Budget Travelers
509316,Frequent Travelers
509324,Comfort Travelers
509346,Budget Travelers
509413,Comfort Travelers
509421,Budget Travelers
509435,Frequent Travelers
509453,Comfort Travelers
509498,Comfort Travelers
509515,Budget Travelers
509598,Comfort Travelers
509712,Comfort Travelers
509933,Budget Travelers
510022,Comfort Travelers
510048,Budget Travelers
510061,Frequent Travelers
510067,Frequent Travelers
510081,Comfort Travelers
510093,Frequent Travelers
510172,Comfort Travelers
510188,Comfort Travelers
510198,Comfort Travelers
510213,Frequent Travelers
510239,Budget Travelers
510243,Budget Travelers
510452,Frequent Travelers
510511,Budget Travelers
510570,Frequent Travelers
510580,Budget Travelers
510582,Budget Travelers
510586,Frequent Travelers
510618,Budget Travelers
510694,Comfort Travelers
510700,Budget Travelers
510733,Budget Travelers
510754,Frequent Travelers
510815,Frequent Travelers
510944,Frequent Travelers
510953,Comfort Travelers
510961,Frequent Travelers
511066,Comfort Travelers
511145,Budget Travelers
511148,Comfort Travelers
511160,Comfort Travelers
511178,Frequent Travelers
511208,Frequent Travelers
511223,Budget Travelers
511260,Comfort Travelers
511314,Comfort Travelers
511326,Comfort Travelers
511328,Budget Travelers
511364,Comfort Travelers
511379,Budget Travelers
511398,Frequent Travelers
511440,Budget Travelers
511455,Comfort Travelers
511554,Budget Travelers
511567,Frequent Travelers
511570,Comfort Travelers
511578,Frequent Travelers
511666,Budget Travelers
511677,Comfort Travelers
511697,Frequent Travelers
511726,Budget Travelers
511739,Comfort Travelers
511762,Comfort Travelers
511778,Comfort Travelers
511851,Budget Travelers
511862,Frequent Travelers
511916,Budget Travelers
511923,Budget Travelers
511943,Budget Travelers
511996,Budget Travelers
512010,Budget Travelers
512024,Comfort Travelers
512060,Comfort Travelers
512099,Frequent Travelers
512103,Budget Travelers
512197,Frequent Travelers
512266,Budget Travelers
512283,Frequent Travelers
512302,Budget Travelers
512329,Frequent Travelers
512392,Budget Travelers
512443,Budget Travelers
512552,Budget Travelers
512558,Comfort Travelers
512589,Frequent Travelers
512596,Frequent Travelers
512598,Frequent Travelers
512671,Frequent Travelers
512693,Frequent Travelers
512695,Frequent Travelers
512786,Frequent Travelers
512787,Frequent Travelers
512880,Budget Travelers
512900,Budget Travelers
512984,Comfort Travelers
513004,Frequent Travelers
513093,Frequent Travelers
513096,Comfort Travelers
513126,Frequent Travelers
513216,Frequent Travelers
513233,Budget Travelers
513259,Comfort Travelers
513296,Comfort Travelers
513338,Comfort Travelers
513339,Budget Travelers
513366,Budget Travelers
513422,Budget Travelers
513568,Comfort Travelers
513628,Comfort Travelers
513683,Frequent Travelers
513721,Frequent Travelers
513807,Comfort Travelers
513853,Comfort Travelers
513917,Comfort Travelers
513926,Frequent Travelers
513933,Budget Travelers
513956,Comfort Travelers
513995,Budget Travelers
514003,Budget Travelers
514071,Comfort Travelers
514206,Comfort Travelers
514215,Comfort Travelers
514275,Comfort Travelers
514324,Budget Travelers
514526,Frequent Travelers
514617,Frequent Travelers
514627,Comfort Travelers
514682,Frequent Travelers
514689,Budget Travelers
514785,Budget Travelers
514810,Budget Travelers
514899,Frequent Travelers
514926,Comfort Travelers
515020,Budget Travelers
515058,Frequent Travelers
515060,Budget Travelers
515103,Budget Travelers
515124,Comfort Travelers
515131,Frequent Travelers
515139,Comfort Travelers
515258,Budget Travelers
515274,Frequent Travelers
515421,Frequent Travelers
515490,Frequent Travelers
515529,Budget Travelers
515675,Budget Travelers
515688,Frequent Travelers
515694,Frequent Travelers
515739,Budget Travelers
515835,Budget Travelers
515908,Budget Travelers
515941,Frequent Travelers
515947,Budget Travelers
515953,Comfort Travelers
516004,Budget Travelers
516061,Budget Travelers
516089,Comfort Travelers
516092,Frequent Travelers
516144,Frequent Travelers
516176,Frequent Travelers
516177,Comfort Travelers
516178,Comfort Travelers
516246,Frequent Travelers
516282,Comfort Travelers
516375,Frequent Travelers
516418,Comfort Travelers
516420,Comfort Travelers
516456,Frequent Travelers
516507,Budget Travelers
516528,Comfort Travelers
516614,Frequent Travelers
516639,Frequent Travelers
516704,Frequent Travelers
516739,Budget Travelers
516808,Comfort Travelers
516965,Frequent Travelers
517142,Comfort Travelers
517205,Budget Travelers
517212,Frequent Travelers
517356,Budget Travelers
517370,Budget Travelers
517392,Frequent Travelers
517397,Frequent Travelers
517403,Frequent Travelers
517438,Frequent Travelers
517545,Budget Travelers
517548,Comfort Travelers
517596,Budget Travelers
517633,Frequent Travelers
517653,Budget Travelers
517700,Frequent Travelers
517732,Comfort Travelers
517743,Frequent Travelers
517772,Frequent Travelers
517825,Frequent Travelers
517839,Comfort Travelers
517894,Comfort Travelers
517967,Budget Travelers
517968,Budget Travelers
518012,Budget Travelers
518127,Frequent Travelers
518211,Frequent Travelers
518219,Comfort Travelers
518324,Frequent Travelers
518393,Comfort Travelers
518416,Comfort Travelers
518516,Budget Travelers
518527,Frequent Travelers
518533,Comfort Travelers
518541,Comfort Travelers
518612,Frequent Travelers
518629,Frequent Travelers
518722,Frequent Travelers
518867,Comfort Travelers
518894,Comfort Travelers
518907,Frequent Travelers
518954,Budget Travelers
518963,Budget Travelers
518998,Comfort Travelers
519114,Comfort Travelers
519117,Frequent Travelers
519137,Comfort Travelers
519140,Frequent Travelers
519171,Comfort Travelers
519211,Frequent Travelers
519260,Comfort Travelers
519357,Frequent Travelers
519392,Comfort Travelers
519412,Budget Travelers
519430,Budget Travelers
519554,Comfort Travelers
519626,Budget Travelers
519631,Frequent Travelers
519664,Budget Travelers
519695,Budget Travelers
519709,Budget Travelers
519718,Budget Travelers
519725,Budget Travelers
519774,Budget Travelers
519885,Comfort Travelers
519912,Frequent Travelers
519955,Comfort Travelers
519957,Comfort Travelers
520175,Comfort Travelers
520177,Frequent Travelers
520182,Comfort Travelers
520188,Budget Travelers
520244,Budget Travelers
520248,Frequent Travelers
520250,Frequent Travelers
520256,Frequent Travelers
520307,Budget Travelers
520327,Comfort Travelers
520358,Frequent Travelers
520373,Budget Travelers
520491,Frequent Travelers
520497,Comfort Travelers
520527,Budget Travelers
520530,Frequent Travelers
520619,Budget Travelers
520708,Comfort Travelers
520745,Budget Travelers
520783,Budget Travelers
520804,Budget Travelers
520861,Budget Travelers
520877,Comfort Travelers
520878,Frequent Travelers
520885,Frequent Travelers
521004,Frequent Travelers
521044,Frequent Travelers
521066,Frequent Travelers
521109,Budget Travelers
521170,Comfort Travelers
521192,Budget Travelers
521293,Frequent Travelers
521392,Budget Travelers
521404,Frequent Travelers
521416,Budget Travelers
521491,Frequent Travelers
521510,Budget Travelers
521657,Comfort Travelers
521658,Frequent Travelers
521785,Budget Travelers
521859,Frequent Travelers
521883,Comfort Travelers
521885,Budget Travelers
521925,Frequent Travelers
521941,Budget Travelers
521943,Comfort Travelers
521997,Frequent Travelers
522111,Comfort Travelers
522115,Budget Travelers
522223,Frequent Travelers
522263,Budget Travelers
522265,Frequent Travelers
522286,Comfort Travelers
522323,Frequent Travelers
522585,Comfort Travelers
522607,Budget Travelers
522633,Budget Travelers
522748,Frequent Travelers
522761,Budget Travelers
522800,Frequent Travelers
522981,Frequent Travelers
523030,Budget Travelers
523073,Budget Travelers
523098,Budget Travelers
523146,Frequent Travelers
523158,Budget Travelers
523209,Frequent Travelers
523231,Frequent Travelers
523271,Comfort Travelers
523273,Budget Travelers
523335,Budget Travelers
523392,Comfort Travelers
523395,Comfort Travelers
523442,Frequent Travelers
523465,Budget Travelers
523474,Frequent Travelers
523513,Budget Travelers
523546,Budget Travelers
523657,Comfort Travelers
523686,Comfort Travelers
523756,Frequent Travelers
523824,Budget Travelers
523842,Frequent Travelers
523845,Frequent Travelers
523846,Comfort Travelers
523938,Comfort Travelers
524012,Frequent Travelers
524031,Frequent Travelers
524052,Comfort Travelers
524080,Frequent Travelers
524151,Budget Travelers
524200,Frequent Travelers
524214,Budget Travelers
524278,Budget Travelers
524328,Comfort Travelers
524407,Comfort Travelers
524473,Comfort Travelers
524511,Comfort Travelers
524615,Budget Travelers
524620,Comfort Travelers
524628,Comfort Travelers
524637,Comfort Travelers
524644,Comfort Travelers
524650,Budget Travelers
524682,Comfort Travelers
524805,Budget Travelers
524849,Comfort Travelers
524923,Comfort Travelers
524929,Frequent Travelers
525043,Comfort Travelers
525053,Comfort Travelers
525244,Budget Travelers
525265,Comfort Travelers
525281,Frequent Travelers
525323,Budget Travelers
525332,Frequent Travelers
525356,Comfort Travelers
525410,Frequent Travelers
525447,Frequent Travelers
525515,Frequent Travelers
525555,Comfort Travelers
525611,Frequent Travelers
525615,Frequent Travelers
525631,Comfort Travelers
525716,Frequent Travelers
525722,Frequent Travelers
525734,Budget Travelers
525789,Frequent Travelers
525864,Budget Travelers
525879,Frequent Travelers
526079,Comfort Travelers
526144,Frequent Travelers
526179,Frequent Travelers
526308,Frequent Travelers
526354,Frequent Travelers
526431,Frequent Travelers
526445,Budget Travelers
526471,Frequent Travelers
526570,Frequent Travelers
526683,Budget Travelers
526729,Frequent Travelers
526782,Budget Travelers
526873,Comfort Travelers
526900,Comfort Travelers
526905,Frequent Travelers
526970,Frequent Travelers
527004,Comfort Travelers
527038,Frequent Travelers
527075,Comfort Travelers
527132,Budget Travelers
527133,Frequent Travelers
527154,Budget Travelers
527232,Budget Travelers
527253,Frequent Travelers
527326,Comfort Travelers
527344,Budget Travelers
527451,Budget Travelers
527564,Frequent Travelers
527585,Frequent Travelers
527605,Comfort Travelers
527782,Comfort Travelers
527783,Budget Travelers
527824,Frequent Travelers
527850,Frequent Travelers
527944,Frequent Travelers
527987,Budget Travelers
528105,Frequent Travelers
528122,Frequent Travelers
528158,Comfort Travelers
528186,Frequent Travelers
528216,Comfort Travelers
528242,Budget Travelers
528354,Comfort Travelers
528379,Comfort Travelers
528411,Frequent Travelers
528417,Comfort Travelers
528455,Comfort Travelers
528612,Comfort Travelers
528657,Frequent Travelers
528744,Frequent Travelers
528777,Frequent Travelers
528816,Frequent Travelers
528826,Budget Travelers
528827,Frequent Travelers
528844,Comfort Travelers
528929,Comfort Travelers
528930,Budget Travelers
528995,Comfort Travelers
529050,Comfort Travelers
529229,Comfort Travelers
529237,Budget Travelers
529249,Comfort Travelers
529309,Frequent Travelers
529362,Frequent Travelers
529421,Frequent Travelers
529502,Comfort Travelers
529513,Frequent Travelers
529602,Budget Travelers
529678,Comfort Travelers
529781,Budget Travelers
529787,Frequent Travelers
529801,Frequent Travelers
529831,Frequent Travelers
529845,Budget Travelers
530004,Budget Travelers
530090,Budget Travelers
530213,Budget Travelers
530383,Comfort Travelers
530421,Frequent Travelers
530468,Frequent Travelers
530625,Budget Travelers
530627,Budget Travelers
530649,Frequent Travelers
530656,Budget Travelers
530665,Budget Travelers
530743,Budget Travelers
530797,Budget Travelers
530949,Budget Travelers
530950,Frequent Travelers
531006,Budget Travelers
531016,Frequent Travelers
531020,Frequent Travelers
531094,Comfort Travelers
531109,Frequent Travelers
531198,Budget Travelers
531204,Budget Travelers
531217,Frequent Travelers
531322,Frequent Travelers
531344,Comfort Travelers
531373,Comfort Travelers
531427,Comfort Travelers
531471,Frequent Travelers
531499,Comfort Travelers
531511,Budget Travelers
531557,Frequent Travelers
531625,Budget Travelers
531650,Comfort Travelers
531663,Budget Travelers
531789,Comfort Travelers
531824,Frequent Travelers
531868,Comfort Travelers
531987,Budget Travelers
532073,Frequent Travelers
532106,Frequent Travelers
532159,Budget Travelers
532225,Comfort Travelers
532347,Comfort Travelers
532381,Comfort Travelers
532535,Budget Travelers
532568,Budget Travelers
532607,Frequent Travelers
532623,Budget Travelers
532650,Frequent Travelers
532721,Budget Travelers
532742,Comfort Travelers
532750,Comfort Travelers
532810,Comfort Travelers
532823,Frequent Travelers
532863,Frequent Travelers
532941,Budget Travelers
533093,Budget Travelers
533199,Budget Travelers
533251,Budget Travelers
533396,Frequent Travelers
533573,Budget Travelers
533575,Frequent Travelers
533598,Budget Travelers
533613,Budget Travelers
533716,Comfort Travelers
533742,Comfort Travelers
533773,Frequent Travelers
533782,Comfort Travelers
533809,Comfort Travelers
533895,Budget Travelers
533990,Frequent Travelers
534066,Frequent Travelers
534088,Budget Travelers
534246,Budget Travelers
534333,Budget Travelers
534391,Comfort Travelers
534697,Budget Travelers
534798,Budget Travelers
534842,Budget Travelers
534858,Comfort Travelers
534895,Budget Travelers
534939,Comfort Travelers
534948,Comfort Travelers
535047,Frequent Travelers
535060,Frequent Travelers
535081,Budget Travelers
535136,Budget Travelers
535189,Budget Travelers
535365,Budget Travelers
535447,Frequent Travelers
535495,Comfort Travelers
535600,Budget Travelers
535637,Budget Travelers
535644,Frequent Travelers
535686,Budget Travelers
535702,Frequent Travelers
535734,Comfort Travelers
535879,Frequent Travelers
535906,Frequent Travelers
536050,Comfort Travelers
536058,Budget Travelers
536099,Budget Travelers
536343,Comfort Travelers
536431,Frequent Travelers
536490,Comfort Travelers
536532,Budget Travelers
536566,Comfort Travelers
536641,Frequent Travelers
536652,Budget Travelers
536658,Comfort Travelers
536659,Frequent Travelers
536675,Budget Travelers
536695,Frequent Travelers
536810,Frequent Travelers
537066,Frequent Travelers
537373,Frequent Travelers
537393,Frequent Travelers
537560,Frequent Travelers
537671,Comfort Travelers
537770,Frequent Travelers
537819,Frequent Travelers
537861,Comfort Travelers
538134,Comfort Travelers
538167,Comfort Travelers
538188,Frequent Travelers
538197,Frequent Travelers
538214,Budget Travelers
538306,Comfort Travelers
538331,Frequent Travelers
538454,Budget Travelers
538457,Budget Travelers
538489,Comfort Travelers
538522,Frequent Travelers
538638,Comfort Travelers
538691,Frequent Travelers
538780,Comfort Travelers
538883,Budget Travelers
538915,Frequent Travelers
539008,Budget Travelers
539010,Comfort Travelers
539093,Comfort Travelers
539140,Comfort Travelers
539300,Comfort Travelers
539315,Comfort Travelers
539317,Frequent Travelers
539384,Budget Travelers
539414,Budget Travelers
539510,Frequent Travelers
539519,Comfort Travelers
539558,Frequent Travelers
539611,Comfort Travelers
539936,Comfort Travelers
540094,Comfort Travelers
540150,Budget Travelers
540252,Budget Travelers
540260,Comfort Travelers
540415,Comfort Travelers
540444,Frequent Travelers
540597,Budget Travelers
540666,Budget Travelers
540698,Comfort Travelers
540708,Frequent Travelers
540733,Frequent Travelers
540819,Comfort Travelers
540973,Comfort Travelers
540974,Budget Travelers
541112,Frequent Travelers
541224,Comfort Travelers
541249,Budget Travelers
541352,Budget Travelers
541357,Frequent Travelers
541438,Budget Travelers
541516,Budget Travelers
541700,Budget Travelers
541812,Frequent Travelers
541901,Frequent Travelers
541906,Budget Travelers
541931,Frequent Travelers
541939,Frequent Travelers
541967,Frequent Travelers
541972,Budget Travelers
542015,Frequent Travelers
542027,Frequent Travelers
542036,Comfort Travelers
542153,Comfort Travelers
542277,Comfort Travelers
542366,Budget Travelers
542383,Comfort Travelers
542418,Budget Travelers
542585,Budget Travelers
542658,Comfort Travelers
542825,Frequent Travelers
542850,Frequent Travelers
542937,Frequent Travelers
543114,Frequent Travelers
543165,Comfort Travelers
543327,Frequent Travelers
543339,Comfort Travelers
543437,Budget Travelers
543557,Budget Travelers
543559,Budget Travelers
543659,Frequent Travelers
543716,Frequent Travelers
543778,Frequent Travelers
543976,Budget Travelers
544008,Comfort Travelers
544012,Budget Travelers
544043,Budget Travelers
544391,Budget Travelers
544414,Comfort Travelers
544444,Budget Travelers
544447,Budget Travelers
544449,Frequent Travelers
544469,Comfort Travelers
544627,Frequent Travelers
544694,Budget Travelers
544747,Frequent Travelers
544868,Comfort Travelers
545011,Frequent Travelers
545209,Comfort Travelers
545290,Frequent Travelers
545317,Frequent Travelers
545318,Comfort Travelers
545327,Budget Travelers
545360,Budget Travelers
545404,Frequent Travelers
545518,Comfort Travelers
545551,Frequent Travelers
545577,Frequent Travelers
545652,Comfort Travelers
545770,Frequent Travelers
545771,Budget Travelers
545803,Budget Travelers
545865,Frequent Travelers
545939,Frequent Travelers
546050,Comfort Travelers
546065,Budget Travelers
546224,Budget Travelers
546307,Frequent Travelers
546419,Comfort Travelers
546648,Frequent Travelers
546702,Budget Travelers
546740,Comfort Travelers
546756,Comfort Travelers
546844,Frequent Travelers
546881,Budget Travelers
546900,Comfort Travelers
547100,Budget Travelers
547412,Budget Travelers
547453,Budget Travelers
547606,Comfort Travelers
547663,Comfort Travelers
547761,Comfort Travelers
547779,Comfort Travelers
547823,Frequent Travelers
547825,Budget Travelers
547911,Comfort Travelers
548022,Frequent Travelers
548032,Comfort Travelers
548037,Comfort Travelers
548120,Comfort Travelers
548189,Budget Travelers
548256,Budget Travelers
548258,Frequent Travelers
548272,Budget Travelers
548422,Frequent Travelers
548474,Budget Travelers
548488,Comfort Travelers
548651,Frequent Travelers
548708,Budget Travelers
548853,Comfort Travelers
548961,Budget Travelers
548990,Comfort Travelers
549116,Budget Travelers
549152,Budget Travelers
549154,Frequent Travelers
549251,Comfort Travelers
549313,Budget Travelers
549357,Budget Travelers
549359,Comfort Travelers
549361,Frequent Travelers
549466,Budget Travelers
549515,Frequent Travelers
549569,Comfort Travelers
549572,Frequent Travelers
549580,Frequent Travelers
549584,Comfort Travelers
549623,Frequent Travelers
549710,Frequent Travelers
549733,Comfort Travelers
549800,Comfort Travelers
549850,Frequent Travelers
549938,Budget Travelers
550077,Budget Travelers
550110,Budget Travelers
550229,Comfort Travelers
550455,Comfort Travelers
550460,Frequent Travelers
550754,Budget Travelers
550973,Frequent Travelers
551023,Comfort Travelers
551116,Comfort Travelers
551237,Budget Travelers
551241,Comfort Travelers
551278,Budget Travelers
551282,Frequent Travelers
551331,Comfort Travelers
551340,Budget Travelers
551359,Frequent Travelers
551430,Comfort Travelers
551448,Comfort Travelers
551468,Frequent Travelers
551549,Budget Travelers
551615,Budget Travelers
551681,Comfort Travelers
551834,Budget Travelers
551847,Budget Travelers
551914,Comfort Travelers
552088,Budget Travelers
552303,Frequent Travelers
552314,Comfort Travelers
552363,Comfort Travelers
552372,Budget Travelers
552414,Frequent Travelers
552440,Budget Travelers
552473,Comfort Travelers
552487,Budget Travelers
552558,Frequent Travelers
552598,Comfort Travelers
552613,Frequent Travelers
552642,Comfort Travelers
552643,Comfort Travelers
552661,Budget Travelers
552734,Frequent Travelers
552763,Budget Travelers
552775,Budget Travelers
552809,Frequent Travelers
552904,Frequent Travelers
553151,Comfort Travelers
553220,Budget Travelers
553339,Frequent Travelers
553456,Comfort Travelers
553607,Comfort Travelers
553645,Frequent Travelers
553754,Comfort Travelers
553805,Comfort Travelers
553938,Comfort Travelers
553967,Budget Travelers
553985,Comfort Travelers
554175,Comfort Travelers
554213,Budget Travelers
554217,Comfort Travelers
554284,Budget Travelers
554413,Frequent Travelers
554532,Comfort Travelers
554670,Comfort Travelers
555083,Budget Travelers
555108,Budget Travelers
555135,Frequent Travelers
555180,Budget Travelers
555186,Frequent Travelers
555191,Comfort Travelers
555257,Budget Travelers
555275,Budget Travelers
555301,Frequent Travelers
555478,Comfort Travelers
555484,Frequent Travelers
555492,Budget Travelers
555499,Frequent Travelers
555587,Frequent Travelers
555648,Frequent Travelers
555710,Budget Travelers
555784,Budget Travelers
555850,Budget Travelers
555894,Frequent Travelers
555934,Budget Travelers
556019,Budget Travelers
556138,Frequent Travelers
556215,Budget Travelers
556714,Budget Travelers
556830,Budget Travelers
556841,Budget Travelers
556904,Comfort Travelers
557033,Budget Travelers
557118,Frequent Travelers
557134,Frequent Travelers
557262,Budget Travelers
557298,Budget Travelers
557314,Frequent Travelers
557476,Comfort Travelers
557492,Budget Travelers
557525,Budget Travelers
557643,Comfort Travelers
557815,Budget Travelers
557876,Comfort Travelers
557963,Budget Travelers
558019,Budget Travelers
558081,Budget Travelers
558138,Frequent Travelers
558394,Budget Travelers
558506,Budget Travelers
558651,Budget Travelers
558682,Comfort Travelers
558774,Budget Travelers
558786,Budget Travelers
558966,Budget Travelers
559146,Budget Travelers
559194,Comfort Travelers
559368,Comfort Travelers
559407,Frequent Travelers
559468,Budget Travelers
559473,Comfort Travelers
559712,Budget Travelers
559775,Budget Travelers
560035,Budget Travelers
560065,Comfort Travelers
560078,Comfort Travelers
560090,Budget Travelers
560519,Budget Travelers
560627,Budget Travelers
560672,Budget Travelers
560733,Frequent Travelers
560739,Budget Travelers
560747,Frequent Travelers
560870,Comfort Travelers
560897,Comfort Travelers
560929,Budget Travelers
560949,Comfort Travelers
561054,Frequent Travelers
561326,Budget Travelers
561367,Budget Travelers
561386,Frequent Travelers
561837,Comfort Travelers
562042,Comfort Travelers
562108,Frequent Travelers
562192,Budget Travelers
562334,Frequent Travelers
562362,Budget Travelers
562416,Budget Travelers
562417,Budget Travelers
562648,Budget Travelers
562843,Frequent Travelers
562894,Comfort Travelers
563148,Budget Travelers
563253,Budget Travelers
563315,Budget Travelers
563340,Comfort Travelers
563410,Budget Travelers
563482,Comfort Travelers
563711,Comfort Travelers
563740,Budget Travelers
564052,Comfort Travelers
564112,Comfort Travelers
564182,Comfort Travelers
564204,Frequent Travelers
564234,Budget Travelers
564306,Frequent Travelers
564312,Frequent Travelers
564616,Budget Travelers
564792,Budget Travelers
564842,Budget Travelers
564854,Budget Travelers
565131,Budget Travelers
565212,Frequent Travelers
565265,Frequent Travelers
565275,Comfort Travelers
565294,Frequent Travelers
565377,Frequent Travelers
565467,Budget Travelers
565514,Frequent Travelers
565565,Budget Travelers
565582,Comfort Travelers
565718,Frequent Travelers
565841,Comfort Travelers
565902,Budget Travelers
565910,Comfort Travelers
565912,Comfort Travelers
565949,Frequent Travelers
566174,Budget Travelers
566196,Budget Travelers
566366,Budget Travelers
566424,Budget Travelers
566489,Budget Travelers
566614,Budget Travelers
566625,Budget Travelers
566650,Budget Travelers
566682,Comfort Travelers
566726,Comfort Travelers
566762,Frequent Travelers
566861,Frequent Travelers
566992,Frequent Travelers
567172,Budget Travelers
567195,Budget Travelers
567211,Budget Travelers
567518,Budget Travelers
567558,Comfort Travelers
567563,Comfort Travelers
567682,Comfort Travelers
567849,Frequent Travelers
567885,Comfort Travelers
567906,Budget Travelers
568013,Comfort Travelers
568060,Frequent Travelers
568093,Budget Travelers
568105,Frequent Travelers
568182,Budget Travelers
568696,Budget Travelers
568716,Frequent Travelers
568773,Frequent Travelers
568931,Frequent Travelers
569082,Comfort Travelers
569180,Comfort Travelers
569243,Comfort Travelers
569364,Budget Travelers
569530,Comfort Travelers
569733,Frequent Travelers
569754,Frequent Travelers
569788,Budget Travelers
569792,Frequent Travelers
569829,Frequent Travelers
569883,Frequent Travelers
569920,Budget Travelers
570418,Frequent Travelers
570436,Budget Travelers
570439,Budget Travelers
570626,Frequent Travelers
570639,Comfort Travelers
570692,Budget Travelers
570821,Comfort Travelers
570829,Frequent Travelers
570837,Frequent Travelers
570928,Comfort Travelers
570945,Comfort Travelers
571084,Comfort Travelers
571348,Budget Travelers
571454,Comfort Travelers
571523,Comfort Travelers
571525,Frequent Travelers
571580,Comfort Travelers
571643,Comfort Travelers
571819,Comfort Travelers
571876,Comfort Travelers
572428,Budget Travelers
572489,Budget Travelers
572502,Comfort Travelers
572554,Frequent Travelers
572578,Budget Travelers
572609,Budget Travelers
572669,Budget Travelers
572728,Frequent Travelers
572826,Budget Travelers
572898,Budget Travelers
573010,Budget Travelers
573011,Frequent Travelers
573040,Comfort Travelers
573086,Budget Travelers
573122,Frequent Travelers
573147,Frequent Travelers
573153,Comfort Travelers
573373,Budget Travelers
573427,Frequent Travelers
573493,Comfort Travelers
573564,Frequent Travelers
573588,Frequent Travelers
573621,Frequent Travelers
573670,Frequent Travelers
573720,Comfort Travelers
573807,Budget Travelers
573841,Comfort Travelers
573988,Budget Travelers
574206,Budget Travelers
574465,Budget Travelers
574467,Frequent Travelers
574489,Comfort Travelers
574493,Budget Travelers
574513,Frequent Travelers
574603,Frequent Travelers
574625,Frequent Travelers
574680,Budget Travelers
575131,Budget Travelers
575253,Budget Travelers
575433,Comfort Travelers
575459,Frequent Travelers
575500,Comfort Travelers
575528,Budget Travelers
575677,Frequent Travelers
575756,Budget Travelers
575971,Frequent Travelers
576159,Budget Travelers
576169,Frequent Travelers
576231,Budget Travelers
576272,Frequent Travelers
576373,Frequent Travelers
576677,Budget Travelers
576691,Frequent Travelers
576833,Frequent Travelers
577007,Budget Travelers
577044,Comfort Travelers
577115,Frequent Travelers
577208,Budget Travelers
577216,Budget Travelers
577225,Budget Travelers
577386,Comfort Travelers
577410,Frequent Travelers
577541,Budget Travelers
577598,Comfort Travelers
577626,Frequent Travelers
577915,Frequent Travelers
577930,Frequent Travelers
578088,Budget Travelers
578120,Comfort Travelers
578459,Comfort Travelers
578488,Budget Travelers
578824,Frequent Travelers
578872,Budget Travelers
578993,Comfort Travelers
579307,Budget Travelers
579792,Frequent Travelers
579804,Budget Travelers
579950,Frequent Travelers
580211,Frequent Travelers
580212,Frequent Travelers
580402,Frequent Travelers
580611,Frequent Travelers
580658,Budget Travelers
580902,Budget Travelers
581005,Frequent Travelers
581120,Comfort Travelers
581239,Budget Travelers
581577,Comfort Travelers
582254,Frequent Travelers
582320,Comfort Travelers
582326,Frequent Travelers
582333,Frequent Travelers
582343,Comfort Travelers
582446,Budget Travelers
582801,Budget Travelers
582828,Comfort Travelers
582833,Comfort Travelers
583023,Budget Travelers
583038,Budget Travelers
583052,Frequent Travelers
583070,Comfort Travelers
583499,Comfort Travelers
583664,Budget Travelers
583759,Budget Travelers
583931,Budget Travelers
584012,Budget Travelers
584030,Frequent Travelers
584034,Comfort Travelers
584288,Frequent Travelers
584537,Frequent Travelers
584912,Frequent Travelers
584977,Comfort Travelers
584998,Frequent Travelers
585187,Comfort Travelers
585310,Comfort Travelers
585583,Budget Travelers
585650,Budget Travelers
585832,Budget Travelers
585915,Budget Travelers
585946,Budget Travelers
586096,Frequent Travelers
586270,Budget Travelers
586384,Frequent Travelers
586637,Frequent Travelers
586644,Budget Travelers
586762,Comfort Travelers
586774,Comfort Travelers
586811,Budget Travelers
586820,Frequent Travelers
586850,Frequent Travelers
586876,Budget Travelers
586953,Frequent Travelers
587483,Frequent Travelers
587538,Budget Travelers
587577,Budget Travelers
588048,Comfort Travelers
588677,Comfort Travelers
588732,Budget Travelers
588919,Budget Travelers
589121,Budget Travelers
589162,Comfort Travelers
589228,Comfort Travelers
589259,Comfort Travelers
589311,Comfort Travelers
589995,Comfort Travelers
590103,Budget Travelers
590130,Comfort Travelers
590230,Budget Travelers
590394,Budget Travelers
590400,Budget Travelers
590404,Frequent Travelers
590429,Budget Travelers
590434,Comfort Travelers
590442,Frequent Travelers
590558,Budget Travelers
590829,Budget Travelers
590905,Frequent Travelers
590967,Frequent Travelers
591003,Frequent Travelers
591433,Frequent Travelers
591582,Comfort Travelers
591599,Budget Travelers
591746,Budget Travelers
592082,Budget Travelers
592158,Comfort Travelers
592399,Frequent Travelers
592491,Frequent Travelers
592792,Comfort Travelers
592833,Budget Travelers
593020,Comfort Travelers
593244,Comfort Travelers
593386,Budget Travelers
593632,Frequent Travelers
593786,Budget Travelers
593910,Budget Travelers
594103,Budget Travelers
594123,Budget Travelers
594238,Comfort Travelers
594503,Budget Travelers
594737,Comfort Travelers
594892,Comfort Travelers
594914,Comfort Travelers
594985,Budget Travelers
595026,Budget Travelers
595087,Frequent Travelers
595184,Frequent Travelers
595284,Frequent Travelers
595414,Frequent Travelers
595431,Budget Travelers
595626,Frequent Travelers
595740,Comfort Travelers
595852,Budget Travelers
595958,Comfort Travelers
596335,Budget Travelers
596856,Budget Travelers
597003,Comfort Travelers
597498,Frequent Travelers
597510,Comfort Travelers
597954,Frequent Travelers
598069,Budget Travelers
598276,Budget Travelers
598306,Comfort Travelers
598687,Budget Travelers
598691,Budget Travelers
599065,Comfort Travelers
599239,Budget Travelers
599311,Budget Travelers
599348,Frequent Travelers
599927,Frequent Travelers
600011,Comfort Travelers
600395,Frequent Travelers
600444,Frequent Travelers
600515,Comfort Travelers
600605,Comfort Travelers
600926,Budget Travelers
600930,Comfort Travelers
601158,Comfort Travelers
601882,Comfort Travelers
602120,Frequent Travelers
602433,Comfort Travelers
602476,Frequent Travelers
602793,Budget Travelers
602918,Budget Travelers
602953,Frequent Travelers
602962,Budget Travelers
603278,Comfort Travelers
603296,Budget Travelers
603345,Budget Travelers
603440,Budget Travelers
603515,Budget Travelers
603592,Budget Travelers
603715,Comfort Travelers
603883,Budget Travelers
604136,Budget Travelers
604355,Budget Travelers
604688,Comfort Travelers
604804,Budget Travelers
605004,Comfort Travelers
605096,Budget Travelers
605311,Budget Travelers
605619,Comfort Travelers
605878,Budget Travelers
606094,Frequent Travelers
606290,Frequent Travelers
606568,Budget Travelers
606635,Budget Travelers
607028,Frequent Travelers
607931,Comfort Travelers
607998,Comfort Travelers
608520,Comfort Travelers
608725,Budget Travelers
608860,Budget Travelers
609167,Frequent Travelers
609228,Comfort Travelers
609236,Frequent Travelers
609240,Comfort Travelers
609393,Budget Travelers
609413,Budget Travelers
609720,Comfort Travelers
609800,Budget Travelers
609817,Frequent Travelers
609868,Frequent Travelers
610474,Budget Travelers
610482,Frequent Travelers
610670,Comfort Travelers
610793,Budget Travelers
610806,Frequent Travelers
611251,Comfort Travelers
611371,Frequent Travelers
611583,Budget Travelers
611887,Budget Travelers
611954,Frequent Travelers
612128,Budget Travelers
612175,Budget Travelers
613442,Frequent Travelers
613655,Comfort Travelers
613941,Comfort Travelers
614165,Frequent Travelers
614549,Comfort Travelers
614918,Frequent Travelers
614933,Budget Travelers
615749,Frequent Travelers
616222,Comfort Travelers
616491,Budget Travelers
616518,Budget Travelers
616718,Comfort Travelers
616802,Budget Travelers
617052,Comfort Travelers
617458,Budget Travelers
618308,Budget Travelers
618418,Frequent Travelers
618429,Comfort Travelers
618780,Comfort Travelers
619520,Budget Travelers
619615,Frequent Travelers
620300,Comfort Travelers
620884,Budget Travelers
620972,Budget Travelers
621291,Frequent Travelers
621607,Budget Travelers
621665,Frequent Travelers
621811,Budget Travelers
623077,Budget Travelers
623087,Comfort Travelers
623815,Budget Travelers
624215,Frequent Travelers
624593,Budget Travelers
624636,Comfort Travelers
624913,Comfort Travelers
625030,Frequent Travelers
625703,Budget Travelers
625984,Comfort Travelers
626318,Budget Travelers
627041,Budget Travelers
627158,Comfort Travelers
627176,Budget Travelers
627617,Budget Travelers
628023,Comfort Travelers
628033,Frequent Travelers
628671,Budget Travelers
629725,Budget Travelers
629803,Comfort Travelers
629952,Comfort Travelers
630097,Comfort Travelers
630738,Budget Travelers
631319,Budget Travelers
631970,Comfort Travelers
631993,Comfort Travelers
633183,Comfort Travelers
633195,Budget Travelers
633725,Frequent Travelers
634130,Frequent Travelers
634795,Budget Travelers
634824,Budget Travelers
635300,Frequent Travelers
635576,Frequent Travelers
635790,Comfort Travelers
636873,Frequent Travelers
636874,Comfort Travelers
637421,Budget Travelers
638565,Budget Travelers
638576,Comfort Travelers
639009,Comfort Travelers
639168,Budget Travelers
639458,Comfort Travelers
640580,Budget Travelers
640689,Comfort Travelers
640867,Budget Travelers
640968,Budget Travelers
641364,Frequent Travelers
642820,Budget Travelers
643929,Comfort Travelers
644870,Frequent Travelers
645685,Frequent Travelers
645933,Budget Travelers
646424,Budget Travelers
646455,Frequent Travelers
647674,Frequent Travelers
648990,Budget Travelers
649080,Budget Travelers
649081,Frequent Travelers
650055,Comfort Travelers
650079,Budget Travelers
651675,Comfort Travelers
651805,Comfort Travelers
654233,Frequent Travelers
656708,Comfort Travelers
656873,Comfort Travelers
656920,Comfort Travelers
657122,Budget Travelers
657629,Frequent Travelers
660110,Comfort Travelers
662010,Frequent Travelers
663017,Frequent Travelers
663565,Frequent Travelers
664401,Budget Travelers
664998,Comfort Travelers
665892,Frequent Travelers
666718,Budget Travelers
667536,Comfort Travelers
667718,Comfort Travelers
667916,Comfort Travelers
667981,Budget Travelers
668083,Budget Travelers
668677,Budget Travelers
668776,Budget Travelers
669348,Comfort Travelers
670471,Budget Travelers
671151,Comfort Travelers
672112,Budget Travelers
674375,Budget Travelers
676373,Budget Travelers
679047,Budget Travelers
679066,Budget Travelers
680424,Budget Travelers
681050,Comfort Travelers
681720,Frequent Travelers
683978,Budget Travelers
684510,Budget Travelers
684806,Frequent Travelers
686920,Budget Travelers
689984,Budget Travelers
690420,Comfort Travelers
690422,Comfort Travelers
691334,Comfort Travelers
691546,Frequent Travelers
693729,Budget Travelers
695132,Budget Travelers
698291,Comfort Travelers
701565,Comfort Travelers
702595,Comfort Travelers
704652,Comfort Travelers
710489,Budget Travelers
713557,Comfort Travelers
714420,Budget Travelers
714504,Budget Travelers
715059,Comfort Travelers
716337,Budget Travelers
720860,Frequent Travelers
727886,Comfort Travelers
756434,Budget Travelers
757930,Frequent Travelers
760793,Budget Travelers
774666,Budget Travelers
780167,Comfort Travelers
785186,Budget Travelers
792549,Comfort Travelers
