user_id,gender,married,has_children,home_country,home_city,home_airport,age,state,num_session,num_trips,num_flights,num_hotels,booking_discount_rate,average_seats,average_checked_bags,average_seat_price,weekend_trip_ratio,average_nights,total_flight_cost,total_hotels_cost,conversion_rate,age_group,total_spent,group
94883,F,True,False,usa,kansas city,MCI,51,Missouri,8,2,2,2,0.0,1.5,0.5,276.2525,0.5,1.0,864.0899999999999,230.0,0.25,50-59,1728.1799999999998,Not assigned
101486,F,True,True,usa,tacoma,TCM,50,Washington,8,2,1,2,0.0,1.0,0.0,189.91,1.0,4.0,189.91,2199.0,0.25,50-59,379.82,Not assigned
101961,F,True,False,usa,boston,BOS,43,Massachusetts,8,5,5,5,0.2,1.0,0.4,248.532,0.2,3.8,1237.693,2429.0,0.625,40-49,2475.386,Not assigned
106907,F,True,True,usa,miami,TNT,44,Florida,8,0,0,0,,,,,,,,,0.0,40-49,,Indecisive
118043,F,False,True,usa,los angeles,LAX,51,California,8,5,3,4,0.6,2.0,1.0,445.8472222222222,0.25,5.5,2339.29,5616.45,0.625,50-59,4678.58,High Spenders
149058,F,False,True,usa,birmingham,BHM,50,Alabama,8,5,5,5,0.2,1.2,0.4,336.31600000000003,0.2,5.2,1919.1325,5579.0,0.625,50-59,3838.265,Not assigned
153982,F,False,True,canada,toronto,YKZ,45,Ontario,8,3,3,3,0.0,1.0,0.3333333333333333,218.95666666666668,0.0,1.3333333333333333,656.87,681.0,0.375,40-49,1313.74,Not assigned
167852,F,False,False,usa,tampa,MCF,17,Florida,8,0,0,0,,,,,,,,,0.0,10-19,,Indecisive
174997,F,False,False,usa,grand rapids,GRR,31,Michigan,8,2,2,2,0.0,1.0,0.0,295.215,0.0,2.0,590.43,448.0,0.25,30-39,1180.86,Not assigned
181157,F,True,False,usa,houston,HOU,53,Texas,8,3,3,3,0.6666666666666666,2.0,1.0,212.46916666666667,0.0,3.333333333333333,959.0255,4987.8,0.375,50-59,1918.051,Not assigned
190866,F,False,False,usa,tallahassee,TLH,37,Florida,9,5,5,5,0.0,1.0,0.4,416.2,0.0,2.0,2081.0,1496.0,0.5555555555555556,30-39,4162.0,Not assigned
204997,F,True,False,usa,kansas city,MCI,38,Missouri,8,2,2,1,0.0,1.0,0.5,244.235,0.0,4.0,488.47,284.0,0.25,30-39,976.94,Not assigned
217114,O,True,True,usa,long beach,LGB,19,California,9,0,0,0,,,,,,,,,0.0,10-19,,Indecisive
228195,F,False,True,usa,los angeles,LAX,26,California,9,0,0,0,,,,,,,,,0.0,20-29,,Indecisive
229009,F,False,False,usa,stockton,SCK,17,California,8,2,2,2,0.0,1.0,0.5,530.815,0.5,1.5,1061.63,474.0,0.25,10-19,2123.26,Youngs
252835,F,False,True,usa,chicago,ORD,37,Illinois,8,5,5,4,0.2,1.0,0.6,335.31,0.25,2.75,1615.635,1460.0,0.625,30-39,3231.27,Not assigned
281952,F,False,False,usa,louisville,LOU,36,Kentucky,8,2,2,2,0.5,1.0,1.5,342.36,0.0,1.0,684.72,236.3,0.25,30-39,1369.44,Not assigned
283325,F,True,False,usa,dallas,DAL,50,Texas,8,2,1,2,0.5,1.0,0.0,453.27,0.5,3.0,407.943,2884.0,0.25,50-59,815.886,Not assigned
298253,F,True,True,usa,los angeles,LAX,46,California,8,1,1,0,0.0,1.0,2.0,712.42,,,712.42,,0.125,40-49,1424.84,Indecisive
299476,F,True,False,usa,atlanta,ATL,38,Georgia,9,1,1,1,0.0,1.0,0.0,192.38,0.0,1.0,192.38,71.0,0.1111111111111111,30-39,384.76,Indecisive
306165,F,False,False,usa,cleveland,CLE,20,Ohio,8,0,0,0,,,,,,,,,0.0,20-29,,Indecisive
312488,M,True,False,usa,new york,JFK,30,New York,8,1,1,1,0.0,1.0,1.0,407.1,1.0,1.0,407.1,299.0,0.125,30-39,814.2,Indecisive
316527,F,True,True,canada,winnipeg,YWG,41,Manitoba,8,4,4,4,0.25,1.25,0.25,347.87875,0.5,3.0,1739.89,5658.3,0.5,40-49,3479.78,Not assigned
330764,F,False,False,usa,detroit,DET,38,Michigan,8,2,0,2,0.0,,,,0.0,4.5,,1094.0,0.25,30-39,,Only Hotel
330893,F,True,True,usa,oklahoma city,OKC,42,Oklahoma,8,3,3,3,0.0,1.0,0.6666666666666666,287.2033333333333,0.3333333333333333,2.0,861.61,750.0,0.375,40-49,1723.22,Not assigned
337227,F,True,False,usa,santa ana,SNA,34,California,8,0,0,0,,,,,,,,,0.0,30-39,,Indecisive
338086,F,False,True,usa,washington,IAD,39,Virginia,8,2,2,2,0.5,1.0,0.5,490.845,0.0,1.5,981.69,192.0,0.25,30-39,1963.38,Not assigned
340166,M,True,True,usa,san francisco,SFO,50,California,8,1,0,1,0.0,,,,0.0,2.0,,474.0,0.125,50-59,,Indecisive
347778,F,False,False,usa,las vegas,LSV,49,Nevada,9,5,5,4,0.0,1.6,1.0,436.608,0.0,2.25,4233.69,4474.0,0.5555555555555556,40-49,8467.38,High Spenders
348863,F,True,False,usa,san antonio,SKF,66,Texas,8,0,0,0,,,,,,,,,0.0,60-69,,Indecisive
350648,F,False,False,usa,lincoln,LNK,17,Nebraska,8,0,0,0,,,,,,,,,0.0,10-19,,Indecisive
353271,F,False,True,usa,milwaukee,MKE,26,Wisconsin,8,1,1,1,0.0,2.0,0.0,204.2,0.0,1.0,408.4,272.0,0.125,20-29,816.8,Indecisive
353694,F,False,True,usa,new york,LGA,39,New York,8,2,2,2,0.0,1.5,0.5,167.6475,0.0,4.5,461.37,1634.0,0.25,30-39,922.74,Not assigned
354050,F,False,False,usa,detroit,DET,49,Michigan,8,5,5,5,0.4,1.2,0.2,324.466,0.2,2.4,1928.776,2512.6,0.625,40-49,3857.552,Not assigned
354260,F,False,False,usa,providence,PVD,49,Rhode Island,8,2,2,1,0.0,1.0,1.0,582.505,0.0,2.0,1165.01,520.0,0.25,40-49,2330.02,Not assigned
354311,F,True,False,usa,tucson,DMA,45,Arizona,8,2,2,1,0.0,1.0,0.5,536.4449999999999,1.0,3.0,1072.89,291.0,0.25,40-49,2145.78,Not assigned
357737,F,True,True,usa,san diego,SAN,40,California,8,4,3,4,0.5,1.0,0.0,653.2333333333333,0.25,3.0,1959.7,1236.1,0.5,40-49,3919.4,Not assigned
359072,F,True,True,canada,montreal,YUL,50,Quebec,8,2,2,2,0.0,1.0,0.5,66.575,1.0,1.5,133.15,447.0,0.25,50-59,266.3,Not assigned
359080,F,True,False,usa,new york,JFK,41,New York,8,4,4,2,0.25,1.25,1.0,816.9712499999999,0.0,2.0,5153.56,1383.0,0.5,40-49,10307.12,High Spenders
361459,F,True,True,usa,houston,EFD,41,Texas,8,1,1,1,0.0,1.0,1.0,393.91,1.0,1.0,393.91,165.0,0.125,40-49,787.82,Indecisive
365825,F,False,False,usa,los angeles,LAX,44,California,8,1,1,1,0.0,1.0,1.0,64.63,0.0,10.0,64.63,950.0,0.125,40-49,129.26,Long Stayers
372970,F,False,False,usa,charlotte,CLT,33,North Carolina,8,2,2,2,0.0,1.0,0.5,646.6500000000001,0.5,1.0,1293.3000000000002,408.0,0.25,30-39,2586.6000000000004,Not assigned
373489,F,True,True,usa,wichita,ICT,36,Kansas,9,1,1,1,1.0,4.0,3.0,1862.8275,0.0,12.0,5588.4825,1224.0,0.1111111111111111,30-39,11176.965,Long Stayers
374331,M,False,False,usa,milwaukee,MKE,41,Wisconsin,8,1,0,1,0.0,,,,1.0,12.0,,6720.0,0.125,40-49,,Long Stayers
374341,F,False,False,usa,detroit,YIP,25,Michigan,8,3,0,3,0.0,,,,0.0,7.333333333333333,,6840.0,0.375,20-29,,Long Stayers
375160,F,False,False,usa,houston,EFD,19,Texas,8,0,0,0,,,,,,,,,0.0,10-19,,Indecisive
375729,F,False,False,usa,atlanta,ATL,52,Georgia,8,3,3,3,0.6666666666666666,1.0,0.3333333333333333,344.05333333333334,0.0,2.0,896.282,1667.0,0.375,50-59,1792.564,Not assigned
375751,F,True,False,usa,cleveland,CLE,49,Ohio,8,3,3,2,0.0,1.0,0.3333333333333333,235.85333333333327,0.0,3.0,707.56,999.0,0.375,40-49,1415.12,Not assigned
376159,F,False,False,usa,long beach,LGB,41,California,8,2,1,2,0.0,1.0,1.0,367.24,0.0,3.0,367.24,708.0,0.25,40-49,734.48,Not assigned
377411,F,True,False,canada,montreal,YMX,37,Quebec,8,2,2,2,0.5,1.5,0.0,275.42,0.0,2.5,989.996,1026.0,0.25,30-39,1979.992,Not assigned
378565,F,True,True,usa,nashville,BNA,40,Tennessee,8,5,2,5,0.4,1.0,0.5,354.815,0.0,8.8,687.941,8600.0,0.625,40-49,1375.882,Long Stayers
380434,F,True,True,usa,oklahoma city,TIK,49,Oklahoma,8,3,3,3,0.3333333333333333,1.0,0.3333333333333333,356.92,0.3333333333333333,2.333333333333333,999.3375,1426.0,0.375,40-49,1998.675,Not assigned
380757,F,False,True,usa,los angeles,LAX,45,California,8,3,3,3,0.3333333333333333,1.0,0.3333333333333333,165.20666666666668,0.0,4.666666666666667,495.62,1310.35,0.375,40-49,991.24,Not assigned
380949,F,False,False,usa,san antonio,SAT,45,Texas,8,4,4,3,0.0,1.0,0.25,379.2725,0.0,2.333333333333333,1517.09,1654.0,0.5,40-49,3034.18,Not assigned
382181,F,True,False,canada,halifax,YHZ,35,Nova Scotia,8,3,3,2,0.0,1.0,0.6666666666666666,357.68,0.0,2.5,1073.04,920.0,0.375,30-39,2146.08,Not assigned
382384,F,True,False,usa,st. petersburg,PIE,56,Florida,8,1,1,1,0.0,1.0,1.0,228.63,0.0,1.0,228.63,156.0,0.125,50-59,457.26,Indecisive
382533,F,False,False,usa,long beach,LGB,17,California,8,0,0,0,,,,,,,,,0.0,10-19,,Indecisive
385689,F,False,True,usa,nashville,BNA,48,Tennessee,8,4,3,4,0.5,1.3333333333333333,0.3333333333333333,338.9916666666667,0.5,4.0,1238.843,3545.0,0.5,40-49,2477.686,Not assigned
386255,F,False,True,usa,mobile,BFM,31,Alabama,8,1,0,1,0.0,,,,1.0,4.0,,2144.0,0.125,30-39,,Indecisive
386469,F,False,False,usa,stockton,SCK,16,California,9,0,0,0,,,,,,,,,0.0,10-19,,Indecisive
388328,F,True,True,canada,toronto,YYZ,49,Ontario,9,5,3,5,0.4,1.0,1.0,413.56666666666666,0.4,4.6,1240.7,4770.9,0.5555555555555556,40-49,2481.4,Not assigned
388767,F,True,True,usa,tallahassee,TLH,44,Florida,8,1,1,1,0.0,1.0,1.0,372.34,1.0,10.0,372.34,1890.0,0.125,40-49,744.68,Long Stayers
388947,M,False,False,usa,new york,LGA,39,New York,9,3,3,2,0.3333333333333333,1.0,0.6666666666666666,434.6966666666667,1.0,2.0,1196.2385,684.0,0.3333333333333333,30-39,2392.477,Not assigned
389434,F,False,False,usa,new york,LGA,41,New York,8,4,4,4,0.25,1.0,0.25,462.9175,0.75,1.75,1725.28,1309.0,0.5,40-49,3450.56,Not assigned
389662,F,False,False,usa,fresno,FAT,38,California,8,3,2,3,0.3333333333333333,1.0,1.0,330.09000000000003,0.0,1.3333333333333333,631.063,815.0,0.375,30-39,1262.126,Not assigned
389759,F,False,True,usa,anchorage,ANC,32,Alaska,8,3,3,3,0.3333333333333333,1.6666666666666667,0.3333333333333333,764.818888888889,0.3333333333333333,2.0,3088.631,2628.0,0.375,30-39,6177.262,High Spenders
390811,F,False,False,usa,los angeles,LAX,40,California,8,3,3,3,0.0,1.0,0.6666666666666666,366.34,0.6666666666666666,3.6666666666666665,1099.02,1387.0,0.375,40-49,2198.04,Not assigned
392453,F,False,False,usa,el paso,ELP,57,Texas,8,1,1,1,1.0,1.0,1.0,393.98,0.0,11.0,374.281,1166.0,0.125,50-59,748.562,Long Stayers
395981,F,True,False,canada,vancouver,YVR,51,British Columbia,8,3,3,3,0.3333333333333333,1.3333333333333333,1.0,474.1216666666666,0.3333333333333333,1.0,1777.898,1399.0,0.375,50-59,3555.796,Not assigned
399218,F,True,True,usa,fort worth,FTW,43,Texas,8,2,2,1,0.0,1.0,0.5,243.95,1.0,2.0,487.9,246.0,0.25,40-49,975.8,Not assigned
400275,F,True,True,usa,phoenix,LUF,55,Arizona,8,2,2,1,1.0,1.0,0.5,536.525,0.0,4.0,871.941,1052.0,0.25,50-59,1743.882,Discount buyer
401245,F,False,False,usa,omaha,OFF,27,Nebraska,8,3,3,2,0.3333333333333333,1.0,0.0,317.26666666666665,0.0,3.0,915.168,722.0,0.375,20-29,1830.336,Not assigned
402332,F,False,False,usa,sacramento,MCC,31,California,8,2,2,2,1.0,1.5,0.0,371.035,1.0,1.0,767.414,424.65,0.25,30-39,1534.828,Discount buyer
403881,F,False,False,usa,san diego,NZY,43,California,8,4,4,4,0.0,1.5,0.75,459.1875,0.25,2.75,2971.67,1974.0,0.5,40-49,5943.34,High Spenders
404879,F,True,False,usa,newark,EWR,38,New Jersey,8,4,4,3,0.0,1.25,0.5,255.885,0.0,3.333333333333333,1046.88,5029.0,0.5,30-39,2093.76,Not assigned
407250,F,False,False,usa,laredo,LRD,36,Texas,8,4,4,3,0.0,1.0,0.25,478.6425,0.3333333333333333,3.0,1914.57,1025.0,0.5,30-39,3829.14,Not assigned
407275,F,False,False,usa,philadelphia,PNE,41,Pennsylvania,8,4,4,3,0.0,1.0,0.5,186.7375,0.6666666666666666,5.0,746.9499999999999,2576.0,0.5,40-49,1493.8999999999999,Not assigned
408551,F,True,True,usa,chicago,UGN,42,Illinois,9,2,2,2,0.0,1.0,0.5,323.695,0.0,2.5,647.39,1076.0,0.2222222222222222,40-49,1294.78,Not assigned
409073,F,True,False,usa,sacramento,MCC,42,California,8,3,3,3,0.0,1.0,1.0,526.1866666666666,0.0,1.6666666666666667,1578.56,803.0,0.375,40-49,3157.12,Not assigned
413340,F,True,True,usa,nashville,BNA,47,Tennessee,8,3,3,1,0.3333333333333333,1.0,0.6666666666666666,177.35333333333332,0.0,8.0,532.06,1096.0,0.375,40-49,1064.12,Long Stayers
413658,F,True,True,usa,philadelphia,PNE,51,Pennsylvania,8,2,1,2,0.0,1.0,1.0,189.04,0.0,3.0,189.04,1593.0,0.25,50-59,378.08,Not assigned
415381,F,True,False,usa,chicago,UGN,45,Illinois,8,3,3,2,0.0,1.0,1.0,150.40333333333334,0.0,2.5,451.21,704.0,0.375,40-49,902.42,Not assigned
416319,F,True,False,usa,new york,LGA,54,New York,8,2,2,2,0.0,1.0,0.5,73.8,0.5,1.0,147.6,219.0,0.25,50-59,295.2,Not assigned
418692,F,False,False,usa,fort worth,FTW,38,Texas,10,2,2,2,1.0,2.0,0.5,268.2366666666667,0.0,1.5,968.713,631.65,0.2,30-39,1937.426,Discount buyer
420669,F,True,True,canada,calgary,YYC,50,Alberta,8,2,1,2,0.0,1.0,1.0,597.15,0.5,6.0,597.15,1566.0,0.25,50-59,1194.3,Not assigned
421870,M,True,True,usa,little rock,LIT,29,Arkansas,8,3,3,2,0.6666666666666666,3.333333333333333,2.6666666666666665,1126.5116666666668,0.5,2.5,22177.841,1435.0,0.375,20-29,44355.682,High Spenders
422668,F,False,False,usa,houston,HOU,17,Texas,8,0,0,0,,,,,,,,,0.0,10-19,,Indecisive
424553,F,True,False,usa,oklahoma city,TIK,48,Oklahoma,8,3,1,3,0.0,1.0,1.0,393.35,0.6666666666666666,5.333333333333333,393.35,1798.0,0.375,40-49,786.7,Not assigned
425632,F,True,False,usa,tampa,MCF,44,Florida,8,3,2,2,0.3333333333333333,1.0,0.5,444.49,0.5,5.0,888.98,2280.0,0.375,40-49,1777.96,Not assigned
425953,F,True,False,usa,nashville,BNA,37,Tennessee,8,4,4,4,0.25,1.75,0.0,136.05666666666667,0.5,2.0,822.3255,1162.85,0.5,30-39,1644.651,Not assigned
425966,F,True,False,usa,las vegas,LAS,55,Nevada,8,2,2,2,0.0,1.0,0.5,659.335,0.5,2.0,1318.67,537.0,0.25,50-59,2637.34,Not assigned
428552,F,True,False,usa,new york,LGA,36,New York,8,2,2,2,0.5,1.0,0.0,392.445,0.5,1.5,692.4375,610.0,0.25,30-39,1384.875,Not assigned
428858,F,False,False,usa,san diego,NZY,20,California,8,2,1,2,0.0,1.0,1.0,689.01,0.5,6.0,689.01,4072.0,0.25,20-29,1378.02,Not assigned
429345,M,True,True,usa,tallahassee,TLH,65,Florida,8,1,0,1,1.0,,,,0.0,6.0,,714.0,0.125,60-69,,Indecisive
429375,F,False,False,usa,new york,LGA,33,New York,8,2,2,2,0.0,1.0,1.0,188.615,0.5,1.5,377.23,753.0,0.25,30-39,754.46,Not assigned
430722,M,False,False,usa,mobile,BFM,27,Alabama,8,2,2,2,0.5,1.0,1.0,187.725,0.0,2.5,336.86400000000003,921.4,0.25,20-29,673.7280000000001,Not assigned
431746,F,False,False,usa,des moines,DSM,40,Iowa,8,1,1,1,1.0,2.0,2.0,275.08,1.0,1.0,550.16,207.1,0.125,40-49,1100.32,Indecisive
431899,F,True,False,usa,seattle,SEA,43,Washington,8,0,0,0,,,,,,,,,0.0,40-49,,Indecisive
431912,F,False,True,usa,detroit,DET,35,Michigan,8,1,1,0,0.0,2.0,1.0,147.945,,,295.89,,0.125,30-39,591.78,Indecisive
432333,F,True,True,usa,milwaukee,MKE,49,Wisconsin,8,2,1,2,0.5,1.0,1.0,515.36,0.0,4.5,515.36,1460.0,0.25,40-49,1030.72,Not assigned
433080,F,True,False,usa,colorado springs,COS,43,Colorado,8,4,4,4,0.5,1.25,0.75,295.21125,0.5,3.25,1350.21,1675.6,0.5,40-49,2700.42,Not assigned
433339,F,False,True,usa,detroit,DET,25,Michigan,8,2,1,2,0.5,1.0,1.0,54.64,1.0,7.0,54.64,2230.0,0.25,20-29,109.28,Not assigned
435596,F,False,False,usa,houston,EFD,52,Texas,8,2,2,2,0.0,1.0,0.5,401.715,0.0,2.0,803.4300000000001,892.0,0.25,50-59,1606.8600000000001,Not assigned
435882,F,True,False,usa,washington,DCA,50,Virginia,9,2,2,2,0.0,1.0,0.5,295.615,0.5,2.0,591.23,1312.0,0.2222222222222222,50-59,1182.46,Not assigned
436320,F,True,True,usa,milwaukee,MKE,49,Wisconsin,8,2,2,2,1.0,1.0,0.5,199.715,0.5,2.5,379.037,629.0,0.25,40-49,758.074,Discount buyer
436894,F,True,False,usa,louisville,LOU,41,Kentucky,8,2,2,2,0.0,1.0,0.5,156.905,0.0,4.0,313.81,931.0,0.25,40-49,627.62,Not assigned
437069,F,False,False,usa,tucson,DMA,42,Arizona,8,5,5,5,0.4,1.2,0.6,318.39,0.4,3.6,1755.51,2491.9,0.625,40-49,3511.02,Not assigned
437162,F,False,False,usa,madison,MSN,30,Wisconsin,8,1,1,1,1.0,1.0,1.0,546.44,0.0,1.0,546.44,253.65,0.125,30-39,1092.88,Indecisive
437251,F,False,False,canada,london,YXU,43,Ontario,8,3,3,3,0.0,1.0,0.3333333333333333,362.3733333333334,0.3333333333333333,1.3333333333333333,1087.12,281.0,0.375,40-49,2174.24,Not assigned
438189,F,True,False,usa,fort worth,FTW,35,Texas,9,6,6,5,0.1666666666666666,1.1666666666666667,0.8333333333333334,274.1191666666667,0.0,2.2,2054.23,2669.3,0.6666666666666666,30-39,4108.46,Not assigned
438839,F,False,True,usa,new york,JFK,49,New York,8,3,3,3,0.3333333333333333,1.0,0.6666666666666666,210.77666666666664,0.3333333333333333,6.666666666666667,576.574,2932.0,0.375,40-49,1153.148,Not assigned
438937,F,False,False,usa,sacramento,SMF,37,California,8,2,2,2,0.5,1.0,0.5,332.67,0.0,2.5,665.34,1255.25,0.25,30-39,1330.68,Not assigned
438985,F,False,False,usa,new york,JFK,29,New York,8,2,2,2,0.5,1.0,0.5,654.72,0.0,2.0,1281.7385,584.1,0.25,20-29,2563.477,Not assigned
440212,F,True,True,usa,winston-salem,INT,38,North Carolina,8,1,1,1,1.0,1.0,1.0,578.68,1.0,2.0,520.812,116.0,0.125,30-39,1041.624,Indecisive
441205,F,True,True,usa,san antonio,RND,46,Texas,8,2,2,0,0.5,1.0,0.5,398.87,,,797.74,,0.25,40-49,1595.48,Only Flight
441982,F,False,False,usa,new york,JFK,46,New York,8,5,5,3,0.4,1.4,0.4,208.72333333333336,0.6666666666666666,2.6666666666666665,1176.803,2418.0,0.625,40-49,2353.606,Not assigned
442484,F,True,False,usa,houston,EFD,43,Texas,8,3,3,1,0.3333333333333333,1.0,0.3333333333333333,281.7933333333333,0.0,1.0,757.417,85.0,0.375,40-49,1514.834,Not assigned
442718,F,True,True,usa,new york,JFK,48,New York,8,4,4,2,0.5,1.25,0.25,568.89375,0.0,5.0,2808.9295,1264.8,0.5,40-49,5617.859,High Spenders
442833,F,True,False,canada,calgary,YYC,39,Alberta,8,4,4,4,0.0,1.25,0.25,491.76,0.25,1.25,2566.24,1594.0,0.5,30-39,5132.48,High Spenders
443305,F,False,False,usa,chicago,ORD,20,Illinois,8,1,1,1,0.0,1.0,1.0,206.2,1.0,3.0,206.2,435.0,0.125,20-29,412.4,Indecisive
444885,F,True,False,usa,amarillo,AMA,32,Texas,8,1,1,1,0.0,1.0,2.0,469.48,1.0,3.0,469.48,333.0,0.125,30-39,938.96,Indecisive
446138,F,True,False,usa,houston,IAH,39,Texas,8,2,1,2,0.5,1.0,0.0,236.69,0.0,8.0,236.69,5291.0,0.25,30-39,473.38,Long Stayers
447737,F,False,False,canada,calgary,YYC,41,Alberta,8,3,3,2,0.3333333333333333,1.3333333333333333,1.0,506.7716666666667,0.5,1.5,2087.05,229.6,0.375,40-49,4174.1,Not assigned
447951,F,False,False,usa,columbus,LCK,42,Ohio,8,2,2,2,0.0,1.0,0.5,93.205,0.5,1.5,186.41000000000005,676.0,0.25,40-49,372.8200000000001,Not assigned
448025,F,False,False,canada,montreal,YHU,29,Quebec,8,1,1,1,0.0,1.0,0.0,147.12,0.0,4.0,147.12,608.0,0.125,20-29,294.24,Indecisive
448154,F,False,False,usa,los angeles,LAX,55,California,8,2,2,1,0.0,3.0,0.0,551.0075,1.0,7.0,2833.6000000000004,1806.0,0.25,50-59,5667.200000000001,High Spenders
448295,M,True,False,usa,lubbock,LBB,51,Texas,8,2,2,2,0.0,1.0,0.5,263.225,0.0,1.5,526.45,556.0,0.25,50-59,1052.9,Not assigned
449326,F,False,False,canada,halifax,YAW,38,,8,2,2,2,0.0,1.0,0.5,646.53,0.0,3.5,1293.06,715.0,0.25,30-39,2586.12,Not assigned
449980,F,False,False,canada,winnipeg,YAV,17,,8,0,0,0,,,,,,,,,0.0,10-19,,Indecisive
450164,F,True,False,usa,phoenix,PHX,36,Arizona,8,4,4,4,0.0,1.5,0.5,236.0575,0.25,3.25,1393.51,2401.0,0.5,30-39,2787.02,Not assigned
450193,F,False,False,canada,montreal,YUL,34,Quebec,8,2,2,2,0.5,1.0,0.5,562.235,0.0,8.0,1062.793,6068.0,0.25,30-39,2125.586,Long Stayers
451291,F,True,False,usa,st. louis,STL,54,Missouri,9,4,4,1,0.5,1.25,0.5,587.8125,0.0,1.0,3322.2270000000003,182.0,0.4444444444444444,50-59,6644.454000000001,High Spenders
452034,F,False,False,usa,cleveland,CLE,49,Ohio,8,1,1,1,0.0,1.0,1.0,262.41,1.0,5.0,262.41,1570.0,0.125,40-49,524.82,Indecisive
452532,F,False,False,usa,el paso,ELP,32,Texas,8,2,2,0,0.5,1.0,1.0,370.255,,,641.1675,,0.25,30-39,1282.335,Only Flight
452594,F,False,True,usa,las vegas,LSV,43,Nevada,8,4,3,4,0.25,1.0,0.3333333333333333,351.6766666666667,0.25,5.25,1025.881,4048.0,0.5,40-49,2051.762,Not assigned
452612,F,True,True,usa,rochester,ROC,42,New York,8,1,1,1,0.0,1.0,2.0,341.65,1.0,4.0,341.65,592.0,0.125,40-49,683.3,Indecisive
453168,F,True,False,usa,new york,LGA,45,New York,9,4,4,3,0.25,1.0,0.5,340.4625,0.0,3.0,1326.442,728.0,0.4444444444444444,40-49,2652.884,Not assigned
454934,F,True,False,usa,tacoma,TCM,41,Washington,8,2,2,2,0.0,1.0,0.5,382.1,0.0,2.5,764.2,735.0,0.25,40-49,1528.4,Not assigned
456318,F,False,False,usa,los angeles,LAX,29,California,8,1,1,1,0.0,1.0,0.0,347.66,1.0,2.0,347.66,302.0,0.125,20-29,695.32,Indecisive
456663,F,True,True,usa,new york,LGA,37,New York,9,2,2,2,0.5,1.0,1.5,427.695,0.5,2.0,812.981,744.0,0.2222222222222222,30-39,1625.962,Not assigned
456671,F,False,False,usa,san antonio,SAT,37,Texas,8,1,1,1,0.0,1.0,2.0,392.49,1.0,1.0,392.49,160.0,0.125,30-39,784.98,Indecisive
457468,F,True,False,usa,phoenix,LUF,40,Arizona,8,4,2,4,0.5,2.0,2.0,85.59333333333333,0.0,4.5,293.5325,3247.0,0.5,40-49,587.065,Not assigned
458479,F,False,False,usa,chicago,UGN,44,Illinois,8,2,1,2,0.5,1.0,1.0,441.3,0.0,7.0,397.17,2612.0,0.25,40-49,794.34,Not assigned
458725,F,False,False,usa,montgomery,MXF,17,Alabama,8,0,0,0,,,,,,,,,0.0,10-19,,Indecisive
458762,F,True,True,canada,montreal,YHU,39,Quebec,9,4,3,1,0.0,1.0,1.0,240.24,1.0,5.0,720.72,425.0,0.4444444444444444,30-39,1441.44,Not assigned
458814,F,False,False,usa,oklahoma city,OKC,31,Oklahoma,8,4,3,3,1.0,1.6666666666666667,0.0,144.54666666666665,0.3333333333333333,4.333333333333333,611.879,4386.0,0.5,30-39,1223.758,Discount buyer
458855,F,True,True,usa,tucson,TUS,29,Arizona,9,2,2,2,0.5,1.5,0.5,301.89250000000004,0.0,1.5,830.6600000000001,520.8,0.2222222222222222,20-29,1661.3200000000002,Not assigned
458919,F,False,False,usa,fresno,FAT,36,California,8,2,2,2,0.0,1.0,1.5,668.115,0.0,1.0,1336.23,298.0,0.25,30-39,2672.46,Not assigned
459229,F,True,False,usa,new york,LGA,41,New York,8,4,4,3,0.75,1.75,0.5,295.009375,0.0,6.333333333333333,3513.944,5252.0,0.5,40-49,7027.888,High Spenders
460072,M,False,False,usa,kansas city,MCI,48,Missouri,8,2,1,2,0.5,1.0,0.0,335.73,0.0,4.0,335.73,1420.6999999999998,0.25,40-49,671.46,Not assigned
460553,F,True,True,usa,laredo,LRD,54,Texas,8,3,1,3,0.0,1.0,1.0,513.07,0.0,8.666666666666666,513.07,3853.0,0.375,50-59,1026.14,Long Stayers
461559,F,False,False,canada,victoria,YYJ,31,British Columbia,8,4,4,3,0.5,1.0,0.5,288.9675,0.0,3.6666666666666665,1155.87,946.8,0.5,30-39,2311.74,Not assigned
462894,F,False,False,usa,columbus,LCK,50,Ohio,9,1,1,0,0.0,1.0,1.0,490.43,,,490.43,,0.1111111111111111,50-59,980.86,Indecisive
463783,F,False,False,usa,st. louis,STL,49,Missouri,9,4,3,2,0.25,1.0,0.6666666666666666,305.8233333333333,0.0,4.5,917.47,5582.0,0.4444444444444444,40-49,1834.94,Not assigned
463867,F,False,False,usa,detroit,DTW,30,Michigan,8,2,2,2,0.0,1.0,1.0,250.755,0.0,1.0,501.51,275.0,0.25,30-39,1003.02,Not assigned
464080,F,True,False,canada,quebec,YQB,70,Quebec,8,1,1,1,0.0,1.0,2.0,126.7,0.0,5.0,126.7,600.0,0.125,70-79,253.4,Indecisive
464239,F,False,False,usa,columbus,CMH,48,Ohio,8,3,3,3,0.0,1.0,0.3333333333333333,275.01666666666665,0.0,2.333333333333333,825.05,941.0,0.375,40-49,1650.1,Not assigned
465138,F,False,False,usa,birmingham,BHM,36,Alabama,8,4,4,4,0.0,1.0,0.75,211.4925,0.25,2.5,845.97,2224.0,0.5,30-39,1691.94,Not assigned
465343,F,True,True,usa,los angeles,LAX,52,California,8,2,2,2,0.5,1.5,1.0,526.155,0.0,3.0,1709.7885,3189.0,0.25,50-59,3419.577,Not assigned
465531,F,True,False,usa,newark,EWR,33,New Jersey,8,2,2,2,0.0,1.0,0.0,202.855,0.5,3.5,405.71,792.0,0.25,30-39,811.42,Not assigned
465568,F,True,True,usa,el paso,BIF,49,Texas,8,1,0,1,1.0,,,,0.0,3.0,,525.6,0.125,40-49,,Indecisive
465731,F,False,False,usa,phoenix,LUF,55,Arizona,8,2,2,2,0.0,1.0,0.0,531.9100000000001,0.5,5.0,1063.8200000000002,2052.0,0.25,50-59,2127.6400000000003,Not assigned
467092,F,False,True,usa,los angeles,LAX,17,California,8,0,0,0,,,,,,,,,0.0,10-19,,Indecisive
467339,F,False,True,usa,san diego,SAN,42,California,8,3,3,2,0.0,1.3333333333333333,1.3333333333333333,173.96333333333334,0.0,2.5,566.14,741.0,0.375,40-49,1132.28,Not assigned
467809,F,False,True,usa,reno,RNO,46,Nevada,8,3,3,3,0.6666666666666666,1.0,0.3333333333333333,453.32333333333327,0.0,1.3333333333333333,1359.9699999999998,647.0,0.375,40-49,2719.9399999999996,Not assigned
467892,F,False,False,usa,new york,JFK,31,New York,8,4,3,4,0.25,1.0,0.0,383.11,0.5,2.5,1149.33,1625.4,0.5,30-39,2298.66,Not assigned
468409,F,True,False,usa,jacksonville,NZC,49,Ica,8,4,4,4,0.25,1.0,0.75,227.45,0.0,3.0,870.79,2250.0,0.5,40-49,1741.58,Not assigned
468832,F,True,False,canada,montreal,YMX,37,Quebec,8,4,3,4,0.0,1.0,0.6666666666666666,427.39333333333326,0.0,4.0,1282.1799999999998,2044.0,0.5,30-39,2564.3599999999997,Not assigned
469440,F,True,True,usa,los angeles,LAX,43,California,8,3,3,2,0.0,1.0,0.3333333333333333,344.1933333333333,0.5,1.5,1032.58,531.0,0.375,40-49,2065.16,Not assigned
469464,F,True,False,usa,mobile,BFM,45,Alabama,8,4,2,3,0.5,2.0,1.5,302.095,0.6666666666666666,4.666666666666667,1208.38,2105.35,0.5,40-49,2416.76,Not assigned
469699,F,True,True,usa,new york,LGA,54,New York,9,2,1,2,0.0,1.0,2.0,94.0,0.0,2.5,94.0,705.0,0.2222222222222222,50-59,188.0,Not assigned
469824,F,False,False,usa,los angeles,LAX,51,California,8,3,2,3,0.3333333333333333,1.0,1.0,95.125,0.3333333333333333,5.0,190.25,2130.0,0.375,50-59,380.5,Not assigned
471161,F,False,False,usa,houston,EFD,40,Texas,8,2,2,2,0.5,1.5,1.5,431.555,0.0,1.5,1079.366,279.2,0.25,40-49,2158.732,Not assigned
471186,F,True,False,usa,los angeles,LAX,49,California,8,2,2,2,0.5,1.0,0.0,589.24,0.5,1.0,1178.48,246.8,0.25,40-49,2356.96,Not assigned
471649,F,True,True,usa,fort worth,FTW,47,Texas,8,1,0,1,1.0,,,,1.0,4.0,,96.0,0.125,40-49,,Indecisive
471687,F,True,False,usa,los angeles,LAX,40,California,9,4,4,4,0.0,1.25,0.5,399.515,0.75,2.0,1691.71,2531.0,0.4444444444444444,40-49,3383.42,Not assigned
471935,F,True,False,usa,laredo,LRD,47,Texas,9,3,2,3,0.0,1.5,0.0,406.8625,0.0,2.0,1307.37,1440.0,0.3333333333333333,40-49,2614.74,Not assigned
471946,F,True,True,usa,santa ana,SNA,44,California,8,1,0,1,0.0,,,,1.0,3.0,,282.0,0.125,40-49,,Indecisive
472394,F,False,False,usa,tucson,TUS,41,Arizona,8,2,1,2,0.0,1.0,1.0,377.85,0.0,5.0,377.85,3046.0,0.25,40-49,755.7,Not assigned
472446,F,False,False,canada,toronto,YZD,16,,8,2,2,1,0.0,1.0,0.0,102.635,0.0,1.0,205.27,420.0,0.25,10-19,410.54,Youngs
473847,F,False,True,usa,chicago,MDW,31,Illinois,8,1,1,1,1.0,2.0,1.0,403.04,1.0,4.0,564.256,836.0,0.125,30-39,1128.512,Indecisive
474007,F,False,False,usa,chicago,ORD,17,Illinois,8,1,1,1,0.0,1.0,0.0,77.23,0.0,1.0,77.23,146.0,0.125,10-19,154.46,Indecisive
474120,M,False,True,canada,quebec,YQB,42,Quebec,8,3,3,3,0.0,1.3333333333333333,0.3333333333333333,545.625,0.6666666666666666,4.0,2390.79,4032.0,0.375,40-49,4781.58,High Spenders
474239,F,True,True,usa,el paso,BIF,24,Texas,8,0,0,0,,,,,,,,,0.0,20-29,,Indecisive
474261,F,False,False,canada,toronto,YZD,33,,8,3,1,3,0.3333333333333333,1.0,1.0,63.7,0.0,6.666666666666667,63.7,2852.0,0.375,30-39,127.4,Not assigned
474278,F,False,False,usa,portland,PWM,24,Maine,8,0,0,0,,,,,,,,,0.0,20-29,,Indecisive
474464,F,True,False,usa,new york,LGA,56,New York,8,3,3,2,0.3333333333333333,1.6666666666666667,1.6666666666666667,480.8211111111111,0.5,2.5,2477.078,1248.0,0.375,50-59,4954.156,High Spenders
475060,F,False,False,usa,new york,LGA,30,New York,8,2,2,2,0.0,1.0,1.0,147.74,0.5,3.0,295.48,668.0,0.25,30-39,590.96,Not assigned
475467,F,False,False,usa,san antonio,SAT,35,Texas,8,3,3,3,0.3333333333333333,1.0,1.0,325.4633333333333,0.6666666666666666,2.6666666666666665,959.4565,1920.3,0.375,30-39,1918.913,Not assigned
475531,F,False,False,usa,detroit,YIP,37,Michigan,9,4,4,3,0.0,1.0,0.75,329.95,0.0,2.0,1319.8,649.0,0.4444444444444444,30-39,2639.6,Not assigned
476104,F,False,True,usa,san jose,SJC,49,California,8,7,6,7,0.0,1.0,1.1666666666666667,441.0516666666667,0.2857142857142857,2.2857142857142856,2646.31,6417.0,0.875,40-49,5292.62,High Spenders
476124,F,False,False,canada,edmonton,YED,34,,8,3,3,3,0.3333333333333333,1.0,0.6666666666666666,418.17333333333335,0.3333333333333333,2.6666666666666665,1224.9924999999998,1253.0,0.375,30-39,2449.9849999999997,Not assigned
476270,M,False,False,canada,edmonton,YXD,50,,8,3,2,3,0.0,1.0,0.5,313.645,0.3333333333333333,4.333333333333333,627.29,2251.0,0.375,50-59,1254.58,Not assigned
476535,F,False,True,canada,vancouver,YVR,48,British Columbia,9,4,4,3,0.25,1.0,0.75,448.0525,0.3333333333333333,1.3333333333333333,1792.21,269.05,0.4444444444444444,40-49,3584.42,Not assigned
476742,M,False,True,usa,orlando,ORL,48,Florida,8,2,1,1,0.5,1.0,1.0,209.8,0.0,9.0,209.8,2249.1,0.25,40-49,419.6,Long Stayers
476956,F,False,False,canada,montreal,YUL,27,Quebec,8,3,2,3,0.0,1.0,0.0,482.76,0.6666666666666666,2.333333333333333,965.52,1097.0,0.375,20-29,1931.04,Not assigned
477285,F,True,False,usa,akron,AKR,51,Ondo,8,2,2,2,0.5,1.0,0.5,316.28000000000003,0.5,1.5,632.5600000000001,513.0999999999999,0.25,50-59,1265.1200000000001,Not assigned
477597,F,True,True,usa,san diego,SAN,47,California,8,2,2,2,0.5,1.0,0.0,700.0,0.0,2.0,1262.014,591.0,0.25,40-49,2524.028,Not assigned
477730,F,False,False,usa,san diego,SAN,44,California,8,5,5,5,0.2,1.2,0.0,559.121,0.6,3.8,3485.71,5655.5,0.625,40-49,6971.42,High Spenders
477805,F,False,False,usa,nashville,BNA,32,Tennessee,8,1,0,1,0.0,,,,0.0,10.0,,2000.0,0.125,30-39,,Long Stayers
478291,F,True,True,usa,new york,LGA,46,New York,8,2,2,2,0.0,1.0,1.0,401.16,0.5,1.0,802.3199999999999,494.0,0.25,40-49,1604.6399999999999,Not assigned
478533,F,True,False,usa,phoenix,PHX,47,Arizona,8,1,1,1,0.0,1.0,0.0,445.66,1.0,4.0,445.66,348.0,0.125,40-49,891.32,Indecisive
478801,F,True,False,usa,wichita,ICT,49,Kansas,10,3,3,3,0.0,1.0,0.6666666666666666,318.0733333333333,0.6666666666666666,1.6666666666666667,954.22,357.0,0.3,40-49,1908.44,Not assigned
478834,M,False,True,usa,st. petersburg,SPG,40,Florida,8,0,0,0,,,,,,,,,0.0,40-49,,Indecisive
479078,M,False,False,usa,san francisco,SFO,17,California,8,1,1,1,0.0,1.0,0.0,680.86,0.0,6.0,680.86,870.0,0.125,10-19,1361.72,Indecisive
480186,F,False,False,usa,san jose,SJC,23,California,8,0,0,0,,,,,,,,,0.0,20-29,,Indecisive
480690,F,False,False,usa,louisville,LOU,46,Kentucky,8,4,4,4,0.5,1.0,0.5,212.1475,0.5,2.25,838.664,2479.3,0.5,40-49,1677.328,Not assigned
480877,F,True,False,usa,columbus,LCK,47,Ohio,8,4,4,3,0.5,1.25,1.0,243.58125,0.6666666666666666,1.6666666666666667,1079.892,1499.0,0.5,40-49,2159.784,Not assigned
480895,F,False,False,usa,san antonio,SKF,41,Texas,8,2,2,2,0.0,1.0,0.5,497.455,0.5,5.5,994.91,1470.0,0.25,40-49,1989.82,Not assigned
480975,F,True,False,canada,montreal,YMX,70,Quebec,8,0,0,0,,,,,,,,,0.0,70-79,,Indecisive
481358,F,False,False,usa,dallas,DAL,17,Texas,8,1,1,0,0.0,1.0,0.0,9.27,,,9.27,,0.125,10-19,18.54,Indecisive
481622,F,True,False,canada,london,YXU,41,Ontario,8,4,4,4,0.25,1.25,0.0,213.5275,0.0,3.0,1254.92,4325.8,0.5,40-49,2509.84,Not assigned
481772,F,False,False,usa,oakland,OAK,33,California,8,3,1,2,0.6666666666666666,1.0,1.0,99.92,0.5,17.0,84.932,9588.0,0.375,30-39,169.864,Long Stayers
481781,F,False,False,usa,los angeles,LAX,74,California,9,0,0,0,,,,,,,,,0.0,70-79,,Indecisive
482335,F,False,False,usa,houston,HOU,41,Texas,9,1,0,1,0.0,,,,0.0,2.0,,228.0,0.1111111111111111,40-49,,Indecisive
482424,F,False,False,usa,portland,PDX,39,Oregon,9,4,3,4,0.25,1.3333333333333333,0.6666666666666666,365.70666666666665,0.5,2.5,1232.672,2066.0,0.4444444444444444,30-39,2465.344,Not assigned
482548,F,False,True,usa,houston,HOU,28,Texas,8,3,3,3,0.0,1.0,0.6666666666666666,218.50666666666663,0.6666666666666666,3.6666666666666665,655.52,1832.0,0.375,20-29,1311.04,Not assigned
482602,F,False,False,usa,chicago,MDW,44,Illinois,8,4,4,2,0.0,1.75,0.5,174.33375,0.0,2.0,1225.98,490.0,0.5,40-49,2451.96,Not assigned
482621,F,True,True,usa,new york,LGA,47,New York,8,2,1,2,0.5,2.0,1.0,643.6,0.0,6.0,1287.2,2334.0,0.25,40-49,2574.4,Family travelers
483345,F,True,True,usa,new york,LGA,44,New York,8,5,5,5,0.0,1.4,0.4,280.35,0.0,2.2,1775.71,2723.0,0.625,40-49,3551.42,Not assigned
483483,F,True,True,canada,hamilton,YHM,45,Ontario,8,2,2,2,0.0,1.0,0.5,137.905,0.0,1.5,275.81,387.0,0.25,40-49,551.62,Not assigned
483525,F,True,True,canada,edmonton,YED,45,,8,1,1,1,0.0,1.0,1.0,360.81,0.0,2.0,360.81,306.0,0.125,40-49,721.62,Indecisive
483982,F,False,False,usa,oklahoma city,OKC,17,Oklahoma,8,2,2,2,0.0,1.0,0.5,256.865,0.0,3.5,513.73,1205.0,0.25,10-19,1027.46,Youngs
484418,F,True,False,usa,new york,JFK,36,New York,8,3,3,3,0.0,1.0,0.6666666666666666,437.4866666666667,0.3333333333333333,3.6666666666666665,1312.46,1057.0,0.375,30-39,2624.92,Not assigned
485393,F,False,False,usa,new york,LGA,26,New York,8,0,0,0,,,,,,,,,0.0,20-29,,Indecisive
485505,F,False,False,usa,phoenix,PHX,27,Arizona,8,2,2,2,0.5,1.5,1.0,140.8725,0.0,2.0,300.733,1110.0,0.25,20-29,601.466,Not assigned
485658,F,False,False,usa,los angeles,LAX,31,California,8,2,2,2,0.0,1.0,1.0,377.35,0.5,1.0,754.7,271.0,0.25,30-39,1509.4,Not assigned
485780,F,False,True,usa,el paso,BIF,39,Texas,8,3,2,3,0.3333333333333333,1.0,0.5,247.3,0.3333333333333333,5.333333333333333,494.6,5125.4,0.375,30-39,989.2,Not assigned
485785,F,False,False,usa,anchorage,EDF,30,Alaska,8,3,2,2,0.0,1.0,1.0,832.315,1.0,2.5,1664.63,1256.0,0.375,30-39,3329.26,Not assigned
485891,F,False,True,usa,knoxville,TYS,32,Tennessee,8,1,1,1,1.0,1.0,0.0,227.86,0.0,2.0,227.86,176.4,0.125,30-39,455.72,Indecisive
486113,F,True,False,canada,halifax,YHZ,48,Nova Scotia,8,2,2,2,0.5,1.0,0.5,373.815,1.0,1.5,620.276,286.0,0.25,40-49,1240.552,Not assigned
486261,F,False,False,usa,kansas city,MCI,37,Missouri,8,2,1,2,0.5,3.0,0.0,410.15,1.0,4.5,1168.9275,702.0,0.25,30-39,2337.855,Not assigned
486366,F,True,False,usa,miami,TNT,47,Florida,8,3,1,3,0.0,1.0,1.0,686.38,0.0,3.6666666666666665,686.38,2241.0,0.375,40-49,1372.76,Not assigned
486454,M,True,True,usa,new york,LGA,45,New York,8,3,3,3,0.0,1.0,0.0,295.62333333333333,0.3333333333333333,2.0,886.87,411.0,0.375,40-49,1773.74,Not assigned
486605,F,False,False,usa,new york,LGA,29,New York,8,1,1,1,1.0,1.0,0.0,327.44,1.0,2.0,278.324,716.0,0.125,20-29,556.648,Indecisive
486751,F,True,False,usa,los angeles,LAX,49,California,10,3,3,2,0.6666666666666666,1.6666666666666667,0.6666666666666666,454.5866666666666,0.5,3.0,2361.9700000000003,1325.6,0.3,40-49,4723.9400000000005,High Spenders
487002,F,False,False,usa,wichita,ICT,19,Kansas,8,1,1,1,0.0,1.0,0.0,163.15,0.0,7.0,163.15,714.0,0.125,10-19,326.3,Indecisive
487352,F,False,True,usa,phoenix,PHX,17,Arizona,8,2,1,2,0.5,1.0,0.0,295.39,0.5,3.5,295.39,995.4,0.25,10-19,590.78,Youngs
487453,F,False,False,usa,houston,HOU,41,Texas,8,5,5,4,0.6,1.2,0.4,271.235,0.25,5.0,1636.69,3992.5,0.625,40-49,3273.38,Not assigned
487637,M,False,True,usa,austin,AUS,51,Texas,8,3,2,3,0.3333333333333333,1.0,0.5,342.105,0.0,3.0,684.21,941.8,0.375,50-59,1368.42,Not assigned
488099,F,False,False,usa,new york,LGA,16,New York,8,0,0,0,,,,,,,,,0.0,10-19,,Indecisive
488480,M,True,False,canada,victoria,YYJ,41,British Columbia,8,2,1,1,0.0,1.0,0.0,681.33,0.0,3.0,681.33,960.0,0.25,40-49,1362.66,Not assigned
488672,F,True,False,usa,chicago,MDW,48,Illinois,8,4,3,4,0.5,1.3333333333333333,0.6666666666666666,313.98833333333334,0.5,4.0,1053.298,3245.5,0.5,40-49,2106.596,Not assigned
488827,F,False,False,usa,san antonio,SKF,36,Texas,8,6,6,4,0.5,1.1666666666666667,0.3333333333333333,187.02416666666667,0.25,2.75,1111.392,837.6,0.75,30-39,2222.784,Not assigned
488865,F,False,False,canada,hamilton,YHM,35,Ontario,8,3,3,3,0.0,1.0,1.0,191.7,0.6666666666666666,3.333333333333333,575.1,895.0,0.375,30-39,1150.2,Not assigned
488870,F,True,True,usa,new york,LGA,57,New York,9,2,2,2,0.0,1.0,1.0,689.745,0.0,6.5,1379.49,2210.0,0.2222222222222222,50-59,2758.98,Not assigned
488918,F,False,False,usa,san diego,SAN,47,California,8,6,6,5,0.3333333333333333,1.3333333333333333,0.5,372.9983333333333,0.4,2.8,3392.06,3366.4,0.75,40-49,6784.12,High Spenders
489096,F,False,False,usa,los angeles,LAX,38,California,8,3,3,3,0.0,1.3333333333333333,0.0,488.2816666666667,0.3333333333333333,1.0,2219.48,321.0,0.375,30-39,4438.96,Not assigned
489131,F,False,False,usa,new york,JFK,23,New York,8,0,0,0,,,,,,,,,0.0,20-29,,Indecisive
489575,F,True,True,canada,hamilton,YHM,44,Ontario,9,4,4,4,0.0,1.0,0.75,232.3175,0.0,1.5,929.27,1069.0,0.4444444444444444,40-49,1858.54,Not assigned
489730,F,False,False,usa,el paso,BIF,42,Texas,8,4,4,2,0.0,1.0,0.5,370.02,0.0,2.5,1480.08,522.0,0.5,40-49,2960.16,Not assigned
489785,F,True,True,usa,atlanta,ATL,37,Georgia,9,3,3,3,0.6666666666666666,1.3333333333333333,0.3333333333333333,169.93666666666667,0.3333333333333333,5.0,542.0085,1894.4,0.3333333333333333,30-39,1084.017,Not assigned
489949,F,False,True,usa,tampa,TPA,47,Florida,8,2,2,2,0.0,2.0,0.0,727.3116666666666,0.0,4.5,2801.01,1209.0,0.25,40-49,5602.02,High Spenders
489992,M,False,False,usa,bakersfield,BFL,28,California,8,3,2,3,0.3333333333333333,2.0,0.5,407.75166666666667,0.0,3.6666666666666665,1214.255,4211.15,0.375,20-29,2428.51,Not assigned
490201,F,False,True,usa,columbus,LCK,41,Ohio,8,2,2,2,0.5,1.0,1.0,367.825,0.0,3.0,735.65,355.4,0.25,40-49,1471.3,Not assigned
490348,F,False,False,usa,lincoln,LNK,37,Nebraska,8,1,1,1,0.0,1.0,1.0,410.54,0.0,2.0,410.54,526.0,0.125,30-39,821.08,Indecisive
490517,F,True,True,usa,charlotte,CLT,50,North Carolina,8,3,3,1,0.3333333333333333,1.3333333333333333,1.0,133.19500000000002,0.0,1.0,567.36,434.0,0.375,50-59,1134.72,Not assigned
490576,M,True,False,usa,san jose,SJC,56,California,8,2,2,2,0.5,1.0,0.5,318.31,1.0,2.0,636.62,612.4,0.25,50-59,1273.24,Not assigned
490608,F,False,False,usa,new york,LGA,34,New York,9,2,2,1,0.0,1.5,1.5,440.385,0.0,1.0,1324.8,407.0,0.2222222222222222,30-39,2649.6,Not assigned
490629,F,False,True,usa,new york,LGA,36,New York,8,4,4,4,0.25,1.0,0.5,137.745,0.0,2.5,541.6139999999999,2303.0,0.5,30-39,1083.2279999999998,Not assigned
491141,F,False,False,usa,omaha,OFF,49,Nebraska,8,5,5,4,0.2,1.4,0.6,258.3713333333333,0.5,2.5,1483.232,4479.0,0.625,40-49,2966.464,Not assigned
491175,F,True,True,usa,houston,HOU,55,Texas,10,4,4,4,0.0,1.0,0.5,354.3075,0.25,2.5,1417.23,1545.0,0.4,50-59,2834.46,Not assigned
491182,F,False,False,canada,montreal,YUL,46,Quebec,9,5,5,5,0.2,1.0,0.6,314.708,0.2,2.4,1572.4975,1393.0,0.5555555555555556,40-49,3144.995,Not assigned
491241,F,True,True,usa,new york,JFK,50,New York,8,3,3,2,0.3333333333333333,1.0,0.0,590.82,0.0,2.0,1712.43,1258.0,0.375,50-59,3424.86,Not assigned
491617,F,False,False,canada,hamilton,YHM,52,Ontario,9,4,3,4,0.25,2.0,1.3333333333333333,351.72,0.5,6.75,1960.456,4955.0,0.4444444444444444,50-59,3920.912,Not assigned
491930,F,False,False,usa,mobile,MOB,41,Alabama,8,3,3,3,0.0,1.6666666666666667,1.0,252.09,0.0,2.0,1122.37,1095.0,0.375,40-49,2244.74,Not assigned
491995,M,False,False,usa,new orleans,NBG,17,Louisiana,8,0,0,0,,,,,,,,,0.0,10-19,,Indecisive
492371,M,True,False,usa,dallas,DAL,42,Texas,8,2,2,2,0.0,1.0,0.5,372.73,0.0,3.0,745.46,365.0,0.25,40-49,1490.92,Not assigned
492497,F,True,False,usa,boston,BOS,40,Massachusetts,8,0,0,0,,,,,,,,,0.0,40-49,,Indecisive
493177,F,True,False,usa,chicago,ORD,46,Illinois,8,4,4,4,0.5,1.0,0.5,200.5975,0.25,6.0,802.39,4766.9,0.5,40-49,1604.78,Not assigned
493476,F,False,True,usa,detroit,YIP,41,Michigan,8,1,1,1,1.0,1.0,0.0,157.03,0.0,1.0,125.624,309.0,0.125,40-49,251.248,Indecisive
493718,F,True,True,usa,san antonio,SAT,53,Texas,9,4,3,4,0.5,2.0,0.0,453.7394444444444,0.0,4.75,2448.6575000000003,6523.450000000001,0.4444444444444444,50-59,4897.3150000000005,High Spenders
494294,F,True,False,usa,miami,TNT,38,Florida,8,4,4,4,0.25,1.0,0.75,506.3325,0.75,2.75,2025.33,1713.0,0.5,30-39,4050.66,Not assigned
494374,F,False,False,canada,halifax,YHZ,47,Nova Scotia,8,2,2,2,0.5,1.0,0.5,370.215,1.0,1.0,681.945,345.0,0.25,40-49,1363.89,Not assigned
494463,F,False,True,usa,washington,IAD,34,Virginia,8,4,4,2,0.5,1.5,0.25,215.87125,0.0,1.0,965.41,351.0,0.5,30-39,1930.82,Not assigned
494484,F,False,False,usa,amarillo,AMA,17,Texas,8,3,1,3,0.3333333333333333,2.0,1.0,499.31,0.0,7.333333333333333,898.758,5388.6,0.375,10-19,1797.516,Long Stayers
494630,F,False,False,usa,modesto,MOD,17,California,9,1,0,1,0.0,,,,0.0,6.0,,384.0,0.1111111111111111,10-19,,Indecisive
494985,F,False,False,canada,winnipeg,YWG,48,Manitoba,8,6,6,5,0.0,1.0,0.3333333333333333,332.285,0.0,4.0,1993.71,3510.0,0.75,40-49,3987.42,Not assigned
495029,F,True,False,usa,houston,EFD,44,Texas,9,3,2,3,0.3333333333333333,1.0,0.5,114.22,0.0,3.6666666666666665,228.44,971.6,0.3333333333333333,40-49,456.88,Not assigned
495386,F,True,True,canada,edmonton,YED,54,,8,3,3,2,1.0,1.0,0.6666666666666666,355.38000000000005,0.5,2.5,888.8545,993.6,0.375,50-59,1777.709,Discount buyer
495592,M,True,True,usa,fort worth,FTW,54,Texas,9,0,0,0,,,,,,,,,0.0,50-59,,Indecisive
495727,F,True,False,usa,san diego,NZY,47,California,8,6,6,6,0.0,1.3333333333333333,1.1666666666666667,382.8233333333333,0.1666666666666666,2.833333333333333,2934.17,4053.0,0.75,40-49,5868.34,High Spenders
496016,F,True,False,usa,new york,JFK,42,New York,8,4,4,4,0.5,1.0,0.75,226.49,0.0,2.0,894.642,1770.6999999999998,0.5,40-49,1789.284,Not assigned
496332,F,False,False,usa,new york,LGA,45,New York,8,4,4,4,0.25,1.5,0.75,334.915,0.25,4.25,1474.8825,4716.0,0.5,40-49,2949.765,Not assigned
496566,F,False,False,canada,montreal,YHU,46,Quebec,8,4,3,2,0.0,1.0,0.6666666666666666,396.5966666666666,0.0,5.0,1189.79,4345.0,0.5,40-49,2379.58,Not assigned
496899,F,False,False,usa,new york,LGA,22,New York,8,1,1,1,0.0,1.0,1.0,98.45,0.0,4.0,98.45,1416.0,0.125,20-29,196.9,Indecisive
496972,F,False,False,usa,dallas,DAL,33,Texas,9,3,3,1,0.0,1.0,0.3333333333333333,290.9766666666667,1.0,2.0,872.9300000000001,500.0,0.3333333333333333,30-39,1745.8600000000001,Not assigned
497077,F,False,False,usa,san jose,SJC,42,California,8,2,2,2,0.5,1.0,0.5,438.225,0.0,2.5,807.629,1337.0,0.25,40-49,1615.258,Not assigned
497225,F,True,False,usa,phoenix,LUF,47,Arizona,8,5,5,5,0.4,1.0,0.2,326.804,0.4,3.0,1547.1675,3058.0,0.625,40-49,3094.335,Not assigned
497678,F,True,False,usa,houston,IAH,42,Texas,9,2,2,2,0.5,1.0,0.5,363.99,0.0,2.0,727.98,568.8,0.2222222222222222,40-49,1455.96,Not assigned
497829,M,False,True,usa,baltimore,BWI,55,Maryland,8,2,2,2,0.5,1.0,0.5,568.975,0.0,1.5,1080.826,538.7,0.25,50-59,2161.652,Not assigned
497915,F,True,False,usa,tucson,DMA,38,Arizona,8,4,4,4,0.25,1.0,1.0,328.395,0.0,2.0,1313.58,1942.75,0.5,30-39,2627.16,Not assigned
498287,M,False,False,usa,san francisco,SFO,41,California,8,5,5,5,0.0,1.8,0.8,297.0795,0.2,1.4,3210.69,2222.0,0.625,40-49,6421.38,High Spenders
498357,F,False,False,usa,new york,LGA,44,New York,8,5,4,5,0.4,1.25,1.0,486.07875,0.0,2.8,2270.508,3403.8,0.625,40-49,4541.016,High Spenders
498574,F,True,False,usa,columbus,LCK,37,Ohio,8,4,3,3,0.0,1.0,0.6666666666666666,215.6533333333333,0.3333333333333333,4.0,646.96,2213.0,0.5,30-39,1293.92,Not assigned
498607,F,True,False,canada,winnipeg,YWG,42,Manitoba,8,2,2,2,0.5,1.5,1.0,395.9725,0.5,1.0,1122.037,345.0,0.25,40-49,2244.074,Not assigned
499028,F,True,False,usa,indianapolis,IND,36,Gujarat,8,3,3,3,0.0,1.0,0.3333333333333333,137.77,0.3333333333333333,3.0,413.31,1130.0,0.375,30-39,826.62,Not assigned
499252,F,True,False,usa,chicago,ORD,39,Illinois,8,1,1,1,1.0,1.0,2.0,216.21,0.0,6.0,205.3995,780.0,0.125,30-39,410.799,Indecisive
499313,F,False,False,usa,new york,LGA,45,New York,8,1,1,1,0.0,1.0,1.0,100.12,0.0,7.0,100.12,700.0,0.125,40-49,200.24,Indecisive
499366,F,False,False,canada,quebec,YQB,47,Quebec,8,4,4,3,0.25,1.75,1.25,348.73749999999995,0.6666666666666666,2.333333333333333,2595.672,2246.0,0.5,40-49,5191.344,High Spenders
499375,F,False,False,canada,winnipeg,YAV,42,,8,5,5,5,0.2,1.2,0.6,413.518,0.4,2.0,2485.13,2011.4,0.625,40-49,4970.26,High Spenders
499461,F,False,False,usa,amarillo,AMA,50,Texas,8,2,2,2,0.0,1.0,0.0,162.73000000000002,0.0,2.0,325.46000000000004,1087.0,0.25,50-59,650.9200000000001,Not assigned
499475,F,True,False,usa,oakland,OAK,37,California,8,3,3,3,0.3333333333333333,1.0,0.0,190.2733333333333,0.0,2.0,570.0070000000001,1049.0,0.375,30-39,1140.0140000000001,Not assigned
499633,F,False,False,usa,dallas,DAL,30,Texas,8,5,4,3,0.4,1.0,1.25,300.39750000000004,0.3333333333333333,3.0,1178.847,1550.3,0.625,30-39,2357.694,Not assigned
499634,F,False,True,usa,amarillo,AMA,34,Texas,9,1,1,1,0.0,1.0,1.0,161.83,1.0,2.0,161.83,180.0,0.1111111111111111,30-39,323.66,Indecisive
499659,F,True,True,usa,san diego,NZY,57,California,8,1,0,1,1.0,,,,1.0,8.0,,2289.6,0.125,50-59,,Long Stayers
499669,F,True,True,usa,corpus christi,CRP,31,Texas,10,1,1,1,0.0,1.0,1.0,168.98,0.0,2.0,168.98,572.0,0.1,30-39,337.96,Indecisive
499780,F,False,True,canada,toronto,YYZ,36,Ontario,8,0,0,0,,,,,,,,,0.0,30-39,,Indecisive
499847,F,True,True,usa,oklahoma city,OKC,49,Oklahoma,9,3,3,3,0.0,1.3333333333333333,0.0,274.7133333333333,0.3333333333333333,2.0,984.28,1865.0,0.3333333333333333,40-49,1968.56,Not assigned
499979,F,True,False,canada,toronto,YYZ,49,Ontario,10,5,5,4,0.2,1.2,0.2,533.1270000000001,0.5,2.25,3293.25,1489.3,0.5,40-49,6586.5,High Spenders
500288,F,False,True,usa,st. petersburg,SPG,17,Florida,8,0,0,0,,,,,,,,,0.0,10-19,,Indecisive
500299,F,False,False,usa,san antonio,RND,18,Texas,8,1,0,1,0.0,,,,0.0,2.0,,360.0,0.125,10-19,,Indecisive
500745,F,False,False,canada,toronto,YYZ,28,Ontario,8,4,2,3,0.25,1.0,0.5,424.155,0.0,4.333333333333333,848.31,1921.4,0.5,20-29,1696.62,Not assigned
500773,F,False,False,canada,winnipeg,YWG,26,Manitoba,8,4,3,4,0.5,1.0,0.0,322.8,0.5,4.0,968.4,4319.65,0.5,20-29,1936.8,Not assigned
500791,F,True,False,canada,quebec,YQB,72,Quebec,8,1,0,1,1.0,,,,0.0,6.0,,765.0,0.125,70-79,,Indecisive
500828,F,True,False,usa,rochester,ROC,45,New York,8,3,3,2,0.0,1.0,0.3333333333333333,415.17,0.5,2.0,1245.51,500.0,0.375,40-49,2491.02,Not assigned
500972,F,True,True,usa,boston,BOS,41,Massachusetts,8,3,3,3,0.3333333333333333,2.333333333333333,0.6666666666666666,426.6825,0.3333333333333333,1.6666666666666667,2422.2585,1788.0,0.375,40-49,4844.517,High Spenders
500974,F,False,False,usa,san jose,SJC,41,California,8,6,5,6,0.0,1.0,0.4,549.99,0.1666666666666666,4.333333333333333,2749.95,2085.0,0.75,40-49,5499.9,High Spenders
501087,F,True,False,usa,los angeles,LAX,56,California,8,2,2,2,0.0,1.0,0.5,367.635,0.0,2.5,735.27,1186.0,0.25,50-59,1470.54,Not assigned
501125,M,True,True,usa,kansas city,MCI,45,Missouri,8,2,2,2,0.0,1.0,0.5,204.0,0.0,4.5,408.0,1296.0,0.25,40-49,816.0,Not assigned
501184,F,True,True,usa,reno,RNO,55,Nevada,8,4,3,4,0.0,1.0,0.6666666666666666,596.0633333333334,0.0,7.0,1788.19,7196.0,0.5,50-59,3576.38,Not assigned
501512,F,True,True,usa,fort worth,FTW,34,Texas,8,2,2,2,1.0,1.0,0.5,415.975,0.5,3.5,831.95,396.0,0.25,30-39,1663.9,Discount buyer
501764,F,True,False,canada,saskatoon,YXE,47,Saskatchewan,8,2,2,2,0.0,1.0,0.5,281.685,0.0,3.0,563.37,1139.0,0.25,40-49,1126.74,Not assigned
501830,F,True,True,canada,toronto,YYZ,33,Ontario,9,2,1,2,0.0,1.0,0.0,422.97,0.5,4.5,422.97,2712.0,0.2222222222222222,30-39,845.94,Not assigned
501897,F,True,True,usa,new york,LGA,43,New York,8,1,0,1,0.0,,,,0.0,9.0,,936.0,0.125,40-49,,Long Stayers
501947,F,True,True,canada,toronto,YKZ,51,Ontario,10,4,3,3,0.25,1.0,0.0,377.82666666666665,0.6666666666666666,2.0,1055.11,3811.0,0.4,50-59,2110.22,Not assigned
502063,F,True,False,usa,new york,JFK,48,New York,8,1,1,1,0.0,1.0,0.0,690.73,0.0,5.0,690.73,210.0,0.125,40-49,1381.46,Indecisive
502212,F,False,False,usa,san diego,NZY,24,California,8,1,1,1,1.0,1.0,0.0,715.35,1.0,1.0,608.0475,92.0,0.125,20-29,1216.095,Indecisive
502412,F,True,True,usa,new york,JFK,55,New York,8,3,2,3,0.6666666666666666,1.0,0.5,433.11,0.3333333333333333,5.666666666666667,778.638,842.0,0.375,50-59,1557.276,Not assigned
502435,F,True,True,usa,oklahoma city,TIK,39,Oklahoma,8,2,2,2,0.5,1.5,1.0,298.3,1.0,3.0,693.97,819.0,0.25,30-39,1387.94,Not assigned
502444,F,False,False,canada,ottawa,YOW,34,Ontario,8,6,6,5,0.1666666666666666,1.0,0.3333333333333333,255.6,0.6,2.4,1533.6,1950.0,0.75,30-39,3067.2,Not assigned
502609,F,True,False,usa,dallas,DAL,49,Texas,9,5,5,5,0.2,1.0,0.0,187.478,0.4,2.2,929.741,1476.0,0.5555555555555556,40-49,1859.482,Not assigned
502626,F,True,True,canada,toronto,YYZ,37,Ontario,8,2,2,2,0.0,1.0,1.0,260.615,0.0,2.0,521.23,811.0,0.25,30-39,1042.46,Not assigned
502799,F,True,False,usa,nashville,BNA,46,Tennessee,8,4,4,4,0.0,1.0,0.75,251.56,0.25,2.5,1006.24,1581.0,0.5,40-49,2012.48,Not assigned
502819,F,True,False,usa,knoxville,TYS,35,Tennessee,8,0,0,0,,,,,,,,,0.0,30-39,,Indecisive
502826,F,True,True,usa,los angeles,LAX,47,California,8,3,3,1,0.0,1.0,0.3333333333333333,393.3133333333333,1.0,1.0,1179.94,167.0,0.375,40-49,2359.88,Not assigned
502850,F,False,True,usa,riverside,RAL,41,California,8,0,0,0,,,,,,,,,0.0,40-49,,Indecisive
502875,F,True,True,canada,montreal,YUL,45,Quebec,8,3,3,2,0.0,1.3333333333333333,0.6666666666666666,403.565,0.5,1.0,1348.1799999999998,430.0,0.375,40-49,2696.3599999999997,Not assigned
503042,F,False,False,usa,montgomery,MXF,25,Alabama,8,1,1,1,1.0,1.0,1.0,181.51,0.0,2.0,181.51,160.5,0.125,20-29,363.02,Indecisive
503058,F,False,False,canada,edmonton,YXD,25,,10,3,2,3,0.0,1.0,0.5,398.015,0.0,3.0,796.03,1026.0,0.3,20-29,1592.06,Not assigned
503161,F,True,False,canada,halifax,YAW,46,,9,0,0,0,,,,,,,,,0.0,40-49,,Indecisive
503483,F,False,True,usa,los angeles,LAX,19,California,8,0,0,0,,,,,,,,,0.0,10-19,,Indecisive
503621,F,True,False,usa,corpus christi,CRP,41,Texas,8,2,1,2,0.0,1.0,0.0,416.13,0.0,9.5,416.13,1741.0,0.25,40-49,832.26,Long Stayers
503918,F,False,False,usa,new york,JFK,26,New York,8,0,0,0,,,,,,,,,0.0,20-29,,Indecisive
503973,F,False,False,canada,toronto,YYZ,44,Ontario,9,4,3,3,0.75,1.0,0.3333333333333333,151.16333333333333,0.0,3.333333333333333,412.855,1375.0,0.4444444444444444,40-49,825.71,Not assigned
504240,F,False,False,usa,los angeles,LAX,44,California,8,6,6,5,0.3333333333333333,1.1666666666666667,0.1666666666666666,486.5933333333333,0.2,2.4,2907.0875,1900.0,0.75,40-49,5814.175,High Spenders
504435,F,False,False,usa,long beach,LGB,44,California,8,3,3,3,0.3333333333333333,1.6666666666666667,1.0,465.1933333333333,0.6666666666666666,1.3333333333333333,1372.764,1129.5,0.375,40-49,2745.528,Not assigned
504473,F,False,False,usa,richmond,RIC,32,Virginia,8,2,2,2,0.0,1.0,1.0,266.495,0.5,2.0,532.99,398.0,0.25,30-39,1065.98,Not assigned
504610,F,True,False,usa,philadelphia,PNE,62,Pennsylvania,8,1,1,1,0.0,2.0,1.0,151.315,1.0,2.0,302.63,372.0,0.125,60-69,605.26,Indecisive
504665,F,False,False,usa,charlotte,CLT,31,North Carolina,9,2,1,2,1.0,1.0,2.0,545.28,0.0,6.5,518.016,1404.0,0.2222222222222222,30-39,1036.032,Discount buyer
504786,F,True,True,usa,omaha,OMA,48,Iowa,8,3,1,3,0.3333333333333333,1.0,1.0,245.1,0.3333333333333333,3.333333333333333,245.1,3230.35,0.375,40-49,490.2,Not assigned
504892,F,False,False,usa,dallas,DAL,30,Texas,8,3,2,2,0.3333333333333333,1.5,0.0,230.565,0.0,11.0,534.06,7245.6,0.375,30-39,1068.12,Long Stayers
504916,M,False,True,usa,memphis,MEM,35,Tennessee,8,0,0,0,,,,,,,,,0.0,30-39,,Indecisive
504936,F,True,False,usa,houston,IAH,57,Texas,9,3,2,3,0.6666666666666666,1.5,0.5,389.925,0.3333333333333333,5.333333333333333,1176.37,3149.8,0.3333333333333333,50-59,2352.74,Not assigned
505062,F,False,True,usa,philadelphia,PHL,36,Pennsylvania,8,3,3,3,0.3333333333333333,1.0,0.3333333333333333,457.0833333333333,0.3333333333333333,3.0,1371.25,1161.25,0.375,30-39,2742.5,Not assigned
505172,M,True,True,usa,tampa,MCF,30,Florida,8,1,1,1,0.0,1.0,1.0,529.14,1.0,1.0,529.14,168.0,0.125,30-39,1058.28,Indecisive
505285,F,False,True,usa,new york,LGA,43,New York,8,4,4,4,0.5,1.0,0.75,285.715,0.25,3.5,1142.86,2309.15,0.5,40-49,2285.72,Not assigned
505414,F,True,False,usa,boston,BOS,47,Massachusetts,8,2,2,2,0.0,1.0,0.0,356.125,0.0,5.5,712.25,1691.0,0.25,40-49,1424.5,Not assigned
505498,M,False,True,usa,houston,IAH,36,Texas,8,2,2,1,0.5,1.0,1.5,279.47,0.0,2.0,558.94,608.0,0.25,30-39,1117.88,Not assigned
505713,F,True,False,canada,montreal,YHU,44,Quebec,8,4,4,3,0.25,1.25,0.5,261.8175,0.6666666666666666,2.6666666666666665,1071.205,1408.0,0.5,40-49,2142.41,Not assigned
505747,F,False,False,usa,los angeles,LAX,37,California,8,2,2,2,0.0,1.5,1.0,229.5175,1.0,2.5,887.25,1383.0,0.25,30-39,1774.5,Not assigned
505771,F,True,True,canada,montreal,YUL,55,Quebec,9,5,5,4,0.0,1.4,0.4,300.35900000000004,0.25,1.25,1977.98,1201.0,0.5555555555555556,50-59,3955.96,Not assigned
505933,F,True,False,usa,houston,IAH,47,Texas,8,1,1,1,0.0,1.0,0.0,446.23,1.0,2.0,446.23,220.0,0.125,40-49,892.46,Indecisive
505941,F,True,True,usa,new york,LGA,50,New York,8,3,2,3,0.6666666666666666,1.0,0.5,205.59,0.0,2.6666666666666665,380.193,1192.0,0.375,50-59,760.386,Not assigned
506013,F,False,False,canada,vancouver,YVR,40,British Columbia,8,4,4,4,0.5,1.25,0.75,431.14875,0.25,1.5,2188.663,526.85,0.5,40-49,4377.326,Not assigned
506186,F,False,False,usa,detroit,DTW,25,Michigan,8,3,2,2,0.0,1.5,0.5,332.795,1.0,3.0,779.75,981.0,0.375,20-29,1559.5,Not assigned
506234,F,True,False,usa,riverside,RIV,37,California,9,4,3,3,0.25,1.0,1.0,401.18666666666667,0.6666666666666666,4.333333333333333,1129.6609999999998,1132.0,0.4444444444444444,30-39,2259.3219999999997,Not assigned
506250,F,False,True,usa,lincoln,LNK,43,Nebraska,8,3,3,3,0.0,1.0,0.6666666666666666,247.53333333333333,0.6666666666666666,1.6666666666666667,742.6,511.0,0.375,40-49,1485.2,Not assigned
506347,F,False,False,usa,los angeles,LAX,17,California,8,0,0,0,,,,,,,,,0.0,10-19,,Indecisive
506652,F,True,True,usa,kansas city,MCI,52,Missouri,8,3,3,1,0.0,1.3333333333333333,0.0,201.23666666666668,0.0,1.0,730.94,236.0,0.375,50-59,1461.88,Not assigned
506675,F,False,True,usa,detroit,DTW,47,Michigan,8,4,3,4,0.25,1.0,0.6666666666666666,486.3033333333333,0.25,4.25,1430.605,2027.5,0.5,40-49,2861.21,Not assigned
506704,F,True,False,canada,montreal,YUL,55,Quebec,8,2,2,1,0.5,1.0,1.0,678.69,0.0,3.0,1295.828,270.0,0.25,50-59,2591.656,Not assigned
506777,F,True,False,usa,tulsa,TUL,59,Oklahoma,8,1,1,1,1.0,2.0,2.0,120.19,1.0,2.0,228.361,700.0,0.125,50-59,456.722,Indecisive
506807,F,True,False,usa,los angeles,LAX,42,California,8,4,4,2,0.5,1.0,0.0,473.845,0.0,1.5,1713.7215,1065.0,0.5,40-49,3427.443,Not assigned
506858,F,False,True,usa,houston,EFD,46,Texas,8,3,3,3,0.3333333333333333,1.3333333333333333,0.3333333333333333,473.485,0.6666666666666666,1.0,1944.203,817.05,0.375,40-49,3888.406,Not assigned
506990,F,False,False,usa,lubbock,LBB,25,Texas,8,0,0,0,,,,,,,,,0.0,20-29,,Indecisive
507036,F,False,False,usa,minneapolis,MSP,35,Minnesota,8,2,1,2,0.0,1.0,1.0,181.34,0.0,4.0,181.34,895.0,0.25,30-39,362.68,Not assigned
507376,F,True,False,usa,honolulu,HNL,34,Hawaii,8,2,1,2,0.0,1.0,1.0,1274.53,0.0,4.0,1274.53,505.0,0.25,30-39,2549.06,Not assigned
507395,F,True,True,usa,winston-salem,INT,45,North Carolina,9,2,2,2,0.0,1.5,1.5,293.1175,0.0,2.5,694.1899999999999,1505.0,0.2222222222222222,40-49,1388.3799999999999,Not assigned
507431,F,False,False,canada,toronto,YYZ,36,Ontario,8,4,3,4,0.25,1.0,0.6666666666666666,589.5533333333334,0.25,3.5,1768.66,1058.2,0.5,30-39,3537.32,Not assigned
507505,F,True,True,usa,newark,EWR,49,New Jersey,9,2,2,2,0.0,1.0,1.0,374.6,0.0,6.5,749.1999999999999,6871.0,0.2222222222222222,40-49,1498.3999999999999,Not assigned
507513,F,False,False,usa,sacramento,MHR,17,California,12,0,0,0,,,,,,,,,0.0,10-19,,Indecisive
507531,F,False,False,usa,oakland,OAK,23,California,9,1,0,1,0.0,,,,0.0,13.0,,1742.0,0.1111111111111111,20-29,,Long Stayers
507617,F,True,False,canada,montreal,YUL,48,Quebec,9,2,2,2,0.5,1.5,1.0,278.9675,0.0,2.0,1018.19,673.7,0.2222222222222222,40-49,2036.38,Not assigned
507732,M,False,False,usa,new york,JFK,45,New York,8,4,2,4,0.5,1.0,0.0,287.77,0.25,4.0,575.54,2478.0,0.5,40-49,1151.08,Not assigned
507773,F,False,False,usa,little rock,LIT,39,Arkansas,8,3,2,3,0.0,1.0,0.5,442.01,0.6666666666666666,2.6666666666666665,884.02,1197.0,0.375,30-39,1768.04,Not assigned
508240,F,False,False,usa,san antonio,SKF,28,Texas,8,3,3,3,0.6666666666666666,1.0,0.6666666666666666,138.80666666666664,0.3333333333333333,2.333333333333333,348.8835,622.0,0.375,20-29,697.767,Not assigned
508360,F,False,False,usa,new york,JFK,36,New York,8,2,2,2,0.5,1.5,0.0,220.135,0.0,1.5,826.607,798.0,0.25,30-39,1653.214,Not assigned
508512,F,True,False,usa,providence,PVD,67,Rhode Island,8,1,0,1,0.0,,,,0.0,4.0,,968.0,0.125,60-69,,Indecisive
508625,F,False,False,usa,new york,JFK,43,New York,8,3,2,2,0.0,1.5,1.0,333.04999999999995,0.0,8.5,728.14,4154.0,0.375,40-49,1456.28,Long Stayers
508693,F,True,False,canada,halifax,YAW,54,,8,3,2,3,0.6666666666666666,1.5,0.5,389.9475,0.3333333333333333,3.0,1447.98,1240.3,0.375,50-59,2895.96,Not assigned
508848,F,True,True,usa,st. louis,STL,52,Missouri,8,2,2,2,0.0,1.0,1.0,172.765,0.0,5.0,345.53,1293.0,0.25,50-59,691.06,Not assigned
508857,F,True,False,canada,ottawa,YOW,43,Ontario,8,5,5,5,0.0,1.2,0.4,368.082,0.6,3.4,2432.99,2520.0,0.625,40-49,4865.98,High Spenders
508860,M,True,False,usa,los angeles,LAX,27,California,8,2,2,2,0.5,1.0,0.5,85.51,0.5,1.5,171.02,749.2,0.25,20-29,342.04,Not assigned
508866,F,False,False,usa,el paso,BIF,30,Texas,8,3,3,3,0.3333333333333333,1.6666666666666667,0.3333333333333333,284.31555555555553,0.0,4.333333333333333,1628.53,3119.0,0.375,30-39,3257.06,Not assigned
508877,F,True,True,usa,phoenix,PHX,52,Arizona,9,6,6,5,0.1666666666666666,1.1666666666666667,0.8333333333333334,492.975,0.2,3.8,3561.05,2456.0,0.6666666666666666,50-59,7122.1,High Spenders
508912,M,False,False,usa,tallahassee,TLH,43,Florida,8,2,2,1,0.5,1.0,1.0,272.185,0.0,1.0,544.37,27.9,0.25,40-49,1088.74,Not assigned
508938,F,True,False,usa,atlanta,ATL,42,Georgia,8,3,3,3,0.0,1.0,0.6666666666666666,232.01,0.3333333333333333,3.333333333333333,696.03,1144.0,0.375,40-49,1392.06,Not assigned
508940,M,False,False,usa,grand rapids,GRR,39,Michigan,9,4,4,4,0.25,1.0,0.0,442.97,0.25,3.75,1741.7105,2423.0,0.4444444444444444,30-39,3483.421,Not assigned
508946,M,False,False,usa,louisville,LOU,26,Kentucky,8,4,3,4,0.25,1.0,0.3333333333333333,347.68333333333334,0.0,2.5,1043.05,1164.0,0.5,20-29,2086.1,Not assigned
508973,F,False,False,usa,modesto,MOD,35,California,9,2,2,2,0.0,1.5,2.0,388.3525,0.5,2.0,1291.11,410.0,0.2222222222222222,30-39,2582.22,Not assigned
509036,F,False,True,usa,new york,JFK,39,New York,8,2,2,1,0.5,1.0,1.0,492.835,0.0,3.0,985.67,111.0,0.25,30-39,1971.34,Not assigned
509069,F,True,False,usa,new york,JFK,44,New York,8,4,2,3,0.0,1.0,1.0,649.3800000000001,0.3333333333333333,2.0,1298.7600000000002,813.0,0.5,40-49,2597.5200000000004,Not assigned
509098,F,False,False,usa,los angeles,LAX,43,California,9,2,2,1,1.0,2.0,0.5,489.56166666666667,0.0,6.0,1699.0700000000002,364.8,0.2222222222222222,40-49,3398.1400000000003,Discount buyer
509160,M,False,True,usa,new orleans,NBG,53,Louisiana,8,2,2,2,0.5,1.0,1.0,452.125,0.0,1.5,845.892,380.0,0.25,50-59,1691.784,Not assigned
509162,F,False,False,usa,new york,JFK,46,New York,9,2,0,2,0.5,,,,1.0,11.5,,8600.0,0.2222222222222222,40-49,,Long Stayers
509221,F,False,False,usa,kansas city,MCI,38,Missouri,9,4,3,4,0.25,1.0,1.0,165.86,0.0,3.25,490.1735,2156.0,0.4444444444444444,30-39,980.347,Not assigned
509242,M,False,False,usa,st. petersburg,PIE,42,Florida,8,3,3,3,0.3333333333333333,1.0,0.0,374.2,0.0,1.3333333333333333,1097.342,501.0,0.375,40-49,2194.684,Not assigned
509272,F,False,True,usa,dallas,DAL,20,Texas,8,1,0,1,0.0,,,,0.0,9.0,,873.0,0.125,20-29,,Long Stayers
509341,F,False,False,canada,vancouver,YVR,23,British Columbia,8,2,2,1,0.5,1.0,0.0,468.93500000000006,0.0,2.0,937.87,402.0,0.25,20-29,1875.74,Not assigned
509353,F,False,False,usa,dallas,DAL,29,Texas,9,1,1,1,0.0,2.0,0.0,334.34,0.0,4.0,668.68,1632.0,0.1111111111111111,20-29,1337.36,Indecisive
509359,F,False,False,usa,oakland,OAK,42,California,8,4,4,4,0.25,1.0,0.25,663.91,0.75,4.25,2655.64,2735.8,0.5,40-49,5311.28,High Spenders
509411,F,True,False,usa,salt lake city,SLC,42,Utah,8,4,4,2,0.75,1.0,0.25,485.5275,0.5,1.0,1824.14,192.4,0.5,40-49,3648.28,Not assigned
509419,F,False,False,usa,philadelphia,PNE,41,Pennsylvania,8,4,4,4,0.25,1.0,1.0,446.83,0.5,1.25,1779.0615,659.0,0.5,40-49,3558.123,Not assigned
509445,F,True,False,usa,san francisco,SFO,39,California,8,4,3,3,0.0,1.0,0.3333333333333333,567.5533333333333,0.3333333333333333,3.333333333333333,1702.66,2634.0,0.5,30-39,3405.32,Not assigned
509454,F,False,True,usa,tampa,MCF,39,Florida,8,2,1,2,0.0,1.0,1.0,559.49,0.5,14.0,559.49,11408.0,0.25,30-39,1118.98,Long Stayers
509467,M,False,False,usa,seattle,SEA,27,Washington,8,2,2,2,0.0,2.0,1.5,385.845,0.0,6.0,2052.9700000000003,7042.0,0.25,20-29,4105.9400000000005,Not assigned
509516,F,False,False,usa,colorado springs,COS,45,Colorado,9,3,2,3,0.3333333333333333,1.5,1.0,341.77,0.3333333333333333,1.3333333333333333,1220.51,854.1,0.3333333333333333,40-49,2441.02,Not assigned
509552,F,False,False,usa,los angeles,LAX,17,California,8,3,1,2,0.0,1.0,1.0,697.33,0.0,6.5,697.33,2125.0,0.375,10-19,1394.66,Youngs
509626,F,False,True,usa,brownsville,BRO,51,Texas,8,3,3,3,0.3333333333333333,1.3333333333333333,1.0,371.4316666666667,0.0,6.0,1528.02,1411.6,0.375,50-59,3056.04,Not assigned
509635,M,True,False,usa,austin,AUS,36,Texas,8,3,3,3,0.0,1.0,0.0,344.8333333333333,0.3333333333333333,1.0,1034.5,498.0,0.375,30-39,2069.0,Not assigned
509638,F,True,True,usa,reno,RNO,46,Nevada,8,1,1,0,0.0,1.0,0.0,207.08,,,207.08,,0.125,40-49,414.16,Indecisive
509645,M,True,False,usa,riverside,RAL,53,California,8,3,3,3,1.0,1.0,0.3333333333333333,260.49333333333334,0.3333333333333333,3.6666666666666665,737.945,1508.4,0.375,50-59,1475.89,Discount buyer
509681,F,False,True,usa,milwaukee,MKE,42,Wisconsin,8,4,3,4,0.0,1.3333333333333333,0.3333333333333333,267.87333333333333,0.5,5.0,1034.6,4856.0,0.5,40-49,2069.2,Not assigned
509713,F,True,True,usa,dallas,DAL,34,Texas,8,3,3,3,0.3333333333333333,1.3333333333333333,0.6666666666666666,286.84,0.3333333333333333,3.333333333333333,1035.57,4441.5,0.375,30-39,2071.14,Not assigned
509717,F,False,False,usa,new york,JFK,43,New York,8,4,4,4,0.25,1.0,0.0,512.9175,0.25,2.25,2012.912,1431.0,0.5,40-49,4025.824,Not assigned
509749,M,False,False,usa,new york,JFK,41,New York,8,7,6,7,0.4285714285714285,1.0,0.6666666666666666,286.56333333333333,0.1428571428571428,2.7142857142857144,1596.9315,2353.85,0.875,40-49,3193.863,Not assigned
509763,F,True,False,usa,los angeles,LAX,49,California,8,6,6,5,0.5,1.0,0.5,628.695,0.0,2.6,3676.458,2086.6,0.75,40-49,7352.916,High Spenders
509765,F,False,False,usa,los angeles,LAX,29,California,9,4,4,4,0.25,1.0,0.25,703.5025,0.25,1.5,2814.01,917.6,0.4444444444444444,20-29,5628.02,High Spenders
509822,M,False,False,usa,charlotte,CLT,38,North Carolina,8,3,3,3,0.0,1.0,0.3333333333333333,314.7133333333333,0.0,2.0,944.14,1324.0,0.375,30-39,1888.28,Not assigned
509826,F,True,True,usa,miami,TNT,63,Florida,9,1,1,1,0.0,1.0,0.0,215.25,1.0,4.0,215.25,216.0,0.1111111111111111,60-69,430.5,Indecisive
509876,F,True,False,usa,baltimore,BWI,68,Maryland,8,0,0,0,,,,,,,,,0.0,60-69,,Indecisive
509892,M,True,False,usa,san jose,SJC,67,California,8,1,0,1,0.0,,,,0.0,7.0,,910.0,0.125,60-69,,Indecisive
509903,F,False,False,usa,long beach,LGB,40,California,8,5,5,5,0.2,1.0,0.8,483.064,0.4,3.0,2273.4120000000003,2818.0,0.625,40-49,4546.8240000000005,High Spenders
509919,M,True,False,usa,tampa,TPA,46,Florida,8,3,2,3,0.0,1.0,0.0,632.3499999999999,0.3333333333333333,4.333333333333333,1264.6999999999998,2138.0,0.375,40-49,2529.3999999999996,Not assigned
509990,M,False,False,usa,minneapolis,MSP,40,Minnesota,8,1,1,1,1.0,1.0,0.0,356.87,0.0,1.0,339.0265,64.0,0.125,40-49,678.053,Indecisive
510003,F,True,True,usa,tulsa,TUL,45,Oklahoma,8,1,1,1,0.0,2.0,1.0,325.25,0.0,4.0,650.5,504.0,0.125,40-49,1301.0,Indecisive
510044,M,False,False,usa,santa ana,SNA,46,California,8,3,3,3,0.6666666666666666,1.3333333333333333,0.3333333333333333,514.645,0.3333333333333333,2.6666666666666665,1563.9275,1317.0,0.375,40-49,3127.855,Not assigned
510078,F,True,False,usa,grand rapids,GRR,36,Michigan,10,2,2,2,0.0,1.0,0.0,141.5,0.5,2.0,283.0,1028.0,0.2,30-39,566.0,Not assigned
510079,F,False,False,usa,new york,LGA,29,New York,9,1,1,1,0.0,1.0,0.0,406.43,0.0,1.0,406.43,82.0,0.1111111111111111,20-29,812.86,Indecisive
510094,F,False,False,usa,long beach,LGB,45,California,8,1,1,1,0.0,1.0,2.0,5.35,1.0,9.0,5.35,1179.0,0.125,40-49,10.7,Long Stayers
510104,F,False,True,canada,montreal,YHU,36,Quebec,8,3,3,2,0.0,1.0,0.3333333333333333,390.07,0.5,2.0,1170.21,538.0,0.375,30-39,2340.42,Not assigned
510108,F,True,False,usa,colorado springs,COS,51,Colorado,9,2,2,1,0.0,1.5,1.0,254.625,0.0,7.0,656.64,1267.0,0.2222222222222222,50-59,1313.28,Not assigned
510114,M,False,False,usa,omaha,OMA,40,Iowa,8,6,6,5,0.1666666666666666,1.0,0.3333333333333333,300.815,0.4,5.4,1681.647,4647.0,0.75,40-49,3363.294,Not assigned
510134,F,False,False,usa,newark,EWR,47,New Jersey,8,6,5,6,0.5,1.2,0.8,68.13399999999999,0.1666666666666666,6.0,494.153,5801.0,0.75,40-49,988.306,Not assigned
510155,M,True,True,usa,dallas,DAL,44,Texas,8,4,2,3,0.0,1.5,0.0,320.4575,0.0,9.0,993.67,7929.0,0.5,40-49,1987.34,Long Stayers
510156,M,False,False,usa,seattle,SEA,42,Washington,8,5,4,5,0.0,1.25,0.5,637.5475,0.6,4.6,3223.1,4311.0,0.625,40-49,6446.2,High Spenders
510170,F,False,False,canada,ottawa,YOW,26,Ontario,8,3,3,3,0.3333333333333333,1.3333333333333333,0.6666666666666666,279.37833333333333,0.0,4.333333333333333,932.57,1639.9,0.375,20-29,1865.14,Not assigned
510185,F,True,False,usa,houston,HOU,44,Texas,8,4,3,4,0.5,1.0,0.3333333333333333,357.55,0.5,5.0,1072.65,7456.1,0.5,40-49,2145.3,Not assigned
510195,M,True,False,usa,houston,IAH,53,Texas,8,4,3,4,0.25,1.0,0.6666666666666666,304.92,0.25,5.0,863.7,4048.0,0.5,50-59,1727.4,Not assigned
510215,F,True,False,usa,mobile,MOB,29,Alabama,9,3,1,3,0.3333333333333333,1.0,1.0,256.62,0.0,9.0,256.62,2065.8,0.3333333333333333,20-29,513.24,Long Stayers
510219,M,True,False,canada,montreal,YUL,43,Quebec,8,3,3,2,0.0,1.0,0.0,352.52,0.5,4.0,1057.56,1128.0,0.375,40-49,2115.12,Not assigned
510227,M,False,False,usa,tulsa,TUL,32,Oklahoma,8,2,2,2,0.0,1.0,0.5,309.26,0.5,2.0,618.52,346.0,0.25,30-39,1237.04,Not assigned
510257,F,True,False,usa,las vegas,LSV,48,Nevada,8,2,2,1,0.0,1.5,0.0,525.2825,0.0,1.0,1596.22,78.0,0.25,40-49,3192.44,Not assigned
510270,F,True,True,usa,columbus,LCK,46,Ohio,8,1,1,0,0.0,2.0,0.0,393.145,,,786.29,,0.125,40-49,1572.58,Indecisive
510315,F,False,False,usa,norfolk,NGU,43,Virginia,8,2,2,1,0.5,1.0,1.5,82.35,0.0,1.0,152.358,231.0,0.25,40-49,304.716,Not assigned
510316,F,False,True,usa,phoenix,PHX,17,Arizona,8,1,0,1,0.0,,,,0.0,17.0,,2057.0,0.125,10-19,,Long Stayers
510326,M,False,False,canada,quebec,YQB,41,Quebec,8,6,6,6,0.5,1.3333333333333333,1.5,264.565,0.0,3.5,1552.2759999999998,4850.65,0.75,40-49,3104.5519999999997,Not assigned
510328,F,False,False,usa,detroit,DET,36,Michigan,8,5,5,4,0.2,1.0,0.2,235.876,0.5,2.25,1179.38,1221.8,0.625,30-39,2358.76,Not assigned
510343,F,True,True,usa,oklahoma city,OKC,38,Oklahoma,9,4,4,4,0.25,1.25,0.75,221.14875,0.25,2.25,1180.4745,2242.2,0.4444444444444444,30-39,2360.949,Not assigned
510356,F,True,False,usa,wichita,ICT,51,Kansas,8,2,2,2,0.5,1.0,0.5,282.67,1.0,4.0,545.3475000000001,1101.0,0.25,50-59,1090.6950000000002,Not assigned
510365,F,False,False,usa,boston,BOS,45,Massachusetts,8,4,4,4,0.0,1.5,0.25,474.0700000000001,0.0,4.5,2149.02,7009.0,0.5,40-49,4298.04,Not assigned
510369,F,False,False,usa,bakersfield,BFL,48,California,8,3,3,3,0.3333333333333333,1.0,0.0,473.3633333333333,0.0,4.666666666666667,1399.6585,1578.0,0.375,40-49,2799.317,Not assigned
510393,M,False,False,canada,calgary,YYC,49,Alberta,8,1,1,1,0.0,1.0,0.0,404.58,0.0,9.0,404.58,792.0,0.125,40-49,809.16,Long Stayers
510418,F,True,True,usa,dallas,DAL,35,Texas,9,0,0,0,,,,,,,,,0.0,30-39,,Indecisive
510423,M,True,True,usa,oakland,OAK,52,California,8,2,1,1,0.5,1.0,1.0,105.21,1.0,7.0,105.21,938.7,0.25,50-59,210.42,Not assigned
510449,F,False,True,usa,charlotte,CLT,52,North Carolina,9,4,4,3,0.5,1.0,0.75,172.9875,0.0,1.3333333333333333,635.8305,498.0,0.4444444444444444,50-59,1271.661,Not assigned
510459,M,False,False,canada,ottawa,YOW,30,Ontario,8,3,3,3,0.0,1.3333333333333333,0.6666666666666666,227.6816666666667,0.3333333333333333,2.333333333333333,824.64,1527.0,0.375,30-39,1649.28,Not assigned
510494,F,True,False,usa,kansas city,MCI,47,Missouri,9,5,5,5,0.2,1.2,0.4,328.322,0.6,2.0,1849.818,1061.0,0.5555555555555556,40-49,3699.636,Not assigned
510537,F,True,True,usa,austin,AUS,47,Texas,10,5,4,4,0.2,1.5,1.25,864.7258333333334,0.75,5.25,7980.19,2414.2,0.5,40-49,15960.38,High Spenders
510543,M,False,True,canada,toronto,YYZ,19,Ontario,8,0,0,0,,,,,,,,,0.0,10-19,,Indecisive
510545,F,False,False,usa,los angeles,LAX,58,California,8,1,0,1,0.0,,,,0.0,5.0,,1710.0,0.125,50-59,,Indecisive
510558,M,False,True,usa,newark,EWR,23,New Jersey,9,1,1,1,0.0,1.0,1.0,359.89,0.0,1.0,359.89,114.0,0.1111111111111111,20-29,719.78,Indecisive
510575,F,False,True,usa,los angeles,LAX,22,California,8,0,0,0,,,,,,,,,0.0,20-29,,Indecisive
510610,F,True,False,usa,new york,LGA,34,New York,8,1,1,1,1.0,1.0,0.0,523.74,1.0,6.0,523.74,683.4,0.125,30-39,1047.48,Indecisive
510676,F,True,True,usa,new york,LGA,48,New York,8,3,3,3,0.0,1.3333333333333333,0.3333333333333333,273.3583333333333,0.0,1.3333333333333333,872.09,248.0,0.375,40-49,1744.18,Not assigned
510686,F,True,False,usa,st. petersburg,PIE,35,Florida,8,3,2,3,0.3333333333333333,2.0,0.0,289.105,0.6666666666666666,2.6666666666666665,983.902,4975.0,0.375,30-39,1967.804,Not assigned
510707,F,False,True,canada,toronto,YKZ,40,Ontario,8,2,2,1,0.0,1.5,1.0,101.0425,0.0,2.0,257.98,700.0,0.25,40-49,515.96,Not assigned
510779,F,False,False,canada,montreal,YHU,40,Quebec,8,4,3,4,0.0,1.3333333333333333,0.6666666666666666,582.345,0.0,1.75,2466.13,1204.0,0.5,40-49,4932.26,High Spenders
510828,F,False,False,usa,new york,LGA,20,New York,9,0,0,0,,,,,,,,,0.0,20-29,,Indecisive
510836,F,False,False,usa,nashville,BNA,40,Tennessee,8,5,5,5,0.0,1.0,0.6,228.364,0.2,1.6,1141.82,1117.0,0.625,40-49,2283.64,Not assigned
510841,M,False,False,canada,montreal,YMX,37,Quebec,10,7,7,7,0.1428571428571428,1.0,0.2857142857142857,377.7028571428572,0.1428571428571428,2.4285714285714284,2643.92,2745.6,0.7,30-39,5287.84,High Spenders
510890,F,False,False,usa,dallas,DAL,33,Texas,9,5,4,3,0.2,1.0,1.0,313.6825,0.3333333333333333,3.6666666666666665,1254.73,1328.6,0.5555555555555556,30-39,2509.46,Not assigned
510899,F,True,False,usa,kansas city,MCI,54,Missouri,10,2,2,2,0.0,1.0,0.5,161.73000000000002,1.0,3.0,323.46000000000004,1364.0,0.2,50-59,646.9200000000001,Not assigned
510946,F,True,False,canada,london,YXU,46,Ontario,8,3,3,3,0.0,1.6666666666666667,0.6666666666666666,429.9122222222222,0.0,5.333333333333333,2165.65,6826.0,0.375,40-49,4331.3,Not assigned
510960,F,False,False,usa,tallahassee,TLH,38,Florida,8,3,3,2,0.0,1.0,0.3333333333333333,231.42,0.0,2.0,694.26,574.0,0.375,30-39,1388.52,Not assigned
510972,F,True,True,usa,tucson,TUS,27,Arizona,8,3,3,3,0.3333333333333333,1.3333333333333333,0.6666666666666666,226.8033333333333,0.0,2.0,1082.25,2180.0,0.375,20-29,2164.5,Not assigned
511055,F,False,False,usa,des moines,DSM,34,Iowa,8,2,2,2,0.5,1.5,0.5,202.3525,0.5,1.5,584.077,754.0,0.25,30-39,1168.154,Not assigned
511093,F,False,True,usa,milwaukee,MKE,37,Wisconsin,8,3,2,3,0.6666666666666666,1.0,0.0,221.68,0.3333333333333333,3.0,413.741,874.6,0.375,30-39,827.482,Not assigned
511122,F,True,False,canada,montreal,YHU,46,Quebec,8,2,2,2,0.5,1.0,0.0,94.47,0.5,2.0,170.994,746.0,0.25,40-49,341.988,Not assigned
511126,F,False,False,usa,boston,BOS,27,Massachusetts,9,5,3,5,0.4,1.3333333333333333,0.6666666666666666,524.9316666666667,0.4,4.0,2326.25,3564.1,0.5555555555555556,20-29,4652.5,High Spenders
511140,F,False,False,usa,san diego,NZY,39,California,8,3,2,2,0.6666666666666666,1.5,0.0,174.05249999999998,0.0,16.0,657.6619999999999,3610.8,0.375,30-39,1315.3239999999998,Long Stayers
511142,F,True,True,usa,new york,JFK,41,New York,8,3,3,3,0.0,1.3333333333333333,1.3333333333333333,161.655,0.0,4.333333333333333,696.25,2102.0,0.375,40-49,1392.5,Not assigned
511195,F,True,False,usa,tallahassee,TLH,52,Florida,8,2,1,2,0.0,1.0,1.0,573.78,0.0,3.5,573.78,1802.0,0.25,50-59,1147.56,Not assigned
511219,F,False,False,usa,phoenix,PHX,17,Arizona,8,1,0,1,1.0,,,,1.0,2.0,,412.0,0.125,10-19,,Indecisive
511298,F,False,False,usa,new york,JFK,34,New York,8,4,3,4,0.25,1.0,1.0,265.7033333333333,0.25,4.25,797.11,2082.4,0.5,30-39,1594.22,Not assigned
511331,F,False,True,canada,calgary,YYC,47,Alberta,9,6,6,5,0.3333333333333333,1.6666666666666667,0.6666666666666666,361.0158333333334,0.0,1.2,3794.72,1619.45,0.6666666666666666,40-49,7589.44,High Spenders
511377,F,True,False,canada,gatineau,YND,64,Quebec,8,2,0,2,0.5,,,,0.5,4.0,,3266.0,0.25,60-69,,Retired
511397,F,False,True,usa,new york,LGA,36,New York,9,5,5,5,0.2,1.6,0.2,346.822,0.2,2.2,2006.353,3996.0,0.5555555555555556,30-39,4012.706,Family travelers
511399,F,True,True,usa,san diego,NZY,47,California,9,2,2,1,0.0,1.0,0.5,660.355,0.0,6.0,1320.71,390.0,0.2222222222222222,40-49,2641.42,Not assigned
511418,F,True,True,usa,new york,JFK,51,New York,8,2,2,1,1.0,1.0,0.5,736.5799999999999,0.0,4.0,1289.1825,460.8,0.25,50-59,2578.365,Discount buyer
511433,F,True,False,usa,orlando,MCO,49,Florida,9,5,4,4,0.4,1.5,0.75,428.57625,0.0,4.75,2008.35,1979.6,0.5555555555555556,40-49,4016.7,Not assigned
511469,F,False,False,usa,los angeles,LAX,56,California,8,3,2,2,0.0,1.0,1.0,355.785,0.5,3.5,711.57,918.0,0.375,50-59,1423.14,Not assigned
511489,F,True,False,usa,louisville,LOU,42,Kentucky,8,3,1,3,0.3333333333333333,2.0,1.0,526.065,0.0,5.0,1052.13,3046.6,0.375,40-49,2104.26,Not assigned
511502,M,True,True,usa,milwaukee,MKE,46,Wisconsin,10,2,2,2,0.0,1.0,1.0,307.235,1.0,5.5,614.47,4327.0,0.2,40-49,1228.94,Not assigned
511504,F,False,False,usa,washington,IAD,33,Virginia,8,3,3,3,0.0,1.0,0.0,506.5366666666666,0.3333333333333333,2.333333333333333,1519.61,1179.0,0.375,30-39,3039.22,Not assigned
511535,F,True,True,usa,chicago,ORD,51,Illinois,8,3,3,2,0.3333333333333333,1.0,0.6666666666666666,348.4833333333333,0.5,4.0,1031.5795,906.6,0.375,50-59,2063.159,Not assigned
511549,F,True,True,canada,hamilton,YHM,51,Ontario,8,2,2,1,0.0,1.0,0.5,91.955,1.0,3.0,183.91,516.0,0.25,50-59,367.82,Not assigned
511552,M,False,True,usa,minneapolis,MSP,18,Minnesota,8,0,0,0,,,,,,,,,0.0,10-19,,Indecisive
511560,F,False,True,usa,wichita,IAB,38,Kansas,8,4,4,4,0.25,1.5,0.0,323.4175,0.75,2.25,1702.91,2454.0,0.5,30-39,3405.82,Not assigned
511568,F,False,False,usa,baltimore,BWI,20,Maryland,8,1,1,0,0.0,1.0,0.0,1229.22,,,1229.22,,0.125,20-29,2458.44,Indecisive
511577,F,True,False,usa,fresno,FAT,42,California,8,2,2,1,1.0,1.0,0.0,547.46,1.0,1.0,975.073,327.0,0.25,40-49,1950.146,Discount buyer
511587,F,True,True,canada,toronto,YTZ,52,Ontario,8,2,2,2,0.0,1.0,1.5,391.29,0.0,1.5,782.58,211.0,0.25,50-59,1565.16,Not assigned
511613,F,False,False,usa,miami,TNT,42,Florida,8,3,3,3,0.0,1.0,1.3333333333333333,370.1333333333334,0.0,1.6666666666666667,1110.4,1186.0,0.375,40-49,2220.8,Not assigned
511638,F,False,True,usa,fresno,FAT,34,California,8,3,2,3,0.3333333333333333,1.0,0.5,398.235,0.0,3.0,796.47,2411.0,0.375,30-39,1592.94,Not assigned
511665,M,False,True,usa,nashville,BNA,46,Tennessee,8,1,1,1,1.0,2.0,1.0,503.175,0.0,2.0,754.7625,908.0,0.125,40-49,1509.525,Indecisive
511680,F,False,False,usa,jacksonville,JAX,27,Florida,8,4,3,4,0.0,1.0,0.6666666666666666,311.33,0.0,4.0,933.99,3557.0,0.5,20-29,1867.98,Not assigned
511712,F,False,False,usa,buffalo,BUF,28,New York,8,3,3,2,0.6666666666666666,1.3333333333333333,0.6666666666666666,201.285,0.5,4.5,1024.552,1598.8,0.375,20-29,2049.104,Not assigned
511764,M,True,True,usa,long beach,LGB,54,California,8,1,1,1,0.0,1.0,0.0,613.96,1.0,4.0,613.96,668.0,0.125,50-59,1227.92,Indecisive
511772,F,False,False,usa,chicago,UGN,27,Illinois,8,3,3,3,0.3333333333333333,1.0,0.3333333333333333,334.01,0.6666666666666666,5.333333333333333,1002.03,1609.75,0.375,20-29,2004.06,Not assigned
511783,F,True,False,usa,riverside,RAL,47,California,8,4,4,3,0.25,1.0,0.25,135.73,0.0,2.6666666666666665,542.92,1226.4,0.5,40-49,1085.84,Not assigned
511784,F,False,False,usa,bakersfield,BFL,35,California,9,0,0,0,,,,,,,,,0.0,30-39,,Indecisive
511800,F,False,False,usa,san jose,SJC,48,California,8,7,6,7,0.1428571428571428,1.5,0.8333333333333334,397.705,0.2857142857142857,2.4285714285714284,3655.09,6854.0,0.875,40-49,7310.18,High Spenders
511803,F,True,True,usa,detroit,YIP,37,Michigan,8,4,3,3,0.5,2.0,0.3333333333333333,343.3866666666667,1.0,4.0,2391.77,5521.2,0.5,30-39,4783.54,High Spenders
511805,F,False,False,usa,los angeles,LAX,38,California,9,4,4,4,0.0,1.0,0.5,392.4175,0.25,3.75,1569.67,2501.0,0.4444444444444444,30-39,3139.34,Not assigned
511809,M,False,False,usa,fort worth,FTW,41,Texas,8,2,1,2,0.5,2.0,0.0,407.49,0.5,2.5,814.98,1015.0,0.25,40-49,1629.96,Not assigned
511811,F,False,False,usa,dallas,DAL,35,Texas,8,3,3,2,0.3333333333333333,1.3333333333333333,0.3333333333333333,294.10166666666663,0.5,2.0,1292.85,730.3,0.375,30-39,2585.7,Not assigned
511860,F,False,True,usa,detroit,YIP,39,Michigan,8,4,3,4,0.0,1.0,0.6666666666666666,275.17333333333335,0.25,2.75,825.52,1204.0,0.5,30-39,1651.04,Not assigned
511878,F,False,True,usa,san francisco,SFO,16,California,9,0,0,0,,,,,,,,,0.0,10-19,,Indecisive
511884,F,False,False,usa,los angeles,LAX,42,California,8,4,4,4,0.0,1.0,0.25,416.4425,0.0,2.0,1665.77,1698.0,0.5,40-49,3331.54,Not assigned
511902,F,True,True,canada,montreal,YMX,51,Quebec,9,3,3,3,0.3333333333333333,1.0,0.3333333333333333,367.51666666666665,0.3333333333333333,2.333333333333333,1102.55,1146.2,0.3333333333333333,50-59,2205.1,Not assigned
511910,F,False,True,usa,los angeles,LAX,17,California,8,1,0,1,0.0,,,,0.0,9.0,,774.0,0.125,10-19,,Long Stayers
511936,F,False,False,usa,san antonio,RND,37,Texas,8,3,2,2,0.0,1.0,0.5,456.64,0.5,7.0,913.28,1322.0,0.375,30-39,1826.56,Not assigned
511977,F,True,False,usa,fresno,FAT,42,California,8,1,1,1,0.0,1.0,1.0,255.76,0.0,2.0,255.76,300.0,0.125,40-49,511.52,Indecisive
511998,F,False,False,usa,milwaukee,MKE,41,Wisconsin,8,2,2,2,0.0,1.0,0.0,362.7,0.0,2.5,725.4,353.0,0.25,40-49,1450.8,Not assigned
512009,M,False,True,usa,new york,JFK,43,New York,8,3,3,2,0.0,1.3333333333333333,1.0,412.5033333333333,1.0,6.0,1341.06,1149.0,0.375,40-49,2682.12,Not assigned
512028,F,False,False,usa,new york,LGA,43,New York,8,2,2,2,0.0,1.0,0.5,382.145,0.0,1.0,764.29,160.0,0.25,40-49,1528.58,Not assigned
512063,F,True,False,usa,long beach,LGB,45,California,8,1,1,1,1.0,2.0,0.0,347.42,0.0,2.0,625.356,624.0,0.125,40-49,1250.712,Indecisive
512078,F,False,False,usa,santa ana,SNA,30,California,8,2,2,2,0.0,1.0,1.0,359.23,0.5,2.0,718.4599999999999,796.0,0.25,30-39,1436.9199999999998,Not assigned
512147,M,False,False,canada,calgary,YYC,44,Alberta,9,2,0,2,0.0,,,,0.0,5.0,,1547.0,0.2222222222222222,40-49,,Only Hotel
512148,F,False,False,usa,indianapolis,IND,21,Gujarat,8,1,0,1,0.0,,,,0.0,3.0,,372.0,0.125,20-29,,Indecisive
512173,M,True,False,usa,san francisco,SFO,48,California,8,4,4,3,0.5,1.5,0.5,976.61875,0.3333333333333333,7.0,6761.849999999999,5694.4,0.5,40-49,13523.699999999999,High Spenders
512201,F,True,False,usa,san jose,SJC,52,California,8,4,4,3,0.25,1.0,0.75,518.44,0.6666666666666666,4.0,2073.76,1961.2,0.5,50-59,4147.52,Not assigned
512204,F,False,False,usa,jacksonville,NZC,54,Ica,8,4,4,4,0.5,1.0,0.5,344.1075,0.5,2.5,1351.712,2176.5,0.5,50-59,2703.424,Not assigned
512243,F,True,True,usa,charlotte,CLT,36,North Carolina,9,3,2,3,0.3333333333333333,1.0,0.5,371.095,0.0,3.333333333333333,722.172,2364.0,0.3333333333333333,30-39,1444.344,Not assigned
512289,F,False,False,usa,charlotte,CLT,64,North Carolina,8,2,2,1,0.5,1.0,0.5,471.85,1.0,4.0,930.5815,812.0,0.25,60-69,1861.163,Retired
512294,F,True,True,usa,houston,IAH,52,Texas,8,5,4,5,0.0,1.25,1.0,396.55625,0.0,2.8,1996.96,1835.0,0.625,50-59,3993.92,Not assigned
512295,F,False,False,usa,las vegas,LAS,43,Nevada,8,5,5,4,0.4,1.2,0.4,298.96500000000003,0.25,1.75,2137.753,1272.2,0.625,40-49,4275.506,Not assigned
512301,F,False,False,usa,columbus,LCK,42,Ohio,8,5,4,3,0.4,1.0,1.25,298.5025,0.3333333333333333,2.6666666666666665,1194.01,1079.6,0.625,40-49,2388.02,Not assigned
512305,F,False,False,usa,san jose,SJC,24,California,8,2,0,2,0.0,,,,0.5,4.5,,1756.0,0.25,20-29,,Only Hotel
512362,F,False,False,usa,chicago,UGN,31,Illinois,9,3,3,3,0.3333333333333333,1.0,0.6666666666666666,286.99666666666667,0.3333333333333333,2.333333333333333,857.3205,614.0,0.3333333333333333,30-39,1714.641,Not assigned
512397,F,False,True,usa,brownsville,BRO,16,Texas,10,0,0,0,,,,,,,,,0.0,10-19,,Indecisive
512402,F,False,True,canada,london,YXU,44,Ontario,9,1,1,1,0.0,1.0,0.0,607.78,0.0,1.0,607.78,188.0,0.1111111111111111,40-49,1215.56,Indecisive
512419,F,True,True,canada,ottawa,YOW,54,Ontario,8,3,3,3,0.0,2.0,2.0,252.94,0.0,4.333333333333333,1159.17,4266.0,0.375,50-59,2318.34,Family travelers
512440,F,True,False,usa,columbus,CMH,33,Ohio,8,3,3,3,0.0,1.0,0.6666666666666666,214.28666666666663,0.3333333333333333,2.333333333333333,642.86,2804.0,0.375,30-39,1285.72,Not assigned
512447,F,False,False,usa,stockton,SCK,20,California,8,2,1,2,0.5,3.0,1.0,582.84,0.5,7.0,1311.39,1656.0,0.25,20-29,2622.78,Not assigned
512463,M,False,False,usa,lincoln,LNK,37,Nebraska,8,4,4,3,0.0,1.25,0.75,479.795,0.3333333333333333,4.0,2141.29,1810.0,0.5,30-39,4282.58,Not assigned
512495,F,False,False,usa,louisville,LOU,38,Kentucky,8,6,4,6,0.0,1.25,0.5,152.7025,0.0,6.333333333333333,705.61,6016.0,0.75,30-39,1411.22,Not assigned
512529,F,True,True,usa,miami,TNT,40,Florida,8,0,0,0,,,,,,,,,0.0,40-49,,Indecisive
512536,F,True,True,usa,los angeles,LAX,52,California,8,2,2,2,0.0,1.5,0.5,312.7175,0.0,3.5,973.24,1094.0,0.25,50-59,1946.48,Not assigned
512587,F,False,False,usa,oakland,OAK,37,California,8,2,2,2,0.0,1.0,1.0,595.9649999999999,0.0,2.0,1191.9299999999998,367.0,0.25,30-39,2383.8599999999997,Not assigned
512628,F,False,False,canada,winnipeg,YAV,34,,8,4,3,4,0.25,1.0,0.6666666666666666,403.4166666666667,0.25,3.25,1210.25,2232.0,0.5,30-39,2420.5,Not assigned
512655,F,False,False,usa,nashville,BNA,43,Tennessee,9,4,4,3,0.5,1.25,0.25,208.675,0.0,1.6666666666666667,1033.428,840.55,0.4444444444444444,40-49,2066.856,Not assigned
512680,F,True,True,canada,montreal,YMX,63,Quebec,8,1,1,1,0.0,1.0,0.0,585.09,0.0,3.0,585.09,462.0,0.125,60-69,1170.18,Indecisive
512691,F,False,True,usa,new york,LGA,32,New York,8,2,2,2,0.5,1.0,0.0,606.585,1.0,2.0,1213.17,397.4,0.25,30-39,2426.34,Not assigned
512696,F,False,False,usa,buffalo,BUF,16,New York,8,3,1,3,0.3333333333333333,1.0,1.0,726.92,0.0,9.333333333333334,726.92,9131.0,0.375,10-19,1453.84,Long Stayers
512704,F,True,True,usa,san antonio,SAT,30,Texas,8,1,1,0,1.0,1.0,0.0,401.05,,,380.9975,,0.125,30-39,761.995,Indecisive
512780,F,False,False,canada,vancouver,YVR,42,British Columbia,9,3,2,3,0.3333333333333333,1.0,0.5,382.915,0.0,3.6666666666666665,765.8299999999999,3192.0,0.3333333333333333,40-49,1531.6599999999999,Not assigned
512791,F,False,True,usa,atlanta,ATL,33,Georgia,8,3,3,3,0.3333333333333333,1.3333333333333333,1.0,342.87833333333333,0.3333333333333333,2.6666666666666665,1118.396,1004.0,0.375,30-39,2236.792,Not assigned
512826,F,True,False,usa,richmond,RIC,40,Virginia,8,4,4,2,0.0,1.5,1.0,270.87625,0.0,2.0,1917.11,393.0,0.5,40-49,3834.22,Not assigned
512846,F,True,True,canada,montreal,YUL,37,Quebec,8,4,4,3,0.25,1.0,0.0,360.07,0.0,2.0,1440.28,736.5,0.5,30-39,2880.56,Not assigned
512848,F,False,False,usa,houston,EFD,35,Texas,8,3,2,3,0.3333333333333333,1.0,0.0,261.09000000000003,0.3333333333333333,2.0,522.1800000000001,601.5,0.375,30-39,1044.3600000000001,Not assigned
512887,M,False,False,usa,san diego,SAN,38,California,8,3,3,3,1.0,1.0,0.6666666666666666,474.51,0.0,2.6666666666666665,1261.3004999999998,1303.0,0.375,30-39,2522.6009999999997,Discount buyer
512888,F,True,False,usa,chicago,MDW,37,Illinois,8,3,2,3,0.3333333333333333,1.0,0.5,341.025,0.6666666666666666,8.333333333333334,682.05,5229.0,0.375,30-39,1364.1,Long Stayers
512922,F,False,True,usa,tucson,TUS,33,Arizona,8,2,2,1,0.5,1.0,1.0,339.64,0.0,1.0,679.28,136.5,0.25,30-39,1358.56,Not assigned
512943,F,True,True,canada,toronto,YKZ,46,Ontario,8,4,4,2,0.0,1.0,0.5,410.4375,1.0,2.0,1641.75,1331.0,0.5,40-49,3283.5,Not assigned
512945,F,False,False,usa,los angeles,LAX,24,California,8,3,2,2,0.0,1.0,0.0,482.375,0.5,8.5,964.75,2783.0,0.375,20-29,1929.5,Long Stayers
512999,F,True,False,usa,new york,JFK,34,New York,8,3,3,2,0.0,1.3333333333333333,0.6666666666666666,472.0166666666667,0.0,1.5,1543.25,503.0,0.375,30-39,3086.5,Not assigned
513006,F,True,False,usa,st. petersburg,SPG,57,Florida,10,2,2,2,0.5,1.5,1.0,505.985,0.5,4.0,1328.77,1011.6,0.2,50-59,2657.54,Not assigned
513026,F,True,False,usa,chicago,MDW,40,Illinois,8,3,3,3,0.3333333333333333,1.0,0.3333333333333333,231.5133333333333,0.6666666666666666,5.333333333333333,663.764,3173.0,0.375,40-49,1327.528,Not assigned
513030,F,False,False,usa,san jose,SJC,38,California,8,3,3,3,0.0,1.0,0.0,202.27666666666667,0.3333333333333333,4.0,606.83,2161.0,0.375,30-39,1213.66,Not assigned
513031,F,True,True,usa,detroit,DTW,46,Michigan,9,3,2,2,0.3333333333333333,1.0,1.0,350.4,0.5,4.0,700.8,2990.0,0.3333333333333333,40-49,1401.6,Not assigned
513058,F,False,True,usa,new york,JFK,51,New York,8,6,5,3,0.3333333333333333,1.2,0.4,361.778,0.6666666666666666,3.6666666666666665,1926.31,1787.0,0.75,50-59,3852.62,Not assigned
513089,F,True,False,usa,sacramento,SMF,38,California,8,3,1,3,0.6666666666666666,1.0,1.0,215.62,0.6666666666666666,8.333333333333334,215.62,2220.6000000000004,0.375,30-39,431.24,Long Stayers
513103,F,False,True,usa,philadelphia,PHL,31,Pennsylvania,8,3,3,3,0.3333333333333333,1.3333333333333333,0.3333333333333333,380.6883333333333,0.0,2.333333333333333,1804.327,1147.0,0.375,30-39,3608.654,Not assigned
513138,F,False,True,usa,seattle,BFI,16,Washington,8,0,0,0,,,,,,,,,0.0,10-19,,Indecisive
513164,F,False,False,usa,mobile,BFM,42,Alabama,8,2,2,1,0.5,1.0,0.0,154.885,0.0,4.0,309.77,400.0,0.25,40-49,619.54,Not assigned
513220,F,False,False,usa,indianapolis,IND,44,Gujarat,8,5,5,5,0.6,1.0,0.4,260.17,0.2,3.0,1212.719,5222.0,0.625,40-49,2425.438,Not assigned
513221,F,False,False,usa,kansas city,MCI,30,Missouri,8,1,1,1,0.0,2.0,0.0,373.605,1.0,6.0,747.21,1092.0,0.125,30-39,1494.42,Indecisive
513237,F,True,True,canada,toronto,YZD,35,,8,2,1,2,0.5,1.0,0.0,588.8,0.0,4.0,588.8,1470.0,0.25,30-39,1177.6,Not assigned
513241,F,False,True,usa,las vegas,LAS,36,Nevada,8,0,0,0,,,,,,,,,0.0,30-39,,Indecisive
513261,F,True,True,usa,new york,JFK,59,New York,9,0,0,0,,,,,,,,,0.0,50-59,,Indecisive
513289,F,False,False,canada,calgary,YYC,34,Alberta,8,1,1,1,0.0,1.0,0.0,189.31,0.0,2.0,189.31,874.0,0.125,30-39,378.62,Indecisive
513322,F,False,False,usa,new york,LGA,50,New York,9,3,3,3,0.0,1.0,1.0,567.8866666666667,0.0,1.3333333333333333,1703.66,695.0,0.3333333333333333,50-59,3407.32,Not assigned
513347,F,True,True,usa,los angeles,LAX,48,California,10,1,1,1,1.0,1.0,1.0,378.92,0.0,2.0,322.082,258.0,0.1,40-49,644.164,Indecisive
513381,F,True,True,usa,akron,AKR,50,Ondo,8,3,3,3,0.3333333333333333,1.0,0.6666666666666666,433.13000000000005,0.0,1.3333333333333333,1299.39,513.4,0.375,50-59,2598.78,Not assigned
513387,F,True,True,usa,chicago,ORD,48,Illinois,8,5,4,5,0.0,1.25,0.25,171.5175,0.4,3.0,742.54,6357.0,0.625,40-49,1485.08,Not assigned
513397,F,False,False,usa,new york,JFK,53,New York,8,5,4,4,0.2,1.0,0.5,362.6825,0.25,2.75,1450.73,1463.1999999999998,0.625,50-59,2901.46,Not assigned
513408,M,False,True,usa,modesto,MOD,31,California,8,2,2,2,0.5,2.5,0.5,443.635,0.5,5.5,2530.886,2610.0,0.25,30-39,5061.772,High Spenders
513425,F,True,True,usa,burlington,BTV,49,Vermont,9,0,0,0,,,,,,,,,0.0,40-49,,Indecisive
513438,F,True,True,usa,san antonio,RND,51,Texas,8,1,1,1,0.0,1.0,1.0,348.1,0.0,12.0,348.1,7416.0,0.125,50-59,696.2,Long Stayers
513441,F,False,True,usa,madison,MSN,35,Wisconsin,8,0,0,0,,,,,,,,,0.0,30-39,,Indecisive
513495,F,False,False,usa,san diego,SAN,30,California,8,2,1,2,0.5,1.0,1.0,344.89,0.0,8.5,344.89,5536.0,0.25,30-39,689.78,Long Stayers
513497,F,False,False,usa,las vegas,LSV,44,Nevada,8,2,1,2,0.5,1.0,0.0,673.96,0.0,4.0,673.96,984.65,0.25,40-49,1347.92,Not assigned
513546,F,False,False,usa,louisville,LOU,44,Kentucky,8,0,0,0,,,,,,,,,0.0,40-49,,Indecisive
513569,F,False,False,usa,boston,BOS,17,Massachusetts,9,2,1,2,1.0,1.0,1.0,628.7,0.0,1.5,628.7,139.4,0.2222222222222222,10-19,1257.4,Youngs
513582,F,True,False,usa,los angeles,LAX,48,California,8,3,3,2,0.0,1.0,0.6666666666666666,680.5133333333333,1.0,2.5,2041.54,591.0,0.375,40-49,4083.08,Not assigned
513602,F,False,False,usa,new york,JFK,26,New York,8,0,0,0,,,,,,,,,0.0,20-29,,Indecisive
513611,F,False,False,usa,washington,DCA,48,Virginia,8,3,2,3,0.6666666666666666,1.0,0.5,409.58,0.3333333333333333,5.666666666666667,786.4435000000001,5193.5,0.375,40-49,1572.8870000000002,Not assigned
513613,M,False,False,usa,orlando,MCO,46,Florida,8,3,2,3,0.3333333333333333,1.0,0.0,334.97,0.0,4.333333333333333,669.94,2124.8,0.375,40-49,1339.88,Not assigned
513625,F,False,True,usa,kansas city,MCI,28,Missouri,8,1,1,1,1.0,4.0,1.0,272.51,0.0,2.0,1035.538,880.0,0.125,20-29,2071.076,Indecisive
513627,F,True,False,usa,atlanta,ATL,57,Georgia,8,3,3,3,0.0,1.0,0.6666666666666666,218.32333333333332,0.6666666666666666,1.6666666666666667,654.97,1556.0,0.375,50-59,1309.94,Not assigned
513659,F,False,False,usa,honolulu,HNL,41,Hawaii,8,3,3,3,0.0,1.0,0.0,717.5833333333334,0.0,4.666666666666667,2152.75,1157.0,0.375,40-49,4305.5,Not assigned
513742,F,False,True,usa,louisville,LOU,31,Kentucky,8,0,0,0,,,,,,,,,0.0,30-39,,Indecisive
513761,F,False,False,usa,los angeles,LAX,38,California,8,3,3,3,0.3333333333333333,1.0,0.3333333333333333,525.9033333333333,0.0,4.666666666666667,1577.71,3178.25,0.375,30-39,3155.42,Not assigned
513787,M,True,False,usa,memphis,MEM,42,Tennessee,8,4,4,3,0.5,1.0,1.0,286.0675,0.6666666666666666,3.0,1079.844,1087.6,0.5,40-49,2159.688,Not assigned
513791,F,False,False,canada,toronto,YTZ,38,Ontario,8,4,4,4,0.25,1.25,0.5,392.2975,0.5,6.5,1612.8,3561.0,0.5,30-39,3225.6,Not assigned
513796,F,True,False,usa,tacoma,TCM,44,Washington,8,3,3,2,0.0,1.3333333333333333,0.6666666666666666,581.42,0.5,7.5,2239.94,4554.0,0.375,40-49,4479.88,Long Stayers
513826,F,False,False,usa,el paso,BIF,42,Texas,10,4,4,2,0.25,1.5,0.5,361.6625,0.0,2.0,1590.453,736.0,0.4,40-49,3180.906,Not assigned
513844,M,True,False,usa,oklahoma city,TIK,36,Oklahoma,8,3,2,2,0.0,2.0,0.5,210.7866666666667,0.5,5.0,1044.62,7290.0,0.375,30-39,2089.24,Not assigned
513856,M,False,False,canada,london,YXU,36,Ontario,8,1,1,1,1.0,1.0,1.0,376.91,0.0,8.0,320.37350000000004,1104.0,0.125,30-39,640.7470000000001,Long Stayers
513875,F,True,True,usa,orlando,MCO,34,Florida,8,3,2,3,0.0,2.5,1.5,466.0175,0.6666666666666666,3.6666666666666665,2938.15,2428.0,0.375,30-39,5876.3,High Spenders
513953,F,True,False,usa,tacoma,TCM,39,Washington,9,2,1,2,0.5,1.0,0.0,261.42,0.5,2.0,209.136,668.0,0.2222222222222222,30-39,418.272,Not assigned
513964,F,False,False,usa,colorado springs,COS,48,Colorado,8,5,5,3,0.2,1.0,0.4,331.352,0.0,1.3333333333333333,1656.76,1358.0,0.625,40-49,3313.52,Not assigned
514002,F,False,False,usa,los angeles,LAX,38,California,8,5,5,5,0.0,1.0,0.4,468.16,0.2,2.6,2340.8,2201.0,0.625,30-39,4681.6,High Spenders
514021,F,False,False,usa,nashville,BNA,76,Tennessee,8,2,0,2,1.0,,,,0.0,18.5,,10000.4,0.25,70-79,,Long Stayers
514023,M,False,True,usa,los angeles,LAX,43,California,8,3,2,3,0.6666666666666666,1.0,0.0,398.69,0.0,3.0,797.38,1383.0,0.375,40-49,1594.76,Not assigned
514053,F,True,True,canada,victoria,YYJ,42,British Columbia,8,2,1,2,1.0,1.0,0.0,339.66,0.0,8.5,305.694,2644.25,0.25,40-49,611.388,Long Stayers
514132,F,False,True,usa,san antonio,RND,37,Texas,8,5,5,4,0.0,1.2,0.4,323.413,0.0,3.0,1916.08,1732.0,0.625,30-39,3832.16,Not assigned
514133,F,True,False,usa,portland,PDX,41,Oregon,8,3,2,2,0.3333333333333333,1.0,0.5,240.945,0.0,2.0,474.129,1020.0,0.375,40-49,948.258,Not assigned
514164,F,True,False,usa,bakersfield,BFL,46,California,10,4,3,4,0.25,1.0,0.3333333333333333,618.8866666666667,0.5,3.0,1856.66,2414.2,0.4,40-49,3713.32,Not assigned
514167,F,False,False,usa,phoenix,PHX,51,Arizona,8,2,2,2,0.0,1.0,0.5,433.5700000000001,0.5,1.5,867.1400000000001,289.0,0.25,50-59,1734.2800000000002,Not assigned
514210,F,False,False,canada,toronto,YZD,42,,9,3,3,3,0.6666666666666666,1.0,0.3333333333333333,248.01666666666665,0.6666666666666666,2.333333333333333,738.9445000000001,665.3,0.3333333333333333,40-49,1477.8890000000001,Not assigned
514235,F,False,True,usa,oakland,OAK,29,California,8,1,1,1,0.0,1.0,0.0,226.18,1.0,3.0,226.18,357.0,0.125,20-29,452.36,Indecisive
514261,F,False,False,canada,toronto,YTZ,31,Ontario,8,3,3,3,0.6666666666666666,1.3333333333333333,0.6666666666666666,250.21166666666667,0.3333333333333333,1.0,762.5699999999999,498.7000000000001,0.375,30-39,1525.1399999999999,Not assigned
514289,F,True,True,canada,montreal,YUL,51,Quebec,9,0,0,0,,,,,,,,,0.0,50-59,,Indecisive
514300,M,False,False,usa,oklahoma city,TIK,39,Oklahoma,8,2,2,1,0.5,1.0,1.0,346.755,1.0,1.0,693.51,100.0,0.25,30-39,1387.02,Not assigned
514315,F,False,False,canada,winnipeg,YAV,22,,8,1,1,1,0.0,1.0,1.0,411.04,0.0,2.0,411.04,628.0,0.125,20-29,822.08,Indecisive
514318,F,True,True,usa,seattle,SEA,52,Washington,8,4,2,4,0.75,1.0,1.0,522.375,0.0,3.0,824.7180000000001,2469.5,0.5,50-59,1649.4360000000001,Not assigned
514337,F,False,False,usa,chicago,ORD,46,Illinois,9,4,2,4,0.75,1.0,1.0,355.005,0.25,6.25,698.3879999999999,8303.8,0.4444444444444444,40-49,1396.7759999999998,Not assigned
514342,F,False,False,usa,baltimore,BWI,41,Maryland,8,4,4,2,0.25,1.5,1.0,336.95916666666665,1.0,4.0,1561.51,6010.0,0.5,40-49,3123.02,Not assigned
514370,F,False,False,usa,new york,JFK,42,New York,8,3,3,3,0.3333333333333333,1.3333333333333333,0.0,470.2166666666667,0.3333333333333333,4.0,1993.1525,9702.0,0.375,40-49,3986.305,Not assigned
514384,F,False,False,canada,toronto,YKZ,43,Ontario,8,1,1,1,0.0,2.0,1.0,590.25,0.0,1.0,1180.5,202.0,0.125,40-49,2361.0,Indecisive
514457,F,False,False,usa,modesto,MOD,41,California,10,4,4,4,0.25,1.0,0.5,554.87,0.0,4.5,2209.517,4256.0,0.4,40-49,4419.034,Not assigned
514460,F,True,False,usa,san jose,SJC,37,California,8,4,3,3,0.25,1.0,0.6666666666666666,293.65333333333336,1.0,6.666666666666667,833.5764999999999,3762.3,0.5,30-39,1667.1529999999998,Not assigned
514503,F,False,False,usa,lubbock,LBB,21,Texas,8,2,0,2,0.5,,,,0.5,11.0,,10392.0,0.25,20-29,,Long Stayers
514515,F,False,False,canada,vancouver,YVR,38,British Columbia,8,3,3,2,0.3333333333333333,1.6666666666666667,1.0,472.29333333333335,0.0,1.0,2254.95,1246.0,0.375,30-39,4509.9,High Spenders
514586,F,False,False,usa,chicago,ORD,43,Illinois,9,3,3,3,0.0,1.0,0.6666666666666666,216.5,1.0,3.6666666666666665,649.5,1061.0,0.3333333333333333,40-49,1299.0,Not assigned
514589,F,True,False,usa,los angeles,LAX,47,California,8,1,1,1,0.0,1.0,1.0,374.73,0.0,2.0,374.73,580.0,0.125,40-49,749.46,Indecisive
514623,F,True,True,usa,sacramento,SMF,37,California,8,1,1,1,0.0,1.0,1.0,321.28,1.0,4.0,321.28,536.0,0.125,30-39,642.56,Indecisive
514638,F,True,True,usa,montgomery,MXF,39,Alabama,8,4,3,4,0.5,2.0,1.0,484.0972222222222,0.25,6.0,2508.155,3025.0,0.5,30-39,5016.31,High Spenders
514660,F,True,True,usa,phoenix,PHX,40,Arizona,8,4,4,3,0.0,1.25,0.5,535.98,0.0,1.6666666666666667,2714.59,852.0,0.5,40-49,5429.18,High Spenders
514675,F,True,False,usa,chicago,UGN,50,Illinois,9,3,3,3,0.0,1.3333333333333333,0.6666666666666666,323.0833333333333,0.0,2.0,1171.29,1571.0,0.3333333333333333,50-59,2342.58,Not assigned
514737,F,True,True,usa,washington,IAD,55,Virginia,8,4,4,4,0.25,1.0,0.75,129.23749999999998,0.5,4.5,499.122,1759.0,0.5,50-59,998.244,Not assigned
514830,F,False,False,usa,los angeles,LAX,53,California,9,2,2,1,0.0,1.0,1.0,389.06,0.0,3.0,778.12,921.0,0.2222222222222222,50-59,1556.24,Not assigned
514867,F,True,True,usa,denver,DEN,44,Colorado,8,3,3,3,0.0,1.6666666666666667,0.3333333333333333,305.11555555555555,0.3333333333333333,4.333333333333333,1717.3200000000002,4537.0,0.375,40-49,3434.6400000000003,Family travelers
514892,F,False,False,usa,phoenix,PHX,38,Arizona,9,5,5,5,0.4,1.2,0.8,300.453,0.6,4.2,1703.465,3990.0,0.5555555555555556,30-39,3406.93,Not assigned
514893,F,True,False,usa,rochester,ROC,68,New York,8,1,0,1,1.0,,,,0.0,10.0,,3135.0,0.125,60-69,,Long Stayers
514931,F,False,False,usa,baton rouge,BTR,17,Louisiana,9,0,0,0,,,,,,,,,0.0,10-19,,Indecisive
514944,M,True,True,usa,los angeles,LAX,48,California,9,1,1,1,0.0,1.0,1.0,610.81,1.0,4.0,610.81,340.0,0.1111111111111111,40-49,1221.62,Indecisive
514980,M,False,False,usa,indianapolis,IND,38,Gujarat,8,7,7,7,0.7142857142857143,1.4285714285714286,0.5714285714285714,311.86285714285714,0.2857142857142857,4.285714285714286,2527.8675,6381.25,0.875,30-39,5055.735,High Spenders
514981,F,True,False,usa,long beach,LGB,47,California,8,3,3,3,0.0,1.3333333333333333,0.3333333333333333,75.12666666666667,0.0,3.6666666666666665,317.28,2063.0,0.375,40-49,634.56,Not assigned
515004,F,True,True,usa,sacramento,MHR,50,California,8,2,1,2,0.0,1.0,1.0,734.59,0.0,4.5,734.59,1693.0,0.25,50-59,1469.18,Not assigned
515013,F,False,False,usa,milwaukee,MKE,48,Wisconsin,8,2,2,1,0.5,1.5,0.5,284.46,0.0,1.0,782.247,352.0,0.25,40-49,1564.494,Not assigned
515051,F,True,False,canada,calgary,YYC,46,Alberta,9,5,5,5,0.2,1.0,1.2,504.984,0.4,5.4,2524.92,4491.6,0.5555555555555556,40-49,5049.84,High Spenders
515161,F,True,True,usa,santa ana,SNA,47,California,8,3,2,3,0.6666666666666666,1.0,1.0,271.78,0.6666666666666666,4.666666666666667,541.1825,1685.2,0.375,40-49,1082.365,Not assigned
515182,F,False,False,usa,dallas,DAL,38,Texas,8,6,6,6,0.0,1.1666666666666667,0.8333333333333334,277.2375,0.8333333333333334,2.0,2113.2200000000003,2797.0,0.75,30-39,4226.4400000000005,Not assigned
515200,F,True,False,usa,mobile,BFM,34,Alabama,8,2,2,2,0.5,2.0,0.5,344.9833333333333,0.0,3.5,1613.734,1199.7,0.25,30-39,3227.468,Not assigned
515202,F,True,False,usa,chicago,MDW,75,Illinois,9,1,0,1,0.0,,,,0.0,3.0,,3033.0,0.1111111111111111,70-79,,Indecisive
515229,F,True,True,usa,los angeles,LAX,52,California,9,4,3,4,0.5,1.6666666666666667,0.3333333333333333,543.6916666666667,0.0,4.25,2606.19,3794.3,0.4444444444444444,50-59,5212.38,High Spenders
515240,F,True,True,usa,indianapolis,IND,43,Gujarat,8,1,0,1,0.0,,,,0.0,5.0,,2410.0,0.125,40-49,,Indecisive
515271,F,False,True,canada,montreal,YHU,56,Quebec,8,3,3,3,0.0,1.0,0.0,460.2,0.0,1.0,1380.6,357.0,0.375,50-59,2761.2,Not assigned
515306,F,True,False,usa,modesto,MOD,48,California,9,4,3,4,0.0,1.0,0.6666666666666666,420.07,0.5,8.25,1260.21,5435.0,0.4444444444444444,40-49,2520.42,Long Stayers
515330,F,False,False,usa,houston,IAH,48,Texas,8,3,3,3,0.0,1.3333333333333333,0.3333333333333333,413.285,0.3333333333333333,1.6666666666666667,1770.37,1076.0,0.375,40-49,3540.74,Not assigned
515344,M,False,False,usa,new york,LGA,47,New York,8,5,3,5,0.4,1.0,0.6666666666666666,442.95,0.6,4.2,1261.566,8395.6,0.625,40-49,2523.132,Not assigned
515409,F,True,True,usa,new york,JFK,44,New York,8,3,3,3,0.3333333333333333,1.6666666666666667,1.0,323.6083333333333,0.0,1.6666666666666667,1607.3940000000002,1248.0,0.375,40-49,3214.7880000000005,Family travelers
515423,F,True,False,canada,victoria,YYJ,55,British Columbia,8,2,2,1,0.0,1.0,0.5,478.11,1.0,6.0,956.22,360.0,0.25,50-59,1912.44,Not assigned
515478,F,True,True,usa,winston-salem,INT,30,North Carolina,8,2,2,2,0.0,1.5,0.0,118.325,0.0,2.0,391.11,570.0,0.25,30-39,782.22,Not assigned
515502,F,False,True,usa,phoenix,PHX,33,Arizona,9,1,0,1,1.0,,,,0.0,4.0,,1550.4,0.1111111111111111,30-39,,Indecisive
515516,M,True,False,usa,houston,EFD,33,Texas,8,0,0,0,,,,,,,,,0.0,30-39,,Indecisive
515523,M,False,False,usa,las vegas,LAS,22,Nevada,8,3,1,3,0.3333333333333333,1.0,0.0,518.65,0.0,5.333333333333333,518.65,6335.45,0.375,20-29,1037.3,Not assigned
515530,F,False,True,canada,calgary,YYC,18,Alberta,8,0,0,0,,,,,,,,,0.0,10-19,,Indecisive
515580,F,False,False,usa,indianapolis,IND,44,Gujarat,8,4,3,4,0.25,1.0,0.6666666666666666,390.64,0.25,5.25,1171.92,5483.8,0.5,40-49,2343.84,Not assigned
515586,F,False,False,usa,san diego,SAN,54,California,9,5,5,3,0.0,1.0,0.6,556.3399999999999,0.3333333333333333,2.333333333333333,2781.7,1714.0,0.5555555555555556,50-59,5563.4,High Spenders
515610,M,True,True,canada,vancouver,YVR,32,British Columbia,8,2,2,1,0.5,2.5,0.5,576.425,0.0,3.0,2965.752,264.0,0.25,30-39,5931.504,High Spenders
515634,F,False,False,usa,austin,AUS,17,Texas,8,0,0,0,,,,,,,,,0.0,10-19,,Indecisive
515639,F,False,False,usa,los angeles,LAX,39,California,9,7,7,6,0.2857142857142857,1.1428571428571428,0.8571428571428571,577.9292857142857,0.3333333333333333,2.6666666666666665,4445.402,4861.0,0.7777777777777778,30-39,8890.804,High Spenders
515645,F,True,False,usa,new york,LGA,35,New York,8,3,2,2,0.0,1.0,1.0,120.785,0.5,8.0,241.57,11841.0,0.375,30-39,483.14,Long Stayers
515666,F,True,False,usa,columbus,LCK,38,Ohio,8,4,4,4,0.5,1.0,0.5,195.03,0.75,3.5,780.1199999999999,1254.2,0.5,30-39,1560.2399999999998,Not assigned
515684,F,False,False,usa,new york,LGA,53,New York,9,7,7,5,0.1428571428571428,1.1428571428571428,0.8571428571428571,300.22214285714284,0.4,1.6,2276.3395,2270.9,0.7777777777777778,50-59,4552.679,High Spenders
515727,F,True,False,usa,laredo,LRD,38,Texas,8,4,4,4,0.5,1.0,0.25,379.205,0.25,2.25,1516.82,1399.6,0.5,30-39,3033.64,Not assigned
515735,F,True,True,usa,chicago,MDW,63,Illinois,9,1,1,1,0.0,1.0,1.0,517.22,1.0,1.0,517.22,119.0,0.1111111111111111,60-69,1034.44,Indecisive
515751,F,True,True,usa,new york,JFK,42,New York,8,3,3,3,0.0,1.3333333333333333,0.6666666666666666,359.41166666666663,0.6666666666666666,3.0,1762.1699999999998,4140.0,0.375,40-49,3524.3399999999997,Not assigned
515778,F,True,False,usa,milwaukee,MKE,52,Wisconsin,8,3,2,3,0.3333333333333333,1.0,0.5,363.23,0.0,4.0,726.46,1513.2,0.375,50-59,1452.92,Not assigned
515818,M,False,False,usa,chicago,ORD,66,Illinois,8,1,1,0,0.0,2.0,0.0,514.055,,,1028.11,,0.125,60-69,2056.22,Indecisive
515831,F,False,True,usa,indianapolis,IND,31,Gujarat,8,2,2,1,0.5,1.0,0.5,364.815,1.0,1.0,729.6299999999999,323.0,0.25,30-39,1459.2599999999998,Not assigned
515854,F,True,False,usa,reno,RNO,66,Nevada,8,2,0,2,0.0,,,,0.0,5.0,,1097.0,0.25,60-69,,Retired
515874,F,True,False,usa,anchorage,ANC,67,Alaska,9,1,0,1,0.0,,,,0.0,9.0,,1962.0,0.1111111111111111,60-69,,Long Stayers
515891,F,False,False,usa,indianapolis,IND,40,Gujarat,8,5,5,4,0.2,1.0,0.4,404.794,0.5,3.25,2023.97,4424.8,0.625,40-49,4047.94,Not assigned
515901,F,False,False,usa,phoenix,PHX,35,Arizona,9,2,2,2,0.5,1.0,0.5,302.09000000000003,0.0,2.5,604.1800000000001,809.4,0.2222222222222222,30-39,1208.3600000000001,Not assigned
515974,M,False,True,usa,dallas,DAL,22,Texas,8,3,1,3,0.0,1.0,0.0,347.94,0.0,11.0,347.94,4907.0,0.375,20-29,695.88,Long Stayers
515985,F,True,False,canada,ottawa,YOW,42,Ontario,9,3,2,3,0.3333333333333333,1.0,0.5,66.08,0.3333333333333333,3.333333333333333,132.16,1968.0,0.3333333333333333,40-49,264.32,Not assigned
516001,F,True,False,usa,anchorage,EDF,31,Alaska,9,1,0,1,0.0,,,,0.0,3.0,,918.0,0.1111111111111111,30-39,,Indecisive
516006,F,True,False,usa,san antonio,RND,47,Texas,8,5,5,5,0.2,1.0,0.4,199.972,0.4,3.6,988.404,3667.0,0.625,40-49,1976.808,Not assigned
516053,F,False,True,usa,los angeles,LAX,42,California,9,5,5,3,0.2,1.0,0.4,595.112,0.6666666666666666,2.6666666666666665,2963.548,540.0,0.5555555555555556,40-49,5927.096,High Spenders
516057,F,False,False,usa,houston,HOU,37,Texas,8,3,3,2,0.3333333333333333,1.3333333333333333,0.6666666666666666,384.5816666666667,0.5,3.5,1461.4865,1711.1,0.375,30-39,2922.973,Not assigned
516076,F,True,False,usa,riverside,RAL,70,California,8,0,0,0,,,,,,,,,0.0,70-79,,Indecisive
516086,F,False,True,usa,new york,LGA,17,New York,10,1,0,1,1.0,,,,0.0,18.0,,1591.2,0.1,10-19,,Long Stayers
516105,F,True,True,usa,austin,AUS,50,Texas,8,3,1,2,0.0,1.0,0.0,282.67,0.0,8.0,282.67,2644.0,0.375,50-59,565.34,Long Stayers
516117,F,False,True,usa,charlotte,CLT,46,North Carolina,9,3,2,2,0.0,1.5,0.5,150.3375,0.0,4.5,392.29,1690.0,0.3333333333333333,40-49,784.58,Not assigned
516127,F,True,False,usa,denver,DEN,30,Colorado,8,0,0,0,,,,,,,,,0.0,30-39,,Indecisive
516132,F,False,True,usa,dallas,DAL,48,Texas,9,2,2,1,0.0,1.0,1.0,215.515,1.0,2.0,431.03,258.0,0.2222222222222222,40-49,862.06,Not assigned
516152,F,False,False,usa,madison,MSN,35,Wisconsin,8,1,1,1,0.0,1.0,1.0,467.68,1.0,2.0,467.68,244.0,0.125,30-39,935.36,Indecisive
516211,M,True,False,usa,philadelphia,PHL,40,Pennsylvania,8,3,3,2,0.0,1.0,0.0,244.20333333333332,0.0,5.0,732.61,1324.0,0.375,40-49,1465.22,Not assigned
516216,F,False,False,usa,philadelphia,PHL,37,Pennsylvania,8,4,4,4,0.25,1.0,0.25,308.4775,0.0,2.0,1191.702,1254.0,0.5,30-39,2383.404,Not assigned
516217,M,True,False,canada,edmonton,YEG,44,Alberta,8,1,1,0,0.0,1.0,0.0,509.57,,,509.57,,0.125,40-49,1019.14,Indecisive
516243,F,False,True,usa,buffalo,BUF,32,New York,8,0,0,0,,,,,,,,,0.0,30-39,,Indecisive
516273,F,False,True,usa,tampa,TPA,41,Florida,8,2,2,2,0.0,1.0,0.5,274.245,0.5,2.0,548.49,1120.0,0.25,40-49,1096.98,Not assigned
516283,M,True,True,usa,phoenix,PHX,23,Arizona,9,1,1,1,1.0,1.0,1.0,271.77,0.0,1.0,203.8275,171.0,0.1111111111111111,20-29,407.655,Indecisive
516290,M,False,False,usa,omaha,OMA,44,Iowa,8,3,2,3,0.0,1.5,0.0,269.7525,0.6666666666666666,4.333333333333333,779.94,3296.0,0.375,40-49,1559.88,Not assigned
516296,F,False,False,usa,fort worth,FTW,40,Texas,10,2,2,2,0.5,1.0,0.5,238.91,0.5,6.0,447.5785,1198.0,0.2,40-49,895.157,Not assigned
516301,F,False,False,usa,los angeles,LAX,26,California,8,4,4,4,0.0,1.5,0.75,472.73333333333335,0.5,1.75,2978.94,1019.0,0.5,20-29,5957.88,High Spenders
516340,F,False,False,usa,omaha,OFF,17,Nebraska,9,1,0,1,0.0,,,,0.0,6.0,,372.0,0.1111111111111111,10-19,,Indecisive
516351,F,False,False,usa,omaha,OFF,41,Nebraska,8,3,3,3,0.0,1.0,0.6666666666666666,260.84666666666664,0.0,3.333333333333333,782.54,1338.0,0.375,40-49,1565.08,Not assigned
516368,F,True,True,usa,denver,DEN,46,Colorado,8,0,0,0,,,,,,,,,0.0,40-49,,Indecisive
516433,F,False,False,usa,phoenix,PHX,17,Arizona,9,1,1,0,0.0,1.0,0.0,191.33,,,191.33,,0.1111111111111111,10-19,382.66,Indecisive
516516,M,True,False,usa,shreveport,SHV,59,Louisiana,9,1,1,1,0.0,2.0,1.0,181.585,1.0,4.0,363.17,2032.0,0.1111111111111111,50-59,726.34,Indecisive
516543,M,True,False,usa,madison,MSN,49,Wisconsin,8,1,1,1,0.0,2.0,1.0,308.56,0.0,6.0,617.12,3252.0,0.125,40-49,1234.24,Indecisive
516556,F,False,True,usa,kansas city,MCI,36,Missouri,8,1,1,1,0.0,1.0,0.0,313.91,0.0,3.0,313.91,723.0,0.125,30-39,627.82,Indecisive
516561,F,True,False,usa,dallas,DAL,48,Texas,9,2,2,2,0.5,1.0,1.0,194.445,0.0,2.0,335.0525,632.0,0.2222222222222222,40-49,670.105,Not assigned
516578,F,False,False,canada,winnipeg,YWG,39,Manitoba,8,4,4,4,0.25,1.25,0.25,366.94875,0.0,4.25,1880.97,1966.0,0.5,30-39,3761.94,Not assigned
516583,F,False,True,usa,providence,PVD,45,Rhode Island,8,0,0,0,,,,,,,,,0.0,40-49,,Indecisive
516594,F,False,False,usa,louisville,LOU,53,Kentucky,8,4,4,4,0.0,1.0,0.25,464.525,0.25,5.0,1858.1,3184.0,0.5,50-59,3716.2,Not assigned
516616,F,False,True,usa,new york,LGA,53,New York,8,6,4,6,0.3333333333333333,1.0,0.75,619.93,0.6666666666666666,4.666666666666667,2377.1325,6095.0,0.75,50-59,4754.265,High Spenders
516620,M,False,False,usa,salt lake city,SLC,65,Utah,8,0,0,0,,,,,,,,,0.0,60-69,,Indecisive
516647,F,True,False,usa,san antonio,RND,42,Texas,8,4,4,3,0.25,1.0,1.0,305.0525,0.6666666666666666,3.6666666666666665,1218.409,2174.0,0.5,40-49,2436.818,Not assigned
516682,F,False,False,usa,buffalo,BUF,25,New York,8,3,1,2,0.3333333333333333,1.0,1.0,100.34,0.0,4.5,100.34,930.0,0.375,20-29,200.68,Not assigned
516694,F,True,True,usa,norfolk,NGU,52,Virginia,9,2,2,1,0.0,1.5,0.5,332.0625,0.0,10.0,740.0500000000001,960.0,0.2222222222222222,50-59,1480.1000000000001,Long Stayers
516732,F,True,True,usa,new york,LGA,38,New York,10,3,2,3,0.0,1.0,0.5,282.21500000000003,0.6666666666666666,3.333333333333333,564.4300000000001,1550.0,0.3,30-39,1128.8600000000001,Not assigned
516765,F,False,True,usa,los angeles,LAX,26,California,8,0,0,0,,,,,,,,,0.0,20-29,,Indecisive
516798,F,True,False,usa,san jose,SJC,41,California,8,1,1,1,0.0,1.0,1.0,818.81,0.0,1.0,818.81,187.0,0.125,40-49,1637.62,Indecisive
516806,F,False,False,usa,washington,DCA,41,Virginia,8,5,5,4,0.6,1.0,0.6,302.904,0.5,8.0,1514.52,6394.75,0.625,40-49,3029.04,Long Stayers
516827,F,False,False,usa,las vegas,LSV,52,Nevada,8,6,4,5,0.3333333333333333,1.0,0.75,308.91,0.4,5.6,1235.64,3245.5,0.75,50-59,2471.28,Not assigned
516841,M,False,True,usa,fresno,FAT,19,California,8,1,1,1,1.0,1.0,1.0,794.63,0.0,3.0,675.4354999999999,1329.0,0.125,10-19,1350.8709999999999,Indecisive
516862,F,True,False,usa,new york,LGA,67,New York,8,2,1,1,0.0,1.0,0.0,1091.79,0.0,9.0,1091.79,2790.0,0.25,60-69,2183.58,Long Stayers
516939,F,True,True,canada,gatineau,YND,29,Quebec,8,1,1,1,1.0,1.0,1.0,104.12,1.0,1.0,57.266000000000005,92.0,0.125,20-29,114.53200000000001,Indecisive
516967,M,False,True,usa,fresno,FAT,25,California,8,0,0,0,,,,,,,,,0.0,20-29,,Indecisive
516972,F,True,True,usa,new york,JFK,42,New York,8,2,2,2,1.0,1.0,1.0,409.025,0.0,2.5,746.5140000000001,1070.8000000000002,0.25,40-49,1493.0280000000002,Discount buyer
517033,F,False,False,canada,calgary,YYC,21,Alberta,8,3,0,3,1.0,,,,0.6666666666666666,12.333333333333334,,6029.8,0.375,20-29,,Long Stayers
517061,F,True,True,usa,jacksonville,NIP,53,Florida,10,6,4,6,0.1666666666666666,1.25,1.0,281.155,0.6666666666666666,3.6666666666666665,1361.4725,4308.0,0.6,50-59,2722.945,Not assigned
517064,F,False,True,usa,dallas,DAL,17,Texas,9,3,2,3,0.6666666666666666,1.0,0.0,359.915,0.0,1.6666666666666667,683.191,1234.0,0.3333333333333333,10-19,1366.382,Youngs
517076,F,False,False,usa,charlotte,CLT,38,North Carolina,8,5,2,5,0.6,1.0,0.0,459.085,0.4,6.8,918.17,4380.7,0.625,30-39,1836.34,Not assigned
517105,F,False,False,usa,santa ana,SNA,47,California,9,4,4,3,0.5,1.0,0.25,361.2425,0.0,2.6666666666666665,1440.223,1016.0,0.4444444444444444,40-49,2880.446,Not assigned
517119,F,False,True,usa,columbus,CMH,45,Ohio,8,4,3,4,0.25,1.0,0.6666666666666666,242.88,0.0,5.75,671.352,2193.0,0.5,40-49,1342.704,Not assigned
517143,F,False,False,usa,kansas city,MCI,25,Missouri,8,2,0,2,0.0,,,,0.0,5.0,,1740.0,0.25,20-29,,Only Hotel
517150,M,False,False,usa,columbus,CMH,37,Ohio,8,6,6,6,0.5,1.3333333333333333,0.1666666666666666,426.8627777777778,0.5,3.0,2533.616,3475.0,0.75,30-39,5067.232,High Spenders
517158,M,True,True,usa,montgomery,MXF,52,Alabama,8,3,3,3,0.0,1.0,0.6666666666666666,251.95,0.3333333333333333,1.3333333333333333,755.85,883.0,0.375,50-59,1511.7,Not assigned
517330,M,True,False,usa,newark,EWR,69,New Jersey,8,1,1,1,0.0,1.0,1.0,467.35,0.0,6.0,467.35,852.0,0.125,60-69,934.7,Indecisive
517467,F,False,False,usa,lincoln,LNK,36,Nebraska,8,2,1,2,0.5,1.0,2.0,323.87,0.0,5.0,259.096,5486.0,0.25,30-39,518.192,Not assigned
517486,F,True,False,usa,columbus,LCK,46,Ohio,10,3,3,3,0.0,1.0,0.0,158.32000000000002,0.3333333333333333,1.0,474.96,454.0,0.3,40-49,949.92,Not assigned
517491,F,False,False,usa,nashville,BNA,55,Tennessee,8,8,6,7,0.0,1.0,0.5,328.9266666666667,0.2857142857142857,3.857142857142857,1973.56,5799.0,1.0,50-59,3947.12,Not assigned
517543,F,True,False,canada,vancouver,YVR,44,British Columbia,9,0,0,0,,,,,,,,,0.0,40-49,,Indecisive
517549,F,False,False,usa,salt lake city,SLC,50,Utah,9,6,6,5,0.1666666666666666,1.1666666666666667,0.6666666666666666,458.4458333333334,0.2,2.8,2965.778,3805.0,0.6666666666666666,50-59,5931.556,High Spenders
517571,M,False,False,usa,phoenix,LUF,44,Arizona,8,1,1,1,1.0,1.0,1.0,504.02,0.0,2.0,428.417,278.0,0.125,40-49,856.834,Indecisive
517581,F,False,False,usa,san antonio,SKF,35,Texas,8,3,3,3,0.0,1.3333333333333333,0.6666666666666666,386.23333333333335,1.0,4.666666666666667,1654.31,3106.0,0.375,30-39,3308.62,Not assigned
517674,F,False,False,usa,los angeles,LAX,30,California,9,3,3,2,0.0,2.0,1.6666666666666667,373.44555555555553,0.0,2.0,2790.83,4992.0,0.3333333333333333,30-39,5581.66,High Spenders
517675,F,True,False,canada,toronto,YTZ,29,Ontario,8,4,4,4,0.5,1.5,1.0,226.65416666666667,0.0,4.25,1080.96,3940.0,0.5,20-29,2161.92,Not assigned
517739,F,True,True,usa,chicago,MDW,25,Illinois,8,1,1,1,0.0,1.0,1.0,114.12,0.0,5.0,114.12,1115.0,0.125,20-29,228.24,Indecisive
517787,F,False,False,usa,madison,MSN,32,Wisconsin,8,1,1,1,0.0,3.0,2.0,283.94,0.0,7.0,851.82,1974.0,0.125,30-39,1703.64,Indecisive
517803,M,True,False,usa,los angeles,LAX,47,California,8,5,4,5,0.4,1.0,0.25,501.905,0.2,3.0,1971.917,1733.7,0.625,40-49,3943.834,Not assigned
517819,F,False,False,canada,vancouver,YVR,33,British Columbia,8,1,1,1,0.0,1.0,2.0,336.32,0.0,3.0,336.32,600.0,0.125,30-39,672.64,Indecisive
517847,F,True,False,usa,denver,DEN,48,Colorado,9,4,3,4,0.5,1.0,0.6666666666666666,256.42333333333335,0.25,2.25,769.27,703.0,0.4444444444444444,40-49,1538.54,Not assigned
517871,F,False,True,usa,boston,BOS,26,Massachusetts,9,1,1,1,0.0,1.0,0.0,234.08,0.0,1.0,234.08,204.0,0.1111111111111111,20-29,468.16,Indecisive
517931,F,False,False,usa,philadelphia,PHL,36,Pennsylvania,9,5,3,5,0.4,1.0,0.6666666666666666,364.0833333333333,0.2,4.6,1092.25,13085.9,0.5555555555555556,30-39,2184.5,Not assigned
517961,F,True,True,canada,montreal,YUL,61,Quebec,8,2,2,2,0.0,1.5,1.0,727.8050000000001,0.5,1.0,2185.4300000000003,321.0,0.25,60-69,4370.860000000001,Retired
518015,F,False,True,usa,austin,AUS,40,Texas,8,4,4,4,0.5,1.0,0.25,332.3625,0.75,8.0,1283.1375,3803.8,0.5,40-49,2566.275,Long Stayers
518041,F,False,False,usa,new york,LGA,19,New York,8,1,0,1,1.0,,,,0.0,4.0,,437.0,0.125,10-19,,Indecisive
518044,F,True,True,usa,cincinnati,LUK,53,Ohio,9,4,2,3,0.25,1.0,1.0,377.705,0.6666666666666666,5.666666666666667,755.4100000000001,1900.0,0.4444444444444444,50-59,1510.8200000000002,Not assigned
518074,F,False,False,usa,milwaukee,MKE,29,Wisconsin,9,2,2,1,0.5,1.5,0.5,389.86,0.0,4.0,1019.802,1080.0,0.2222222222222222,20-29,2039.604,Not assigned
518092,F,False,False,usa,new york,JFK,44,New York,8,5,5,3,0.0,1.0,0.4,356.34000000000003,0.3333333333333333,2.0,1781.7,1149.0,0.625,40-49,3563.4,Not assigned
518121,F,False,False,canada,vancouver,YVR,31,British Columbia,9,3,3,3,0.3333333333333333,1.3333333333333333,0.6666666666666666,478.1383333333333,0.3333333333333333,2.333333333333333,1809.7515,2374.8,0.3333333333333333,30-39,3619.503,Not assigned
518135,F,False,False,usa,new york,JFK,35,New York,8,2,1,2,0.5,1.0,0.0,464.26,0.0,3.0,464.26,410.0,0.25,30-39,928.52,Not assigned
518191,F,True,False,usa,detroit,YIP,45,Michigan,9,2,2,1,0.0,1.0,0.5,110.305,1.0,2.0,220.61,370.0,0.2222222222222222,40-49,441.22,Not assigned
518196,F,True,True,usa,san jose,SJC,55,California,8,3,2,2,0.3333333333333333,1.0,1.0,645.9200000000001,0.0,8.0,1291.84,9384.8,0.375,50-59,2583.68,Long Stayers
518281,F,True,True,canada,montreal,YMX,53,Quebec,8,4,4,3,0.25,1.0,0.5,471.7775,0.3333333333333333,2.6666666666666665,1742.897,1265.0,0.5,50-59,3485.794,Not assigned
518334,F,True,True,usa,mobile,BFM,32,Alabama,8,2,1,2,0.5,1.0,1.0,312.88,0.0,4.0,312.88,1645.6,0.25,30-39,625.76,Not assigned
518338,F,False,True,usa,fort worth,FTW,35,Texas,8,4,3,4,0.0,1.0,0.0,223.70666666666668,0.75,5.25,671.12,3338.0,0.5,30-39,1342.24,Not assigned
518347,F,True,True,usa,boston,BOS,54,Massachusetts,8,4,4,3,0.0,1.0,0.25,275.43,0.6666666666666666,1.6666666666666667,1101.72,1004.0,0.5,50-59,2203.44,Not assigned
518372,F,False,False,usa,riverside,RAL,30,California,8,2,2,2,0.5,1.0,0.5,294.72,0.0,2.0,511.2705,1106.0,0.25,30-39,1022.541,Not assigned
518406,F,True,False,usa,new york,JFK,51,New York,8,3,3,3,0.0,1.0,0.3333333333333333,89.33666666666666,0.3333333333333333,3.0,268.01,952.0,0.375,50-59,536.02,Not assigned
518450,F,True,True,usa,cincinnati,LUK,62,Ohio,8,2,1,1,0.0,1.0,0.0,504.17,0.0,7.0,504.17,1995.0,0.25,60-69,1008.34,Retired
518480,F,True,True,usa,lubbock,LBB,44,Texas,8,4,3,4,0.25,1.6666666666666667,1.3333333333333333,360.83,0.25,4.0,1751.3774999999998,4300.4,0.5,40-49,3502.7549999999997,Family travelers
518495,F,False,False,canada,montreal,YMX,23,Quebec,8,2,2,2,0.5,1.0,1.0,197.6,0.5,10.5,368.4425,4222.0,0.25,20-29,736.885,Long Stayers
518526,M,False,False,usa,new york,JFK,53,New York,8,5,5,5,0.2,1.4,0.2,336.7013333333333,0.0,2.6,1836.145,4034.0,0.625,50-59,3672.29,Not assigned
518535,M,True,False,usa,houston,HOU,44,Texas,9,3,2,2,0.3333333333333333,1.0,0.5,386.8,1.0,3.5,773.6,1166.9,0.3333333333333333,40-49,1547.2,Not assigned
518567,F,False,False,usa,chicago,UGN,17,Illinois,9,1,1,1,0.0,1.0,1.0,222.33,0.0,2.0,222.33,106.0,0.1111111111111111,10-19,444.66,Indecisive
518579,M,False,False,usa,seattle,SEA,41,Washington,8,3,2,3,0.0,1.0,0.5,508.67,0.3333333333333333,4.0,1017.34,2104.0,0.375,40-49,2034.68,Not assigned
518585,F,True,True,usa,chicago,UGN,43,Illinois,8,3,3,3,0.3333333333333333,1.0,0.6666666666666666,414.0133333333333,0.0,2.333333333333333,1172.164,864.0,0.375,40-49,2344.328,Not assigned
518645,F,True,False,usa,newark,EWR,22,New Jersey,8,0,0,0,,,,,,,,,0.0,20-29,,Indecisive
518694,F,False,False,usa,los angeles,LAX,40,California,8,2,1,2,0.0,1.0,0.0,674.92,0.0,12.0,674.92,3622.0,0.25,40-49,1349.84,Long Stayers
518711,F,True,False,usa,salt lake city,SLC,44,Utah,9,2,1,2,0.0,1.0,1.0,429.92,0.0,2.5,429.92,1073.0,0.2222222222222222,40-49,859.84,Not assigned
518735,F,False,True,usa,san francisco,SFO,28,California,8,1,0,1,0.0,,,,1.0,5.0,,1190.0,0.125,20-29,,Indecisive
518743,F,False,False,usa,washington,DCA,34,Virginia,8,3,3,3,0.0,1.3333333333333333,0.0,396.9783333333333,0.3333333333333333,4.0,1791.75,3579.0,0.375,30-39,3583.5,Not assigned
518747,F,True,True,usa,los angeles,LAX,49,California,8,2,2,2,0.5,2.0,0.5,332.4,0.5,2.0,1310.744,914.0,0.25,40-49,2621.488,Family travelers
518751,F,False,False,usa,indianapolis,IND,32,Gujarat,8,5,5,3,0.4,1.2,0.2,269.431,0.0,1.0,1841.95,939.0,0.625,30-39,3683.9,Not assigned
518756,F,False,False,usa,boston,BOS,51,Massachusetts,8,2,2,2,0.0,1.0,0.5,617.345,0.0,3.5,1234.69,955.0,0.25,50-59,2469.38,Not assigned
518826,F,False,True,canada,montreal,YUL,38,Quebec,8,1,1,1,0.0,1.0,0.0,222.37,0.0,2.0,222.37,514.0,0.125,30-39,444.74,Indecisive
518827,M,True,True,usa,los angeles,LAX,49,California,8,4,2,4,0.5,1.0,0.5,463.605,0.25,5.0,868.8975,6906.0,0.5,40-49,1737.795,Not assigned
518865,F,False,True,usa,long beach,LGB,27,California,8,3,3,3,0.0,1.0,0.6666666666666666,380.99,0.0,2.6666666666666665,1142.97,1362.0,0.375,20-29,2285.94,Not assigned
518866,F,True,False,usa,los angeles,LAX,54,California,8,3,3,3,0.0,1.0,0.0,624.96,0.3333333333333333,2.333333333333333,1874.88,752.0,0.375,50-59,3749.76,Not assigned
518870,F,False,False,usa,los angeles,LAX,37,California,8,3,2,3,0.0,1.0,0.0,464.67,0.3333333333333333,3.333333333333333,929.34,994.0,0.375,30-39,1858.68,Not assigned
518896,F,True,False,usa,chicago,MDW,56,Illinois,8,3,2,3,0.0,1.0,0.5,316.885,0.6666666666666666,10.666666666666666,633.77,7129.0,0.375,50-59,1267.54,Long Stayers
518922,F,True,False,usa,sacramento,SAC,83,California,8,1,0,1,1.0,,,,0.0,15.0,,4332.0,0.125,80-89,,Long Stayers
518956,F,True,False,usa,houston,IAH,47,Texas,9,2,1,2,1.0,1.0,0.0,420.84,0.0,4.0,420.84,1064.9,0.2222222222222222,40-49,841.68,Discount buyer
518971,F,False,False,canada,quebec,YQB,39,Quebec,9,2,2,2,0.5,1.0,0.5,326.15,0.0,1.0,592.412,139.0,0.2222222222222222,30-39,1184.824,Not assigned
519059,F,False,True,canada,victoria,YYJ,26,British Columbia,8,2,2,2,1.0,1.0,0.5,668.15,0.5,2.0,1253.1025,697.8,0.25,20-29,2506.205,Discount buyer
519079,F,False,False,usa,phoenix,PHX,49,Arizona,8,5,4,4,0.4,1.0,0.5,476.195,0.25,5.5,1871.752,5776.0,0.625,40-49,3743.504,Not assigned
519091,F,True,False,usa,san francisco,SFO,53,California,8,2,1,2,0.5,2.0,1.0,793.6,0.0,14.0,1587.2,6504.0,0.25,50-59,3174.4,Long Stayers
519205,F,True,False,usa,santa ana,SNA,43,California,8,2,2,2,0.5,1.0,0.5,495.75,0.0,1.5,991.5,662.5999999999999,0.25,40-49,1983.0,Not assigned
519248,F,True,True,usa,richmond,RIC,26,Virginia,8,1,1,1,1.0,3.0,2.0,113.58333333333331,1.0,9.0,340.75,3505.5,0.125,20-29,681.5,Long Stayers
519254,F,False,False,usa,tucson,TUS,30,Arizona,8,7,6,7,0.1428571428571428,1.1666666666666667,0.3333333333333333,481.4708333333333,0.0,2.857142857142857,3368.17,4781.8,0.875,30-39,6736.34,High Spenders
519285,F,False,False,usa,portland,PDX,30,Oregon,8,4,3,4,0.0,1.0,0.3333333333333333,540.0566666666667,0.0,3.5,1620.17,1181.0,0.5,30-39,3240.34,Not assigned
519313,M,False,True,usa,san diego,NZY,23,California,8,1,1,1,0.0,1.0,0.0,482.88,0.0,2.0,482.88,452.0,0.125,20-29,965.76,Indecisive
519335,F,True,True,usa,tucson,TUS,63,Arizona,10,2,0,2,0.0,,,,0.0,4.0,,1534.0,0.2,60-69,,Retired
519348,M,False,False,usa,new york,LGA,45,New York,8,3,3,3,0.3333333333333333,1.0,0.6666666666666666,223.82666666666668,1.0,2.0,671.48,737.5,0.375,40-49,1342.96,Not assigned
519368,F,False,True,usa,atlanta,ATL,19,Georgia,9,1,1,1,0.0,1.0,0.0,207.24,1.0,1.0,207.24,198.0,0.1111111111111111,10-19,414.48,Indecisive
519393,F,False,True,usa,chicago,MDW,49,Illinois,8,3,2,2,0.3333333333333333,1.0,0.5,451.645,0.0,3.5,903.29,538.0,0.375,40-49,1806.58,Not assigned
519406,F,False,False,canada,halifax,YHZ,23,Nova Scotia,8,0,0,0,,,,,,,,,0.0,20-29,,Indecisive
519446,F,True,False,usa,los angeles,LAX,47,California,8,4,4,3,0.0,1.0,1.25,427.745,0.6666666666666666,5.0,1710.98,1596.0,0.5,40-49,3421.96,Not assigned
519469,M,False,False,usa,nashville,BNA,34,Tennessee,8,2,1,2,0.5,1.0,1.0,244.6,0.5,3.5,244.6,1078.65,0.25,30-39,489.2,Not assigned
519532,F,False,False,canada,quebec,YQB,43,Quebec,9,3,3,3,0.0,1.6666666666666667,1.3333333333333333,363.0477777777778,0.0,1.6666666666666667,1353.39,588.0,0.3333333333333333,40-49,2706.78,Not assigned
519541,M,True,False,usa,san francisco,SFO,47,California,8,2,2,2,0.5,1.0,0.5,489.32,0.5,1.5,978.64,453.9,0.25,40-49,1957.28,Not assigned
519561,F,True,False,usa,new york,LGA,71,New York,8,0,0,0,,,,,,,,,0.0,70-79,,Indecisive
519595,M,False,False,usa,los angeles,LAX,41,California,8,4,4,3,0.25,1.0,0.25,531.4275,0.3333333333333333,2.6666666666666665,2048.3745,674.0,0.5,40-49,4096.749,Not assigned
519596,F,True,True,usa,fayetteville,POB,40,North Carolina,8,2,2,2,0.0,1.0,0.0,386.965,0.0,3.0,773.9300000000001,801.0,0.25,40-49,1547.8600000000001,Not assigned
519604,F,False,False,usa,burlington,BTV,54,Vermont,8,3,3,3,0.0,1.0,0.3333333333333333,124.83666666666666,0.3333333333333333,3.333333333333333,374.51,1400.0,0.375,50-59,749.02,Not assigned
519687,F,True,True,usa,laredo,LRD,24,Texas,9,0,0,0,,,,,,,,,0.0,20-29,,Indecisive
519694,F,False,False,canada,ottawa,YOW,32,Ontario,8,4,4,4,0.0,1.0,0.5,378.2875,0.0,1.25,1513.15,994.0,0.5,30-39,3026.3,Not assigned
519706,F,False,True,canada,victoria,YYJ,62,British Columbia,8,1,0,1,1.0,,,,1.0,27.0,,5443.200000000001,0.125,60-69,,Long Stayers
519726,F,True,False,usa,milwaukee,MKE,43,Wisconsin,8,2,2,2,0.0,1.0,0.0,219.205,1.0,3.0,438.41,772.0,0.25,40-49,876.82,Not assigned
519747,M,True,False,usa,columbus,LCK,44,Ohio,8,5,5,5,0.2,1.2,0.2,311.98400000000004,0.2,3.6,1702.432,3483.7,0.625,40-49,3404.864,Not assigned
519769,O,True,True,usa,atlanta,ATL,40,Georgia,8,3,3,3,0.6666666666666666,1.0,0.3333333333333333,312.78,0.3333333333333333,2.333333333333333,859.7879999999999,968.0,0.375,40-49,1719.5759999999998,Not assigned
519787,F,False,True,canada,edmonton,YEG,17,Alberta,9,1,0,1,0.0,,,,0.0,7.0,,1792.0,0.1111111111111111,10-19,,Indecisive
519799,F,False,True,usa,bakersfield,BFL,37,California,8,5,5,3,0.2,1.0,0.4,450.184,0.0,3.0,2123.036,1874.0,0.625,30-39,4246.072,Not assigned
519846,F,False,True,usa,brownsville,BRO,56,Texas,9,4,3,4,0.25,1.3333333333333333,0.0,391.82666666666665,0.25,3.5,1481.6615,7592.0,0.4444444444444444,50-59,2963.323,Not assigned
519848,F,False,False,usa,los angeles,LAX,42,California,9,4,4,4,0.0,1.5,0.0,374.9775,0.25,2.0,1718.51,2223.0,0.4444444444444444,40-49,3437.02,Not assigned
519853,F,False,True,usa,new york,LGA,41,New York,8,2,2,1,0.5,1.5,0.0,180.52,0.0,2.0,491.144,580.0,0.25,40-49,982.288,Not assigned
519888,F,False,False,usa,las vegas,LSV,38,Nevada,8,4,3,4,0.5,1.0,1.0,357.26666666666665,0.25,3.75,1071.8,1154.5,0.5,30-39,2143.6,Not assigned
519896,F,True,False,usa,miami,OPF,46,Florida,9,3,3,3,0.6666666666666666,1.3333333333333333,0.6666666666666666,1180.01,0.3333333333333333,9.0,6133.78,5760.3,0.3333333333333333,40-49,12267.56,Long Stayers
519897,F,False,False,usa,tulsa,TUL,17,Oklahoma,8,0,0,0,,,,,,,,,0.0,10-19,,Indecisive
519905,F,True,False,canada,montreal,YUL,41,Quebec,8,2,2,2,0.0,1.0,1.0,356.105,0.5,3.0,712.21,2818.0,0.25,40-49,1424.42,Not assigned
519911,F,False,False,canada,toronto,YYZ,39,Ontario,9,6,6,6,0.1666666666666666,1.0,0.1666666666666666,313.25666666666666,0.3333333333333333,4.0,1869.3540000000005,3298.0,0.6666666666666666,30-39,3738.708000000001,Not assigned
519961,F,False,False,usa,new york,LGA,30,New York,9,3,3,3,0.0,1.0,0.6666666666666666,282.4433333333333,0.6666666666666666,1.6666666666666667,847.33,676.0,0.3333333333333333,30-39,1694.66,Not assigned
519965,M,False,True,usa,oakland,OAK,38,California,8,3,3,3,0.6666666666666666,1.0,0.6666666666666666,447.5466666666667,0.3333333333333333,2.0,1275.7430000000002,2121.0,0.375,30-39,2551.4860000000003,Not assigned
519982,F,False,True,usa,memphis,MEM,21,Tennessee,8,0,0,0,,,,,,,,,0.0,20-29,,Indecisive
520054,F,False,True,usa,fort worth,FTW,34,Texas,8,1,1,1,0.0,1.0,0.0,51.23,0.0,1.0,51.23,287.0,0.125,30-39,102.46,Indecisive
520063,F,False,True,usa,san antonio,SKF,37,Texas,11,2,2,2,0.0,1.0,0.0,261.29,0.0,1.0,522.58,140.0,0.18181818181818182,30-39,1045.16,Indecisive
520097,F,True,False,usa,louisville,LOU,51,Kentucky,8,4,4,3,0.25,1.0,0.5,192.0275,0.6666666666666666,1.3333333333333333,743.652,464.0,0.5,50-59,1487.304,Not assigned
520141,F,False,False,usa,new york,JFK,42,New York,8,3,2,3,0.0,1.0,0.5,257.015,0.6666666666666666,3.6666666666666665,514.03,1876.0,0.375,40-49,1028.06,Not assigned
520152,F,True,True,usa,phoenix,PHX,46,Arizona,9,4,3,4,0.25,1.0,1.0,237.94,0.25,4.25,703.9159999999999,2662.0,0.4444444444444444,40-49,1407.8319999999999,Not assigned
520193,F,False,False,usa,el paso,BIF,49,Texas,8,3,3,3,0.0,1.0,1.0,518.6166666666667,0.3333333333333333,2.6666666666666665,1555.85,1429.0,0.375,40-49,3111.7,Not assigned
520225,F,False,True,usa,san jose,SJC,42,California,8,5,5,5,0.4,1.0,0.6,393.276,0.0,2.6,1839.6635,1707.0,0.625,40-49,3679.327,Not assigned
520265,F,True,True,usa,fresno,FAT,41,California,8,5,4,5,0.2,1.0,0.25,581.515,0.2,5.0,2326.06,3847.5,0.625,40-49,4652.12,High Spenders
520277,F,False,False,usa,omaha,OFF,38,Nebraska,8,2,2,2,0.0,1.0,0.0,242.2,0.5,1.5,484.4,265.0,0.25,30-39,968.8,Not assigned
520291,M,True,False,usa,los angeles,LAX,36,California,9,4,4,4,0.25,1.0,1.25,505.7875,0.0,5.5,2023.15,2783.6,0.4444444444444444,30-39,4046.3,Not assigned
520311,F,True,True,usa,milwaukee,MKE,47,Wisconsin,8,5,4,2,0.2,1.25,1.0,206.01125,0.0,6.5,906.2695,2771.0,0.625,40-49,1812.539,Not assigned
520397,F,True,False,usa,austin,AUS,43,Texas,9,3,3,2,0.0,1.0,0.3333333333333333,464.68666666666667,0.0,2.0,1394.06,644.0,0.3333333333333333,40-49,2788.12,Not assigned
520411,F,True,False,usa,detroit,DTW,39,Michigan,8,2,2,2,0.0,1.0,0.5,136.89,0.5,3.0,273.78,1228.0,0.25,30-39,547.56,Not assigned
520429,M,True,True,usa,winston-salem,INT,51,North Carolina,8,2,2,2,0.0,1.0,1.0,541.1850000000001,0.0,3.0,1082.37,1174.0,0.25,50-59,2164.74,Not assigned
520436,F,True,False,usa,chicago,MDW,46,Illinois,8,6,5,6,0.0,1.0,0.8,388.54,0.3333333333333333,3.5,1942.7,2942.0,0.75,40-49,3885.4,Not assigned
520440,F,True,False,usa,new york,JFK,35,New York,9,0,0,0,,,,,,,,,0.0,30-39,,Indecisive
520480,F,False,False,canada,vancouver,YVR,37,British Columbia,8,3,3,2,1.0,1.0,0.3333333333333333,703.1366666666667,0.5,4.5,1969.61,511.8,0.375,30-39,3939.22,Discount buyer
520532,F,True,False,usa,washington,DCA,46,Virginia,9,4,4,4,0.25,1.0,0.75,346.43,0.25,4.0,1385.72,1455.5,0.4444444444444444,40-49,2771.44,Not assigned
520539,F,True,True,usa,little rock,LIT,51,Arkansas,8,3,3,3,0.3333333333333333,1.0,0.3333333333333333,288.61999999999995,0.3333333333333333,1.6666666666666667,852.2715,549.0,0.375,50-59,1704.543,Not assigned
520556,F,False,True,usa,austin,AUS,33,Texas,8,5,4,4,0.6,1.0,0.75,249.7675,0.5,10.0,988.359,9659.1,0.625,30-39,1976.718,Long Stayers
520558,F,False,False,usa,rochester,ROC,35,New York,8,1,1,1,0.0,1.0,0.0,376.12,0.0,5.0,376.12,590.0,0.125,30-39,752.24,Indecisive
520603,F,False,False,usa,milwaukee,MKE,24,Wisconsin,8,0,0,0,,,,,,,,,0.0,20-29,,Indecisive
520680,F,True,False,usa,winston-salem,INT,42,North Carolina,8,2,2,2,1.0,1.0,0.0,315.91,1.0,2.0,522.588,940.0,0.25,40-49,1045.176,Discount buyer
520719,M,False,False,usa,new york,JFK,24,New York,8,4,4,4,0.0,1.0,0.5,618.3625,0.25,3.25,2473.45,3923.0,0.5,20-29,4946.9,High Spenders
520733,F,True,False,usa,honolulu,HNL,40,Hawaii,8,3,3,3,0.3333333333333333,1.0,0.3333333333333333,1080.8,1.0,2.6666666666666665,3186.251,1144.0,0.375,40-49,6372.502,High Spenders
520762,F,False,False,usa,baton rouge,BTR,28,Louisiana,8,2,1,2,0.5,1.0,1.0,108.89,0.5,5.0,108.89,1081.0,0.25,20-29,217.78,Not assigned
520770,F,False,False,usa,sacramento,SAC,39,California,8,4,4,2,0.5,1.5,0.5,520.4741666666666,0.0,1.0,3629.09,360.5,0.5,30-39,7258.18,High Spenders
520771,F,True,True,usa,laredo,LRD,57,Texas,8,1,0,1,1.0,,,,0.0,11.0,,1760.0,0.125,50-59,,Long Stayers
520780,F,False,False,usa,new york,JFK,69,New York,8,0,0,0,,,,,,,,,0.0,60-69,,Indecisive
520819,F,True,True,usa,jacksonville,NZC,49,Ica,9,2,2,2,0.0,1.0,0.0,236.44,0.0,2.0,472.88,2228.0,0.2222222222222222,40-49,945.76,Not assigned
520821,F,False,False,usa,boston,BOS,41,Massachusetts,8,2,2,2,0.0,1.0,0.5,714.8199999999999,0.0,4.5,1429.64,1095.0,0.25,40-49,2859.28,Not assigned
520844,F,False,True,usa,long beach,LGB,19,California,8,2,1,2,0.0,1.0,0.0,93.77,0.5,4.5,93.77,2112.0,0.25,10-19,187.54,Youngs
520851,F,True,True,usa,san antonio,RND,53,Texas,9,5,5,5,0.0,1.8,0.4,396.7055,0.0,2.4,3126.68,2586.0,0.5555555555555556,50-59,6253.36,High Spenders
520898,F,True,True,usa,santa ana,SNA,41,California,8,3,2,3,0.3333333333333333,1.5,0.5,683.3425,0.0,6.0,2036.3695,5760.0,0.375,40-49,4072.739,Not assigned
520902,F,False,False,usa,kansas city,MCI,38,Missouri,9,4,4,4,0.25,1.25,1.0,306.29125,0.5,2.0,1586.3805,1452.0,0.4444444444444444,30-39,3172.761,Not assigned
520959,F,False,False,usa,new york,LGA,48,New York,8,1,1,1,1.0,1.0,0.0,105.77,0.0,1.0,105.77,115.6,0.125,40-49,211.54,Indecisive
521000,F,True,False,usa,charlotte,CLT,46,North Carolina,8,3,3,3,0.0,1.0,0.3333333333333333,206.97000000000003,0.0,1.3333333333333333,620.9100000000001,885.0,0.375,40-49,1241.8200000000002,Not assigned
521009,F,True,False,usa,new york,LGA,67,New York,10,1,0,1,0.0,,,,0.0,4.0,,872.0,0.1,60-69,,Indecisive
521031,F,False,False,canada,hamilton,YHM,43,Ontario,8,6,5,6,0.1666666666666666,1.6,0.4,250.812,0.0,4.0,2056.4700000000003,3457.05,0.75,40-49,4112.9400000000005,Not assigned
521033,M,True,True,usa,chicago,ORD,42,Illinois,8,4,4,3,0.5,1.25,0.5,202.475,0.0,6.0,954.24,2464.1000000000004,0.5,40-49,1908.48,Not assigned
521060,F,False,False,usa,burlington,BTV,39,Vermont,8,5,4,5,0.4,1.25,1.0,433.9925,0.2,3.6,2174.54,2593.4,0.625,30-39,4349.08,Not assigned
521065,F,True,True,usa,new york,LGA,43,New York,8,3,3,2,0.6666666666666666,1.3333333333333333,0.0,480.205,0.0,1.0,1843.0775,331.25,0.375,40-49,3686.155,Not assigned
521127,F,True,False,usa,chicago,MDW,41,Illinois,9,5,3,5,0.6,1.0,0.6666666666666666,371.14333333333326,0.2,6.2,1040.032,5108.2,0.5555555555555556,40-49,2080.064,Not assigned
521152,F,True,False,canada,winnipeg,YWG,44,Manitoba,9,3,3,3,0.0,1.6666666666666667,0.0,359.40166666666664,0.0,5.333333333333333,1842.3,6496.0,0.3333333333333333,40-49,3684.6,Not assigned
521185,F,True,True,usa,los angeles,LAX,46,California,8,4,2,4,0.5,1.0,1.0,537.655,0.5,3.75,1075.31,2739.95,0.5,40-49,2150.62,Not assigned
521186,F,False,False,usa,boston,BOS,52,Massachusetts,8,3,3,3,0.6666666666666666,1.0,0.6666666666666666,608.5733333333334,0.0,5.0,1825.72,4079.2,0.375,50-59,3651.44,Not assigned
521187,F,True,False,usa,orlando,ORL,74,Florida,9,0,0,0,,,,,,,,,0.0,70-79,,Indecisive
521212,M,True,True,usa,dallas,DAL,41,Texas,8,3,3,3,0.3333333333333333,1.3333333333333333,1.3333333333333333,221.575,0.3333333333333333,3.6666666666666665,573.6624999999999,3259.1,0.375,40-49,1147.3249999999998,Not assigned
521259,F,False,False,usa,knoxville,TYS,35,Tennessee,8,2,2,2,1.0,1.0,0.0,385.525,0.0,2.5,736.0205,436.8,0.25,30-39,1472.041,Discount buyer
521282,F,False,False,usa,columbus,CMH,32,Ohio,8,2,2,1,0.5,1.0,1.0,394.13,1.0,4.0,788.26,448.0,0.25,30-39,1576.52,Not assigned
521295,F,False,True,usa,baton rouge,BTR,40,Louisiana,8,2,2,2,0.5,1.0,0.5,302.095,0.5,6.0,508.58,1027.5,0.25,40-49,1017.16,Not assigned
521298,F,False,False,usa,san jose,SJC,37,California,8,3,3,2,0.6666666666666666,2.0,0.3333333333333333,295.4775,0.0,2.5,1137.3000000000002,2961.7,0.375,30-39,2274.6000000000004,Not assigned
521309,F,False,True,usa,detroit,YIP,50,Michigan,8,2,2,2,0.5,1.0,1.0,452.435,0.5,1.5,863.2139999999999,184.0,0.25,50-59,1726.4279999999999,Not assigned
521316,F,False,False,usa,nashville,BNA,43,Tennessee,9,3,2,3,0.6666666666666666,1.0,0.5,233.69,0.0,6.0,448.5195,1490.2,0.3333333333333333,40-49,897.039,Not assigned
521335,F,False,False,usa,denver,DEN,33,Colorado,8,3,2,3,0.0,1.0,0.0,191.915,0.3333333333333333,3.0,383.83,1244.0,0.375,30-39,767.66,Not assigned
521343,F,False,False,usa,charlotte,CLT,36,North Carolina,9,5,5,3,0.2,1.2,0.6,123.763,0.6666666666666666,1.6666666666666667,724.381,1493.0,0.5555555555555556,30-39,1448.762,Not assigned
521379,F,True,False,usa,new york,JFK,55,New York,8,2,2,2,0.0,1.0,0.0,673.735,0.5,2.5,1347.47,542.0,0.25,50-59,2694.94,Not assigned
521434,F,True,False,usa,los angeles,LAX,48,California,8,4,4,3,0.25,1.25,1.25,511.415,0.3333333333333333,3.0,2531.632,1677.0,0.5,40-49,5063.264,High Spenders
521462,F,True,True,usa,indianapolis,IND,58,Gujarat,8,3,3,2,0.0,1.6666666666666667,1.0,298.2855555555556,0.0,2.5,1240.29,1104.0,0.375,50-59,2480.58,Family travelers
521509,F,True,False,usa,new york,LGA,54,New York,8,4,4,4,0.0,1.25,0.5,285.38625,0.5,3.25,1239.45,3343.0,0.5,50-59,2478.9,Not assigned
521514,F,False,True,usa,nashville,BNA,29,Tennessee,8,2,2,2,1.0,1.0,0.5,140.935,0.5,4.5,265.02700000000004,1248.3,0.25,20-29,530.0540000000001,Discount buyer
521587,F,False,False,usa,new york,LGA,32,New York,8,4,4,4,0.0,1.25,0.5,318.43375000000003,0.75,1.5,2014.08,657.0,0.5,30-39,4028.16,Not assigned
521607,F,False,False,usa,bakersfield,BFL,41,California,8,3,3,3,0.6666666666666666,1.0,0.3333333333333333,502.93666666666667,0.0,2.333333333333333,1433.3775,758.2,0.375,40-49,2866.755,Not assigned
521609,M,True,True,canada,toronto,YYZ,50,Ontario,8,2,2,2,0.0,1.5,0.5,77.7825,0.0,3.5,215.31,2352.0,0.25,50-59,430.62,Not assigned
521642,F,True,False,usa,lubbock,LBB,58,Texas,9,2,0,2,1.0,,,,0.0,8.0,,1747.6,0.2222222222222222,50-59,,Long Stayers
521663,M,False,False,usa,san francisco,SFO,33,California,8,0,0,0,,,,,,,,,0.0,30-39,,Indecisive
521695,M,True,False,canada,halifax,YAW,38,,9,4,3,4,0.25,1.0,0.3333333333333333,238.5633333333333,0.0,2.75,715.6899999999999,2919.8,0.4444444444444444,30-39,1431.3799999999999,Not assigned
521708,F,True,False,usa,nashville,BNA,47,Tennessee,8,4,4,3,0.5,1.0,0.75,285.3325,0.3333333333333333,4.0,1123.164,1332.0,0.5,40-49,2246.328,Not assigned
521719,F,False,False,usa,new york,JFK,20,New York,8,1,1,1,0.0,1.0,0.0,236.02,0.0,2.0,236.02,232.0,0.125,20-29,472.04,Indecisive
521720,M,False,False,usa,indianapolis,IND,44,Gujarat,8,4,4,4,0.25,1.0,0.75,350.9725,0.25,4.5,1403.89,3719.8,0.5,40-49,2807.78,Not assigned
521743,F,False,False,canada,calgary,YYC,38,Alberta,8,7,7,6,0.1428571428571428,1.0,0.2857142857142857,388.0442857142857,0.1666666666666666,3.5,2716.31,1702.1,0.875,30-39,5432.62,High Spenders
521748,M,False,False,usa,philadelphia,PNE,39,Pennsylvania,9,3,2,3,0.3333333333333333,1.0,0.5,106.165,0.3333333333333333,3.6666666666666665,212.33,2181.4,0.3333333333333333,30-39,424.66,Not assigned
521768,F,False,False,usa,omaha,OFF,46,Nebraska,8,3,3,2,0.0,1.0,0.6666666666666666,268.13666666666666,0.5,1.5,804.41,1323.0,0.375,40-49,1608.82,Not assigned
521818,F,False,False,usa,boston,BOS,17,Massachusetts,8,1,1,1,1.0,1.0,0.0,125.66,0.0,1.0,125.66,93.6,0.125,10-19,251.32,Indecisive
521865,F,True,True,usa,richmond,RIC,44,Virginia,9,4,4,4,0.25,1.0,0.5,277.09,0.5,2.25,1090.237,2008.0,0.4444444444444444,40-49,2180.474,Not assigned
521956,F,False,False,canada,toronto,YTZ,27,Ontario,8,4,4,4,0.0,1.25,0.5,239.8125,0.25,2.5,1243.12,1978.0,0.5,20-29,2486.24,Not assigned
521963,M,True,False,canada,toronto,YZD,24,,8,2,1,2,0.5,2.0,0.0,100.5,0.0,4.5,170.85,1512.0,0.25,20-29,341.7,Not assigned
521986,M,True,True,usa,omaha,OMA,50,Iowa,10,2,1,2,0.0,1.0,1.0,318.84,0.5,5.0,318.84,1864.0,0.2,50-59,637.68,Not assigned
522001,F,True,False,usa,sacramento,MCC,66,California,8,0,0,0,,,,,,,,,0.0,60-69,,Indecisive
522005,F,False,True,usa,nashville,BNA,46,Tennessee,8,5,3,5,0.4,1.0,0.0,323.78333333333336,0.4,5.0,971.35,5875.6,0.625,40-49,1942.7,Not assigned
522062,F,True,False,canada,edmonton,YEG,50,Alberta,8,4,4,3,0.0,1.0,0.5,513.3425,0.3333333333333333,2.6666666666666665,2053.37,1075.0,0.5,50-59,4106.74,Not assigned
522086,F,True,True,usa,corpus christi,CRP,39,Texas,11,2,2,2,1.0,1.0,0.0,407.895,1.0,4.0,716.606,1382.0,0.18181818181818182,30-39,1433.212,Indecisive
522112,F,True,True,canada,toronto,YKZ,43,Ontario,8,2,2,2,0.0,1.0,0.5,387.595,0.5,1.5,775.19,290.0,0.25,40-49,1550.38,Not assigned
522118,F,True,False,usa,des moines,DSM,50,Iowa,8,3,3,2,0.0,1.0,0.6666666666666666,228.47000000000003,0.0,2.0,685.4100000000001,790.0,0.375,50-59,1370.8200000000002,Not assigned
522184,F,False,True,usa,reno,RNO,24,Nevada,9,0,0,0,,,,,,,,,0.0,20-29,,Indecisive
522201,F,True,False,usa,minneapolis,MSP,46,Minnesota,8,1,0,1,0.0,,,,1.0,11.0,,2310.0,0.125,40-49,,Long Stayers
522233,M,False,False,usa,norfolk,NGU,40,Virginia,8,4,3,4,0.5,1.3333333333333333,1.0,349.28833333333336,0.25,3.75,1532.061,2851.8,0.5,40-49,3064.122,Not assigned
522237,F,False,False,usa,louisville,LOU,29,Kentucky,9,4,2,4,0.25,2.0,1.0,250.68166666666667,0.25,5.0,597.95,3420.0,0.4444444444444444,20-29,1195.9,Not assigned
522315,F,False,False,usa,baltimore,BWI,34,Maryland,8,2,2,2,0.0,1.0,0.0,114.905,0.0,1.0,229.81,787.0,0.25,30-39,459.62,Not assigned
522364,F,False,False,usa,memphis,MEM,33,Tennessee,8,3,3,3,0.3333333333333333,1.0,0.6666666666666666,250.6,0.0,2.6666666666666665,751.8,912.6,0.375,30-39,1503.6,Not assigned
522373,F,False,True,usa,new york,LGA,37,New York,8,2,2,2,0.0,1.5,0.0,469.9025,0.5,1.0,1484.21,319.0,0.25,30-39,2968.42,Not assigned
522375,F,False,False,usa,kansas city,MCI,50,Missouri,8,3,3,2,0.3333333333333333,1.0,0.6666666666666666,263.91333333333336,1.0,4.0,791.74,2739.6,0.375,50-59,1583.48,Not assigned
522402,M,False,False,usa,san antonio,RND,43,Texas,8,3,3,2,0.3333333333333333,1.3333333333333333,0.3333333333333333,158.77333333333334,0.0,1.0,486.60100000000006,659.0,0.375,40-49,973.2020000000001,Not assigned
522426,M,False,True,canada,toronto,YYZ,43,Ontario,8,4,4,4,0.25,1.25,0.25,99.3525,0.25,1.5,506.22,423.0,0.5,40-49,1012.44,Not assigned
522427,M,False,False,usa,san antonio,SAT,24,Texas,8,3,2,3,0.3333333333333333,1.0,0.5,462.045,0.3333333333333333,6.333333333333333,850.5794999999999,4294.0,0.375,20-29,1701.1589999999999,Not assigned
522438,M,True,True,canada,vancouver,YVR,54,British Columbia,8,5,5,5,0.2,1.2,0.4,443.129,0.2,2.2,2680.49,1996.7,0.625,50-59,5360.98,High Spenders
522441,M,True,False,usa,new york,LGA,34,New York,8,3,3,3,0.3333333333333333,1.0,0.6666666666666666,297.1533333333333,0.3333333333333333,1.3333333333333333,891.4599999999999,560.8,0.375,30-39,1782.9199999999998,Not assigned
522476,F,True,False,usa,austin,AUS,47,Texas,8,5,5,4,0.0,1.2,0.8,277.211,0.25,2.25,1505.56,2010.0,0.625,40-49,3011.12,Not assigned
522513,F,False,False,canada,winnipeg,YWG,40,Manitoba,8,4,2,4,0.25,1.0,0.5,334.51,0.0,5.25,669.02,2206.0,0.5,40-49,1338.04,Not assigned
522523,F,False,True,usa,fayetteville,POB,32,North Carolina,8,1,1,1,0.0,1.0,0.0,188.13,0.0,1.0,188.13,166.0,0.125,30-39,376.26,Indecisive
522532,F,False,False,usa,los angeles,LAX,37,California,8,5,3,5,0.2,1.3333333333333333,0.3333333333333333,252.7983333333333,0.0,3.4,1391.05,2128.85,0.625,30-39,2782.1,Not assigned
522624,F,False,False,usa,bakersfield,BFL,28,California,8,1,0,1,1.0,,,,0.0,30.0,,4617.0,0.125,20-29,,Long Stayers
522631,F,False,False,usa,santa ana,SNA,30,California,8,1,1,1,0.0,1.0,3.0,620.07,0.0,2.0,620.07,96.0,0.125,30-39,1240.14,Indecisive
522634,F,False,False,usa,fresno,FAT,33,California,8,4,3,3,0.5,1.0,0.6666666666666666,424.86,0.0,4.333333333333333,1234.265,6409.0,0.5,30-39,2468.53,Not assigned
522639,F,False,False,usa,chicago,MDW,35,Illinois,8,2,2,2,0.5,1.0,0.5,298.655,0.0,5.0,575.5,2652.0,0.25,30-39,1151.0,Not assigned
522654,F,False,True,usa,new york,LGA,41,New York,8,3,2,3,0.3333333333333333,1.0,0.5,423.495,0.3333333333333333,7.0,775.173,2953.0,0.375,40-49,1550.346,Not assigned
522687,F,True,True,usa,new york,LGA,44,New York,10,4,3,3,0.25,1.6666666666666667,0.6666666666666666,232.12222222222223,0.0,4.666666666666667,1133.94,1430.0,0.4,40-49,2267.88,Family travelers
522745,F,False,False,usa,new york,LGA,48,New York,8,3,2,3,0.0,1.5,0.0,383.765,0.3333333333333333,3.6666666666666665,903.95,2599.0,0.375,40-49,1807.9,Not assigned
522788,F,True,False,usa,lincoln,LNK,48,Nebraska,8,2,0,2,0.5,,,,0.0,4.5,,896.1,0.25,40-49,,Only Hotel
522809,F,True,True,canada,victoria,YYJ,53,British Columbia,8,1,1,1,0.0,1.0,2.0,565.09,0.0,3.0,565.09,1155.0,0.125,50-59,1130.18,Indecisive
522911,M,True,True,usa,orlando,ORL,38,Florida,8,0,0,0,,,,,,,,,0.0,30-39,,Indecisive
522927,F,False,False,usa,new york,LGA,35,New York,8,1,1,1,0.0,1.0,1.0,800.95,0.0,4.0,800.95,464.0,0.125,30-39,1601.9,Indecisive
522937,F,False,False,usa,phoenix,LUF,45,Arizona,8,7,7,5,0.5714285714285714,1.0,0.8571428571428571,367.5085714285714,0.2,2.6,2572.56,1186.0,0.875,40-49,5145.12,High Spenders
522939,F,False,True,usa,cleveland,CLE,43,Ohio,8,2,2,2,0.0,1.0,0.5,227.595,0.5,3.0,455.19,698.0,0.25,40-49,910.38,Not assigned
522944,F,True,False,usa,new york,JFK,54,New York,8,2,2,2,0.5,1.0,1.5,655.7650000000001,0.0,1.0,1189.016,343.0,0.25,50-59,2378.032,Not assigned
522999,F,True,False,usa,montgomery,MXF,35,Alabama,9,3,2,3,0.0,1.5,0.0,355.6825,0.0,6.333333333333333,1201.4,4435.0,0.3333333333333333,30-39,2402.8,Not assigned
523077,F,False,False,usa,corpus christi,CRP,31,Texas,8,4,1,4,0.25,1.0,1.0,551.81,0.5,6.5,551.81,4804.200000000001,0.5,30-39,1103.62,Not assigned
523090,F,False,True,usa,tucson,TUS,35,Arizona,8,2,2,2,0.5,1.0,1.0,456.745,0.5,3.0,832.21,1014.0,0.25,30-39,1664.42,Not assigned
523228,F,True,False,canada,montreal,YMX,32,Quebec,8,4,3,4,0.5,1.0,0.6666666666666666,435.86,0.0,2.75,1204.824,2191.95,0.5,30-39,2409.648,Not assigned
523256,F,False,False,usa,indianapolis,IND,37,Gujarat,8,3,2,3,0.3333333333333333,1.0,0.0,357.13,0.0,7.333333333333333,714.26,11545.0,0.375,30-39,1428.52,Long Stayers
523290,F,False,False,usa,rochester,ROC,34,New York,8,3,2,3,0.0,1.0,0.5,83.02,0.0,2.333333333333333,166.04,4081.0,0.375,30-39,332.08,Not assigned
523301,F,False,True,usa,phoenix,LUF,38,Arizona,8,3,3,3,0.0,1.0,0.3333333333333333,518.2033333333333,0.0,4.0,1554.61,1411.0,0.375,30-39,3109.22,Not assigned
523338,F,True,True,usa,new york,LGA,38,New York,9,4,4,4,0.25,1.0,1.0,148.135,0.0,3.25,592.54,5482.3,0.4444444444444444,30-39,1185.08,Not assigned
523454,F,False,False,usa,cleveland,CLE,57,Ohio,8,3,3,3,0.6666666666666666,1.0,1.0,318.17333333333335,0.6666666666666666,6.666666666666667,945.557,2758.8,0.375,50-59,1891.114,Not assigned
523484,F,False,False,usa,new york,LGA,41,New York,8,5,4,3,0.4,1.0,0.75,492.49,0.6666666666666666,3.333333333333333,1892.852,2945.0,0.625,40-49,3785.704,Not assigned
523503,F,True,False,usa,denver,DEN,70,Colorado,9,1,1,0,0.0,2.0,1.0,137.82,,,275.64,,0.1111111111111111,70-79,551.28,Indecisive
523505,F,False,False,usa,chicago,UGN,47,Illinois,8,5,3,5,0.0,1.0,0.3333333333333333,379.04333333333335,0.6,2.8,1137.13,3482.0,0.625,40-49,2274.26,Not assigned
523511,M,False,True,usa,new york,JFK,37,New York,8,3,2,1,0.3333333333333333,1.0,0.0,355.885,0.0,2.0,617.951,494.0,0.375,30-39,1235.902,Not assigned
523517,F,False,False,usa,houston,HOU,28,Texas,8,2,1,2,0.5,1.0,1.0,377.7,0.5,13.5,377.7,2681.0,0.25,20-29,755.4,Long Stayers
523559,M,True,False,usa,san antonio,SKF,45,Texas,8,3,3,2,0.0,1.0,0.0,340.71666666666664,0.5,5.5,1022.15,1520.0,0.375,40-49,2044.3,Not assigned
523612,F,True,True,usa,seattle,SEA,45,Washington,8,5,2,5,0.0,1.0,0.0,625.1600000000001,0.4,4.0,1250.3200000000002,4726.0,0.625,40-49,2500.6400000000003,Not assigned
523666,M,True,False,usa,bakersfield,BFL,53,California,8,4,4,4,0.5,1.0,0.25,550.355,0.5,3.25,2015.753,1829.0,0.5,50-59,4031.506,Not assigned
523690,M,False,False,usa,lincoln,LNK,42,Nebraska,8,4,2,4,0.5,1.0,0.5,189.28000000000003,0.25,4.75,378.56000000000006,5547.9,0.5,40-49,757.1200000000001,Not assigned
523700,F,True,True,usa,charlotte,CLT,58,North Carolina,8,1,1,1,1.0,2.0,0.0,78.12,0.0,1.0,156.24,1346.4,0.125,50-59,312.48,Indecisive
523710,F,False,False,usa,fort worth,FTW,42,Texas,9,3,3,3,0.0,1.0,0.6666666666666666,385.8666666666666,0.0,4.0,1157.6,1189.0,0.3333333333333333,40-49,2315.2,Not assigned
523715,F,True,True,usa,portland,PWM,42,Maine,8,2,1,2,0.0,1.0,1.0,149.96,0.0,4.0,149.96,1026.0,0.25,40-49,299.92,Not assigned
523746,F,False,False,usa,new york,JFK,24,New York,8,2,2,1,0.5,1.0,0.5,724.905,0.0,1.0,1333.7130000000002,199.0,0.25,20-29,2667.4260000000004,Not assigned
523768,F,True,False,canada,montreal,YMX,56,Quebec,8,2,1,2,0.5,1.0,0.0,195.42,0.5,3.0,195.42,603.0,0.25,50-59,390.84,Not assigned
523771,F,False,True,usa,new york,JFK,35,New York,8,3,1,3,0.3333333333333333,2.0,1.0,227.715,0.3333333333333333,7.0,455.43,4924.0,0.375,30-39,910.86,Family travelers
523787,F,True,True,usa,milwaukee,MKE,41,Wisconsin,8,1,1,1,0.0,1.0,0.0,470.9,1.0,1.0,470.9,119.0,0.125,40-49,941.8,Indecisive
523800,F,False,False,usa,san diego,SAN,37,California,8,4,2,3,0.25,1.0,0.0,357.785,0.6666666666666666,12.0,715.5699999999999,4124.8,0.5,30-39,1431.1399999999999,Long Stayers
523807,F,True,True,usa,san francisco,SFO,52,California,8,2,2,2,0.0,1.5,0.0,525.3399999999999,0.5,3.0,1347.19,936.0,0.25,50-59,2694.38,Not assigned
523819,F,True,False,usa,riverside,RIV,42,California,8,5,2,5,0.2,1.0,0.0,384.15,0.2,2.6,768.3,3807.5,0.625,40-49,1536.6,Not assigned
523841,F,True,False,usa,san jose,SJC,47,California,8,3,3,3,0.0,1.0,0.6666666666666666,167.78333333333333,0.6666666666666666,3.0,503.35,1495.0,0.375,40-49,1006.7,Not assigned
523860,F,True,True,usa,knoxville,TYS,40,Tennessee,8,3,2,2,0.6666666666666666,2.5,0.0,410.87625,0.0,4.5,1548.33,2445.6,0.375,40-49,3096.66,Family travelers
523866,F,False,False,canada,toronto,YKZ,17,Ontario,8,3,3,2,0.3333333333333333,1.0,0.3333333333333333,433.42,0.5,2.0,1300.26,567.0,0.375,10-19,2600.52,Youngs
523887,F,False,False,usa,indianapolis,IND,23,Gujarat,8,1,0,1,1.0,,,,0.0,11.0,,1188.0,0.125,20-29,,Long Stayers
523913,M,False,True,usa,memphis,MEM,36,Tennessee,8,4,4,3,0.25,1.0,0.5,412.2025,0.3333333333333333,2.0,1619.628,1123.0,0.5,30-39,3239.256,Not assigned
523981,F,False,False,canada,edmonton,YEG,51,Alberta,8,5,4,4,0.0,1.0,0.5,490.6125,0.25,2.75,1962.45,1714.0,0.625,50-59,3924.9,Not assigned
524001,F,False,False,canada,toronto,YYZ,45,Ontario,8,4,4,4,0.25,1.0,0.25,574.1725,0.25,1.75,2296.69,1168.6,0.5,40-49,4593.38,High Spenders
524038,F,False,False,canada,montreal,YUL,40,Quebec,8,4,4,4,0.25,1.0,0.0,391.9375,0.25,1.25,1567.75,422.5,0.5,40-49,3135.5,Not assigned
524043,F,True,False,usa,wichita,IAB,55,Kansas,8,6,5,6,0.6666666666666666,1.2,0.8,302.227,0.1666666666666666,4.666666666666667,1893.51,3248.1000000000004,0.75,50-59,3787.02,Not assigned
524046,F,True,False,usa,austin,AUS,57,Texas,9,4,3,3,0.25,1.6666666666666667,1.0,382.2966666666666,0.6666666666666666,11.666666666666666,1876.2065,12913.6,0.4444444444444444,50-59,3752.413,Long Stayers
524057,F,True,False,usa,new york,JFK,71,New York,8,1,0,1,0.0,,,,0.0,3.0,,426.0,0.125,70-79,,Indecisive
524076,F,True,False,usa,tucson,DMA,54,Arizona,8,3,2,3,0.0,1.0,0.5,289.78,0.3333333333333333,2.0,579.56,801.0,0.375,50-59,1159.12,Not assigned
524098,F,False,False,usa,houston,HOU,43,Texas,8,0,0,0,,,,,,,,,0.0,40-49,,Indecisive
524116,M,False,False,usa,seattle,BFI,54,Washington,8,6,4,5,0.0,1.0,0.5,620.605,0.0,6.4,2482.42,5961.0,0.75,50-59,4964.84,High Spenders
524167,M,False,True,usa,san antonio,SAT,41,Texas,8,4,4,4,0.25,1.75,0.0,259.3725,0.25,1.75,1205.802,3548.0,0.5,40-49,2411.604,Family travelers
524169,F,True,True,usa,long beach,LGB,38,California,8,3,3,2,0.0,1.3333333333333333,0.6666666666666666,626.1216666666667,1.0,1.0,2575.6,255.0,0.375,30-39,5151.2,High Spenders
524172,F,False,False,usa,chicago,UGN,20,Illinois,9,0,0,0,,,,,,,,,0.0,20-29,,Indecisive
524180,F,False,False,canada,montreal,YUL,56,Quebec,8,5,5,5,0.4,1.4,1.0,289.829,0.0,1.8,2665.71,4505.75,0.625,50-59,5331.42,High Spenders
524211,F,False,False,usa,new york,JFK,32,New York,8,3,3,3,0.0,1.6666666666666667,0.3333333333333333,161.2877777777778,0.3333333333333333,2.6666666666666665,916.43,1571.0,0.375,30-39,1832.86,Not assigned
524244,F,False,False,usa,las vegas,LAS,36,Nevada,8,3,2,3,0.3333333333333333,1.0,0.5,546.15,0.3333333333333333,5.666666666666667,1092.3,2216.5,0.375,30-39,2184.6,Not assigned
524251,F,True,True,usa,chicago,UGN,49,Illinois,9,3,2,3,0.3333333333333333,1.0,1.0,105.17,0.0,5.666666666666667,210.34,3077.8,0.3333333333333333,40-49,420.68,Not assigned
524313,F,True,False,usa,san diego,SAN,50,California,8,2,2,2,0.0,2.5,0.5,405.92,0.0,4.5,2333.71,6951.0,0.25,50-59,4667.42,High Spenders
524365,F,True,False,usa,phoenix,LUF,47,Arizona,9,6,5,6,0.1666666666666666,1.0,0.2,458.016,0.5,1.6666666666666667,2258.3995,1835.0,0.6666666666666666,40-49,4516.799,High Spenders
524383,F,False,False,canada,montreal,YUL,33,Quebec,8,1,1,1,0.0,1.0,0.0,87.04,0.0,1.0,87.04,150.0,0.125,30-39,174.08,Indecisive
524412,F,True,False,usa,stockton,SCK,52,California,9,5,4,5,0.4,1.25,0.75,280.305,0.2,3.2,1285.101,5856.2,0.5555555555555556,50-59,2570.202,Not assigned
524419,F,True,False,usa,columbus,CMH,74,Ohio,9,2,2,1,0.0,1.0,0.0,289.06,0.0,3.0,578.12,1053.0,0.2222222222222222,70-79,1156.24,Retired
524484,F,False,False,canada,hamilton,YHM,22,Ontario,8,1,1,0,0.0,2.0,1.0,2146.925,,,4293.85,,0.125,20-29,8587.7,Indecisive
524572,F,True,True,usa,san antonio,SAT,44,Texas,9,3,2,3,0.3333333333333333,1.0,0.0,479.395,0.0,3.6666666666666665,914.74,2249.0,0.3333333333333333,40-49,1829.48,Not assigned
524606,F,False,False,usa,laredo,LRD,32,Texas,8,2,2,0,1.0,1.0,0.5,462.755,,,887.31,,0.25,30-39,1774.62,Discount buyer
524668,F,False,False,usa,new york,JFK,45,New York,10,5,4,5,0.2,1.0,1.0,292.045,0.0,2.6,1168.18,1886.5,0.5,40-49,2336.36,Not assigned
524722,M,True,True,usa,dallas,DAL,51,Texas,8,3,3,3,0.6666666666666666,1.0,0.6666666666666666,226.2733333333333,0.3333333333333333,1.6666666666666667,659.7284999999999,591.6,0.375,50-59,1319.4569999999999,Not assigned
524728,F,True,False,usa,los angeles,LAX,45,California,8,1,1,0,0.0,1.0,1.0,286.09,,,286.09,,0.125,40-49,572.18,Indecisive
524739,F,False,False,usa,shreveport,BAD,71,Louisiana,9,1,1,1,1.0,1.0,1.0,332.5,0.0,3.0,332.5,278.1,0.1111111111111111,70-79,665.0,Indecisive
524766,M,False,True,canada,ottawa,YOW,35,Ontario,9,2,2,2,1.0,2.5,1.0,370.34,0.0,1.5,1075.6439999999998,624.0,0.2222222222222222,30-39,2151.2879999999996,Discount buyer
524797,F,False,True,usa,philadelphia,PNE,30,Pennsylvania,9,0,0,0,,,,,,,,,0.0,30-39,,Indecisive
524807,F,False,True,canada,calgary,YYC,30,Alberta,8,3,3,3,0.3333333333333333,1.0,0.3333333333333333,434.5033333333333,0.6666666666666666,1.3333333333333333,1303.51,682.0,0.375,30-39,2607.02,Not assigned
524834,F,True,True,usa,phoenix,LUF,43,Arizona,8,2,2,2,0.5,1.0,0.5,200.47,0.5,1.5,387.7025,511.9,0.25,40-49,775.405,Not assigned
524842,F,True,True,usa,corpus christi,CRP,33,Texas,9,1,0,1,1.0,,,,1.0,14.0,,3729.6,0.1111111111111111,30-39,,Long Stayers
524861,F,False,False,canada,calgary,YYC,31,Alberta,9,4,3,4,0.0,1.0,0.3333333333333333,419.1366666666666,0.0,4.5,1257.41,6658.0,0.4444444444444444,30-39,2514.82,Not assigned
524895,F,False,False,usa,chicago,ORD,40,Illinois,10,3,3,3,0.0,1.0,0.3333333333333333,136.13,0.3333333333333333,3.6666666666666665,408.39,1560.0,0.3,40-49,816.78,Not assigned
524909,M,False,False,usa,el paso,BIF,50,Texas,8,3,3,3,0.0,1.0,0.3333333333333333,324.36333333333334,0.6666666666666666,2.333333333333333,973.09,814.0,0.375,50-59,1946.18,Not assigned
524926,F,False,False,usa,san francisco,SFO,42,California,8,4,4,3,0.5,1.25,0.25,609.43125,0.0,3.333333333333333,2857.323,2474.0,0.5,40-49,5714.646,High Spenders
524940,F,True,True,usa,houston,HOU,25,Texas,8,1,0,1,0.0,,,,0.0,4.0,,2468.0,0.125,20-29,,Indecisive
524980,F,True,False,usa,chicago,UGN,49,Illinois,8,2,2,2,1.0,1.0,0.5,359.525,0.5,1.5,636.0029999999999,301.0,0.25,40-49,1272.0059999999999,Discount buyer
525022,F,True,False,usa,st. louis,STL,48,Missouri,8,2,1,2,0.5,1.0,1.0,210.48,1.0,2.0,210.48,594.0,0.25,40-49,420.96,Not assigned
525034,F,True,False,canada,gatineau,YND,52,Quebec,8,2,1,2,0.5,1.0,1.0,628.0,0.5,5.0,628.0,1325.0,0.25,50-59,1256.0,Not assigned
525081,F,True,True,usa,anchorage,ANC,56,Alaska,9,4,1,4,0.5,1.0,0.0,956.27,0.25,8.75,908.4565,6489.4,0.4444444444444444,50-59,1816.913,Long Stayers
525106,F,False,False,usa,houston,IAH,35,Texas,8,1,1,1,0.0,1.0,0.0,234.54,0.0,5.0,234.54,610.0,0.125,30-39,469.08,Indecisive
525168,F,True,False,canada,calgary,YYC,57,Alberta,9,2,2,2,0.0,1.0,0.5,443.31500000000005,0.5,1.0,886.6300000000001,483.0,0.2222222222222222,50-59,1773.2600000000002,Not assigned
525176,F,False,False,usa,washington,IAD,70,Virginia,8,1,1,1,0.0,1.0,1.0,117.16,0.0,1.0,117.16,244.0,0.125,70-79,234.32,Indecisive
525201,M,False,False,usa,norfolk,ORF,50,Virginia,8,6,3,5,0.0,1.3333333333333333,1.0,431.015,0.4,3.8,1918.41,1714.0,0.75,50-59,3836.82,Not assigned
525212,M,False,False,usa,memphis,MEM,16,Tennessee,8,3,2,3,0.3333333333333333,1.0,0.5,408.165,1.0,3.0,816.3299999999999,807.6,0.375,10-19,1632.6599999999999,Youngs
525227,F,True,False,usa,jacksonville,LRF,38,Arkansas,8,5,4,5,0.0,1.0,0.5,378.555,0.6,2.8,1514.22,2966.0,0.625,30-39,3028.44,Not assigned
525308,M,True,True,usa,amarillo,AMA,47,Texas,8,2,1,1,0.0,1.0,0.0,382.98,1.0,3.0,382.98,573.0,0.25,40-49,765.96,Not assigned
525377,F,False,False,usa,birmingham,BHM,25,Alabama,9,0,0,0,,,,,,,,,0.0,20-29,,Indecisive
525379,F,False,False,usa,long beach,LGB,16,California,8,0,0,0,,,,,,,,,0.0,10-19,,Indecisive
525389,F,False,False,usa,corpus christi,CRP,36,Texas,9,2,2,2,0.5,2.0,0.0,199.35166666666663,0.0,3.5,610.89,1118.8,0.2222222222222222,30-39,1221.78,Not assigned
525405,F,False,False,usa,phoenix,LUF,25,Arizona,8,1,1,1,0.0,1.0,1.0,686.15,1.0,2.0,686.15,498.0,0.125,20-29,1372.3,Indecisive
525415,F,True,True,canada,edmonton,YED,37,,9,3,3,3,0.3333333333333333,1.0,0.3333333333333333,444.8666666666666,0.0,3.0,1334.6,951.65,0.3333333333333333,30-39,2669.2,Not assigned
525488,F,False,True,usa,long beach,LGB,27,California,10,1,1,1,0.0,2.0,0.0,769.435,0.0,4.0,1538.87,928.0,0.1,20-29,3077.74,Indecisive
525529,F,False,False,canada,montreal,YMX,49,Quebec,8,3,3,3,0.0,1.0,0.6666666666666666,323.0833333333333,0.0,3.6666666666666665,969.25,7915.0,0.375,40-49,1938.5,Not assigned
525546,F,True,True,usa,cincinnati,LUK,44,Ohio,8,6,4,6,0.1666666666666666,1.0,0.5,242.86,0.0,5.833333333333333,971.44,6677.0,0.75,40-49,1942.88,Not assigned
525591,F,False,False,usa,new york,JFK,44,New York,8,4,2,3,0.5,1.0,0.5,468.89,0.3333333333333333,16.0,937.78,5635.0,0.5,40-49,1875.56,Long Stayers
525610,M,False,False,usa,portland,PWM,38,Maine,8,4,4,4,0.25,1.0,1.0,502.6425,0.0,2.5,2010.57,1587.1,0.5,30-39,4021.14,Not assigned
525671,F,True,False,usa,baltimore,BWI,44,Maryland,8,4,4,3,0.25,1.5,0.5,452.3833333333333,0.0,2.0,2185.34,979.5,0.5,40-49,4370.68,Not assigned
525761,F,False,False,usa,los angeles,LAX,23,California,9,1,0,1,1.0,,,,0.0,5.0,,548.25,0.1111111111111111,20-29,,Indecisive
525769,F,False,False,usa,charlotte,CLT,36,North Carolina,8,6,5,5,0.0,1.0,0.6,266.356,0.4,5.2,1331.78,5643.0,0.75,30-39,2663.56,Not assigned
525804,F,False,True,usa,new york,LGA,48,New York,10,4,2,4,0.5,1.0,0.5,270.225,0.5,2.25,540.45,2872.0,0.4,40-49,1080.9,Not assigned
525806,F,False,True,usa,lincoln,LNK,37,Nebraska,8,2,2,1,0.5,1.0,0.5,208.695,0.0,8.0,417.39,1712.0,0.25,30-39,834.78,Long Stayers
525842,F,True,False,usa,jacksonville,LRF,41,Arkansas,8,3,2,3,0.0,1.0,1.0,95.115,0.6666666666666666,4.0,190.23,1871.0,0.375,40-49,380.46,Not assigned
525844,M,False,False,usa,fort worth,FTW,35,Texas,8,3,3,3,0.0,1.0,0.3333333333333333,218.41333333333333,0.6666666666666666,2.0,655.24,1023.0,0.375,30-39,1310.48,Not assigned
525848,F,True,True,usa,new york,LGA,58,New York,9,1,0,1,0.0,,,,0.0,9.0,,1674.0,0.1111111111111111,50-59,,Long Stayers
525920,M,False,False,usa,madison,MSN,43,Wisconsin,8,5,3,4,0.2,2.0,1.0,300.8475,0.25,3.25,1546.05,3627.0,0.625,40-49,3092.1,Not assigned
525975,F,True,False,usa,austin,AUS,42,Texas,8,4,4,4,0.5,1.0,0.75,321.97,0.5,1.25,1242.521,887.7,0.5,40-49,2485.042,Not assigned
525996,M,False,False,usa,winston-salem,INT,45,North Carolina,9,6,4,6,0.3333333333333333,1.0,0.5,291.81,0.3333333333333333,3.333333333333333,1167.24,4036.85,0.6666666666666666,40-49,2334.48,Not assigned
526036,F,True,False,usa,san diego,SAN,69,California,8,0,0,0,,,,,,,,,0.0,60-69,,Indecisive
526062,M,True,False,usa,montgomery,MXF,44,Alabama,8,5,4,4,0.6,1.25,0.5,235.8525,0.25,6.0,1038.328,7138.6,0.625,40-49,2076.656,Not assigned
526084,F,False,False,usa,new york,LGA,40,New York,8,3,3,3,0.0,1.3333333333333333,0.3333333333333333,330.03000000000003,0.3333333333333333,1.3333333333333333,1651.58,640.0,0.375,40-49,3303.16,Not assigned
526102,F,True,False,usa,denver,DEN,47,Colorado,8,5,4,4,0.4,1.75,0.5,288.18583333333333,0.25,4.75,1725.6214999999995,4954.0,0.625,40-49,3451.242999999999,Not assigned
526154,F,False,True,usa,new york,LGA,38,New York,8,4,3,3,0.25,1.0,0.0,157.76333333333332,0.3333333333333333,3.0,473.29,1158.0,0.5,30-39,946.58,Not assigned
526174,F,False,False,usa,lubbock,LBB,50,Texas,8,2,1,2,0.5,1.0,0.0,367.9,0.5,3.5,349.50499999999994,1196.6,0.25,50-59,699.0099999999999,Not assigned
526206,M,False,True,usa,new orleans,MSY,17,Louisiana,8,1,1,1,0.0,1.0,0.0,571.03,1.0,2.0,571.03,328.0,0.125,10-19,1142.06,Indecisive
526235,M,False,False,usa,tallahassee,TLH,44,Florida,8,2,2,2,0.0,2.5,0.5,175.7825,0.0,2.0,1073.71,2172.0,0.25,40-49,2147.42,Not assigned
526239,F,True,True,usa,oakland,OAK,36,California,9,2,1,2,0.0,1.0,1.0,628.62,0.5,10.0,628.62,1512.0,0.2222222222222222,30-39,1257.24,Long Stayers
526256,F,False,False,usa,washington,IAD,38,Virginia,8,6,6,6,0.1666666666666666,1.1666666666666667,0.6666666666666666,416.6991666666667,0.1666666666666666,1.5,3078.66,2339.2,0.75,30-39,6157.32,High Spenders
526258,F,True,False,canada,victoria,YYJ,55,British Columbia,9,3,3,3,0.0,1.0,0.3333333333333333,295.2933333333333,0.3333333333333333,3.0,885.8800000000001,1442.0,0.3333333333333333,50-59,1771.7600000000002,Not assigned
526297,F,False,False,usa,newport news,PHF,39,Virginia,8,5,5,4,0.2,1.0,0.4,320.62,0.25,2.0,1576.4615,1361.0,0.625,30-39,3152.923,Not assigned
526332,F,False,False,canada,vancouver,YVR,28,British Columbia,8,2,2,2,0.5,1.5,1.0,345.665,0.5,6.5,1036.69,7637.799999999999,0.25,20-29,2073.38,Not assigned
526365,F,False,False,usa,nashville,BNA,28,Tennessee,8,3,3,3,0.3333333333333333,2.0,1.0,262.2705555555556,0.3333333333333333,3.333333333333333,1309.983,2644.5,0.375,20-29,2619.966,Not assigned
526367,F,True,False,usa,birmingham,BHM,43,Alabama,8,3,2,3,0.0,1.0,1.0,328.085,0.3333333333333333,11.333333333333334,656.17,7930.0,0.375,40-49,1312.34,Long Stayers
526372,F,False,True,usa,colorado springs,COS,46,Colorado,8,2,2,2,0.0,1.0,0.5,338.9,0.0,6.5,677.8,878.0,0.25,40-49,1355.6,Not assigned
526378,F,False,True,canada,toronto,YKZ,48,Ontario,8,5,4,4,0.2,1.0,0.75,324.1,0.0,3.25,1260.4,1192.0,0.625,40-49,2520.8,Not assigned
526409,M,False,False,usa,riverside,RIV,52,California,8,4,4,3,0.0,1.0,0.5,390.755,0.3333333333333333,2.333333333333333,1563.02,873.0,0.5,50-59,3126.04,Not assigned
526443,F,True,True,usa,san jose,SJC,44,California,8,1,1,0,1.0,1.0,1.0,711.26,,,675.697,,0.125,40-49,1351.394,Indecisive
526490,F,False,False,usa,richmond,RIC,43,Virginia,8,2,2,2,0.5,1.0,0.5,188.265,0.5,1.0,376.53,161.10000000000002,0.25,40-49,753.06,Not assigned
526495,M,False,True,usa,tallahassee,TLH,36,Florida,9,2,2,1,0.0,1.5,0.5,206.205,1.0,2.0,650.46,980.0,0.2222222222222222,30-39,1300.92,Not assigned
526540,F,True,False,canada,edmonton,YED,49,,9,4,4,4,0.25,1.25,0.75,389.02,0.75,2.25,1893.06,2034.2,0.4444444444444444,40-49,3786.12,Not assigned
526565,F,False,False,usa,little rock,LIT,28,Arkansas,9,3,2,3,0.6666666666666666,1.5,1.0,195.4975,0.0,2.333333333333333,606.0665,1282.1999999999998,0.3333333333333333,20-29,1212.133,Not assigned
526668,M,False,True,usa,san jose,SJC,38,California,8,3,3,3,0.0,1.0,0.3333333333333333,530.99,0.3333333333333333,3.6666666666666665,1592.97,601.0,0.375,30-39,3185.94,Not assigned
526676,F,False,True,canada,calgary,YYC,37,Alberta,8,2,2,2,1.0,1.0,0.5,360.995,0.0,2.5,679.71,375.85,0.25,30-39,1359.42,Discount buyer
526690,F,False,True,usa,cleveland,CLE,22,Ohio,8,2,2,2,0.0,1.0,1.0,190.95,0.0,4.0,381.9,2400.0,0.25,20-29,763.8,Not assigned
526711,F,False,False,usa,san francisco,SFO,33,California,8,2,2,2,0.5,1.0,0.0,429.9,0.0,2.5,713.778,214.4,0.25,30-39,1427.556,Not assigned
526740,F,False,False,usa,philadelphia,PNE,26,Pennsylvania,8,0,0,0,,,,,,,,,0.0,20-29,,Indecisive
526789,F,False,False,usa,baltimore,BWI,29,Maryland,8,4,3,2,0.5,1.3333333333333333,0.3333333333333333,292.51166666666666,0.5,3.0,1000.299,913.6,0.5,20-29,2000.598,Not assigned
526837,F,True,False,usa,honolulu,HNL,46,Hawaii,8,2,2,2,0.5,1.0,0.5,1060.94,0.5,2.0,2038.985,911.0,0.25,40-49,4077.97,Not assigned
526855,F,False,False,usa,los angeles,LAX,37,California,10,4,4,2,0.25,1.0,0.25,668.22,0.5,3.0,2672.88,452.0,0.4,30-39,5345.76,High Spenders
526858,F,True,True,usa,miami,TNT,50,Florida,8,0,0,0,,,,,,,,,0.0,50-59,,Indecisive
526867,F,False,False,usa,des moines,DSM,49,Iowa,8,4,4,4,0.5,1.0,0.25,365.25,0.25,2.5,1408.744,799.7,0.5,40-49,2817.488,Not assigned
526901,F,True,False,usa,dallas,DAL,51,Texas,9,4,4,4,0.5,1.0,0.5,449.2525,0.75,3.25,1689.0445,2315.0,0.4444444444444444,50-59,3378.089,Not assigned
526916,F,True,False,usa,omaha,OMA,56,Iowa,8,0,0,0,,,,,,,,,0.0,50-59,,Indecisive
526925,F,False,False,usa,madison,MSN,16,Wisconsin,8,3,0,3,0.0,,,,0.0,8.666666666666666,,6054.0,0.375,10-19,,Long Stayers
526950,F,True,False,usa,akron,AKR,29,Ondo,8,3,2,3,0.0,1.0,0.5,203.485,0.3333333333333333,9.666666666666666,406.97,6812.0,0.375,20-29,813.94,Long Stayers
526959,F,False,False,usa,seattle,SEA,42,Washington,8,3,3,3,0.0,1.3333333333333333,1.0,646.5983333333334,0.0,3.0,2571.06,614.0,0.375,40-49,5142.12,High Spenders
527001,F,False,True,usa,indianapolis,IND,64,Gujarat,8,1,0,1,0.0,,,,1.0,16.0,,1424.0,0.125,60-69,,Long Stayers
527046,F,True,True,usa,newark,EWR,39,New Jersey,9,3,3,3,0.3333333333333333,1.3333333333333333,0.3333333333333333,296.8016666666667,0.3333333333333333,3.0,1338.3,2171.0,0.3333333333333333,30-39,2676.6,Not assigned
527081,F,False,True,usa,miami,MIA,27,Florida,8,2,2,2,0.5,1.0,0.0,334.165,0.5,2.0,651.2505,478.0,0.25,20-29,1302.501,Not assigned
527082,M,False,False,usa,el paso,BIF,39,Texas,8,3,2,3,0.3333333333333333,1.0,1.0,207.755,0.0,3.6666666666666665,415.51,1466.4,0.375,30-39,831.02,Not assigned
527109,F,True,False,usa,austin,AUS,44,Texas,8,4,4,3,0.0,1.0,0.5,287.98,0.3333333333333333,5.0,1151.92,3618.0,0.5,40-49,2303.84,Not assigned
527141,F,False,False,usa,nashville,BNA,40,Tennessee,8,5,4,3,0.0,1.25,0.25,176.62,0.3333333333333333,1.3333333333333333,872.1600000000001,1941.0,0.625,40-49,1744.3200000000002,Not assigned
527142,F,False,False,usa,jacksonville,NZC,34,Ica,8,6,6,6,0.1666666666666666,1.0,0.5,352.92,0.6666666666666666,2.833333333333333,2117.52,2999.25,0.75,30-39,4235.04,Not assigned
527150,F,False,False,usa,indianapolis,IND,31,Gujarat,8,3,3,3,0.0,1.0,0.3333333333333333,399.3566666666666,0.3333333333333333,3.333333333333333,1198.07,1384.0,0.375,30-39,2396.14,Not assigned
527158,F,True,False,canada,victoria,YYJ,50,British Columbia,8,2,2,2,0.0,2.0,1.0,204.40166666666667,1.0,1.5,955.19,733.0,0.25,50-59,1910.38,Not assigned
527187,M,False,True,usa,brownsville,BRO,30,Texas,9,3,3,3,0.3333333333333333,1.0,0.6666666666666666,265.1033333333333,0.6666666666666666,3.333333333333333,795.31,1627.8,0.3333333333333333,30-39,1590.62,Not assigned
527280,F,False,False,usa,norfolk,ORF,47,Virginia,9,2,1,1,0.0,1.0,1.0,610.3,0.0,4.0,610.3,820.0,0.2222222222222222,40-49,1220.6,Not assigned
527321,F,False,False,canada,halifax,YHZ,17,Nova Scotia,8,1,0,1,0.0,,,,0.0,5.0,,340.0,0.125,10-19,,Indecisive
527354,F,True,False,usa,las vegas,LSV,55,Nevada,8,3,2,3,0.0,1.5,1.0,91.6975,0.6666666666666666,4.666666666666667,252.38,7315.0,0.375,50-59,504.76,Not assigned
527359,F,True,True,usa,fort worth,FTW,35,Texas,8,1,1,1,0.0,1.0,1.0,460.36,0.0,3.0,460.36,414.0,0.125,30-39,920.72,Indecisive
527365,F,False,True,usa,dallas,DAL,16,Texas,9,1,1,1,0.0,1.0,1.0,373.98,1.0,3.0,373.98,429.0,0.1111111111111111,10-19,747.96,Indecisive
527393,F,False,False,canada,winnipeg,YWG,31,Manitoba,8,2,2,2,0.0,1.0,0.5,313.03,0.5,2.5,626.06,971.0,0.25,30-39,1252.12,Not assigned
527401,F,False,False,usa,baltimore,BWI,36,Maryland,8,4,4,4,0.25,1.0,0.75,506.715,0.5,2.5,1960.923,1999.0,0.5,30-39,3921.846,Not assigned
527452,M,False,False,usa,new orleans,MSY,42,Louisiana,8,2,2,2,0.5,2.0,0.0,281.68,0.5,4.5,1015.023,2033.6,0.25,40-49,2030.046,Not assigned
527455,F,True,False,canada,winnipeg,YWG,27,Manitoba,8,1,1,1,1.0,1.0,1.0,430.0,0.0,6.0,430.0,448.2,0.125,20-29,860.0,Indecisive
527464,F,False,False,usa,denver,DEN,46,Colorado,9,6,5,6,0.0,1.0,1.2,296.404,0.1666666666666666,3.8333333333333335,1482.02,3803.0,0.6666666666666666,40-49,2964.04,Not assigned
527467,F,True,False,usa,san antonio,SAT,39,Texas,8,2,2,1,0.0,1.0,0.0,194.73,1.0,2.0,389.46,488.0,0.25,30-39,778.92,Not assigned
527470,F,False,True,usa,wichita,IAB,30,Kansas,8,2,1,2,0.0,1.0,1.0,320.44,0.5,9.5,320.44,2436.0,0.25,30-39,640.88,Long Stayers
527490,F,False,True,usa,new york,LGA,41,New York,8,3,3,3,0.3333333333333333,1.0,0.6666666666666666,538.4766666666667,0.3333333333333333,2.6666666666666665,1531.754,1454.0,0.375,40-49,3063.508,Not assigned
527508,F,True,False,usa,san antonio,SAT,53,Texas,8,3,3,2,0.0,1.0,1.0,369.2433333333333,0.5,4.0,1107.73,1585.0,0.375,50-59,2215.46,Not assigned
527518,F,False,False,usa,cleveland,CLE,29,Ohio,8,1,1,1,0.0,1.0,0.0,594.68,0.0,2.0,594.68,1026.0,0.125,20-29,1189.36,Indecisive
527560,F,False,True,usa,winston-salem,INT,53,North Carolina,8,2,0,2,0.5,,,,0.0,5.5,,1318.0,0.25,50-59,,Only Hotel
527690,F,False,False,usa,long beach,LGB,29,California,8,4,3,3,0.0,1.0,0.6666666666666666,507.5733333333333,0.0,2.6666666666666665,1522.72,1817.0,0.5,20-29,3045.44,Not assigned
527726,F,True,True,usa,charlotte,CLT,47,North Carolina,8,2,2,0,0.5,1.0,0.5,480.345,,,945.538,,0.25,40-49,1891.076,Only Flight
527750,F,True,True,usa,new york,JFK,42,New York,8,2,0,2,0.5,,,,0.5,7.0,,5880.0,0.25,40-49,,Only Hotel
527801,F,True,True,usa,modesto,MOD,57,California,9,0,0,0,,,,,,,,,0.0,50-59,,Indecisive
527857,M,True,True,usa,winston-salem,INT,41,North Carolina,8,1,0,1,0.0,,,,0.0,14.0,,5460.0,0.125,40-49,,Long Stayers
527928,M,True,False,usa,omaha,OFF,35,Nebraska,8,2,2,2,0.0,1.5,0.5,263.3175,0.5,2.5,898.6800000000001,1236.0,0.25,30-39,1797.3600000000001,Not assigned
527945,F,False,True,usa,sacramento,MCC,29,California,8,0,0,0,,,,,,,,,0.0,20-29,,Indecisive
527984,F,False,True,usa,winston-salem,INT,49,North Carolina,8,4,3,4,0.25,1.6666666666666667,0.6666666666666666,199.93666666666664,0.5,3.5,947.17,2863.1,0.5,40-49,1894.34,Family travelers
527995,F,True,True,usa,nashville,BNA,51,Tennessee,8,3,2,2,0.6666666666666666,1.0,1.0,477.745,0.0,2.5,955.49,699.8000000000001,0.375,50-59,1910.98,Not assigned
528020,F,True,False,usa,laredo,LRD,50,Texas,8,4,4,4,0.0,1.0,0.5,406.6925,0.5,5.25,1626.77,3098.0,0.5,50-59,3253.54,Not assigned
528028,F,True,False,usa,long beach,LGB,39,California,8,4,4,2,0.25,1.25,0.5,408.14625,0.5,4.5,2327.8725,4803.0,0.5,30-39,4655.745,High Spenders
528046,F,False,False,usa,long beach,LGB,35,California,8,2,2,1,0.5,1.5,0.0,583.6475,0.0,4.0,1308.2005,596.0,0.25,30-39,2616.401,Not assigned
528061,M,False,False,usa,new york,LGA,41,New York,8,3,3,3,0.3333333333333333,1.6666666666666667,0.3333333333333333,368.36666666666673,0.0,3.6666666666666665,2505.6600000000003,5303.6,0.375,40-49,5011.320000000001,High Spenders
528098,F,True,True,usa,santa ana,SNA,50,California,9,0,0,0,,,,,,,,,0.0,50-59,,Indecisive
528179,F,True,True,usa,columbus,LCK,32,Ohio,8,2,0,2,0.0,,,,0.0,10.5,,3975.0,0.25,30-39,,Long Stayers
528193,F,False,False,usa,new york,JFK,39,New York,8,3,3,3,0.3333333333333333,1.0,0.3333333333333333,446.94,0.0,3.333333333333333,1340.82,2268.2,0.375,30-39,2681.64,Not assigned
528244,F,False,False,usa,omaha,OMA,31,Iowa,8,2,2,2,0.0,1.0,0.5,232.90500000000003,0.0,3.0,465.81000000000006,1335.0,0.25,30-39,931.6200000000001,Not assigned
528248,F,False,False,usa,tampa,TPA,31,Florida,8,3,2,3,0.3333333333333333,1.0,1.0,335.88,0.3333333333333333,2.333333333333333,671.76,1437.7,0.375,30-39,1343.52,Not assigned
528281,F,False,False,canada,calgary,YYC,52,Alberta,8,5,3,5,0.4,1.6666666666666667,0.3333333333333333,466.28,0.2,4.0,1839.591,4442.5,0.625,50-59,3679.182,Not assigned
528322,F,True,False,canada,toronto,YZD,49,,8,4,4,3,0.0,1.0,0.25,335.62,0.3333333333333333,4.0,1342.48,3269.0,0.5,40-49,2684.96,Not assigned
528330,F,True,True,canada,edmonton,YED,47,,8,1,1,1,0.0,1.0,1.0,372.54,0.0,2.0,372.54,686.0,0.125,40-49,745.08,Indecisive
528378,M,False,False,canada,calgary,YYC,42,Alberta,8,1,1,1,0.0,1.0,1.0,363.06,0.0,4.0,363.06,376.0,0.125,40-49,726.12,Indecisive
528413,F,True,False,usa,miami,MIA,69,Florida,8,0,0,0,,,,,,,,,0.0,60-69,,Indecisive
528421,F,False,False,canada,winnipeg,YAV,36,,8,7,6,5,0.4285714285714285,1.1666666666666667,0.5,310.41333333333336,0.2,5.2,2020.2815,6839.0,0.875,30-39,4040.563,Not assigned
528461,F,False,False,usa,phoenix,LUF,25,Arizona,8,0,0,0,,,,,,,,,0.0,20-29,,Indecisive
528490,M,False,False,usa,san diego,NZY,42,California,9,4,4,4,0.5,1.25,0.25,540.4775,0.5,2.25,2734.9705,1348.7,0.4444444444444444,40-49,5469.941,High Spenders
528522,F,True,True,usa,richmond,RIC,50,Virginia,8,2,1,2,0.0,1.0,2.0,88.12,0.0,7.5,88.12,2216.0,0.25,50-59,176.24,Long Stayers
528542,F,False,False,usa,philadelphia,PNE,55,Pennsylvania,8,3,3,3,0.0,1.6666666666666667,1.0,196.9933333333333,0.3333333333333333,4.0,935.68,5673.0,0.375,50-59,1871.36,Not assigned
528567,F,False,False,canada,hamilton,YHM,36,Ontario,8,6,5,6,0.0,1.4,0.6,287.4806666666667,0.1666666666666666,3.333333333333333,2159.81,2977.0,0.75,30-39,4319.62,Not assigned
528580,F,True,False,usa,new york,JFK,47,New York,9,3,2,2,0.3333333333333333,1.5,1.0,439.835,0.0,6.0,1620.78,2473.4,0.3333333333333333,40-49,3241.56,Not assigned
528661,M,False,False,usa,corpus christi,CRP,40,Texas,8,2,2,2,0.0,1.0,0.5,320.685,0.5,2.5,641.37,674.0,0.25,40-49,1282.74,Not assigned
528688,F,False,False,usa,new york,LGA,33,New York,8,1,0,1,0.0,,,,1.0,10.0,,2960.0,0.125,30-39,,Long Stayers
528690,F,True,True,usa,chicago,UGN,36,Illinois,9,3,3,3,0.0,1.6666666666666667,0.6666666666666666,257.76666666666665,0.0,2.333333333333333,933.5,1189.0,0.3333333333333333,30-39,1867.0,Family travelers
528706,F,True,False,usa,new york,JFK,46,New York,8,2,2,2,0.5,1.0,1.0,562.735,0.0,1.0,1084.513,154.0,0.25,40-49,2169.026,Not assigned
528735,F,True,True,usa,tulsa,TUL,49,Oklahoma,9,2,2,2,0.0,1.5,0.0,205.7675,0.5,3.0,691.54,1543.0,0.2222222222222222,40-49,1383.08,Not assigned
528743,F,False,False,usa,riverside,RIV,51,California,8,2,2,2,0.0,1.0,0.5,700.44,0.0,1.5,1400.88,1248.0,0.25,50-59,2801.76,Not assigned
528828,F,False,False,usa,san francisco,SFO,41,California,8,5,4,3,0.2,1.0,0.75,561.65,0.3333333333333333,3.0,2107.432,1535.0,0.625,40-49,4214.864,Not assigned
528829,F,False,False,usa,shreveport,BAD,27,Louisiana,8,4,2,4,0.0,1.0,0.5,394.87,0.0,7.0,789.74,8423.0,0.5,20-29,1579.48,Not assigned
528842,M,False,False,usa,honolulu,HNL,66,Hawaii,8,2,2,1,0.5,1.0,0.0,1232.72,0.0,1.0,2256.702,133.6,0.25,60-69,4513.404,High Spenders
528909,F,False,False,usa,new york,JFK,17,New York,8,2,0,2,0.0,,,,1.0,11.5,,17120.0,0.25,10-19,,Long Stayers
528936,F,False,True,usa,boston,BOS,23,Massachusetts,8,0,0,0,,,,,,,,,0.0,20-29,,Indecisive
528942,F,True,True,usa,new york,JFK,54,New York,8,6,6,6,0.0,1.0,0.5,279.38666666666666,0.3333333333333333,1.6666666666666667,1676.32,1274.0,0.75,50-59,3352.64,Not assigned
528953,F,True,False,canada,saskatoon,YXE,51,Saskatchewan,8,3,2,3,0.6666666666666666,1.0,0.0,325.355,0.6666666666666666,10.0,650.71,8521.7,0.375,50-59,1301.42,Long Stayers
528967,F,False,False,usa,nashville,BNA,18,Tennessee,8,3,2,3,0.3333333333333333,2.0,1.0,196.5283333333333,0.0,2.333333333333333,803.264,1372.0,0.375,10-19,1606.528,Youngs
528999,F,True,False,canada,calgary,YYC,44,Alberta,8,3,3,2,0.3333333333333333,1.0,0.6666666666666666,482.15,0.0,3.5,1369.989,1865.0,0.375,40-49,2739.978,Not assigned
529019,F,True,False,usa,philadelphia,PNE,47,Pennsylvania,8,5,5,3,0.2,1.2,1.0,733.8149999999999,0.0,5.666666666666667,6098.1085,1665.0,0.625,40-49,12196.217,High Spenders
529023,F,True,True,usa,honolulu,HNL,36,Hawaii,9,2,2,2,0.0,1.0,0.5,1090.085,0.0,2.5,2180.17,883.0,0.2222222222222222,30-39,4360.34,Not assigned
529082,F,False,False,usa,austin,AUS,32,Texas,8,1,1,1,0.0,1.0,0.0,470.12,0.0,3.0,470.12,783.0,0.125,30-39,940.24,Indecisive
529205,F,False,False,usa,fort worth,FTW,38,Texas,8,4,4,4,0.25,1.0,1.0,335.7,0.25,2.25,1330.955,1627.0,0.5,30-39,2661.91,Not assigned
529284,F,False,False,canada,ottawa,YOW,24,Ontario,8,0,0,0,,,,,,,,,0.0,20-29,,Indecisive
529332,F,False,False,usa,los angeles,LAX,32,California,9,3,3,3,0.0,1.0,0.3333333333333333,660.88,0.3333333333333333,3.333333333333333,1982.64,1124.0,0.3333333333333333,30-39,3965.28,Not assigned
529338,O,False,False,usa,new york,LGA,40,New York,8,5,5,5,0.2,1.4,0.6,403.326,0.0,1.4,3129.05,2289.4,0.625,40-49,6258.1,High Spenders
529406,F,False,False,usa,new york,LGA,39,New York,9,4,4,4,0.0,1.0,0.75,264.27,0.25,2.75,1057.08,1318.0,0.4444444444444444,30-39,2114.16,Not assigned
529420,M,True,False,usa,oakland,OAK,74,California,9,0,0,0,,,,,,,,,0.0,70-79,,Indecisive
529422,F,True,False,usa,baltimore,BWI,55,Maryland,8,2,2,1,0.0,2.0,1.0,217.3416666666667,0.0,3.0,914.83,489.0,0.25,50-59,1829.66,Not assigned
529424,M,True,True,usa,rochester,ROC,49,New York,9,3,3,2,0.6666666666666666,1.0,0.3333333333333333,242.55000000000004,0.0,4.5,668.826,1470.0,0.3333333333333333,40-49,1337.652,Not assigned
529428,F,False,True,usa,newport news,PHF,43,Virginia,8,2,1,2,0.5,1.0,1.0,79.15,1.0,4.0,79.15,600.0,0.25,40-49,158.3,Not assigned
529436,F,False,False,usa,new york,LGA,46,New York,8,6,5,4,0.1666666666666666,1.2,0.2,561.806,0.25,2.0,5223.888,2076.0,0.75,40-49,10447.776,High Spenders
529501,M,True,True,usa,houston,HOU,47,Texas,8,4,4,4,0.5,1.0,0.75,244.0,0.0,2.75,918.4165,1560.6,0.5,40-49,1836.833,Not assigned
529510,F,False,True,usa,new york,JFK,43,New York,8,2,2,1,0.0,1.0,0.5,367.005,0.0,2.0,734.01,200.0,0.25,40-49,1468.02,Not assigned
529566,F,False,True,usa,fayetteville,FYV,39,Arkansas,9,1,1,1,1.0,1.0,0.0,328.37,1.0,4.0,328.37,1778.4,0.1111111111111111,30-39,656.74,Indecisive
529704,F,True,False,usa,dallas,DAL,66,Texas,9,1,0,1,0.0,,,,0.0,6.0,,1530.0,0.1111111111111111,60-69,,Indecisive
529734,F,True,False,usa,philadelphia,PNE,38,Pennsylvania,8,5,4,5,0.2,1.25,1.0,444.9675,0.4,2.4,2465.908,4428.0,0.625,30-39,4931.816,High Spenders
529737,F,True,False,usa,los angeles,LAX,46,California,8,0,0,0,,,,,,,,,0.0,40-49,,Indecisive
529768,M,True,False,usa,los angeles,LAX,42,California,8,4,4,3,0.25,1.0,0.25,508.9975,0.3333333333333333,2.333333333333333,1926.814,757.0,0.5,40-49,3853.628,Not assigned
529857,F,True,False,usa,jacksonville,NIP,68,Florida,9,1,0,1,1.0,,,,0.0,24.0,,5376.0,0.1111111111111111,60-69,,Long Stayers
529879,F,False,False,usa,philadelphia,PNE,37,Pennsylvania,8,4,4,4,0.0,1.0,0.75,305.595,0.25,2.75,1222.38,1301.0,0.5,30-39,2444.76,Not assigned
529887,F,False,True,usa,houston,IAH,38,Texas,8,1,1,1,0.0,1.0,1.0,590.21,1.0,1.0,590.21,118.0,0.125,30-39,1180.42,Indecisive
529972,F,True,True,usa,wichita,IAB,55,Kansas,8,3,2,3,0.6666666666666666,2.0,1.0,337.9266666666666,0.3333333333333333,11.666666666666666,1352.204,3060.0,0.375,50-59,2704.408,Long Stayers
530039,F,False,False,canada,ottawa,YOW,41,Ontario,8,4,4,3,0.0,1.5,0.5,198.12833333333333,0.3333333333333333,2.6666666666666665,1340.56,3812.0,0.5,40-49,2681.12,Not assigned
530118,F,False,False,usa,indianapolis,IND,42,Gujarat,8,5,5,5,0.2,1.0,1.0,238.602,0.0,1.4,1160.7495,1418.0,0.625,40-49,2321.499,Not assigned
530188,F,False,False,usa,san antonio,SKF,37,Texas,9,4,4,4,0.0,1.5,1.25,362.6183333333333,0.25,3.75,2211.22,3274.0,0.4444444444444444,30-39,4422.44,Not assigned
530223,F,True,False,usa,tampa,TPA,39,Florida,8,3,2,3,0.3333333333333333,1.0,0.5,327.425,0.3333333333333333,2.0,654.85,1270.8,0.375,30-39,1309.7,Not assigned
530240,F,False,True,usa,san antonio,SKF,45,Texas,8,2,2,2,0.5,1.5,1.0,435.96,0.5,3.5,1221.8780000000002,1959.0,0.25,40-49,2443.7560000000003,Not assigned
530277,F,False,True,usa,austin,AUS,46,Texas,8,5,5,5,0.0,1.2,0.6,279.95,0.4,4.0,1853.13,3220.0,0.625,40-49,3706.26,Not assigned
530278,F,False,False,usa,portland,PDX,54,Oregon,8,4,4,3,0.25,1.5,0.25,313.6158333333333,0.6666666666666666,1.0,1381.986,1886.0,0.5,50-59,2763.972,Not assigned
530282,F,False,False,usa,chicago,MDW,37,Illinois,8,5,4,4,0.0,1.0,0.25,181.1175,0.0,3.75,724.47,1539.0,0.625,30-39,1448.94,Not assigned
530298,F,False,True,canada,winnipeg,YWG,35,Manitoba,9,3,2,3,0.6666666666666666,1.0,0.0,336.68,0.3333333333333333,3.0,657.7755,1451.6,0.3333333333333333,30-39,1315.551,Not assigned
530315,M,False,False,usa,san antonio,SAT,56,Texas,9,2,2,2,0.5,1.0,0.5,376.575,0.0,2.5,753.15,419.1,0.2222222222222222,50-59,1506.3,Not assigned
530322,M,False,True,canada,windsor,YQG,45,Ontario,8,2,2,2,0.0,1.0,1.5,203.435,0.5,2.0,406.87,1436.0,0.25,40-49,813.74,Not assigned
530329,F,True,True,usa,sacramento,MHR,51,California,10,1,1,0,1.0,1.0,1.0,705.79,,,494.053,,0.1,50-59,988.106,Indecisive
530365,F,True,False,usa,san antonio,RND,50,Texas,8,2,2,2,0.5,1.0,0.5,191.435,0.0,3.0,377.259,581.0,0.25,50-59,754.518,Not assigned
530371,F,True,True,usa,new york,LGA,31,New York,8,3,1,3,0.0,1.0,0.0,668.52,0.0,2.0,668.52,1897.0,0.375,30-39,1337.04,Not assigned
530374,F,True,False,usa,burlington,BTV,32,Vermont,9,2,2,2,0.5,1.0,0.5,267.475,0.5,3.5,534.95,928.2,0.2222222222222222,30-39,1069.9,Not assigned
530379,F,True,False,usa,des moines,DSM,42,Iowa,10,1,1,1,0.0,1.0,0.0,222.8,0.0,1.0,222.8,138.0,0.1,40-49,445.6,Indecisive
530385,F,True,False,canada,quebec,YQB,43,Quebec,8,3,3,3,0.3333333333333333,1.0,0.3333333333333333,361.54,0.0,2.0,1053.695,754.0,0.375,40-49,2107.39,Not assigned
530427,M,False,False,usa,seattle,SEA,44,Washington,8,3,2,3,0.6666666666666666,1.0,1.0,635.335,0.0,3.0,1270.67,1399.7,0.375,40-49,2541.34,Not assigned
530514,F,True,True,usa,san francisco,SFO,52,California,9,3,2,3,0.6666666666666666,1.0,1.0,324.62,0.6666666666666666,1.6666666666666667,583.1324999999999,871.0,0.3333333333333333,50-59,1166.2649999999999,Not assigned
530543,M,False,True,usa,charlotte,CLT,37,North Carolina,8,5,5,4,0.4,1.0,0.8,427.21400000000006,0.0,2.75,2084.665,4062.0,0.625,30-39,4169.33,Not assigned
530585,F,False,False,usa,new york,LGA,46,New York,8,4,3,4,0.0,1.0,0.6666666666666666,359.40333333333336,0.25,2.5,1078.21,696.0,0.5,40-49,2156.42,Not assigned
530592,F,False,False,canada,toronto,YYZ,23,Ontario,8,4,2,4,0.25,1.5,1.0,282.40250000000003,0.5,4.25,1021.53,5003.549999999999,0.5,20-29,2043.06,Not assigned
530607,M,False,False,canada,hamilton,YHM,27,Ontario,8,2,2,2,0.0,1.0,0.5,347.68,0.5,2.5,695.36,1045.0,0.25,20-29,1390.72,Not assigned
530633,M,True,False,usa,madison,MSN,62,Wisconsin,8,0,0,0,,,,,,,,,0.0,60-69,,Indecisive
530666,F,False,False,usa,las vegas,LAS,29,Nevada,8,2,2,1,0.0,1.0,1.0,391.615,0.0,1.0,783.23,113.0,0.25,20-29,1566.46,Not assigned
530667,F,True,True,usa,san francisco,SFO,38,California,9,4,2,3,0.5,1.5,0.5,526.3924999999999,0.6666666666666666,8.0,1763.8,4030.0,0.4444444444444444,30-39,3527.6,Long Stayers
530672,F,False,False,usa,knoxville,TYS,59,Tennessee,8,0,0,0,,,,,,,,,0.0,50-59,,Indecisive
530673,M,True,True,usa,newark,EWR,59,New Jersey,8,0,0,0,,,,,,,,,0.0,50-59,,Indecisive
530687,F,True,True,usa,lubbock,LBB,49,Texas,8,4,4,4,0.5,1.5,0.5,297.88875,0.0,2.25,1797.635,1789.8,0.5,40-49,3595.27,Not assigned
530719,F,False,False,usa,baltimore,BWI,48,Maryland,9,4,4,4,0.5,1.0,0.75,159.6025,0.5,2.0,589.8505,1120.6,0.4444444444444444,40-49,1179.701,Not assigned
530720,F,True,False,canada,london,YXU,42,Ontario,8,3,3,2,0.3333333333333333,1.0,0.6666666666666666,258.49333333333334,0.0,2.0,775.48,1142.8000000000002,0.375,40-49,1550.96,Not assigned
530773,F,True,True,canada,calgary,YYC,45,Alberta,8,3,3,2,0.3333333333333333,1.3333333333333333,0.6666666666666666,471.3283333333334,0.0,6.5,1690.466,5428.0,0.375,40-49,3380.932,Not assigned
530775,F,True,False,usa,new york,JFK,50,New York,8,3,3,2,0.3333333333333333,1.0,1.0,580.55,0.5,3.0,1741.65,731.2,0.375,50-59,3483.3,Not assigned
530801,M,False,True,canada,toronto,YKZ,43,Ontario,8,3,2,3,0.3333333333333333,1.0,1.0,652.235,0.0,2.0,1304.47,1308.75,0.375,40-49,2608.94,Not assigned
530810,F,True,False,canada,montreal,YMX,38,Quebec,8,3,3,3,0.0,1.0,0.3333333333333333,356.17333333333335,0.3333333333333333,2.333333333333333,1068.52,1452.0,0.375,30-39,2137.04,Not assigned
530833,F,True,True,usa,houston,IAH,48,Texas,9,2,1,2,0.5,1.0,1.0,393.98,0.0,6.0,393.98,1332.0,0.2222222222222222,40-49,787.96,Not assigned
530869,F,False,True,usa,amarillo,AMA,33,Texas,8,1,0,1,0.0,,,,1.0,3.0,,780.0,0.125,30-39,,Indecisive
530873,M,False,True,usa,phoenix,PHX,19,Arizona,8,0,0,0,,,,,,,,,0.0,10-19,,Indecisive
530881,F,False,True,usa,jacksonville,NCA,36,Turks and Caicos Islands,8,4,4,4,0.0,1.0,0.25,301.455,0.25,3.0,1205.82,1767.0,0.5,30-39,2411.64,Not assigned
530978,F,True,False,usa,houston,EFD,53,Texas,9,6,5,6,0.3333333333333333,1.0,0.8,358.846,0.3333333333333333,2.1666666666666665,1734.504,3161.0,0.6666666666666666,50-59,3469.008,Not assigned
531027,F,True,True,usa,new york,LGA,45,New York,9,3,3,2,0.0,1.3333333333333333,1.3333333333333333,554.3766666666667,0.0,2.0,1800.14,621.0,0.3333333333333333,40-49,3600.28,Not assigned
531031,F,True,False,usa,san francisco,SFO,78,California,8,2,1,2,0.0,2.0,1.0,1701.82,0.0,6.0,3403.64,2784.0,0.25,70-79,6807.28,High Spenders
531054,F,False,False,usa,tampa,TPA,40,Florida,8,4,4,3,0.5,1.25,0.25,303.3825,0.0,2.333333333333333,1519.04,2014.9,0.5,40-49,3038.08,Not assigned
531073,F,False,False,usa,phoenix,LUF,31,Arizona,9,4,3,3,0.0,1.0,0.3333333333333333,383.1433333333334,0.3333333333333333,3.333333333333333,1149.43,1627.0,0.4444444444444444,30-39,2298.86,Not assigned
531144,F,True,True,usa,indianapolis,IND,55,Gujarat,8,3,3,3,0.6666666666666666,2.0,1.0,173.41944444444445,0.3333333333333333,1.3333333333333333,1037.55,1269.3,0.375,50-59,2075.1,Family travelers
531158,F,False,False,usa,newark,EWR,40,New Jersey,8,5,5,5,0.2,1.2,0.8,377.737,0.4,1.6,2287.91,2325.2,0.625,40-49,4575.82,High Spenders
531253,F,True,True,usa,new york,LGA,50,New York,8,5,4,5,0.2,1.75,1.0,465.110625,0.4,3.6,4050.39,3360.6,0.625,50-59,8100.78,High Spenders
531255,F,True,True,usa,buffalo,BUF,36,New York,8,0,0,0,,,,,,,,,0.0,30-39,,Indecisive
531447,F,True,False,usa,newport news,PHF,55,Virginia,8,5,5,4,0.2,1.0,0.2,595.582,0.25,2.5,2940.082,2088.0,0.625,50-59,5880.164,High Spenders
531456,F,False,False,canada,vancouver,YVR,18,British Columbia,8,2,0,2,0.5,,,,0.5,2.5,,928.0,0.25,10-19,,Youngs
531467,F,False,False,usa,san antonio,RND,33,Texas,8,5,5,4,0.2,1.4,0.2,410.906,0.25,4.25,2895.76,4594.2,0.625,30-39,5791.52,High Spenders
531475,M,False,False,canada,toronto,YTZ,16,Ontario,9,0,0,0,,,,,,,,,0.0,10-19,,Indecisive
531500,F,True,False,usa,dallas,DAL,77,Texas,8,1,0,1,0.0,,,,0.0,9.0,,378.0,0.125,70-79,,Long Stayers
531568,F,False,False,usa,austin,AUS,40,Texas,8,5,4,5,0.2,1.5,0.25,248.4475,0.2,2.0,1628.7505,1772.0,0.625,40-49,3257.501,Not assigned
531615,F,False,True,usa,oakland,OAK,19,California,8,1,1,0,0.0,1.0,0.0,406.27,,,406.27,,0.125,10-19,812.54,Indecisive
531654,F,False,False,usa,honolulu,HNL,46,Hawaii,8,2,2,1,0.0,1.0,1.0,1040.02,0.0,6.0,2080.04,948.0,0.25,40-49,4160.08,Not assigned
531670,F,True,False,usa,los angeles,LAX,55,California,8,3,2,3,0.3333333333333333,1.0,0.0,494.025,0.3333333333333333,6.666666666666667,988.05,3740.0,0.375,50-59,1976.1,Not assigned
531735,F,False,False,usa,oakland,OAK,20,California,8,0,0,0,,,,,,,,,0.0,20-29,,Indecisive
531739,F,False,False,usa,tampa,TPA,38,Florida,8,4,4,4,0.5,1.25,0.5,305.71625,0.5,1.75,1453.9225,2143.8,0.5,30-39,2907.845,Not assigned
531744,F,True,False,usa,columbus,CMH,53,Ohio,8,5,4,5,0.0,1.0,0.5,263.6975,0.4,2.6,1054.79,1344.0,0.625,50-59,2109.58,Not assigned
531745,F,False,False,canada,edmonton,YEG,22,Alberta,8,0,0,0,,,,,,,,,0.0,20-29,,Indecisive
531777,F,False,False,usa,columbus,CMH,38,Ohio,8,1,1,1,0.0,1.0,0.0,144.52,0.0,2.0,144.52,614.0,0.125,30-39,289.04,Indecisive
531795,F,False,False,usa,san francisco,SFO,70,California,8,1,1,1,0.0,1.0,1.0,472.69,0.0,12.0,472.69,984.0,0.125,70-79,945.38,Long Stayers
531803,F,False,False,usa,detroit,YIP,23,Michigan,8,0,0,0,,,,,,,,,0.0,20-29,,Indecisive
531807,F,False,False,usa,phoenix,LUF,37,Arizona,9,3,3,3,0.0,1.0,0.3333333333333333,530.1766666666667,0.3333333333333333,2.6666666666666665,1590.5300000000002,934.0,0.3333333333333333,30-39,3181.0600000000004,Not assigned
531834,F,False,False,usa,los angeles,LAX,17,California,8,1,1,1,0.0,1.0,1.0,490.71,0.0,1.0,490.71,148.0,0.125,10-19,981.42,Indecisive
531857,F,False,False,usa,philadelphia,PHL,20,Pennsylvania,9,2,2,2,0.0,1.0,0.5,349.45,0.5,5.0,698.9,1072.0,0.2222222222222222,20-29,1397.8,Not assigned
531921,F,False,False,canada,saskatoon,YXE,45,Saskatchewan,9,2,1,2,0.0,1.0,1.0,122.54,0.5,4.5,122.54,1071.0,0.2222222222222222,40-49,245.08,Not assigned
531926,F,False,False,usa,san diego,NZY,28,California,8,2,2,0,0.5,2.0,0.5,465.98,,,1896.833,,0.25,20-29,3793.666,Only Flight
531931,F,False,False,usa,san jose,SJC,39,California,8,2,2,2,0.0,1.5,0.5,577.9025,0.5,2.5,1888.29,985.0,0.25,30-39,3776.58,Not assigned
531959,F,False,False,usa,oakland,OAK,30,California,8,4,2,3,0.0,1.5,0.5,605.0525,0.3333333333333333,10.0,1891.14,8206.0,0.5,30-39,3782.28,Long Stayers
531971,F,True,True,usa,burlington,BTV,58,Vermont,8,2,2,2,0.0,1.0,1.0,381.31,0.5,3.0,762.62,456.0,0.25,50-59,1525.24,Not assigned
531994,F,True,False,canada,calgary,YYC,43,Alberta,8,2,2,2,0.0,1.0,0.5,592.985,0.5,2.0,1185.97,303.0,0.25,40-49,2371.94,Not assigned
532063,F,True,False,usa,chicago,UGN,53,Illinois,9,6,6,6,0.1666666666666666,1.1666666666666667,0.3333333333333333,209.72083333333333,0.0,1.1666666666666667,1451.21,1692.05,0.6666666666666666,50-59,2902.42,Not assigned
532101,F,False,False,usa,oakland,OAK,25,California,8,1,0,1,0.0,,,,0.0,23.0,,4738.0,0.125,20-29,,Long Stayers
532119,F,True,False,canada,toronto,YTZ,51,Ontario,8,6,6,5,0.0,1.5,0.1666666666666666,366.21333333333337,0.2,3.8,3334.58,2974.0,0.75,50-59,6669.16,High Spenders
532215,F,True,False,usa,san francisco,SFO,48,California,9,6,5,6,0.1666666666666666,1.0,0.6,492.182,0.1666666666666666,4.0,2460.91,2772.2,0.6666666666666666,40-49,4921.82,High Spenders
532258,F,False,True,canada,montreal,YUL,40,Quebec,8,2,2,2,0.0,2.0,0.5,61.215,0.0,2.0,320.21000000000004,4211.0,0.25,40-49,640.4200000000001,Family travelers
532259,M,True,True,usa,dallas,DAL,54,Texas,8,6,5,6,0.3333333333333333,1.4,0.6,245.477,0.5,3.5,1744.4815,3854.0,0.75,50-59,3488.963,Not assigned
532279,F,False,False,usa,el paso,ELP,17,Texas,8,1,0,1,1.0,,,,0.0,12.0,,4992.0,0.125,10-19,,Long Stayers
532312,F,True,False,usa,kansas city,MCI,44,Missouri,8,3,3,3,0.6666666666666666,1.0,1.0,163.65666666666667,0.3333333333333333,1.3333333333333333,454.244,444.4,0.375,40-49,908.488,Not assigned
532361,F,False,False,canada,montreal,YUL,45,Quebec,8,4,3,3,0.25,1.0,0.6666666666666666,102.16666666666669,0.3333333333333333,2.6666666666666665,279.63,1218.0,0.5,40-49,559.26,Not assigned
532387,F,False,False,usa,denver,DEN,38,Colorado,8,3,3,3,0.0,1.0,0.6666666666666666,370.8966666666667,0.6666666666666666,5.333333333333333,1112.69,2375.0,0.375,30-39,2225.38,Not assigned
532390,F,True,True,usa,chicago,ORD,44,Illinois,8,4,4,3,0.0,1.25,0.5,164.52125,0.3333333333333333,3.0,930.54,1479.0,0.5,40-49,1861.08,Not assigned
532410,F,False,False,usa,denver,DEN,27,Colorado,8,3,1,3,0.3333333333333333,1.0,0.0,330.74,0.6666666666666666,7.333333333333333,330.74,2867.9,0.375,20-29,661.48,Long Stayers
532432,F,True,False,usa,houston,IAH,68,Texas,8,1,0,1,0.0,,,,0.0,13.0,,1963.0,0.125,60-69,,Long Stayers
532433,F,False,True,usa,portland,PDX,31,Oregon,8,3,2,3,0.3333333333333333,1.5,0.5,506.865,0.6666666666666666,3.333333333333333,1304.05,1398.3,0.375,30-39,2608.1,Not assigned
532500,F,False,True,canada,winnipeg,YWG,39,Manitoba,8,4,4,3,0.25,1.25,0.5,818.39125,0.3333333333333333,3.0,5407.34,2739.05,0.5,30-39,10814.68,High Spenders
532519,F,True,False,usa,tulsa,TUL,48,Oklahoma,8,3,2,3,0.0,1.5,2.0,291.595,0.6666666666666666,4.666666666666667,710.44,1586.0,0.375,40-49,1420.88,Not assigned
532622,F,True,False,usa,kansas city,MCI,49,Missouri,8,3,3,3,0.3333333333333333,1.0,0.3333333333333333,244.13666666666663,0.0,1.3333333333333333,725.0455,1004.0,0.375,40-49,1450.091,Not assigned
532651,F,False,True,canada,toronto,YKZ,34,Ontario,8,2,1,2,0.0,1.0,0.0,100.45,0.5,3.5,100.45,1753.0,0.25,30-39,200.9,Not assigned
532653,F,False,False,usa,los angeles,LAX,47,California,8,4,4,4,0.5,1.25,0.0,598.9,0.25,5.5,3131.25,3030.9,0.5,40-49,6262.5,High Spenders
532656,F,False,False,usa,reno,RNO,32,Nevada,8,2,2,2,0.5,1.0,1.0,710.765,0.5,1.0,1346.607,392.0,0.25,30-39,2693.214,Not assigned
532705,F,True,False,canada,halifax,YHZ,41,Nova Scotia,8,2,1,2,0.0,1.0,0.0,647.94,0.0,4.0,647.94,540.0,0.25,40-49,1295.88,Not assigned
532710,M,False,False,canada,toronto,YZD,24,,8,1,1,1,0.0,1.0,1.0,312.38,0.0,1.0,312.38,396.0,0.125,20-29,624.76,Indecisive
532711,F,True,False,usa,new york,JFK,22,New York,9,2,1,2,0.0,1.0,1.0,98.31,0.0,9.5,98.31,4238.0,0.2222222222222222,20-29,196.62,Long Stayers
532725,F,False,False,usa,corpus christi,CRP,38,Texas,8,0,0,0,,,,,,,,,0.0,30-39,,Indecisive
532730,F,False,False,usa,detroit,YIP,16,Michigan,8,2,1,2,0.5,1.0,1.0,184.45,0.0,8.0,147.56,3144.0,0.25,10-19,295.12,Long Stayers
532748,F,False,True,usa,austin,AUS,40,Texas,8,5,4,5,0.2,1.0,1.0,390.4450000000001,0.2,1.4,1561.7800000000002,1004.25,0.625,40-49,3123.5600000000004,Not assigned
532835,M,False,True,canada,vancouver,YVR,42,British Columbia,8,2,1,1,0.0,1.0,1.0,630.46,1.0,3.0,630.46,273.0,0.25,40-49,1260.92,Not assigned
532843,F,True,False,canada,windsor,YQG,40,Ontario,8,3,2,3,0.3333333333333333,1.0,0.0,424.1,0.6666666666666666,3.0,848.2,1379.3,0.375,40-49,1696.4,Not assigned
532866,F,True,True,usa,san antonio,SKF,50,Texas,8,4,4,4,0.5,1.25,1.5,414.67,0.25,2.25,2101.19,2074.6,0.5,50-59,4202.38,Not assigned
532905,F,False,False,usa,washington,IAD,22,Virginia,8,0,0,0,,,,,,,,,0.0,20-29,,Indecisive
533048,M,True,True,usa,chicago,ORD,47,Illinois,8,1,0,1,1.0,,,,0.0,2.0,,435.2,0.125,40-49,,Indecisive
533117,F,False,False,usa,charlotte,CLT,50,North Carolina,8,2,2,1,0.0,1.0,0.0,167.185,0.0,2.0,334.37,252.0,0.25,50-59,668.74,Not assigned
533123,M,False,True,canada,edmonton,YED,41,,9,2,2,1,0.0,1.0,0.5,267.385,0.0,3.0,534.77,531.0,0.2222222222222222,40-49,1069.54,Not assigned
533129,F,False,False,usa,new york,LGA,38,New York,8,5,4,4,0.4,1.0,0.25,258.9375,0.5,2.75,1002.633,2260.95,0.625,30-39,2005.266,Not assigned
533187,F,True,False,usa,denver,DEN,69,Colorado,8,1,0,1,1.0,,,,0.0,8.0,,737.1999999999999,0.125,60-69,,Long Stayers
533204,F,False,False,usa,phoenix,LUF,21,Arizona,8,0,0,0,,,,,,,,,0.0,20-29,,Indecisive
533211,M,False,True,usa,austin,AUS,52,Texas,8,4,4,3,0.25,1.0,0.5,384.5775,0.0,5.0,1538.31,3278.0,0.5,50-59,3076.62,Not assigned
533222,F,True,True,usa,seattle,SEA,53,Washington,8,3,2,3,0.3333333333333333,1.0,2.0,471.33,0.3333333333333333,5.333333333333333,942.66,4884.6,0.375,50-59,1885.32,Not assigned
533283,F,False,False,usa,orlando,ORL,52,Florida,10,4,4,3,0.0,1.75,0.5,338.355,0.3333333333333333,1.3333333333333333,1958.82,719.0,0.4,50-59,3917.64,Not assigned
533291,F,True,False,usa,tucson,TUS,40,Arizona,8,6,6,6,0.0,1.3333333333333333,1.0,472.8183333333333,0.3333333333333333,3.333333333333333,3702.95,2939.0,0.75,40-49,7405.9,High Spenders
533302,F,False,False,usa,corpus christi,CRP,40,Texas,8,3,2,3,0.6666666666666666,1.0,0.0,395.0700000000001,1.0,3.0,716.782,1145.15,0.375,40-49,1433.564,Not assigned
533327,F,True,True,usa,winston-salem,INT,58,North Carolina,8,4,1,4,0.5,1.0,1.0,621.36,0.5,6.5,559.224,9127.0,0.5,50-59,1118.448,Not assigned
533357,M,False,False,usa,san francisco,SFO,40,California,8,5,4,4,0.2,1.0,0.5,541.0,0.0,2.25,2164.0,898.6,0.625,40-49,4328.0,Not assigned
533378,F,True,True,usa,long beach,LGB,39,California,8,3,3,2,0.3333333333333333,1.0,1.0,401.18,0.0,5.5,1172.2335,1256.0,0.375,30-39,2344.467,Not assigned
533393,F,True,True,usa,columbus,LCK,58,Ohio,9,1,0,1,0.0,,,,0.0,4.0,,624.0,0.1111111111111111,50-59,,Indecisive
533402,F,False,False,usa,chicago,UGN,29,Illinois,9,3,2,2,0.3333333333333333,1.0,1.0,227.755,0.5,8.0,455.51,3111.0,0.3333333333333333,20-29,911.02,Long Stayers
533404,F,True,False,canada,ottawa,YOW,39,Ontario,8,3,3,2,0.3333333333333333,1.0,0.3333333333333333,565.38,0.0,2.0,1696.14,1278.0,0.375,30-39,3392.28,Not assigned
533411,F,False,False,usa,new york,JFK,35,New York,8,4,4,3,0.0,1.0,0.5,349.2675,0.0,1.6666666666666667,1397.07,1268.0,0.5,30-39,2794.14,Not assigned
533464,F,True,True,usa,washington,DCA,56,Virginia,8,2,2,1,0.0,1.0,1.0,453.605,1.0,1.0,907.21,120.0,0.25,50-59,1814.42,Not assigned
533490,F,False,False,usa,baltimore,BWI,40,Maryland,8,4,4,3,0.5,1.0,0.25,253.93,0.0,4.0,955.252,1701.0,0.5,40-49,1910.504,Not assigned
533497,F,False,False,usa,madison,MSN,35,Wisconsin,8,5,5,3,0.4,1.0,0.6,381.284,0.3333333333333333,1.6666666666666667,1856.085,1026.4,0.625,30-39,3712.17,Not assigned
533518,F,True,False,usa,los angeles,LAX,51,California,8,3,3,3,0.3333333333333333,1.6666666666666667,0.3333333333333333,569.1044444444444,0.3333333333333333,3.6666666666666665,2965.22,3140.5,0.375,50-59,5930.44,High Spenders
533527,F,True,False,usa,los angeles,LAX,25,California,8,1,1,1,1.0,1.0,2.0,280.58,0.0,5.0,182.377,471.75,0.125,20-29,364.754,Indecisive
533542,F,True,False,usa,las vegas,LAS,47,Nevada,9,5,5,4,0.2,1.4,0.8,447.074,0.25,2.5,2800.2095,3229.0,0.5555555555555556,40-49,5600.419,High Spenders
533550,F,True,True,usa,new york,LGA,33,New York,8,2,2,2,0.5,1.0,0.5,330.41,0.0,2.0,630.6385,428.0,0.25,30-39,1261.277,Not assigned
533617,F,True,True,usa,dallas,DAL,45,Texas,9,3,3,3,0.0,1.0,0.6666666666666666,426.3633333333333,0.6666666666666666,3.6666666666666665,1279.09,1310.0,0.3333333333333333,40-49,2558.18,Not assigned
533759,F,True,True,usa,louisville,LOU,45,Kentucky,8,3,2,3,0.0,1.0,0.5,232.985,0.0,9.666666666666666,465.97,4779.0,0.375,40-49,931.94,Long Stayers
533827,F,False,False,canada,edmonton,YXD,48,,8,1,0,1,1.0,,,,0.0,8.0,,512.0,0.125,40-49,,Long Stayers
533846,F,True,False,usa,chicago,UGN,34,Illinois,8,3,2,2,0.3333333333333333,1.0,1.0,334.665,1.0,3.5,669.3299999999999,1249.0,0.375,30-39,1338.6599999999999,Not assigned
533859,F,True,False,canada,edmonton,YED,56,,8,4,4,4,0.25,1.25,0.5,494.07125,0.75,4.5,2349.4425,2328.0,0.5,50-59,4698.885,High Spenders
533908,F,False,False,usa,austin,AUS,25,Texas,9,1,1,1,0.0,1.0,0.0,263.68,0.0,3.0,263.68,447.0,0.1111111111111111,20-29,527.36,Indecisive
533932,F,True,True,usa,corpus christi,CRP,33,Texas,8,2,1,2,0.5,1.0,1.0,339.61,0.5,5.5,339.61,1053.1999999999998,0.25,30-39,679.22,Not assigned
533985,F,False,False,usa,los angeles,LAX,32,California,8,2,2,1,0.0,1.5,1.0,382.7875,0.0,4.0,1272.91,1576.0,0.25,30-39,2545.82,Not assigned
534045,F,True,False,usa,newport news,PHF,42,Virginia,8,2,2,1,0.0,1.5,0.5,416.16,1.0,2.0,968.27,508.0,0.25,40-49,1936.54,Not assigned
534082,F,True,True,usa,nashville,BNA,60,Tennessee,8,0,0,0,,,,,,,,,0.0,60-69,,Indecisive
534179,F,True,False,usa,san francisco,SFO,40,California,8,4,3,4,0.75,1.0,0.6666666666666666,352.1,0.5,3.75,1015.0,1895.4,0.5,40-49,2030.0,Not assigned
534190,M,True,True,canada,windsor,YQG,38,Ontario,8,2,1,2,0.0,1.0,0.0,136.34,0.0,6.0,136.34,1724.0,0.25,30-39,272.68,Not assigned
534254,F,False,False,canada,calgary,YYC,22,Alberta,9,1,1,1,1.0,1.0,0.0,573.05,1.0,3.0,515.745,558.0,0.1111111111111111,20-29,1031.49,Indecisive
534351,F,False,False,usa,houston,IAH,41,Texas,9,7,7,7,0.2857142857142857,1.0,0.7142857142857143,416.98,0.0,8.142857142857142,2899.063,7090.0,0.7777777777777778,40-49,5798.126,Long Stayers
534360,F,False,True,canada,montreal,YUL,41,Quebec,8,5,5,4,0.2,1.2,0.2,335.081,0.5,2.5,2093.806,1366.25,0.625,40-49,4187.612,Not assigned
534445,F,True,False,usa,jacksonville,NZC,43,Ica,8,2,2,1,0.0,1.5,0.0,619.27,0.0,1.0,1799.0100000000002,210.0,0.25,40-49,3598.0200000000004,Not assigned
534474,M,False,False,usa,stockton,SCK,43,California,9,4,4,3,0.0,1.0,0.75,552.5425,0.6666666666666666,12.333333333333334,2210.17,5350.0,0.4444444444444444,40-49,4420.34,Long Stayers
534586,F,False,True,canada,quebec,YQB,37,Quebec,8,0,0,0,,,,,,,,,0.0,30-39,,Indecisive
534604,F,False,False,canada,vancouver,YVR,25,British Columbia,8,1,1,0,0.0,2.0,2.0,550.385,,,1100.77,,0.125,20-29,2201.54,Indecisive
534607,F,False,False,usa,milwaukee,MKE,34,Wisconsin,9,4,4,3,0.0,1.25,2.0,280.65875,0.3333333333333333,2.0,1309.15,1291.0,0.4444444444444444,30-39,2618.3,Not assigned
534608,F,True,False,usa,baton rouge,BTR,36,Louisiana,9,4,4,4,0.5,1.0,0.75,378.01,0.25,1.75,1380.1135,754.0,0.4444444444444444,30-39,2760.227,Not assigned
534661,F,False,True,usa,austin,AUS,18,Texas,8,1,0,1,1.0,,,,0.0,7.0,,1039.5,0.125,10-19,,Indecisive
534688,F,False,True,usa,louisville,LOU,37,Kentucky,8,5,4,5,0.4,1.25,1.0,162.47375,0.2,4.0,682.77,3697.2,0.625,30-39,1365.54,Not assigned
534703,F,False,False,usa,tampa,TPA,33,Florida,8,1,1,1,1.0,1.0,0.0,481.78,1.0,1.0,409.513,193.0,0.125,30-39,819.026,Indecisive
534747,F,False,False,usa,san jose,SJC,36,California,9,4,3,4,0.25,1.0,0.3333333333333333,388.25666666666666,0.0,2.25,1097.943,834.0,0.4444444444444444,30-39,2195.886,Not assigned
534782,F,False,False,usa,kansas city,MCI,25,Missouri,8,4,2,4,0.25,1.0,1.0,306.105,0.0,5.5,612.21,6410.0,0.5,20-29,1224.42,Not assigned
534793,F,False,True,canada,edmonton,YEG,17,Alberta,8,1,1,1,0.0,1.0,0.0,549.37,0.0,1.0,549.37,163.0,0.125,10-19,1098.74,Indecisive
534825,F,False,True,canada,toronto,YKZ,28,Ontario,8,1,1,0,1.0,1.0,0.0,97.51,,,97.51,,0.125,20-29,195.02,Indecisive
534840,F,False,False,usa,indianapolis,IND,45,Gujarat,9,4,4,3,0.5,1.25,0.0,179.07625,0.3333333333333333,2.0,992.588,1944.4,0.4444444444444444,40-49,1985.176,Not assigned
534957,F,True,False,canada,calgary,YYC,49,Alberta,8,4,4,2,0.25,1.25,0.0,372.91375,0.0,2.0,1757.54,490.0,0.5,40-49,3515.08,Not assigned
535003,F,True,False,usa,brownsville,BRO,57,Texas,9,0,0,0,,,,,,,,,0.0,50-59,,Indecisive
535007,F,False,False,canada,toronto,YZD,42,,8,5,5,5,0.4,1.0,0.2,404.24,0.2,2.8,2021.2,3667.0,0.625,40-49,4042.4,Not assigned
535024,F,False,False,usa,san antonio,RND,36,Texas,8,2,2,2,0.0,1.0,1.0,448.37,1.0,2.5,896.74,717.0,0.25,30-39,1793.48,Not assigned
535035,F,False,True,usa,new york,LGA,51,New York,8,4,3,4,0.5,1.6666666666666667,0.3333333333333333,379.8233333333333,0.25,7.25,1394.81,6474.0,0.5,50-59,2789.62,Long Stayers
535051,F,True,False,usa,new york,LGA,48,New York,8,4,3,4,0.5,1.0,0.3333333333333333,434.16333333333336,0.25,5.0,1302.49,2608.1,0.5,40-49,2604.98,Not assigned
535063,F,False,False,usa,los angeles,LAX,37,California,9,4,3,4,0.25,1.3333333333333333,0.6666666666666666,547.2633333333333,0.5,2.75,1872.8655,1557.2,0.4444444444444444,30-39,3745.731,Not assigned
535099,M,False,False,usa,buffalo,BUF,36,New York,8,5,5,5,0.0,1.0,1.2,352.262,0.2,2.8,1761.31,2319.0,0.625,30-39,3522.62,Not assigned
535135,F,True,False,canada,winnipeg,YAV,47,,8,4,3,4,0.25,1.0,0.3333333333333333,236.32666666666668,0.25,4.75,708.98,3997.0,0.5,40-49,1417.96,Not assigned
535229,M,False,False,usa,new york,LGA,40,New York,8,3,3,3,0.6666666666666666,1.0,0.0,297.71666666666664,0.6666666666666666,4.333333333333333,867.3785,2078.35,0.375,40-49,1734.757,Not assigned
535266,F,True,True,canada,edmonton,YED,45,,9,2,1,1,0.5,4.0,3.0,2236.2875,1.0,4.0,8945.15,1192.0,0.2222222222222222,40-49,17890.3,High Spenders
535311,F,True,True,usa,houston,IAH,41,Texas,9,2,2,1,0.0,1.0,0.0,376.585,1.0,9.0,753.1700000000001,2223.0,0.2222222222222222,40-49,1506.3400000000001,Long Stayers
535341,F,True,False,usa,tulsa,TUL,46,Oklahoma,9,3,3,3,0.0,1.6666666666666667,0.0,207.55333333333337,0.3333333333333333,5.666666666666667,941.32,2559.0,0.3333333333333333,40-49,1882.64,Not assigned
535398,M,False,False,usa,omaha,OFF,40,Nebraska,8,3,3,3,0.3333333333333333,1.3333333333333333,0.6666666666666666,220.96,0.0,3.6666666666666665,856.0649999999999,1650.0,0.375,40-49,1712.1299999999999,Not assigned
535441,M,True,True,canada,calgary,YYC,46,Alberta,8,4,4,4,0.0,1.25,0.5,363.1175,0.5,3.0,1730.2,2464.0,0.5,40-49,3460.4,Not assigned
535459,M,False,False,usa,lincoln,LNK,27,Nebraska,8,4,3,3,0.25,1.0,0.0,217.13,0.3333333333333333,2.6666666666666665,637.178,1437.0,0.5,20-29,1274.356,Not assigned
535473,F,True,False,usa,chicago,MDW,59,Illinois,8,1,1,0,0.0,2.0,1.0,2166.48,,,4332.96,,0.125,50-59,8665.92,Indecisive
535502,F,False,True,usa,columbus,LCK,39,Ohio,9,3,3,3,0.0,1.3333333333333333,0.6666666666666666,132.83666666666667,0.6666666666666666,1.6666666666666667,441.92,1846.0,0.3333333333333333,30-39,883.84,Not assigned
535553,F,False,False,canada,london,YXU,39,Ontario,9,2,2,2,0.0,1.0,0.5,354.185,0.0,4.0,708.37,1012.0,0.2222222222222222,30-39,1416.74,Not assigned
535595,F,True,True,usa,atlanta,ATL,52,Georgia,8,2,2,1,0.5,3.0,2.0,1236.711,0.0,6.0,11558.99,1956.0,0.25,50-59,23117.98,High Spenders
535610,F,True,False,usa,kansas city,MCI,36,Missouri,8,3,2,3,0.3333333333333333,1.0,1.0,232.485,0.0,2.0,464.97,508.1,0.375,30-39,929.94,Not assigned
535625,F,False,True,canada,hamilton,YHM,28,Ontario,8,5,5,4,0.0,1.0,0.6,180.918,0.25,2.25,904.59,1636.0,0.625,20-29,1809.18,Not assigned
535706,F,False,True,usa,los angeles,LAX,54,California,8,1,1,1,1.0,1.0,1.0,311.77,0.0,1.0,187.062,153.0,0.125,50-59,374.124,Indecisive
535737,F,False,False,canada,edmonton,YEG,21,Alberta,8,0,0,0,,,,,,,,,0.0,20-29,,Indecisive
535746,F,True,False,usa,new orleans,MSY,42,Louisiana,8,3,2,3,0.6666666666666666,1.0,1.0,500.11,0.0,4.333333333333333,826.174,1804.0,0.375,40-49,1652.348,Not assigned
535791,F,True,False,usa,orlando,MCO,41,Florida,8,2,2,2,0.5,2.0,0.5,275.9916666666667,0.0,3.0,1034.245,1750.0,0.25,40-49,2068.49,Not assigned
535795,F,True,True,usa,dallas,DAL,53,Texas,8,5,5,5,0.4,1.0,0.8,346.904,0.6,2.6,1698.355,2296.8,0.625,50-59,3396.71,Not assigned
535885,F,True,False,usa,new york,JFK,44,New York,8,3,1,3,0.0,1.0,0.0,66.3,0.6666666666666666,7.0,66.3,4828.0,0.375,40-49,132.6,Not assigned
535896,F,True,True,usa,indianapolis,IND,40,Gujarat,8,2,2,2,0.0,1.0,0.5,401.415,0.0,1.0,802.8299999999999,319.0,0.25,40-49,1605.6599999999999,Not assigned
535912,F,False,False,usa,austin,AUS,40,Texas,8,5,5,5,0.0,1.0,0.2,316.452,0.2,2.2,1582.26,1879.0,0.625,40-49,3164.52,Not assigned
535942,F,True,True,usa,boston,BOS,43,Massachusetts,8,2,2,2,0.0,1.0,0.5,681.26,0.0,3.5,1362.52,857.0,0.25,40-49,2725.04,Not assigned
535983,F,False,True,usa,honolulu,HNL,50,Hawaii,8,1,1,0,0.0,1.0,1.0,1301.14,,,1301.14,,0.125,50-59,2602.28,Indecisive
536000,M,False,False,canada,edmonton,YXD,30,,8,3,3,3,0.0,1.0,0.3333333333333333,515.48,0.6666666666666666,2.0,1546.44,885.0,0.375,30-39,3092.88,Not assigned
536016,F,True,True,usa,oakland,OAK,35,California,8,2,2,1,0.5,1.5,0.0,483.25,0.0,7.0,1448.22,2016.0,0.25,30-39,2896.44,Not assigned
536034,F,True,True,canada,halifax,YAW,55,,8,2,1,2,0.0,1.0,0.0,649.73,0.5,5.0,649.73,2349.0,0.25,50-59,1299.46,Not assigned
536035,M,False,False,usa,new york,LGA,27,New York,8,2,2,2,0.0,1.5,0.5,266.66,0.0,1.5,976.68,582.0,0.25,20-29,1953.36,Not assigned
536066,F,False,False,usa,rochester,ROC,41,New York,9,3,3,3,0.0,1.3333333333333333,0.3333333333333333,284.9816666666666,0.3333333333333333,2.333333333333333,1005.02,1463.0,0.3333333333333333,40-49,2010.04,Not assigned
536086,F,True,True,usa,miami,OPF,53,Florida,8,3,3,3,0.6666666666666666,1.3333333333333333,0.6666666666666666,605.735,0.0,1.3333333333333333,2385.03,1564.0,0.375,50-59,4770.06,High Spenders
536135,F,False,False,usa,minneapolis,MSP,67,Minnesota,8,0,0,0,,,,,,,,,0.0,60-69,,Indecisive
536212,M,False,False,usa,st. louis,STL,26,Missouri,8,0,0,0,,,,,,,,,0.0,20-29,,Indecisive
536228,F,False,False,usa,orlando,ORL,17,Florida,9,1,0,1,0.0,,,,1.0,8.0,,1376.0,0.1111111111111111,10-19,,Long Stayers
536229,M,False,True,usa,sacramento,MCC,43,California,8,2,1,1,0.5,1.0,0.0,137.36,0.0,14.0,130.49200000000002,2912.0,0.25,40-49,260.98400000000004,Long Stayers
536313,F,True,True,usa,houston,IAH,27,Texas,8,2,1,2,0.5,1.0,0.0,246.2,0.0,5.0,246.2,5234.4,0.25,20-29,492.4,Not assigned
536387,F,False,False,usa,chicago,ORD,51,Illinois,9,4,3,3,0.5,1.0,0.6666666666666666,1010.8966666666666,0.3333333333333333,3.0,2571.6980000000003,1436.0,0.4444444444444444,50-59,5143.396000000001,High Spenders
536467,F,True,False,usa,chicago,UGN,34,Illinois,8,2,2,2,0.0,1.0,0.5,291.64,0.5,3.5,583.28,1338.0,0.25,30-39,1166.56,Not assigned
536469,F,False,False,usa,cleveland,CLE,32,Ohio,8,1,1,1,0.0,1.0,1.0,90.78,0.0,4.0,90.78,928.0,0.125,30-39,181.56,Indecisive
536474,F,False,False,usa,reno,RNO,37,Nevada,9,1,1,1,0.0,1.0,0.0,453.73,0.0,3.0,453.73,810.0,0.1111111111111111,30-39,907.46,Indecisive
536488,F,False,False,usa,new york,JFK,17,New York,8,0,0,0,,,,,,,,,0.0,10-19,,Indecisive
536489,F,True,False,usa,oklahoma city,TIK,46,Oklahoma,8,6,5,5,0.5,1.2,0.8,269.375,0.0,5.6,1699.719,3267.4,0.75,40-49,3399.438,Not assigned
536574,F,True,True,canada,calgary,YYC,51,Alberta,8,4,3,4,0.5,1.0,0.6666666666666666,399.33,0.25,4.5,1123.4340000000002,3392.0,0.5,50-59,2246.8680000000004,Not assigned
536594,F,False,False,usa,mobile,BFM,68,Alabama,9,2,0,2,0.0,,,,0.0,7.0,,3619.0,0.2222222222222222,60-69,,Retired
536604,F,False,False,usa,cleveland,CLE,51,Ohio,8,2,2,1,0.0,1.0,0.5,349.45,0.0,1.0,698.9,238.0,0.25,50-59,1397.8,Not assigned
536622,F,False,False,usa,chicago,ORD,48,Illinois,8,4,4,3,0.0,1.0,0.5,276.98,0.6666666666666666,2.6666666666666665,1107.92,1013.0,0.5,40-49,2215.84,Not assigned
536651,F,False,False,usa,long beach,LGB,36,California,8,3,3,3,1.0,1.3333333333333333,1.0,684.465,0.3333333333333333,1.0,2630.105,1116.1,0.375,30-39,5260.21,High Spenders
536656,F,False,True,usa,houston,IAH,40,Texas,9,3,3,3,0.3333333333333333,1.3333333333333333,0.3333333333333333,294.2333333333333,0.0,1.6666666666666667,1256.514,1574.0,0.3333333333333333,40-49,2513.028,Not assigned
536672,F,False,True,usa,boston,BOS,33,Massachusetts,8,5,5,4,0.2,1.2,0.0,939.316,0.0,2.75,4988.416,2132.0,0.625,30-39,9976.832,High Spenders
536763,F,True,False,usa,new york,LGA,40,New York,8,2,2,1,0.0,1.0,0.5,432.785,0.0,2.0,865.5699999999999,222.0,0.25,40-49,1731.1399999999999,Not assigned
536764,F,True,False,canada,montreal,YUL,53,Quebec,8,5,5,4,0.0,1.0,0.8,147.416,0.0,2.5,737.08,2575.0,0.625,50-59,1474.16,Not assigned
536782,F,True,True,canada,windsor,YQG,45,Ontario,8,4,4,4,0.25,1.0,0.5,251.2475,0.25,2.75,958.925,1381.0,0.5,40-49,1917.85,Not assigned
536843,F,True,False,canada,vancouver,YVR,45,British Columbia,8,4,3,4,0.0,1.0,0.6666666666666666,378.35,0.5,2.0,1135.05,3136.0,0.5,40-49,2270.1,Not assigned
536951,F,False,False,canada,quebec,YQB,41,Quebec,8,5,5,5,0.0,1.0,0.6,299.364,0.4,2.2,1496.82,1056.0,0.625,40-49,2993.64,Not assigned
536964,F,False,True,usa,jacksonville,NIP,34,Florida,8,1,1,1,0.0,1.0,0.0,538.01,0.0,1.0,538.01,81.0,0.125,30-39,1076.02,Indecisive
536995,F,False,False,canada,london,YXU,31,Ontario,8,2,2,2,0.0,1.0,0.5,622.7950000000001,0.0,6.0,1245.59,1974.0,0.25,30-39,2491.18,Not assigned
537038,F,True,True,usa,san jose,SJC,50,California,9,1,1,1,0.0,1.0,0.0,361.08,0.0,2.0,361.08,104.0,0.1111111111111111,50-59,722.16,Indecisive
537121,F,True,False,usa,san diego,SAN,54,California,8,1,1,0,1.0,1.0,1.0,586.88,,,586.88,,0.125,50-59,1173.76,Indecisive
537123,F,False,False,usa,detroit,DET,44,Michigan,8,3,3,3,0.0,1.0,1.0,274.71333333333337,0.3333333333333333,9.333333333333334,824.1400000000001,11974.0,0.375,40-49,1648.2800000000002,Long Stayers
537212,F,False,True,usa,san antonio,SAT,21,Texas,8,2,1,2,0.5,1.0,0.0,212.03,0.5,4.0,212.03,429.45,0.25,20-29,424.06,Not assigned
537227,F,False,True,usa,montgomery,MXF,30,Alabama,8,1,1,1,0.0,1.0,0.0,85.23,0.0,1.0,85.23,131.0,0.125,30-39,170.46,Indecisive
537289,F,True,True,usa,el paso,ELP,48,Texas,8,4,3,4,0.0,1.6666666666666667,0.0,379.57666666666665,0.5,2.75,2111.32,2277.0,0.5,40-49,4222.64,Family travelers
537412,M,True,False,usa,new york,JFK,52,New York,8,4,3,4,0.25,1.0,0.3333333333333333,704.68,0.0,5.75,2077.393,2727.0,0.5,50-59,4154.786,Not assigned
537413,F,True,False,canada,montreal,YMX,47,Quebec,9,3,3,1,0.3333333333333333,1.0,0.6666666666666666,498.0733333333333,0.0,2.0,1494.22,340.0,0.3333333333333333,40-49,2988.44,Not assigned
537414,F,True,False,canada,ottawa,YOW,38,Ontario,8,3,3,3,0.0,2.0,0.3333333333333333,192.63,0.0,1.6666666666666667,854.73,2517.0,0.375,30-39,1709.46,Not assigned
537580,F,False,False,usa,portland,PDX,17,Oregon,8,4,2,4,0.5,1.0,0.5,212.16000000000005,0.25,5.75,424.3200000000001,5628.6,0.5,10-19,848.6400000000002,Youngs
537586,F,False,True,usa,tallahassee,TLH,46,Florida,8,3,3,3,0.3333333333333333,1.3333333333333333,0.0,199.82666666666668,0.0,2.333333333333333,861.77,1087.6,0.375,40-49,1723.54,Not assigned
537659,F,False,True,usa,long beach,LGB,26,California,8,1,0,1,0.0,,,,0.0,2.0,,286.0,0.125,20-29,,Indecisive
537676,F,True,False,usa,birmingham,BHM,48,Alabama,8,4,3,3,0.25,1.0,0.6666666666666666,348.81666666666666,0.3333333333333333,3.6666666666666665,900.443,2326.0,0.5,40-49,1800.886,Not assigned
537688,F,False,False,usa,rochester,ROC,59,New York,8,1,1,1,0.0,1.0,1.0,361.49,1.0,1.0,361.49,197.0,0.125,50-59,722.98,Indecisive
537776,F,False,False,usa,houston,EFD,34,Texas,8,2,0,2,0.5,,,,1.0,9.0,,2768.0,0.25,30-39,,Long Stayers
537834,F,False,False,usa,little rock,LIT,37,Arkansas,8,2,2,2,0.5,1.0,0.5,232.605,0.5,1.0,415.1475,402.0,0.25,30-39,830.295,Not assigned
537860,F,False,False,usa,des moines,DSM,27,Iowa,8,1,1,1,0.0,1.0,0.0,246.76,1.0,5.0,246.76,190.0,0.125,20-29,493.52,Indecisive
537904,F,False,True,canada,toronto,YZD,32,,8,5,4,5,0.2,1.0,1.0,121.36,0.2,2.0,469.0,4538.0,0.625,30-39,938.0,Not assigned
537922,F,True,False,canada,montreal,YUL,53,Quebec,8,3,2,3,0.3333333333333333,1.0,1.0,387.28,0.6666666666666666,6.666666666666667,774.56,2486.0,0.375,50-59,1549.12,Not assigned
537926,F,True,False,canada,ottawa,YOW,70,Ontario,8,2,0,2,0.0,,,,0.5,6.5,,2926.0,0.25,70-79,,Retired
538084,M,False,False,usa,denver,DEN,55,Colorado,8,5,4,5,0.0,1.25,0.0,293.86375,0.4,3.0,1413.12,4065.0,0.625,50-59,2826.24,Not assigned
538112,F,True,False,usa,new york,LGA,50,New York,9,2,2,2,0.5,1.0,0.5,286.875,0.5,3.5,555.386,1014.0,0.2222222222222222,50-59,1110.772,Not assigned
538131,O,False,True,usa,kansas city,MCI,49,Missouri,8,2,2,2,0.0,1.0,0.0,289.815,0.5,1.5,579.63,592.0,0.25,40-49,1159.26,Not assigned
538147,F,True,True,usa,los angeles,LAX,50,California,8,3,3,2,0.0,1.0,0.3333333333333333,445.2,0.0,3.5,1335.6,2481.0,0.375,50-59,2671.2,Not assigned
538260,F,False,False,usa,louisville,LOU,49,Kentucky,8,3,2,3,0.3333333333333333,1.5,1.0,316.2875,0.3333333333333333,4.666666666666667,1087.01,3897.0,0.375,40-49,2174.02,Not assigned
538270,F,False,False,usa,fort worth,FTW,33,Texas,9,2,2,2,0.0,1.0,0.5,222.42,0.0,1.0,444.84,289.0,0.2222222222222222,30-39,889.68,Not assigned
538274,F,True,False,usa,boston,BOS,59,Massachusetts,8,1,1,1,0.0,1.0,0.0,129.12,0.0,5.0,129.12,325.0,0.125,50-59,258.24,Indecisive
538279,O,False,False,usa,dallas,DAL,48,Texas,9,3,3,3,0.3333333333333333,2.0,0.6666666666666666,380.9741666666667,0.3333333333333333,3.0,2387.93,2390.65,0.3333333333333333,40-49,4775.86,High Spenders
538319,F,False,False,usa,los angeles,LAX,37,California,8,3,3,3,0.3333333333333333,1.3333333333333333,1.0,676.0683333333333,0.3333333333333333,2.333333333333333,2741.704,1886.4,0.375,30-39,5483.408,High Spenders
538349,F,True,False,usa,birmingham,BHM,55,Alabama,8,5,4,4,0.2,1.0,0.5,304.0225,0.0,5.5,1216.09,1903.7,0.625,50-59,2432.18,Not assigned
538350,F,False,True,usa,lincoln,LNK,35,Nebraska,8,1,1,1,0.0,1.0,0.0,154.16,0.0,3.0,154.16,528.0,0.125,30-39,308.32,Indecisive
538432,F,True,False,usa,fort worth,FTW,48,Texas,8,4,4,4,0.0,1.25,0.75,262.65875,0.25,2.25,1264.25,1256.0,0.5,40-49,2528.5,Not assigned
538438,F,False,False,usa,milwaukee,MKE,48,Wisconsin,8,3,3,3,0.3333333333333333,1.0,0.3333333333333333,215.4366666666667,0.3333333333333333,1.6666666666666667,626.22,375.0,0.375,40-49,1252.44,Not assigned
538441,F,True,False,canada,montreal,YHU,40,Quebec,8,2,1,2,0.0,1.0,0.0,210.32,0.5,3.0,210.32,1622.0,0.25,40-49,420.64,Not assigned
538458,F,True,True,usa,cincinnati,LUK,51,Ohio,8,4,4,3,0.25,1.25,0.25,370.85875,0.0,2.6666666666666665,2069.3605,1213.0,0.5,50-59,4138.721,Not assigned
538463,F,False,True,usa,jacksonville,JAX,21,Florida,8,0,0,0,,,,,,,,,0.0,20-29,,Indecisive
538511,F,False,True,usa,dallas,DAL,22,Texas,8,0,0,0,,,,,,,,,0.0,20-29,,Indecisive
538529,F,False,False,usa,philadelphia,PHL,40,Pennsylvania,8,3,3,3,0.3333333333333333,1.0,1.6666666666666667,249.94666666666663,0.3333333333333333,2.0,645.5659999999999,922.0,0.375,40-49,1291.1319999999998,Not assigned
538538,F,True,False,usa,spokane,SKA,51,Washington,8,3,3,3,0.3333333333333333,1.3333333333333333,0.6666666666666666,558.3366666666667,0.3333333333333333,2.6666666666666665,2134.5375000000004,1108.0,0.375,50-59,4269.075000000001,Not assigned
538608,F,False,True,usa,riverside,RAL,41,California,8,4,4,4,0.25,1.25,0.75,368.24,0.5,2.5,1805.2235,1351.0,0.5,40-49,3610.447,Not assigned
538666,M,True,False,usa,new york,LGA,32,New York,8,2,2,1,0.5,1.0,0.5,74.94,0.0,1.0,149.88,109.0,0.25,30-39,299.76,Not assigned
538680,F,True,False,usa,tulsa,TUL,40,Oklahoma,8,3,3,2,0.3333333333333333,1.0,1.0,250.77666666666667,0.0,1.0,662.4525,217.0,0.375,40-49,1324.905,Not assigned
538788,F,False,False,usa,st. louis,STL,26,Missouri,8,2,2,2,0.5,1.0,1.0,399.04,0.5,1.5,798.08,540.4,0.25,20-29,1596.16,Not assigned
538944,F,True,False,usa,houston,HOU,51,Texas,8,5,5,4,0.2,1.0,0.8,386.922,0.25,3.0,1919.1275,2617.0,0.625,50-59,3838.255,Not assigned
538976,F,False,False,usa,phoenix,PHX,48,Arizona,8,5,3,5,0.0,1.0,0.6666666666666666,564.3366666666667,0.4,2.4,1693.0100000000002,2074.0,0.625,40-49,3386.0200000000004,Not assigned
539135,M,False,False,usa,indianapolis,IND,56,Gujarat,8,5,5,4,0.4,1.2,0.2,250.05,0.5,2.0,1405.2,1424.4,0.625,50-59,2810.4,Not assigned
539209,M,True,False,usa,houston,IAH,48,Texas,8,4,4,3,0.5,1.25,1.0,408.44,0.6666666666666666,2.333333333333333,1825.2405,1572.7,0.5,40-49,3650.481,Not assigned
539221,F,True,True,usa,new york,JFK,53,New York,8,6,3,6,0.1666666666666666,1.0,0.6666666666666666,442.92,0.3333333333333333,2.833333333333333,1328.76,10327.0,0.75,50-59,2657.52,Not assigned
539267,F,True,False,usa,philadelphia,PHL,41,Pennsylvania,8,2,2,2,0.0,2.0,0.5,265.355,0.0,1.0,587.75,351.0,0.25,40-49,1175.5,Not assigned
539283,F,True,False,usa,las vegas,LSV,52,Nevada,8,2,1,2,0.0,1.0,0.0,240.17,0.5,3.0,240.17,1338.0,0.25,50-59,480.34,Not assigned
539304,F,False,False,usa,san jose,SJC,17,California,8,2,0,2,0.5,,,,0.0,3.5,,2232.0,0.25,10-19,,Youngs
539307,F,False,True,usa,new york,LGA,37,New York,8,0,0,0,,,,,,,,,0.0,30-39,,Indecisive
539320,F,False,False,usa,birmingham,BHM,40,Alabama,9,5,3,5,0.2,1.0,0.3333333333333333,310.64,0.4,3.0,831.38,4100.0,0.5555555555555556,40-49,1662.76,Not assigned
539337,F,False,True,usa,los angeles,LAX,28,California,8,3,3,1,0.0,1.0,0.6666666666666666,340.81333333333333,1.0,3.0,1022.44,3015.0,0.375,20-29,2044.88,Not assigned
539338,F,False,False,usa,new york,LGA,37,New York,8,3,3,2,0.0,1.0,0.3333333333333333,492.54333333333335,0.0,2.5,1477.63,687.0,0.375,30-39,2955.26,Not assigned
539426,F,True,False,canada,toronto,YKZ,68,Ontario,9,3,2,3,0.0,1.0,0.5,320.19,0.6666666666666666,5.333333333333333,640.38,3062.0,0.3333333333333333,60-69,1280.76,Retired
539453,F,False,True,usa,philadelphia,PNE,18,Pennsylvania,8,1,0,1,1.0,,,,0.0,8.0,,1024.0,0.125,10-19,,Long Stayers
539460,M,False,False,canada,toronto,YTZ,48,Ontario,8,3,3,3,0.0,1.0,1.0,306.56,0.6666666666666666,1.0,919.68,358.0,0.375,40-49,1839.36,Not assigned
539542,F,False,False,usa,san antonio,SKF,81,Texas,8,2,1,1,0.0,1.0,0.0,2252.99,1.0,11.0,2252.99,6996.0,0.25,80-89,4505.98,Long Stayers
539625,F,True,False,usa,winston-salem,INT,46,North Carolina,8,2,2,2,0.0,1.0,0.5,330.63,0.0,1.5,661.26,442.0,0.25,40-49,1322.52,Not assigned
539627,F,False,False,usa,new york,JFK,50,New York,8,2,2,2,0.5,1.0,0.0,250.42,0.0,1.5,453.346,474.0,0.25,50-59,906.692,Not assigned
539648,F,False,False,usa,new york,LGA,43,New York,8,4,3,4,0.25,1.0,1.0,289.52333333333337,0.0,3.0,868.57,1880.0,0.5,40-49,1737.14,Not assigned
539710,F,False,False,usa,los angeles,LAX,51,California,8,4,4,4,0.25,1.0,0.25,398.6125,0.5,6.5,1594.4499999999998,22610.4,0.5,50-59,3188.8999999999996,Not assigned
539729,F,False,False,usa,new orleans,MSY,34,Louisiana,8,1,1,1,0.0,2.0,0.0,339.485,0.0,8.0,678.97,1520.0,0.125,30-39,1357.94,Long Stayers
539782,F,True,False,usa,phoenix,LUF,37,Arizona,9,1,1,0,0.0,1.0,1.0,93.97,,,93.97,,0.1111111111111111,30-39,187.94,Indecisive
539794,M,True,True,usa,new york,LGA,42,New York,8,4,4,4,0.25,1.0,0.5,397.145,0.5,3.75,1256.84,3235.0,0.5,40-49,2513.68,Not assigned
539855,F,False,False,usa,chicago,MDW,41,Illinois,8,2,2,2,0.0,1.0,0.5,383.48,0.5,3.0,766.96,831.0,0.25,40-49,1533.92,Not assigned
539864,F,False,False,usa,little rock,LIT,46,Arkansas,8,4,3,3,0.25,1.0,0.3333333333333333,267.97,0.0,5.0,756.588,4508.0,0.5,40-49,1513.176,Not assigned
539866,F,True,False,usa,chicago,MDW,23,Illinois,8,0,0,0,,,,,,,,,0.0,20-29,,Indecisive
539868,F,False,True,canada,victoria,YYJ,36,British Columbia,8,3,3,2,0.3333333333333333,1.0,0.3333333333333333,530.9566666666666,0.5,1.0,1592.87,780.0,0.375,30-39,3185.74,Not assigned
539883,F,False,False,usa,new york,JFK,46,New York,9,5,4,4,0.2,1.0,1.25,139.6,0.0,2.75,556.005,1873.0,0.5555555555555556,40-49,1112.01,Not assigned
539888,F,False,False,usa,philadelphia,PNE,24,Pennsylvania,8,1,0,1,0.0,,,,0.0,7.0,,1288.0,0.125,20-29,,Indecisive
539912,F,True,False,usa,fresno,FAT,55,California,9,5,5,4,0.2,1.2,0.4,468.63,0.0,4.25,2856.09,2160.0,0.5555555555555556,50-59,5712.18,High Spenders
539916,F,False,False,usa,jacksonville,LRF,38,Arkansas,8,3,2,2,0.6666666666666666,1.5,0.5,426.3575,0.5,9.5,1314.347,1848.0,0.375,30-39,2628.694,Long Stayers
539919,F,True,False,canada,vancouver,YVR,80,British Columbia,8,2,0,2,0.0,,,,0.0,6.0,,2262.0,0.25,80-89,,Retired
539953,M,True,True,usa,new york,LGA,35,New York,8,2,2,2,0.0,1.0,0.0,296.695,0.0,2.5,593.39,920.0,0.25,30-39,1186.78,Not assigned
540029,F,True,True,usa,columbus,LCK,63,Ohio,8,2,2,2,0.5,3.0,1.5,895.9883333333333,0.5,5.0,5246.348,2820.0,0.25,60-69,10492.696,High Spenders
540043,M,False,False,usa,austin,AUS,31,Texas,8,0,0,0,,,,,,,,,0.0,30-39,,Indecisive
540138,M,True,True,usa,miami,TNT,47,Florida,9,1,0,1,1.0,,,,1.0,6.0,,988.2,0.1111111111111111,40-49,,Indecisive
540147,M,False,True,usa,el paso,ELP,42,Texas,8,5,5,5,0.2,1.8,0.8,357.2685,0.4,1.4,2766.426,3682.4,0.625,40-49,5532.852,High Spenders
540180,F,True,False,usa,los angeles,LAX,52,California,8,5,5,4,0.6,1.0,0.6,521.948,0.0,5.5,2513.8885,4269.0,0.625,50-59,5027.777,High Spenders
540199,F,False,False,usa,shreveport,SHV,52,Louisiana,10,3,3,3,0.6666666666666666,1.3333333333333333,0.3333333333333333,426.68666666666667,1.0,2.333333333333333,1713.38,798.8,0.3,50-59,3426.76,Not assigned
540244,F,False,False,canada,montreal,YMX,37,Quebec,8,4,4,3,0.25,1.0,1.0,424.375,0.3333333333333333,2.0,1697.5,1027.6,0.5,30-39,3395.0,Not assigned
540302,F,True,False,usa,louisville,LOU,55,Kentucky,10,5,4,4,0.8,1.75,0.75,313.6825,0.5,2.75,1796.8715,2155.85,0.5,50-59,3593.743,Not assigned
540306,F,False,False,canada,toronto,YTZ,29,Ontario,8,3,3,3,0.3333333333333333,1.0,1.0,353.8,1.0,2.0,1061.4,961.5,0.375,20-29,2122.8,Not assigned
540319,F,True,True,usa,anchorage,MRI,51,Alaska,8,3,3,1,0.0,1.0,0.6666666666666666,996.8133333333334,0.0,1.0,2990.44,73.0,0.375,50-59,5980.88,High Spenders
540347,F,False,True,usa,san antonio,SKF,26,Texas,8,6,6,6,0.3333333333333333,1.0,0.3333333333333333,367.465,0.1666666666666666,1.6666666666666667,2204.79,2238.05,0.75,20-29,4409.58,Not assigned
540348,F,True,True,usa,philadelphia,PHL,37,Pennsylvania,8,2,2,2,1.0,1.0,0.5,472.44,0.5,2.5,865.4099999999999,359.0,0.25,30-39,1730.8199999999997,Discount buyer
540413,F,False,False,usa,nashville,BNA,30,Tennessee,8,2,2,2,0.0,1.0,0.0,345.855,0.0,2.0,691.71,402.0,0.25,30-39,1383.42,Not assigned
540455,F,False,False,usa,los angeles,LAX,33,California,8,2,2,2,0.5,1.0,1.0,400.12,0.5,4.0,800.24,1366.2,0.25,30-39,1600.48,Not assigned
540502,F,True,False,usa,denver,DEN,38,Colorado,8,4,3,4,0.0,1.0,0.3333333333333333,277.7966666666667,0.0,4.75,833.39,2377.0,0.5,30-39,1666.78,Not assigned
540527,F,False,False,usa,san diego,SAN,42,California,8,4,4,4,0.5,1.0,0.25,236.3625,0.0,2.0,925.295,1017.0,0.5,40-49,1850.59,Not assigned
540557,M,True,True,usa,detroit,DTW,52,Michigan,8,4,3,4,0.5,1.3333333333333333,0.6666666666666666,238.03666666666663,0.5,3.5,1022.432,1206.2,0.5,50-59,2044.864,Not assigned
540580,F,True,True,usa,san antonio,SAT,45,Texas,8,4,3,3,0.0,1.0,0.6666666666666666,288.19,0.3333333333333333,2.333333333333333,864.57,1410.0,0.5,40-49,1729.14,Not assigned
540605,F,False,False,usa,los angeles,LAX,22,California,8,1,1,1,1.0,1.0,0.0,624.83,0.0,7.0,562.3470000000001,977.55,0.125,20-29,1124.6940000000002,Indecisive
540614,F,False,False,usa,new york,JFK,31,New York,8,3,3,3,0.6666666666666666,1.3333333333333333,0.3333333333333333,639.0749999999999,0.0,2.0,2385.21,1245.2,0.375,30-39,4770.42,High Spenders
540622,F,False,False,usa,chicago,ORD,46,Illinois,8,3,3,3,0.3333333333333333,1.0,0.3333333333333333,284.51,0.0,5.333333333333333,847.9195,2750.0,0.375,40-49,1695.839,Not assigned
540652,F,True,True,usa,boston,BOS,55,Massachusetts,8,0,0,0,,,,,,,,,0.0,50-59,,Indecisive
540653,F,True,True,canada,london,YXU,40,Ontario,8,1,0,1,1.0,,,,1.0,5.0,,1385.0,0.125,40-49,,Indecisive
540654,F,False,True,usa,san antonio,SKF,49,Texas,8,4,4,4,0.0,1.5,0.5,322.98833333333334,0.5,2.75,1884.82,2440.0,0.5,40-49,3769.64,Not assigned
540656,F,True,False,canada,calgary,YYC,39,Alberta,9,6,5,6,0.1666666666666666,1.4,0.4,483.201,0.1666666666666666,3.333333333333333,3450.85,4344.6,0.6666666666666666,30-39,6901.7,High Spenders
540664,F,True,True,canada,windsor,YQG,33,Ontario,8,2,2,1,0.0,1.0,0.5,401.26,0.0,3.0,802.52,705.0,0.25,30-39,1605.04,Not assigned
540718,F,True,False,usa,los angeles,LAX,40,California,8,3,2,2,0.0,1.0,0.5,455.81,0.0,8.0,911.62,2408.0,0.375,40-49,1823.24,Long Stayers
540777,F,True,False,usa,new york,LGA,66,New York,10,1,0,1,1.0,,,,0.0,28.0,,2822.4,0.1,60-69,,Long Stayers
540837,F,True,True,canada,toronto,YZD,49,,8,1,1,1,0.0,1.0,0.0,265.08,0.0,1.0,265.08,106.0,0.125,40-49,530.16,Indecisive
540857,F,True,False,usa,lubbock,LBB,36,Texas,8,0,0,0,,,,,,,,,0.0,30-39,,Indecisive
540863,F,True,True,usa,los angeles,LAX,46,California,9,2,1,1,0.0,6.0,5.0,104.18333333333334,0.0,8.0,625.1,1880.0,0.2222222222222222,40-49,1250.2,Long Stayers
540924,F,False,False,canada,ottawa,YOW,47,Ontario,8,3,0,3,0.6666666666666666,,,,0.3333333333333333,9.333333333333334,,4157.0,0.375,40-49,,Long Stayers
541001,F,False,True,canada,victoria,YYJ,40,British Columbia,8,2,2,1,0.0,1.0,0.5,638.6949999999999,0.0,2.0,1277.39,282.0,0.25,40-49,2554.78,Not assigned
541034,F,False,False,usa,san antonio,SAT,17,Texas,8,1,0,1,1.0,,,,0.0,5.0,,1021.5,0.125,10-19,,Indecisive
541040,F,False,False,usa,los angeles,LAX,27,California,9,2,1,2,0.5,1.0,1.0,734.91,0.5,4.0,734.91,1133.0,0.2222222222222222,20-29,1469.82,Not assigned
541041,F,False,False,canada,montreal,YMX,18,Quebec,9,1,1,1,0.0,1.0,0.0,124.73,0.0,5.0,124.73,1650.0,0.1111111111111111,10-19,249.46,Indecisive
541061,F,False,True,usa,milwaukee,MKE,38,Wisconsin,8,2,1,1,1.0,1.0,1.0,187.73,0.0,2.0,178.34349999999998,1544.0,0.25,30-39,356.68699999999995,Discount buyer
541084,F,False,False,usa,memphis,MEM,51,Tennessee,9,5,2,5,0.4,1.0,0.5,201.68,0.2,5.8,403.36,5399.4,0.5555555555555556,50-59,806.72,Not assigned
541150,F,False,False,usa,akron,AKR,33,Ondo,9,3,2,3,0.0,1.0,1.0,338.195,0.0,5.666666666666667,676.39,2731.0,0.3333333333333333,30-39,1352.78,Not assigned
541162,M,False,True,usa,houston,IAH,43,Texas,9,4,4,3,0.0,1.0,0.5,275.05,0.3333333333333333,1.3333333333333333,1100.2,843.0,0.4444444444444444,40-49,2200.4,Not assigned
541168,F,True,False,usa,los angeles,LAX,38,California,8,6,5,4,0.1666666666666666,1.0,0.6,390.186,0.0,3.25,1756.0259999999998,2033.0,0.75,30-39,3512.0519999999997,Not assigned
541176,F,False,True,usa,new york,LGA,39,New York,8,3,3,3,0.6666666666666666,1.0,0.6666666666666666,259.17,0.6666666666666666,2.0,768.302,1107.3,0.375,30-39,1536.604,Not assigned
541216,F,False,False,usa,charlotte,CLT,25,North Carolina,9,1,1,1,1.0,1.0,0.0,596.5,1.0,2.0,507.025,258.0,0.1111111111111111,20-29,1014.05,Indecisive
541235,F,True,False,usa,san diego,SAN,48,California,8,5,5,5,0.4,1.6,0.4,579.356,0.6,2.6,5023.63,1735.9,0.625,40-49,10047.26,High Spenders
541240,F,True,False,usa,lincoln,LNK,26,Nebraska,8,2,1,2,0.5,1.0,0.0,341.2,0.5,2.5,341.2,588.8,0.25,20-29,682.4,Not assigned
541259,F,False,False,canada,edmonton,YXD,44,,8,5,4,3,0.2,1.25,0.25,398.1325,0.0,3.6666666666666665,1825.29,2568.8,0.625,40-49,3650.58,Not assigned
541262,F,True,True,canada,calgary,YYC,37,Alberta,9,3,3,3,0.3333333333333333,1.0,1.0,376.8133333333333,0.0,1.6666666666666667,1063.7925,912.4,0.3333333333333333,30-39,2127.585,Not assigned
541289,F,True,False,usa,orlando,ORL,44,Florida,8,4,4,4,0.5,1.25,0.5,362.70125,0.5,5.75,1656.564,2704.8,0.5,40-49,3313.128,Not assigned
541326,F,True,False,canada,london,YXU,44,Ontario,9,2,2,1,0.5,1.0,0.0,303.01,0.0,7.0,554.804,413.0,0.2222222222222222,40-49,1109.608,Not assigned
541382,F,True,True,usa,new york,JFK,39,New York,10,5,5,5,0.2,1.0,0.4,315.13,0.0,2.6,1575.65,1468.6,0.5,30-39,3151.3,Not assigned
541389,F,False,False,usa,detroit,YIP,28,Michigan,9,5,5,3,0.0,1.0,0.8,421.004,0.3333333333333333,3.6666666666666665,2105.02,1068.0,0.5555555555555556,20-29,4210.04,Not assigned
541454,F,False,True,usa,boston,BOS,55,Massachusetts,8,5,5,5,0.2,1.2,1.2,456.187,0.2,3.6,2420.469,3320.0,0.625,50-59,4840.938,High Spenders
541505,F,False,False,usa,los angeles,LAX,42,California,8,3,3,3,0.3333333333333333,1.0,0.6666666666666666,292.00333333333333,0.3333333333333333,2.333333333333333,849.091,997.0,0.375,40-49,1698.182,Not assigned
541540,M,True,True,usa,san diego,NZY,51,California,8,4,4,3,0.25,1.5,0.75,210.95666666666665,0.3333333333333333,5.0,1164.219,2961.0,0.5,50-59,2328.438,Not assigned
541649,F,False,False,usa,houston,HOU,37,Texas,8,6,6,6,0.5,1.3333333333333333,0.3333333333333333,346.8672222222222,0.0,1.3333333333333333,2810.7345,2182.6,0.75,30-39,5621.469,High Spenders
541672,F,True,False,usa,austin,AUS,43,Texas,9,4,4,4,0.0,1.25,0.5,460.5925,0.25,2.5,2287.48,2035.0,0.4444444444444444,40-49,4574.96,High Spenders
541699,F,True,False,usa,modesto,MOD,46,California,10,6,5,3,0.3333333333333333,1.4,0.0,450.2893333333333,0.0,7.333333333333333,3331.9,10211.3,0.6,40-49,6663.8,Long Stayers
541734,F,False,False,usa,los angeles,LAX,38,California,8,3,3,3,0.6666666666666666,1.0,1.0,583.9266666666666,0.3333333333333333,2.0,1751.78,822.8,0.375,30-39,3503.56,Not assigned
541752,F,False,False,usa,charlotte,CLT,38,North Carolina,8,4,4,4,0.0,1.0,0.5,130.3475,0.5,6.0,521.39,2275.0,0.5,30-39,1042.78,Not assigned
541764,F,True,False,usa,baton rouge,BTR,46,Louisiana,8,3,2,3,0.3333333333333333,1.5,0.5,231.53,0.0,4.666666666666667,527.374,1743.0,0.375,40-49,1054.748,Not assigned
541878,F,True,False,usa,milwaukee,MKE,26,Wisconsin,8,2,1,2,0.0,1.0,1.0,214.92,0.5,4.5,214.92,3099.0,0.25,20-29,429.84,Not assigned
541921,F,False,False,usa,san antonio,SAT,54,Texas,8,2,1,2,0.0,3.0,0.0,479.11,0.5,2.0,1437.33,1254.0,0.25,50-59,2874.66,Not assigned
541923,F,False,False,usa,oakland,OAK,47,California,8,3,2,3,0.6666666666666666,1.0,0.0,407.945,0.0,6.0,780.1825,3580.8,0.375,40-49,1560.365,Not assigned
541980,F,True,False,usa,jacksonville,NIP,63,Florida,8,1,1,1,1.0,1.0,0.0,258.87,0.0,3.0,258.87,763.8,0.125,60-69,517.74,Indecisive
541988,F,False,False,usa,newport news,PHF,17,Virginia,9,0,0,0,,,,,,,,,0.0,10-19,,Indecisive
541998,F,False,False,canada,ottawa,YOW,41,Ontario,8,3,3,3,0.0,1.0,0.6666666666666666,88.51333333333334,0.0,3.0,265.54,1004.0,0.375,40-49,531.08,Not assigned
541999,F,True,False,usa,denver,DEN,72,Colorado,9,2,0,2,0.5,,,,0.0,16.5,,5241.0,0.2222222222222222,70-79,,Long Stayers
542012,F,False,False,usa,nashville,BNA,45,Tennessee,8,3,3,3,0.3333333333333333,1.0,1.0,336.65000000000003,0.6666666666666666,2.333333333333333,995.2195,1655.0,0.375,40-49,1990.439,Not assigned
542059,F,True,False,canada,calgary,YYC,50,Alberta,8,3,3,2,0.3333333333333333,1.0,0.3333333333333333,538.5666666666667,0.0,1.5,1475.582,195.0,0.375,50-59,2951.164,Not assigned
542065,M,True,False,canada,toronto,YZD,47,,8,1,1,1,1.0,1.0,0.0,647.66,0.0,3.0,582.894,723.6,0.125,40-49,1165.788,Indecisive
542080,F,False,False,usa,lubbock,LBB,56,Texas,8,3,3,3,0.6666666666666666,1.0,0.3333333333333333,298.8,0.0,4.666666666666667,882.1980000000001,2367.4,0.375,50-59,1764.3960000000002,Not assigned
542142,M,True,True,usa,long beach,LGB,43,California,9,5,4,4,0.2,1.5,1.0,826.475,0.25,6.75,7429.365,9519.0,0.5555555555555556,40-49,14858.73,High Spenders
542194,F,True,True,usa,el paso,ELP,36,Texas,8,3,3,1,0.0,1.6666666666666667,0.3333333333333333,261.52333333333337,0.0,2.0,1294.83,210.0,0.375,30-39,2589.66,Family travelers
542196,F,True,False,usa,burlington,BTV,58,Vermont,8,2,1,1,0.5,1.0,1.0,51.18,1.0,12.0,46.062,1536.0,0.25,50-59,92.124,Long Stayers
542208,F,True,True,usa,san diego,SAN,38,California,8,5,5,5,0.2,1.2,0.4,513.3979999999999,0.0,4.0,2799.341,2864.0,0.625,30-39,5598.682,High Spenders
542254,F,True,False,usa,montgomery,MXF,43,Alabama,8,2,2,2,0.0,1.0,1.0,498.61,0.5,3.5,997.22,841.0,0.25,40-49,1994.44,Not assigned
542270,F,False,False,usa,tulsa,TUL,42,Oklahoma,9,3,2,3,0.3333333333333333,2.0,0.5,301.30333333333334,0.3333333333333333,2.6666666666666665,899.633,2058.0,0.3333333333333333,40-49,1799.266,Not assigned
542282,F,False,False,usa,san jose,SJC,47,California,8,4,4,4,0.5,1.25,0.5,330.5325,0.25,1.0,1444.94,1033.6,0.5,40-49,2889.88,Not assigned
542316,F,False,False,usa,phoenix,LUF,22,Arizona,8,2,0,2,0.0,,,,0.0,13.0,,1662.0,0.25,20-29,,Long Stayers
542326,F,True,True,canada,quebec,YQB,36,Quebec,8,3,3,3,0.0,1.0,0.0,301.70666666666665,0.3333333333333333,1.6666666666666667,905.12,962.0,0.375,30-39,1810.24,Not assigned
542334,F,True,True,canada,gatineau,YND,54,Quebec,8,2,1,2,0.5,1.0,1.0,644.53,0.5,4.5,644.53,8543.0,0.25,50-59,1289.06,Not assigned
542358,M,True,False,usa,columbus,CMH,37,Ohio,8,3,2,3,0.0,1.0,0.0,369.395,0.3333333333333333,6.333333333333333,738.79,4335.0,0.375,30-39,1477.58,Not assigned
542451,F,True,False,usa,new york,LGA,35,New York,9,2,2,2,0.0,1.0,1.0,525.34,0.0,1.0,1050.68,380.0,0.2222222222222222,30-39,2101.36,Not assigned
542471,F,True,True,usa,san francisco,SFO,40,California,8,4,4,3,0.5,1.0,0.5,495.535,0.6666666666666666,5.666666666666667,1982.14,3440.9500000000003,0.5,40-49,3964.28,Not assigned
542482,F,True,False,usa,san diego,SAN,56,California,8,1,1,0,1.0,1.0,1.0,333.46,,,333.46,,0.125,50-59,666.92,Indecisive
542638,F,True,True,usa,chicago,ORD,18,Illinois,8,0,0,0,,,,,,,,,0.0,10-19,,Indecisive
542657,M,True,False,usa,new york,LGA,41,New York,8,4,4,3,0.75,1.75,0.5,420.305,0.3333333333333333,1.0,2612.415,417.0,0.5,40-49,5224.83,High Spenders
542663,F,False,True,usa,las vegas,LAS,31,Nevada,8,5,5,5,0.2,1.0,0.4,458.362,0.0,2.4,2291.81,2240.6,0.625,30-39,4583.62,High Spenders
542752,F,True,False,usa,san diego,NZY,42,California,9,3,3,3,0.3333333333333333,1.3333333333333333,0.6666666666666666,343.5683333333333,0.3333333333333333,1.6666666666666667,1482.1405,959.0,0.3333333333333333,40-49,2964.281,Not assigned
542760,F,False,False,usa,los angeles,LAX,37,California,8,5,4,5,0.0,1.25,0.0,271.83750000000003,0.0,3.6,1159.12,8010.0,0.625,30-39,2318.24,Not assigned
542795,F,True,True,canada,gatineau,YND,48,Quebec,8,4,4,4,0.25,1.0,0.25,158.21,0.0,2.0,626.384,1037.0,0.5,40-49,1252.768,Not assigned
542805,F,False,False,usa,new york,JFK,32,New York,8,4,4,4,0.25,1.0,1.0,376.39,0.0,2.75,1457.848,1846.0,0.5,30-39,2915.696,Not assigned
542812,F,False,False,usa,new york,JFK,24,New York,9,1,0,1,1.0,,,,0.0,8.0,,908.8,0.1111111111111111,20-29,,Long Stayers
542815,F,False,False,usa,riverside,RIV,16,California,8,0,0,0,,,,,,,,,0.0,10-19,,Indecisive
542843,F,True,True,usa,mobile,BFM,54,Alabama,8,2,2,2,0.0,2.0,1.5,302.185,0.5,5.0,1194.03,5118.0,0.25,50-59,2388.06,Family travelers
542874,F,True,False,usa,milwaukee,MKE,83,Wisconsin,8,0,0,0,,,,,,,,,0.0,80-89,,Indecisive
542914,F,False,False,usa,seattle,BFI,37,Washington,8,3,2,2,0.0,1.0,0.5,668.39,0.0,11.0,1336.78,4224.0,0.375,30-39,2673.56,Long Stayers
542918,F,True,True,canada,toronto,YYZ,35,Ontario,8,4,4,3,0.25,2.0,1.5,648.8855,0.3333333333333333,4.0,10814.256,1916.0,0.5,30-39,21628.512,High Spenders
542965,F,False,False,canada,quebec,YQB,23,Quebec,9,1,0,1,0.0,,,,0.0,3.0,,330.0,0.1111111111111111,20-29,,Indecisive
542976,F,True,True,usa,san diego,NZY,43,California,8,3,2,3,0.6666666666666666,1.0,1.0,546.69,0.3333333333333333,3.333333333333333,1093.38,1328.1999999999998,0.375,40-49,2186.76,Not assigned
543038,F,False,False,usa,memphis,MEM,47,Tennessee,8,3,3,3,0.0,1.0,0.0,293.75333333333333,1.0,2.0,881.26,652.0,0.375,40-49,1762.52,Not assigned
543222,F,True,False,usa,bakersfield,BFL,38,California,8,2,2,1,0.0,1.5,1.0,337.56,0.0,5.0,1097.75,260.0,0.25,30-39,2195.5,Not assigned
543237,F,True,False,usa,denver,DEN,63,Colorado,8,3,3,2,0.3333333333333333,1.3333333333333333,1.0,314.58666666666664,0.0,5.0,1052.126,1590.0,0.375,60-69,2104.252,Retired
543273,F,True,True,usa,omaha,OFF,45,Nebraska,9,5,3,5,0.0,1.0,0.3333333333333333,251.68,0.0,8.6,755.04,20292.0,0.5555555555555556,40-49,1510.08,Long Stayers
543306,F,False,True,usa,houston,IAH,37,Texas,8,3,2,2,0.3333333333333333,1.0,1.0,350.34000000000003,0.0,4.0,700.6800000000001,1273.2,0.375,30-39,1401.3600000000001,Not assigned
543352,F,False,False,usa,wichita,ICT,44,Kansas,8,4,3,3,0.25,1.0,0.6666666666666666,220.32666666666668,1.0,2.0,610.84,2521.0,0.5,40-49,1221.68,Not assigned
543497,F,True,False,canada,montreal,YMX,50,Quebec,8,5,5,4,0.4,1.4,0.4,283.931,0.25,2.25,2175.126,1618.0,0.625,50-59,4350.252,Not assigned
543620,F,False,False,usa,modesto,MOD,36,California,8,0,0,0,,,,,,,,,0.0,30-39,,Indecisive
543660,F,False,False,canada,toronto,YZD,19,,8,2,1,1,1.0,2.0,1.0,372.15,0.0,13.0,744.3,3757.0,0.25,10-19,1488.6,Long Stayers
543666,F,True,False,usa,houston,IAH,36,Texas,8,4,4,4,0.0,1.25,0.0,335.11875,0.25,1.75,1550.18,1799.0,0.5,30-39,3100.36,Not assigned
543668,F,False,False,canada,hamilton,YHM,33,Ontario,9,5,5,5,0.4,1.2,0.4,337.098,0.6,2.4,2282.74,1598.6,0.5555555555555556,30-39,4565.48,High Spenders
543694,F,True,False,usa,houston,EFD,58,Texas,8,1,1,1,0.0,1.0,0.0,417.86,0.0,1.0,417.86,120.0,0.125,50-59,835.72,Indecisive
543696,F,False,False,canada,toronto,YYZ,17,Ontario,8,0,0,0,,,,,,,,,0.0,10-19,,Indecisive
543713,M,False,True,usa,omaha,OFF,34,Nebraska,8,3,2,3,0.3333333333333333,1.0,0.0,297.17,0.3333333333333333,6.333333333333333,583.088,3847.0,0.375,30-39,1166.176,Not assigned
543723,F,False,False,usa,new york,LGA,57,New York,8,0,0,0,,,,,,,,,0.0,50-59,,Indecisive
543728,F,False,False,usa,seattle,SEA,42,Washington,8,5,5,5,0.2,1.0,0.4,550.12,0.2,3.2,2715.8345,1938.0,0.625,40-49,5431.669,High Spenders
543816,F,False,False,usa,portland,PWM,23,Maine,8,0,0,0,,,,,,,,,0.0,20-29,,Indecisive
543817,F,False,False,usa,san antonio,RND,17,Texas,8,1,1,1,0.0,1.0,0.0,510.3,0.0,1.0,510.3,112.0,0.125,10-19,1020.6,Indecisive
543826,F,False,False,canada,gatineau,YND,38,Quebec,8,3,2,3,0.6666666666666666,1.0,0.5,193.14,0.0,4.333333333333333,349.112,1659.0,0.375,30-39,698.224,Not assigned
543900,F,False,False,usa,colorado springs,COS,38,Colorado,8,2,2,2,0.5,1.0,0.5,450.725,0.0,5.5,901.45,2878.2,0.25,30-39,1802.9,Not assigned
543927,F,False,False,usa,new orleans,MSY,36,Louisiana,8,3,3,3,0.3333333333333333,1.3333333333333333,0.3333333333333333,351.57666666666665,0.6666666666666666,3.0,1408.41,1264.0,0.375,30-39,2816.82,Not assigned
543937,F,False,False,usa,san francisco,SFO,44,California,8,3,2,3,0.0,1.0,1.0,745.485,0.3333333333333333,3.0,1490.97,2299.0,0.375,40-49,2981.94,Not assigned
544002,F,False,True,usa,denver,DEN,43,Colorado,8,3,3,3,0.0,1.0,0.6666666666666666,348.92,0.3333333333333333,1.3333333333333333,1046.76,597.0,0.375,40-49,2093.52,Not assigned
544015,F,False,False,usa,tampa,MCF,34,Florida,8,1,1,1,0.0,1.0,1.0,586.17,1.0,3.0,586.17,285.0,0.125,30-39,1172.34,Indecisive
544163,F,True,True,usa,new york,LGA,45,New York,8,4,2,4,0.5,1.5,1.0,643.0275,0.25,4.5,1882.78,6195.0,0.5,40-49,3765.56,Not assigned
544207,F,True,False,usa,new york,JFK,53,New York,8,4,3,4,0.0,1.0,1.0,376.5033333333333,0.75,3.0,1129.51,1693.0,0.5,50-59,2259.02,Not assigned
544254,F,True,False,usa,phoenix,PHX,48,Arizona,8,4,4,3,0.25,2.0,0.25,489.94208333333336,0.3333333333333333,3.0,3486.058,2810.0,0.5,40-49,6972.116,High Spenders
544271,F,True,True,usa,knoxville,TYS,56,Tennessee,9,1,1,1,0.0,1.0,1.0,542.21,0.0,1.0,542.21,129.0,0.1111111111111111,50-59,1084.42,Indecisive
544367,F,False,False,usa,new orleans,NBG,46,Louisiana,8,3,3,2,0.0,1.3333333333333333,0.6666666666666666,282.695,0.5,2.5,1143.81,692.0,0.375,40-49,2287.62,Not assigned
544406,F,True,False,usa,bakersfield,BFL,45,California,9,3,3,2,0.3333333333333333,1.0,0.6666666666666666,392.42,0.5,3.0,1080.867,1638.0,0.3333333333333333,40-49,2161.734,Not assigned
544425,F,True,True,usa,winston-salem,INT,33,North Carolina,8,0,0,0,,,,,,,,,0.0,30-39,,Indecisive
544472,F,False,False,usa,oakland,OAK,17,California,8,0,0,0,,,,,,,,,0.0,10-19,,Indecisive
544480,F,True,False,usa,oklahoma city,TIK,27,Oklahoma,9,3,3,3,0.6666666666666666,1.0,0.6666666666666666,340.55,0.3333333333333333,2.0,975.684,583.75,0.3333333333333333,20-29,1951.368,Not assigned
544495,F,True,False,usa,new york,LGA,63,New York,8,2,1,2,0.0,2.0,0.0,712.49,0.5,2.0,1424.98,1238.0,0.25,60-69,2849.96,Retired
544497,F,False,False,usa,columbus,LCK,16,Ohio,8,1,0,1,0.0,,,,0.0,4.0,,1328.0,0.125,10-19,,Indecisive
544507,M,False,False,usa,orlando,ORL,20,Florida,8,0,0,0,,,,,,,,,0.0,20-29,,Indecisive
544513,F,True,False,usa,new york,LGA,54,New York,8,4,4,3,0.75,1.0,1.0,367.17,0.0,2.333333333333333,1433.385,961.2,0.5,50-59,2866.77,Not assigned
544536,F,False,False,usa,chicago,ORD,36,Illinois,8,1,0,1,0.0,,,,0.0,6.0,,882.0,0.125,30-39,,Indecisive
544549,F,False,False,usa,houston,HOU,39,Texas,8,4,4,4,0.25,1.0,1.0,346.6625,0.0,2.25,1346.939,2610.0,0.5,30-39,2693.878,Not assigned
544595,F,False,False,usa,sacramento,MHR,35,California,8,4,4,4,0.5,1.0,0.25,421.1925,0.25,1.5,1570.327,1929.45,0.5,30-39,3140.654,Not assigned
544604,M,False,False,usa,lubbock,LBB,51,Texas,8,2,2,1,0.5,1.5,0.5,81.58500000000001,0.0,3.0,221.713,462.0,0.25,50-59,443.426,Not assigned
544640,M,False,False,usa,san antonio,RND,45,Texas,8,5,5,4,0.2,1.0,0.8,290.134,0.25,5.0,1450.67,3411.0,0.625,40-49,2901.34,Not assigned
544680,F,False,False,usa,dallas,DAL,43,Texas,8,4,4,4,0.0,1.25,0.5,428.04875,0.25,4.0,2057.16,5156.0,0.5,40-49,4114.32,Not assigned
544683,F,True,False,usa,new york,JFK,46,New York,8,4,4,4,0.0,1.0,0.5,372.575,0.25,4.0,1490.3,1540.0,0.5,40-49,2980.6,Not assigned
544818,F,False,False,usa,anchorage,ANC,29,Alaska,8,2,2,2,0.5,1.0,1.0,926.23,0.0,1.0,1521.1080000000002,269.0,0.25,20-29,3042.2160000000003,Not assigned
544839,F,False,False,usa,houston,IAH,44,Texas,8,3,3,2,0.3333333333333333,1.0,0.3333333333333333,332.12333333333333,0.5,1.5,996.37,283.0,0.375,40-49,1992.74,Not assigned
544926,F,False,True,usa,colorado springs,COS,38,Colorado,9,3,3,3,0.6666666666666666,1.0,0.0,316.6566666666667,0.6666666666666666,1.3333333333333333,949.97,1015.5,0.3333333333333333,30-39,1899.94,Not assigned
545010,F,False,False,usa,omaha,OFF,56,Nebraska,9,3,3,2,0.0,1.6666666666666667,0.3333333333333333,245.07666666666668,0.0,1.5,1281.92,688.0,0.3333333333333333,50-59,2563.84,Not assigned
545012,F,True,True,usa,oakland,OAK,36,California,8,3,2,3,0.0,2.0,0.5,478.3566666666667,0.0,5.666666666666667,2026.88,2432.0,0.375,30-39,4053.76,Family travelers
545070,F,False,True,canada,toronto,YZD,33,,9,3,1,3,0.0,1.0,0.0,543.08,0.6666666666666666,6.666666666666667,543.08,3562.0,0.3333333333333333,30-39,1086.16,Not assigned
545089,F,False,False,usa,louisville,LOU,17,Kentucky,8,0,0,0,,,,,,,,,0.0,10-19,,Indecisive
545109,F,False,False,usa,chicago,ORD,32,Illinois,8,2,2,2,0.0,1.0,0.0,352.99,0.5,5.0,705.98,1062.0,0.25,30-39,1411.96,Not assigned
545115,F,True,False,usa,new orleans,NBG,43,Louisiana,8,1,1,1,0.0,1.0,1.0,651.6,0.0,2.0,651.6,762.0,0.125,40-49,1303.2,Indecisive
545226,F,True,False,usa,new york,LGA,55,New York,8,3,2,3,0.0,1.0,0.5,200.46,0.6666666666666666,8.666666666666666,400.92,1935.0,0.375,50-59,801.84,Long Stayers
545247,M,False,True,usa,santa ana,SNA,19,California,8,1,0,1,0.0,,,,0.0,6.0,,4908.0,0.125,10-19,,Indecisive
545249,F,True,True,canada,ottawa,YOW,51,Ontario,8,5,4,4,0.4,1.0,0.5,364.6175,0.25,3.75,1458.47,2667.7,0.625,50-59,2916.94,Not assigned
545281,F,False,False,usa,los angeles,LAX,16,California,9,0,0,0,,,,,,,,,0.0,10-19,,Indecisive
545300,F,False,True,usa,detroit,DTW,33,Michigan,8,5,5,5,0.2,1.2,0.4,154.919,0.6,3.6,874.583,3742.9,0.625,30-39,1749.166,Not assigned
545344,F,False,True,usa,houston,EFD,22,Texas,9,1,0,1,0.0,,,,0.0,3.0,,930.0,0.1111111111111111,20-29,,Indecisive
545375,F,False,True,usa,detroit,DET,33,Michigan,8,2,1,2,0.5,2.0,2.0,75.525,0.5,3.5,151.05,736.0,0.25,30-39,302.1,Family travelers
545399,F,False,False,usa,little rock,LIT,52,Arkansas,9,1,1,1,0.0,1.0,1.0,215.58,0.0,7.0,215.58,1386.0,0.1111111111111111,50-59,431.16,Indecisive
545446,F,True,True,usa,los angeles,LAX,55,California,8,3,2,2,0.0,2.0,0.0,515.9,0.0,9.0,1769.94,1910.0,0.375,50-59,3539.88,Long Stayers
545510,F,True,False,usa,lubbock,LBB,44,Texas,8,3,2,2,0.6666666666666666,1.5,0.0,298.31,1.0,5.5,925.29,2134.8,0.375,40-49,1850.58,Not assigned
545629,F,False,False,usa,st. petersburg,PIE,48,Florida,9,5,5,5,0.0,1.0,0.6,425.29,0.2,1.2,2126.45,1264.0,0.5555555555555556,40-49,4252.9,Not assigned
545633,M,False,False,usa,columbus,LCK,35,Ohio,8,3,3,3,1.0,1.0,0.3333333333333333,396.69,0.0,3.0,1100.019,691.8,0.375,30-39,2200.038,Discount buyer
545634,F,False,False,usa,providence,PVD,44,Rhode Island,8,3,3,3,0.3333333333333333,1.3333333333333333,0.0,347.64166666666665,0.3333333333333333,4.333333333333333,1084.581,2106.0,0.375,40-49,2169.162,Not assigned
545745,F,True,False,usa,jacksonville,NCA,39,Turks and Caicos Islands,8,2,2,1,0.0,1.0,0.5,586.505,0.0,1.0,1173.01,145.0,0.25,30-39,2346.02,Not assigned
545748,F,True,True,canada,victoria,YYJ,50,British Columbia,8,2,2,1,0.0,1.0,1.0,504.99,1.0,5.0,1009.98,1205.0,0.25,50-59,2019.96,Not assigned
545755,F,False,False,canada,montreal,YHU,38,Quebec,8,5,4,4,0.4,1.0,0.25,315.8775,0.25,12.25,1214.08,7268.2,0.625,30-39,2428.16,Long Stayers
545758,M,True,False,canada,edmonton,YED,30,,8,2,2,2,0.5,1.0,0.5,486.42,0.5,3.0,901.0155,952.0,0.25,30-39,1802.031,Not assigned
545763,F,True,False,usa,philadelphia,PNE,74,Pennsylvania,8,1,0,1,1.0,,,,0.0,12.0,,1490.4,0.125,70-79,,Long Stayers
545879,F,False,False,usa,new york,LGA,25,New York,8,2,2,2,0.0,1.0,0.0,420.6,0.0,1.5,841.2,645.0,0.25,20-29,1682.4,Not assigned
545936,F,False,False,usa,new york,LGA,42,New York,8,3,2,3,0.3333333333333333,1.0,0.0,757.085,0.3333333333333333,3.6666666666666665,1396.495,1583.9,0.375,40-49,2792.99,Not assigned
545981,F,False,False,canada,windsor,YQG,36,Ontario,8,5,3,5,0.4,1.3333333333333333,0.3333333333333333,128.04166666666666,0.4,5.4,486.517,4956.0,0.625,30-39,973.034,Not assigned
546008,F,False,False,usa,colorado springs,COS,30,Colorado,8,4,4,4,0.25,1.25,0.25,230.6675,0.25,3.25,935.9975,3934.6,0.5,30-39,1871.995,Not assigned
546061,F,False,True,usa,new york,JFK,46,New York,8,4,4,3,0.5,1.0,0.0,547.6325,0.0,1.6666666666666667,2025.369,676.4,0.5,40-49,4050.738,Not assigned
546072,F,False,False,usa,washington,IAD,49,Virginia,8,4,3,4,0.25,1.3333333333333333,0.6666666666666666,341.27,0.0,3.5,1288.74,2905.0,0.5,40-49,2577.48,Not assigned
546127,F,True,False,usa,new york,LGA,54,New York,9,4,4,4,0.0,1.0,0.25,390.7675,0.25,4.25,1563.07,1624.0,0.4444444444444444,50-59,3126.14,Not assigned
546130,F,True,True,usa,bakersfield,BFL,49,California,9,2,2,1,0.0,1.0,1.0,658.0,1.0,6.0,1316.0,822.0,0.2222222222222222,40-49,2632.0,Not assigned
546131,F,False,False,usa,new york,JFK,56,New York,8,3,2,3,0.6666666666666666,2.0,1.0,544.4583333333333,0.3333333333333333,6.333333333333333,2457.82,4823.5,0.375,50-59,4915.64,High Spenders
546161,F,False,False,canada,saskatoon,YXE,55,Saskatchewan,8,3,3,3,0.3333333333333333,1.0,0.0,411.78,0.0,6.333333333333333,1188.442,3514.0,0.375,50-59,2376.884,Not assigned
546190,F,True,True,usa,tucson,DMA,49,Arizona,9,3,3,3,0.0,1.0,0.6666666666666666,300.94,0.3333333333333333,3.0,902.82,3203.0,0.3333333333333333,40-49,1805.64,Not assigned
546256,F,True,True,usa,charlotte,CLT,52,North Carolina,8,5,3,5,0.2,1.3333333333333333,0.0,271.66166666666663,0.4,5.4,1029.3774999999998,8309.0,0.625,50-59,2058.7549999999997,Not assigned
546282,F,False,False,canada,ottawa,YOW,44,Ontario,10,2,2,2,0.0,1.0,0.0,523.525,1.0,3.0,1047.05,828.0,0.2,40-49,2094.1,Not assigned
546334,F,True,False,usa,las vegas,LAS,34,Nevada,8,1,1,1,0.0,1.0,0.0,75.09,0.0,1.0,75.09,138.0,0.125,30-39,150.18,Indecisive
546395,F,True,True,usa,houston,HOU,43,Texas,8,3,3,3,0.3333333333333333,1.0,0.6666666666666666,368.4766666666667,0.0,1.6666666666666667,1048.2800000000002,617.0,0.375,40-49,2096.5600000000004,Not assigned
546437,F,False,False,usa,jacksonville,JAX,50,Florida,8,5,5,5,0.2,1.0,0.4,278.002,0.2,2.0,1390.01,2974.4,0.625,50-59,2780.02,Not assigned
546485,M,True,True,canada,winnipeg,YWG,43,Manitoba,8,4,4,4,0.0,1.0,1.0,340.865,0.25,2.5,1363.46,1624.0,0.5,40-49,2726.92,Not assigned
546509,F,False,False,usa,detroit,YIP,48,Michigan,8,3,3,3,0.6666666666666666,1.0,0.3333333333333333,345.00666666666666,0.6666666666666666,2.0,1002.836,853.6,0.375,40-49,2005.672,Not assigned
546587,F,True,False,usa,new york,LGA,40,New York,8,4,4,1,0.5,1.5,0.5,482.375,1.0,4.0,2617.58,288.0,0.5,40-49,5235.16,High Spenders
546612,F,False,True,usa,san antonio,SAT,25,Texas,8,1,1,1,0.0,1.0,0.0,454.8,0.0,1.0,454.8,560.0,0.125,20-29,909.6,Indecisive
546671,F,True,False,usa,stockton,SCK,39,California,8,1,1,1,0.0,1.0,0.0,468.48,0.0,3.0,468.48,396.0,0.125,30-39,936.96,Indecisive
546679,F,True,False,usa,houston,EFD,34,Texas,8,4,3,3,0.25,1.0,1.0,299.46,0.0,3.6666666666666665,898.38,1085.0,0.5,30-39,1796.76,Not assigned
546688,F,False,False,usa,new york,JFK,51,New York,8,2,2,2,0.0,1.0,0.5,500.65,0.0,4.0,1001.3,1020.0,0.25,50-59,2002.6,Not assigned
546728,F,True,False,canada,montreal,YUL,53,Quebec,8,2,2,2,0.0,1.5,0.5,729.8599999999999,0.5,6.5,2213.13,1553.0,0.25,50-59,4426.26,Not assigned
546774,F,True,True,usa,new york,JFK,57,New York,8,3,2,2,0.3333333333333333,1.5,1.0,316.7975,0.0,17.5,687.69,3666.0,0.375,50-59,1375.38,Long Stayers
546842,F,True,False,usa,los angeles,LAX,45,California,8,1,0,1,1.0,,,,0.0,6.0,,404.7,0.125,40-49,,Indecisive
546847,F,True,False,usa,los angeles,LAX,54,California,9,4,3,4,0.25,1.3333333333333333,1.0,606.1666666666666,0.25,4.5,2490.4265,5695.0,0.4444444444444444,50-59,4980.853,High Spenders
546867,F,False,False,usa,san francisco,SFO,51,California,8,3,3,3,0.6666666666666666,1.3333333333333333,0.6666666666666666,431.1566666666667,0.3333333333333333,3.333333333333333,1808.49,3512.4,0.375,50-59,3616.98,Not assigned
546882,F,False,False,usa,san diego,SAN,24,California,8,2,2,1,0.0,1.0,0.0,1583.71,1.0,16.0,3167.42,7792.0,0.25,20-29,6334.84,Long Stayers
546884,M,False,False,canada,toronto,YKZ,18,Ontario,8,1,0,1,0.0,,,,0.0,4.0,,564.0,0.125,10-19,,Indecisive
546888,F,False,False,usa,orlando,MCO,28,Florida,8,1,1,1,1.0,2.0,0.0,333.61,0.0,6.0,667.22,4330.8,0.125,20-29,1334.44,Indecisive
546937,F,False,False,usa,chicago,UGN,67,Illinois,8,0,0,0,,,,,,,,,0.0,60-69,,Indecisive
546972,F,True,True,usa,los angeles,LAX,49,California,9,3,2,3,0.3333333333333333,1.0,0.5,591.2750000000001,0.3333333333333333,1.6666666666666667,1031.162,1364.0,0.3333333333333333,40-49,2062.324,Not assigned
547006,F,True,False,usa,new york,JFK,72,New York,8,0,0,0,,,,,,,,,0.0,70-79,,Indecisive
547007,F,True,False,usa,new york,JFK,32,New York,8,5,4,5,0.0,1.0,0.25,269.8125,0.0,5.4,1079.25,5127.0,0.625,30-39,2158.5,Not assigned
547037,F,False,False,usa,tampa,TPA,33,Florida,8,3,2,3,0.0,1.0,0.0,418.55,0.3333333333333333,2.6666666666666665,837.0999999999999,1561.0,0.375,30-39,1674.1999999999998,Not assigned
547070,M,True,False,usa,fayetteville,FYV,50,Arkansas,8,6,5,5,0.5,1.4,0.6,282.653,0.2,4.0,1709.545,4305.8,0.75,50-59,3419.09,Not assigned
547150,F,True,True,usa,los angeles,LAX,43,California,8,2,2,2,0.5,1.0,0.5,481.12,0.0,6.0,962.24,709.3000000000001,0.25,40-49,1924.48,Not assigned
547164,F,False,False,canada,montreal,YMX,30,Quebec,8,1,1,1,1.0,1.0,0.0,161.15,0.0,25.0,145.035,3425.0,0.125,30-39,290.07,Long Stayers
547180,F,True,True,usa,new york,LGA,45,New York,8,2,1,2,0.5,1.0,0.0,518.55,0.0,2.5,518.55,800.3,0.25,40-49,1037.1,Not assigned
547201,F,False,False,usa,los angeles,LAX,25,California,8,1,0,1,0.0,,,,0.0,16.0,,2208.0,0.125,20-29,,Long Stayers
547266,F,True,False,canada,winnipeg,YWG,55,Manitoba,8,3,2,3,0.3333333333333333,1.5,1.0,348.46,0.0,2.0,981.95,981.6,0.375,50-59,1963.9,Not assigned
547301,F,False,True,usa,mobile,BFM,32,Alabama,8,2,1,1,0.0,2.0,1.0,167.98,0.0,7.0,335.96,1449.0,0.25,30-39,671.92,Family travelers
547325,F,False,True,usa,oklahoma city,OKC,43,Oklahoma,8,2,2,2,0.0,1.0,1.0,312.985,0.0,2.5,625.97,602.0,0.25,40-49,1251.94,Not assigned
547458,F,False,False,canada,gatineau,YND,43,Quebec,8,4,3,3,0.25,1.3333333333333333,0.6666666666666666,362.49500000000006,0.6666666666666666,5.0,1659.35,4814.0,0.5,40-49,3318.7,Not assigned
547483,F,False,True,usa,new york,LGA,34,New York,8,2,2,2,0.0,1.0,1.0,270.78,0.0,3.5,541.56,2165.0,0.25,30-39,1083.12,Not assigned
547512,F,True,False,canada,calgary,YYC,45,Alberta,8,4,4,4,0.5,1.0,1.0,350.5,0.0,5.25,1367.464,5355.8,0.5,40-49,2734.928,Not assigned
547555,F,False,False,usa,san antonio,RND,45,Texas,9,4,4,3,0.0,1.25,1.0,425.9,0.0,1.3333333333333333,2000.32,1199.0,0.4444444444444444,40-49,4000.64,Not assigned
547559,F,True,False,usa,washington,IAD,36,Virginia,8,6,6,5,0.5,1.3333333333333333,0.8333333333333334,209.29583333333332,0.2,4.6,1306.9745,4053.0,0.75,30-39,2613.949,Not assigned
547594,F,False,False,canada,calgary,YYC,16,Alberta,8,0,0,0,,,,,,,,,0.0,10-19,,Indecisive
547613,F,False,False,usa,phoenix,LUF,39,Arizona,8,4,3,3,0.0,1.0,0.0,493.6133333333333,0.0,4.333333333333333,1480.84,1133.0,0.5,30-39,2961.68,Not assigned
547664,F,False,False,canada,winnipeg,YAV,40,,8,4,4,2,0.0,1.25,0.5,301.78125,1.0,1.5,1553.35,152.0,0.5,40-49,3106.7,Not assigned
547776,F,False,False,usa,fort worth,FTW,43,Texas,8,3,3,3,0.6666666666666666,1.3333333333333333,1.0,337.3433333333333,0.0,2.333333333333333,1229.28,1794.35,0.375,40-49,2458.56,Not assigned
547836,F,True,False,usa,los angeles,LAX,47,California,8,3,2,2,0.3333333333333333,1.0,0.0,699.5450000000001,0.0,7.5,1399.09,2401.0,0.375,40-49,2798.18,Long Stayers
547862,M,True,True,usa,houston,EFD,46,Texas,8,4,3,4,0.0,1.0,1.0,162.66,0.25,4.75,487.98,3819.0,0.5,40-49,975.96,Not assigned
547878,F,False,False,usa,santa ana,SNA,25,California,8,2,0,2,1.0,,,,0.0,4.0,,2290.0,0.25,20-29,,Discount buyer
547938,M,False,True,usa,st. louis,STL,25,Missouri,8,1,1,0,0.0,1.0,0.0,1867.87,,,1867.87,,0.125,20-29,3735.74,Indecisive
547951,M,False,False,usa,minneapolis,MSP,50,Minnesota,8,4,4,4,0.5,1.5,0.5,231.4391666666667,0.25,1.5,1510.602,1130.0,0.5,50-59,3021.204,Not assigned
548006,F,False,False,usa,dallas,DAL,36,Texas,8,2,2,2,0.5,1.0,1.5,376.29,0.5,1.5,673.1685,378.0,0.25,30-39,1346.337,Not assigned
548040,F,True,False,usa,portland,PDX,36,Oregon,8,3,3,3,0.0,1.3333333333333333,0.3333333333333333,524.1166666666667,0.0,1.3333333333333333,1841.81,1036.0,0.375,30-39,3683.62,Not assigned
548093,F,False,False,usa,charlotte,CLT,21,North Carolina,8,1,0,1,0.0,,,,0.0,6.0,,1188.0,0.125,20-29,,Indecisive
548109,F,False,False,usa,los angeles,LAX,39,California,8,5,5,4,0.2,1.2,0.6,501.03899999999993,0.5,2.0,3285.11,1324.0,0.625,30-39,6570.22,High Spenders
548113,F,False,False,usa,houston,EFD,38,Texas,8,4,4,3,0.25,1.0,0.5,336.8125,0.0,3.6666666666666665,1308.584,928.0,0.5,30-39,2617.168,Not assigned
548190,F,True,False,usa,corpus christi,CRP,34,Texas,8,3,2,3,0.3333333333333333,1.0,1.0,432.1,0.3333333333333333,6.0,864.2,3179.75,0.375,30-39,1728.4,Not assigned
548222,F,True,True,canada,calgary,YYC,52,Alberta,8,4,3,3,0.5,2.0,1.3333333333333333,689.3608333333333,0.0,5.333333333333333,6155.835999999999,3464.0,0.5,50-59,12311.671999999999,High Spenders
548228,F,True,False,canada,calgary,YYC,66,Alberta,8,1,0,1,0.0,,,,0.0,10.0,,1090.0,0.125,60-69,,Long Stayers
548230,F,True,False,usa,akron,AKR,58,Ondo,8,3,1,3,0.3333333333333333,1.0,0.0,79.23,0.3333333333333333,6.666666666666667,79.23,5130.25,0.375,50-59,158.46,Not assigned
548307,F,True,True,usa,denver,DEN,50,Colorado,8,2,2,2,0.0,1.0,0.0,370.6,0.5,5.0,741.2,770.0,0.25,50-59,1482.4,Not assigned
548310,F,False,False,usa,memphis,MEM,31,Tennessee,8,1,1,1,0.0,2.0,1.0,157.655,0.0,1.0,315.31,298.0,0.125,30-39,630.62,Indecisive
548408,F,False,False,usa,new york,JFK,35,New York,8,5,5,5,0.6,1.4,1.4,347.584,0.6,3.8,1903.616,3701.75,0.625,30-39,3807.232,Not assigned
548434,F,True,False,usa,indianapolis,IND,42,Gujarat,9,3,2,2,0.6666666666666666,2.0,0.0,215.54166666666669,0.5,3.5,838.2375,4719.6,0.3333333333333333,40-49,1676.475,Not assigned
548490,F,True,True,usa,el paso,BIF,53,Texas,8,2,2,2,0.5,1.0,0.0,172.04000000000002,0.5,3.5,307.564,1221.0,0.25,50-59,615.128,Not assigned
548504,F,False,False,usa,houston,IAH,37,Texas,8,7,7,5,0.0,1.1428571428571428,0.4285714285714285,346.82428571428574,0.6,2.2,2479.13,2572.0,0.875,30-39,4958.26,High Spenders
548560,F,True,True,usa,laredo,LRD,45,Texas,8,1,1,1,0.0,1.0,0.0,446.45,0.0,3.0,446.45,471.0,0.125,40-49,892.9,Indecisive
548568,F,True,True,usa,philadelphia,PHL,55,Pennsylvania,9,4,4,4,0.0,1.75,0.75,309.76,0.0,2.25,1679.59,5628.0,0.4444444444444444,50-59,3359.18,Family travelers
548587,F,False,False,usa,sacramento,SMF,34,California,8,2,2,2,0.0,1.0,0.5,447.84,1.0,4.5,895.68,2105.0,0.25,30-39,1791.36,Not assigned
548635,F,True,True,usa,houston,EFD,41,Texas,8,4,4,4,0.0,1.25,0.0,268.125,0.25,1.75,1565.74,1910.0,0.5,40-49,3131.48,Not assigned
548653,F,True,True,usa,jacksonville,JAX,42,Florida,8,5,5,5,0.4,1.4,0.4,398.2466666666666,0.2,2.6,3248.7000000000003,4419.65,0.625,40-49,6497.400000000001,High Spenders
548672,M,False,False,usa,chicago,ORD,40,Illinois,8,4,4,4,0.25,1.25,0.5,273.5475,0.5,1.25,1293.78,1331.0,0.5,40-49,2587.56,Not assigned
548743,F,True,False,canada,winnipeg,YWG,26,Manitoba,9,2,1,2,0.5,1.0,1.0,376.89,0.0,2.0,376.89,477.75,0.2222222222222222,20-29,753.78,Not assigned
548859,F,True,False,usa,new york,JFK,47,New York,8,3,3,3,0.3333333333333333,1.0,0.6666666666666666,216.07,0.3333333333333333,3.0,648.2099999999999,2058.7,0.375,40-49,1296.4199999999998,Not assigned
548967,F,False,False,canada,toronto,YTZ,38,Ontario,9,6,6,6,0.0,1.1666666666666667,0.3333333333333333,235.895,0.3333333333333333,4.666666666666667,1602.05,6223.0,0.6666666666666666,30-39,3204.1,Not assigned
548978,F,True,False,canada,gatineau,YND,36,Quebec,8,4,1,4,0.25,1.0,1.0,780.46,0.25,7.75,780.46,8493.2,0.5,30-39,1560.92,Long Stayers
548988,F,True,False,usa,los angeles,LAX,48,California,8,4,3,4,0.75,1.0,1.0,355.6166666666666,0.25,2.75,1006.354,1643.5,0.5,40-49,2012.708,Not assigned
549058,F,True,False,canada,toronto,YKZ,29,Ontario,8,2,2,2,0.5,1.5,1.0,1249.775,0.5,8.0,4536.386,3812.0,0.25,20-29,9072.772,Long Stayers
549141,F,True,True,usa,santa ana,SNA,27,California,8,2,0,2,0.5,,,,0.0,4.0,,11041.8,0.25,20-29,,Only Hotel
549202,F,False,False,usa,jacksonville,NZC,57,Ica,8,5,3,5,0.2,1.0,0.3333333333333333,359.13333333333327,0.0,4.6,1077.4,3769.6,0.625,50-59,2154.8,Not assigned
549274,F,False,False,usa,st. louis,STL,50,Missouri,8,1,1,1,0.0,1.0,1.0,75.22,0.0,1.0,75.22,81.0,0.125,50-59,150.44,Indecisive
549281,F,False,True,usa,new york,JFK,27,New York,8,5,5,5,0.6,1.0,0.6,441.008,0.2,6.6,2165.0315,4247.0,0.625,20-29,4330.063,Not assigned
549292,F,False,True,canada,edmonton,YED,45,,8,3,3,3,0.0,1.3333333333333333,0.6666666666666666,424.425,0.3333333333333333,2.0,1671.1799999999998,3306.0,0.375,40-49,3342.3599999999997,Not assigned
549293,F,True,True,usa,cleveland,CLE,44,Ohio,8,0,0,0,,,,,,,,,0.0,40-49,,Indecisive
549303,F,False,False,usa,nashville,BNA,36,Tennessee,8,3,3,3,0.3333333333333333,1.6666666666666667,0.6666666666666666,178.90333333333334,0.6666666666666666,1.6666666666666667,826.78,1205.0,0.375,30-39,1653.56,Not assigned
549367,F,True,True,usa,new york,LGA,41,New York,8,4,3,4,0.25,1.6666666666666667,0.3333333333333333,247.945,0.5,3.75,964.657,3736.0,0.5,40-49,1929.314,Family travelers
549377,F,True,False,usa,nashville,BNA,43,Tennessee,8,3,2,2,0.3333333333333333,1.0,1.5,127.365,0.0,3.0,230.986,1336.45,0.375,40-49,461.972,Not assigned
549390,F,False,True,usa,spokane,SKA,25,Washington,8,3,0,3,0.3333333333333333,,,,0.3333333333333333,10.333333333333334,,4495.6,0.375,20-29,,Long Stayers
549482,F,False,False,canada,vancouver,YVR,42,British Columbia,8,5,5,5,0.4,1.0,1.0,373.586,0.2,3.2,1867.93,3357.3500000000004,0.625,40-49,3735.86,Not assigned
549611,F,False,False,usa,new york,JFK,47,New York,9,6,6,6,0.1666666666666666,1.3333333333333333,0.3333333333333333,371.2458333333333,0.3333333333333333,2.333333333333333,2782.06,1896.6,0.6666666666666666,40-49,5564.12,High Spenders
549631,F,True,True,usa,las vegas,LAS,49,Nevada,9,4,4,4,0.25,1.0,0.75,414.45,0.0,4.25,1657.8,2461.05,0.4444444444444444,40-49,3315.6,Not assigned
549714,M,True,True,canada,montreal,YUL,56,Quebec,8,2,2,2,0.5,1.0,1.0,766.28,0.0,2.0,1343.0425,704.0,0.25,50-59,2686.085,Not assigned
549746,F,False,False,canada,montreal,YHU,43,Quebec,8,6,5,6,0.5,1.2,1.0,410.93500000000006,0.3333333333333333,3.6666666666666665,2234.7545,3361.0,0.75,40-49,4469.509,High Spenders
549764,F,False,False,usa,new york,JFK,38,New York,8,3,2,2,0.3333333333333333,1.0,0.0,248.355,0.5,4.5,356.668,1650.0,0.375,30-39,713.336,Not assigned
549797,F,False,True,usa,philadelphia,PNE,35,Pennsylvania,8,5,4,4,0.4,1.0,0.25,91.3325,0.0,7.5,340.48,7167.0,0.625,30-39,680.96,Long Stayers
549992,F,False,False,canada,halifax,YHZ,33,Nova Scotia,8,2,2,1,0.0,1.0,0.5,456.2,1.0,1.0,912.4,136.0,0.25,30-39,1824.8,Not assigned
550017,F,False,False,usa,los angeles,LAX,38,California,8,5,3,5,0.4,1.6666666666666667,0.6666666666666666,696.1199999999999,0.4,5.0,3423.4,4763.4,0.625,30-39,6846.8,High Spenders
550019,F,False,False,usa,richmond,RIC,32,Virginia,9,4,4,4,0.5,1.25,0.75,270.86,0.25,2.0,1160.26,3103.8,0.4444444444444444,30-39,2320.52,Not assigned
550028,M,False,False,canada,montreal,YHU,68,Quebec,8,1,1,0,0.0,1.0,1.0,467.37,,,467.37,,0.125,60-69,934.74,Indecisive
550068,F,False,True,usa,memphis,MEM,38,Tennessee,8,4,2,4,0.5,1.0,0.5,248.855,0.25,6.0,497.71,6375.0,0.5,30-39,995.42,Not assigned
550071,M,False,False,usa,burlington,BTV,37,Vermont,8,5,5,5,0.2,1.0,0.4,354.384,0.2,1.8,1771.92,1542.4,0.625,30-39,3543.84,Not assigned
550105,F,False,False,usa,mobile,MOB,33,Alabama,8,2,1,2,0.0,1.0,0.0,154.52,0.5,4.5,154.52,1590.0,0.25,30-39,309.04,Not assigned
550134,F,True,False,usa,fresno,FAT,44,California,8,2,2,2,0.5,1.0,0.0,450.35,0.5,1.0,900.7,430.7,0.25,40-49,1801.4,Not assigned
550193,F,True,True,usa,riverside,RIV,59,California,8,1,0,1,1.0,,,,0.0,2.0,,115.2,0.125,50-59,,Indecisive
550200,F,True,True,usa,corpus christi,CRP,43,Texas,8,2,2,2,0.5,1.0,0.5,302.08,0.0,6.5,576.1015,4022.0,0.25,40-49,1152.203,Not assigned
550202,F,False,False,canada,calgary,YYC,27,Alberta,8,5,5,4,0.0,1.2,0.2,638.2239999999999,0.25,3.25,3800.62,1429.0,0.625,20-29,7601.24,High Spenders
550221,F,True,False,usa,austin,AUS,38,Texas,9,3,3,3,0.3333333333333333,1.3333333333333333,0.6666666666666666,474.8566666666666,0.0,1.3333333333333333,1916.6865,1008.0,0.3333333333333333,30-39,3833.373,Not assigned
550222,F,False,False,usa,indianapolis,IND,34,Gujarat,8,3,3,3,0.3333333333333333,1.0,1.0,497.48,0.3333333333333333,2.6666666666666665,1438.874,2478.0,0.375,30-39,2877.748,Not assigned
550233,F,False,False,usa,fayetteville,POB,39,North Carolina,8,4,4,4,0.25,1.0,0.75,280.7225,0.5,2.75,1104.925,4126.0,0.5,30-39,2209.85,Not assigned
550300,F,True,False,usa,dallas,DAL,51,Texas,9,4,4,4,0.25,1.5,0.0,188.1425,0.5,1.25,1301.6965,726.0,0.4444444444444444,50-59,2603.393,Not assigned
550317,F,True,True,canada,toronto,YZD,42,,8,3,1,3,0.6666666666666666,1.0,1.0,123.17,0.0,7.0,123.17,4432.0,0.375,40-49,246.34,Not assigned
550421,F,True,False,usa,orlando,MCO,44,Florida,8,1,1,1,0.0,1.0,0.0,244.44,1.0,2.0,244.44,292.0,0.125,40-49,488.88,Indecisive
550442,F,False,False,usa,new york,JFK,27,New York,8,2,1,2,0.0,1.0,0.0,402.35,0.0,5.5,402.35,1052.0,0.25,20-29,804.7,Not assigned
550459,F,False,False,usa,tulsa,TUL,43,Oklahoma,9,4,4,3,0.0,1.0,0.5,229.37,0.3333333333333333,4.0,917.48,1550.0,0.4444444444444444,40-49,1834.96,Not assigned
550514,F,True,True,usa,montgomery,MXF,37,Alabama,8,1,0,1,1.0,,,,0.0,4.0,,1296.0,0.125,30-39,,Indecisive
550572,F,True,True,usa,new york,LGA,57,New York,9,3,2,3,0.3333333333333333,2.0,1.0,393.1350000000001,0.3333333333333333,3.333333333333333,2182.87,1379.8000000000002,0.3333333333333333,50-59,4365.74,Family travelers
550599,F,True,True,usa,mobile,BFM,53,Alabama,8,2,2,0,0.0,1.0,0.5,210.52,,,421.04,,0.25,50-59,842.08,Only Flight
550627,F,True,False,usa,philadelphia,PNE,70,Pennsylvania,9,1,1,0,1.0,2.0,1.0,2526.6,,,5053.2,,0.1111111111111111,70-79,10106.4,Indecisive
550752,F,True,True,usa,charlotte,CLT,48,North Carolina,10,2,2,2,0.0,1.0,0.0,529.845,0.5,3.0,1059.69,282.0,0.2,40-49,2119.38,Not assigned
550796,F,False,True,usa,san diego,NZY,33,California,8,4,1,3,0.75,2.0,1.0,307.315,0.0,6.0,491.704,5208.6,0.5,30-39,983.408,Family travelers
550805,F,False,False,usa,san francisco,SFO,39,California,8,6,5,4,0.3333333333333333,1.0,0.8,248.192,0.0,3.5,1215.392,2074.0,0.75,30-39,2430.784,Not assigned
550871,F,True,True,usa,san antonio,RND,47,Texas,8,3,3,3,0.0,1.0,0.3333333333333333,403.65333333333336,0.3333333333333333,2.0,1210.96,950.0,0.375,40-49,2421.92,Not assigned
550887,F,False,True,usa,new york,LGA,16,New York,9,2,0,2,0.0,,,,0.0,15.0,,5145.0,0.2222222222222222,10-19,,Long Stayers
551032,F,False,False,usa,new york,JFK,35,New York,8,3,3,3,0.3333333333333333,1.0,0.3333333333333333,272.49333333333334,0.0,5.666666666666667,817.48,1970.8,0.375,30-39,1634.96,Not assigned
551042,F,True,False,usa,los angeles,LAX,44,California,8,5,3,5,0.4,1.0,0.3333333333333333,550.3333333333334,0.2,2.6,1497.9740000000002,1985.4,0.625,40-49,2995.9480000000003,Not assigned
551088,F,False,False,usa,san jose,SJC,45,California,9,5,3,5,0.2,1.6666666666666667,0.0,690.7599999999999,0.4,3.6,3314.04,6836.0,0.5555555555555556,40-49,6628.08,High Spenders
551166,F,True,False,usa,los angeles,LAX,30,California,8,2,1,2,0.5,1.0,1.0,497.99,1.0,5.0,448.191,1925.0,0.25,30-39,896.382,Not assigned
551210,F,False,True,usa,newport news,PHF,16,Virginia,8,0,0,0,,,,,,,,,0.0,10-19,,Indecisive
551211,F,True,True,usa,tulsa,TUL,27,Oklahoma,8,0,0,0,,,,,,,,,0.0,20-29,,Indecisive
551217,F,False,False,usa,dallas,DAL,37,Texas,8,4,4,4,0.25,1.0,0.25,301.69,0.25,5.5,1133.89,2915.0,0.5,30-39,2267.78,Not assigned
551245,F,True,True,usa,los angeles,LAX,24,California,10,0,0,0,,,,,,,,,0.0,20-29,,Indecisive
551473,F,True,False,usa,austin,AUS,77,Texas,8,1,0,1,1.0,,,,0.0,2.0,,259.2,0.125,70-79,,Indecisive
551488,F,False,False,usa,st. louis,STL,35,Missouri,8,2,0,2,0.0,,,,0.0,16.0,,9608.0,0.25,30-39,,Long Stayers
551627,F,False,False,usa,providence,PVD,32,Rhode Island,8,2,2,1,0.0,1.0,1.5,222.49,0.0,4.0,444.98,460.0,0.25,30-39,889.96,Not assigned
551665,F,False,True,usa,fort worth,FTW,54,Texas,8,4,3,4,0.25,1.0,0.3333333333333333,358.2266666666667,0.5,4.0,1033.511,1778.0,0.5,50-59,2067.022,Not assigned
551685,M,True,False,usa,san antonio,RND,66,Texas,8,1,1,1,0.0,1.0,0.0,295.01,0.0,3.0,295.01,675.0,0.125,60-69,590.02,Indecisive
551729,F,False,False,canada,vancouver,YVR,16,British Columbia,8,1,1,1,1.0,1.0,0.0,540.81,0.0,1.0,540.81,138.7,0.125,10-19,1081.62,Indecisive
551804,M,True,False,usa,san antonio,SAT,44,Texas,8,5,4,5,0.8,1.0,0.25,305.9975,0.2,3.2,1176.774,9486.0,0.625,40-49,2353.548,Not assigned
551890,F,False,False,canada,saskatoon,YXE,31,Saskatchewan,8,4,3,3,0.5,1.3333333333333333,1.0,389.22333333333336,0.3333333333333333,2.6666666666666665,1501.341,3194.0,0.5,30-39,3002.682,Not assigned
551908,F,False,False,usa,shreveport,BAD,22,Louisiana,8,0,0,0,,,,,,,,,0.0,20-29,,Indecisive
551935,F,True,False,usa,fort worth,FTW,68,Texas,8,1,0,1,0.0,,,,0.0,8.0,,2160.0,0.125,60-69,,Long Stayers
551963,F,False,False,usa,fort worth,FTW,37,Texas,8,4,4,3,0.75,1.5,1.0,348.8225,0.0,1.3333333333333333,2181.798,794.6,0.5,30-39,4363.596,Not assigned
551967,F,True,False,usa,omaha,OFF,40,Nebraska,8,3,2,3,0.3333333333333333,2.0,1.0,305.895,0.0,2.333333333333333,1040.394,2940.0,0.375,40-49,2080.788,Not assigned
551978,F,False,True,usa,houston,HOU,16,Texas,8,2,1,2,0.0,1.0,3.0,414.64,0.5,4.0,414.64,904.0,0.25,10-19,829.28,Youngs
552036,F,True,True,canada,montreal,YMX,54,Quebec,9,1,1,1,0.0,3.0,0.0,97.08666666666666,0.0,4.0,291.26,2244.0,0.1111111111111111,50-59,582.52,Indecisive
552172,F,True,True,usa,las vegas,LSV,53,Nevada,8,3,2,3,0.0,1.0,0.0,448.245,0.6666666666666666,3.333333333333333,896.49,1618.0,0.375,50-59,1792.98,Not assigned
552302,F,False,False,usa,los angeles,LAX,24,California,8,0,0,0,,,,,,,,,0.0,20-29,,Indecisive
552313,F,False,False,usa,los angeles,LAX,44,California,8,6,6,5,0.0,1.5,0.6666666666666666,352.31749999999994,0.4,3.4,3689.76,5420.0,0.75,40-49,7379.52,High Spenders
552348,F,True,False,usa,phoenix,LUF,57,Arizona,8,4,4,4,0.25,1.0,0.5,406.5975,0.25,1.75,1626.39,1451.8,0.5,50-59,3252.78,Not assigned
552364,F,True,True,usa,omaha,OMA,36,Iowa,8,1,0,1,0.0,,,,0.0,4.0,,1596.0,0.125,30-39,,Indecisive
552366,F,False,False,usa,reno,RNO,38,Nevada,8,4,3,4,1.0,2.6666666666666665,0.3333333333333333,653.7380555555555,0.25,2.75,4889.816,3010.6,0.5,30-39,9779.632,High Spenders
552384,F,False,False,usa,new york,LGA,58,New York,8,3,3,3,0.3333333333333333,1.0,0.6666666666666666,399.6166666666666,0.0,2.333333333333333,1194.17,2303.0,0.375,50-59,2388.34,Not assigned
552506,F,True,False,canada,winnipeg,YAV,49,,8,1,1,0,1.0,1.0,0.0,408.78,,,327.024,,0.125,40-49,654.048,Indecisive
552535,F,True,False,usa,new york,LGA,49,New York,8,4,4,4,0.0,1.75,0.25,262.62666666666667,0.5,2.5,2501.85,1722.0,0.5,40-49,5003.7,High Spenders
552573,M,True,True,usa,st. petersburg,PIE,35,Florida,8,2,2,1,0.5,2.5,2.0,1622.8975,1.0,1.0,11581.644,262.0,0.25,30-39,23163.288,High Spenders
552597,F,False,False,usa,los angeles,LAX,27,California,8,3,3,2,0.3333333333333333,1.6666666666666667,1.3333333333333333,433.1166666666666,0.5,6.5,2636.89,2415.6,0.375,20-29,5273.78,High Spenders
552649,F,False,False,usa,philadelphia,PNE,26,Pennsylvania,8,2,2,2,0.5,1.5,0.5,315.58000000000004,0.5,1.5,572.6765,556.0,0.25,20-29,1145.353,Not assigned
552732,F,False,False,canada,vancouver,YVR,43,British Columbia,8,2,2,2,0.0,1.0,1.0,457.485,0.0,3.5,914.97,2863.0,0.25,40-49,1829.94,Not assigned
552760,F,True,False,usa,new york,LGA,52,New York,8,3,3,1,0.0,1.0,0.6666666666666666,403.74,1.0,2.0,1211.22,382.0,0.375,50-59,2422.44,Not assigned
552929,F,False,False,usa,memphis,MEM,29,Tennessee,8,4,3,4,0.25,1.0,1.0,177.17,0.25,4.25,510.282,5321.0,0.5,20-29,1020.564,Not assigned
552944,M,False,False,usa,atlanta,ATL,52,Georgia,8,3,3,3,0.3333333333333333,1.6666666666666667,0.6666666666666666,500.0177777777778,0.3333333333333333,2.6666666666666665,2646.86,3836.2,0.375,50-59,5293.72,High Spenders
552945,F,False,False,usa,cleveland,CLE,44,Ohio,8,5,4,4,0.2,1.0,0.5,140.09,0.25,3.5,552.09,6078.0,0.625,40-49,1104.18,Not assigned
553017,F,False,False,usa,san jose,SJC,42,California,8,5,4,5,0.0,1.5,0.5,496.4316666666667,0.0,3.4,2147.58,8656.0,0.625,40-49,4295.16,Not assigned
553054,M,False,False,usa,new york,LGA,24,New York,8,0,0,0,,,,,,,,,0.0,20-29,,Indecisive
553219,F,True,False,usa,washington,IAD,47,Virginia,9,5,4,5,0.4,1.0,0.75,304.0375,0.2,3.6,1216.15,3008.7,0.5555555555555556,40-49,2432.3,Not assigned
553245,M,False,True,usa,norfolk,ORF,25,Virginia,8,1,1,1,0.0,1.0,0.0,85.66,0.0,11.0,85.66,2068.0,0.125,20-29,171.32,Long Stayers
553361,F,True,False,usa,memphis,MEM,41,Tennessee,8,4,3,3,0.5,1.6666666666666667,1.0,206.1916666666667,0.0,4.666666666666667,887.14,2131.6,0.5,40-49,1774.28,Not assigned
553559,F,False,True,usa,los angeles,LAX,20,California,8,2,1,2,0.0,1.0,1.0,665.04,0.0,5.0,665.04,1539.0,0.25,20-29,1330.08,Not assigned
553568,F,False,True,usa,los angeles,LAX,42,California,8,4,4,4,0.0,1.0,0.25,346.6725,0.25,3.25,1386.69,1487.0,0.5,40-49,2773.38,Not assigned
553631,F,True,False,usa,denver,DEN,58,Colorado,9,0,0,0,,,,,,,,,0.0,50-59,,Indecisive
553633,F,False,False,usa,birmingham,BHM,68,Alabama,9,0,0,0,,,,,,,,,0.0,60-69,,Indecisive
553743,F,False,True,usa,dallas,DAL,17,Texas,8,1,1,0,0.0,1.0,0.0,75.29,,,75.29,,0.125,10-19,150.58,Indecisive
553751,F,False,False,usa,new york,LGA,41,New York,8,3,3,3,0.3333333333333333,1.0,0.6666666666666666,181.45666666666668,0.3333333333333333,3.333333333333333,544.37,2158.55,0.375,40-49,1088.74,Not assigned
553773,F,True,True,usa,fort worth,FTW,47,Texas,9,3,3,3,0.0,1.3333333333333333,0.0,293.355,0.3333333333333333,3.6666666666666665,1106.48,2853.0,0.3333333333333333,40-49,2212.96,Not assigned
553791,F,False,True,usa,new york,JFK,33,New York,8,3,3,3,0.3333333333333333,1.0,1.0,377.77333333333337,0.0,4.333333333333333,1113.4,2076.0,0.375,30-39,2226.8,Not assigned
553876,M,False,False,usa,winston-salem,INT,30,North Carolina,8,3,3,2,0.6666666666666666,1.3333333333333333,0.3333333333333333,302.3866666666667,0.0,4.0,801.799,2210.0,0.375,30-39,1603.598,Not assigned
553901,F,True,True,usa,omaha,OMA,55,Iowa,8,3,2,3,0.3333333333333333,2.5,2.0,209.34875,0.0,7.0,826.7349999999999,5676.1,0.375,50-59,1653.4699999999998,Family travelers
553904,F,False,False,canada,montreal,YUL,19,Quebec,8,2,2,2,0.0,1.5,0.0,1154.2275,0.5,6.5,2405.1,2618.0,0.25,10-19,4810.2,High Spenders
553955,F,True,False,usa,san antonio,RND,48,Texas,8,6,6,6,0.0,1.0,0.6666666666666666,240.85666666666663,0.1666666666666666,1.6666666666666667,1445.14,1349.0,0.75,40-49,2890.28,Not assigned
553984,F,True,False,usa,san antonio,SKF,47,Texas,8,1,1,1,1.0,1.0,1.0,390.03,0.0,4.0,351.027,700.0,0.125,40-49,702.054,Indecisive
554026,F,True,True,usa,los angeles,LAX,54,California,8,4,4,4,0.25,1.25,0.25,384.26375,0.5,2.25,1915.6,1935.2,0.5,50-59,3831.2,Not assigned
554079,F,False,False,usa,san diego,SAN,37,California,8,5,3,5,0.4,1.0,0.6666666666666666,505.97,0.4,4.0,1472.361,3253.3,0.625,30-39,2944.722,Not assigned
554141,F,True,False,usa,new york,JFK,38,New York,9,4,3,4,0.25,1.3333333333333333,0.6666666666666666,414.0216666666666,0.0,3.0,1417.38,2001.45,0.4444444444444444,30-39,2834.76,Not assigned
554155,F,False,False,canada,gatineau,YND,42,Quebec,9,2,1,2,0.0,1.0,1.0,114.49,0.0,3.0,114.49,2570.0,0.2222222222222222,40-49,228.98,Not assigned
554163,F,False,True,usa,tucson,DMA,38,Arizona,8,6,6,5,0.0,1.0,0.6666666666666666,416.0,0.2,3.4,2496.0,1479.0,0.75,30-39,4992.0,High Spenders
554269,F,True,True,usa,san diego,SAN,47,California,10,3,3,3,0.3333333333333333,1.0,0.6666666666666666,609.4866666666667,0.3333333333333333,2.333333333333333,1777.081,533.0,0.3,40-49,3554.162,Not assigned
554357,M,True,False,usa,st. louis,STL,62,Missouri,8,0,0,0,,,,,,,,,0.0,60-69,,Indecisive
554444,F,False,False,usa,fort worth,FTW,33,Texas,8,3,3,3,0.0,1.0,1.0,276.49666666666667,0.3333333333333333,1.6666666666666667,829.49,804.0,0.375,30-39,1658.98,Not assigned
554507,F,True,False,usa,norfolk,ORF,34,Virginia,8,3,1,3,0.0,1.0,0.0,81.46,0.6666666666666666,2.333333333333333,81.46,1164.0,0.375,30-39,162.92,Not assigned
554609,F,False,False,usa,baltimore,BWI,42,Maryland,8,2,2,2,0.0,1.0,0.0,613.7049999999999,0.0,3.0,1227.41,1102.0,0.25,40-49,2454.82,Not assigned
554632,F,False,False,usa,san antonio,RND,17,Texas,8,1,0,1,1.0,,,,1.0,1.0,,91.8,0.125,10-19,,Indecisive
554724,F,False,False,usa,norfolk,ORF,20,Virginia,8,1,0,1,0.0,,,,1.0,5.0,,1090.0,0.125,20-29,,Indecisive
554753,F,False,True,usa,wichita,IAB,39,Kansas,9,4,4,3,0.25,1.25,0.5,790.9275,0.0,3.0,5684.92,1485.2,0.4444444444444444,30-39,11369.84,High Spenders
554853,F,False,False,usa,new york,LGA,40,New York,8,2,1,2,0.0,1.0,0.0,49.31,0.5,12.5,49.31,5865.0,0.25,40-49,98.62,Long Stayers
554885,F,False,False,usa,phoenix,LUF,37,Arizona,8,5,5,5,0.4,1.0,1.0,385.99,0.4,3.4,1892.286,3827.2,0.625,30-39,3784.572,Not assigned
554949,F,False,True,usa,new york,LGA,25,New York,8,0,0,0,,,,,,,,,0.0,20-29,,Indecisive
554956,M,False,False,usa,houston,HOU,36,Texas,8,5,4,4,0.2,1.0,2.0,299.8675,0.25,1.75,1128.8919999999998,2253.0,0.625,30-39,2257.7839999999997,Not assigned
554961,F,True,False,usa,des moines,DSM,44,Iowa,8,4,2,3,0.0,1.0,0.5,153.10000000000002,0.6666666666666666,7.0,306.20000000000005,5343.0,0.5,40-49,612.4000000000001,Not assigned
555058,F,False,False,usa,new york,JFK,17,New York,8,2,2,1,0.0,1.0,0.5,653.23,1.0,3.0,1306.46,855.0,0.25,10-19,2612.92,Youngs
555151,F,False,False,usa,baton rouge,BTR,36,Louisiana,8,6,4,5,0.1666666666666666,1.25,0.75,629.85875,0.2,2.8,2878.99,2107.8,0.75,30-39,5757.98,High Spenders
555206,F,True,False,usa,riverside,RIV,43,California,8,5,2,5,0.0,1.0,0.5,666.325,0.2,3.6,1332.65,2622.0,0.625,40-49,2665.3,Not assigned
555250,F,False,False,usa,san diego,NZY,26,California,8,1,1,1,0.0,1.0,0.0,608.07,0.0,1.0,608.07,81.0,0.125,20-29,1216.14,Indecisive
555277,F,True,True,usa,oakland,OAK,58,California,9,1,1,1,0.0,1.0,1.0,760.9,0.0,1.0,760.9,428.0,0.1111111111111111,50-59,1521.8,Indecisive
555299,F,True,False,usa,omaha,OMA,52,Iowa,8,1,1,1,0.0,1.0,1.0,251.24,0.0,4.0,251.24,272.0,0.125,50-59,502.48,Indecisive
555310,M,True,False,canada,toronto,YYZ,38,Ontario,8,5,4,5,0.2,1.0,1.0,232.5725,0.2,2.8,930.29,2591.25,0.625,30-39,1860.58,Not assigned
555326,M,False,False,usa,atlanta,ATL,50,Georgia,9,2,2,2,0.0,1.0,0.5,553.95,0.0,2.5,1107.9,821.0,0.2222222222222222,50-59,2215.8,Not assigned
555334,F,False,False,usa,new orleans,MSY,25,Louisiana,9,1,1,0,0.0,3.0,0.0,189.89666666666668,,,569.69,,0.1111111111111111,20-29,1139.38,Indecisive
555428,F,True,True,usa,new york,LGA,53,New York,8,3,2,3,0.0,1.5,0.5,748.9075,0.0,4.0,2264.98,2417.0,0.375,50-59,4529.96,High Spenders
555563,F,True,True,usa,stockton,SCK,49,California,9,4,3,4,0.5,1.0,0.6666666666666666,219.60333333333327,0.25,2.75,658.81,3011.85,0.4444444444444444,40-49,1317.62,Not assigned
555600,F,True,False,usa,nashville,BNA,42,Tennessee,8,2,2,2,0.5,1.0,0.0,163.135,0.5,4.0,326.27,4481.05,0.25,40-49,652.54,Not assigned
555698,M,False,False,usa,new york,LGA,51,New York,8,2,2,2,0.5,1.0,0.0,346.535,0.0,1.5,688.675,337.0,0.25,50-59,1377.35,Not assigned
555712,F,True,False,usa,fresno,FAT,69,California,8,0,0,0,,,,,,,,,0.0,60-69,,Indecisive
555751,F,True,False,canada,toronto,YZD,39,,8,2,2,1,0.0,1.0,0.0,453.045,0.0,4.0,906.09,160.0,0.25,30-39,1812.18,Not assigned
555770,F,True,True,usa,boston,BOS,44,Massachusetts,8,4,2,4,0.5,1.0,0.5,120.475,0.25,4.25,234.744,2329.1,0.5,40-49,469.488,Not assigned
555782,F,True,True,usa,jacksonville,NZC,55,Ica,8,2,1,2,0.5,1.0,1.0,310.58,0.5,4.5,310.58,793.0,0.25,50-59,621.16,Not assigned
555796,F,True,False,usa,houston,HOU,54,Texas,8,4,3,4,0.0,1.0,0.0,360.5866666666666,0.0,4.5,1081.76,2884.0,0.5,50-59,2163.52,Not assigned
555852,F,True,False,usa,dallas,DAL,45,Texas,9,4,4,3,0.0,1.25,0.75,218.28875,0.3333333333333333,6.0,1269.49,7396.0,0.4444444444444444,40-49,2538.98,Not assigned
555990,F,True,False,usa,san francisco,SFO,73,California,8,1,0,1,0.0,,,,0.0,4.0,,548.0,0.125,70-79,,Indecisive
556015,F,False,False,canada,toronto,YYZ,53,Ontario,8,3,3,3,0.0,1.0,0.6666666666666666,83.18333333333334,0.3333333333333333,2.333333333333333,249.55,1222.0,0.375,50-59,499.1,Not assigned
556043,F,False,False,usa,fort worth,FTW,17,Texas,8,1,1,0,1.0,2.0,0.0,396.285,,,792.57,,0.125,10-19,1585.14,Indecisive
556052,F,False,False,canada,edmonton,YXD,36,,8,3,3,3,0.6666666666666666,1.0,0.3333333333333333,363.27,0.3333333333333333,2.333333333333333,1056.6815,888.0,0.375,30-39,2113.363,Not assigned
556067,F,True,True,canada,toronto,YZD,39,,8,5,5,5,0.2,1.0,0.2,250.544,0.6,5.4,1252.72,4797.0,0.625,30-39,2505.44,Not assigned
556111,M,False,True,usa,san antonio,RND,49,Texas,8,3,3,2,0.6666666666666666,1.6666666666666667,0.3333333333333333,280.59222222222223,0.5,7.0,1415.7885,7991.7,0.375,40-49,2831.577,Family travelers
556119,F,False,False,usa,salt lake city,SLC,40,Utah,8,2,2,2,0.5,1.5,0.5,239.925,0.0,1.5,669.5699999999999,560.4,0.25,40-49,1339.1399999999999,Not assigned
556127,F,False,False,usa,los angeles,LAX,34,California,8,3,3,3,0.0,1.0,0.6666666666666666,463.3666666666666,0.3333333333333333,2.6666666666666665,1390.1,1194.0,0.375,30-39,2780.2,Not assigned
556199,M,False,True,usa,detroit,YIP,17,Michigan,8,0,0,0,,,,,,,,,0.0,10-19,,Indecisive
556268,F,False,False,usa,colorado springs,COS,47,Colorado,8,2,2,1,0.0,1.0,0.5,200.99,0.0,1.0,401.98,157.0,0.25,40-49,803.96,Not assigned
556274,M,False,False,usa,bakersfield,BFL,17,California,8,2,1,1,0.0,1.0,0.0,1672.54,0.0,4.0,1672.54,1136.0,0.25,10-19,3345.08,Youngs
556314,F,True,False,usa,baton rouge,BTR,38,Louisiana,9,2,2,1,0.0,1.5,0.5,1824.43,0.0,6.0,6686.04,4290.0,0.2222222222222222,30-39,13372.08,High Spenders
556347,F,False,False,usa,los angeles,LAX,40,California,8,4,4,2,0.25,1.0,0.75,466.0075,1.0,2.5,1864.03,951.0,0.5,40-49,3728.06,Not assigned
556391,F,True,True,usa,chicago,ORD,42,Illinois,8,1,1,1,0.0,1.0,1.0,111.98,1.0,2.0,111.98,340.0,0.125,40-49,223.96,Indecisive
556533,F,True,True,usa,winston-salem,INT,42,North Carolina,8,3,2,3,0.6666666666666666,1.0,1.0,348.72,0.3333333333333333,4.666666666666667,638.24,2645.0,0.375,40-49,1276.48,Not assigned
556579,F,True,False,usa,long beach,LGB,47,California,8,2,0,2,0.0,,,,0.5,5.0,,1070.0,0.25,40-49,,Only Hotel
556673,F,True,False,usa,houston,IAH,65,Texas,8,3,2,2,0.3333333333333333,1.0,0.5,385.44,0.5,7.5,770.88,2405.0,0.375,60-69,1541.76,Long Stayers
556744,F,False,False,usa,dallas,DAL,45,Texas,8,3,3,3,0.6666666666666666,1.6666666666666667,0.3333333333333333,258.87166666666667,0.6666666666666666,2.0,1156.9855,3910.0,0.375,40-49,2313.971,Not assigned
556824,F,False,False,usa,new york,JFK,42,New York,8,4,4,4,0.0,1.0,0.25,203.7925,0.5,2.5,815.1700000000001,918.0,0.5,40-49,1630.3400000000001,Not assigned
556827,F,True,False,usa,phoenix,PHX,64,Arizona,8,3,2,1,0.0,1.0,0.0,497.56,1.0,12.0,995.12,2088.0,0.375,60-69,1990.24,Long Stayers
556887,F,True,True,usa,phoenix,PHX,47,Arizona,8,4,4,3,0.75,1.75,1.0,465.8075,0.0,6.333333333333333,3432.839,6797.2,0.5,40-49,6865.678,High Spenders
556906,F,False,False,usa,portland,PDX,39,Oregon,8,3,2,3,0.3333333333333333,1.0,0.0,610.225,0.3333333333333333,3.0,1187.2065,1257.0,0.375,30-39,2374.413,Not assigned
557036,M,False,False,usa,columbus,CMH,46,Ohio,8,3,3,1,0.0,1.0,0.0,576.8833333333333,0.0,1.0,1730.65,106.0,0.375,40-49,3461.3,Not assigned
557055,F,False,False,usa,tulsa,TUL,48,Oklahoma,8,2,2,2,0.0,2.0,0.5,391.0125,0.5,2.5,1564.05,1566.0,0.25,40-49,3128.1,Not assigned
557107,F,False,False,canada,winnipeg,YWG,44,Manitoba,8,5,4,5,0.2,1.75,0.75,345.73625,0.8,2.6,2394.11,4187.2,0.625,40-49,4788.22,High Spenders
557108,M,False,False,usa,houston,HOU,25,Texas,8,1,1,1,1.0,1.0,0.0,215.8,0.0,1.0,194.22000000000003,153.0,0.125,20-29,388.44000000000005,Indecisive
557248,F,False,False,usa,wichita,ICT,35,Kansas,9,0,0,0,,,,,,,,,0.0,30-39,,Indecisive
557282,F,True,False,canada,toronto,YTZ,39,Ontario,8,2,2,2,1.0,1.0,0.5,336.22,0.0,4.0,585.374,2458.3,0.25,30-39,1170.748,Discount buyer
557402,F,True,True,usa,los angeles,LAX,55,California,8,1,1,1,0.0,1.0,0.0,344.99,0.0,1.0,344.99,326.0,0.125,50-59,689.98,Indecisive
557496,F,False,True,canada,toronto,YTZ,57,Ontario,8,1,1,1,1.0,1.0,1.0,118.53,0.0,1.0,106.677,450.0,0.125,50-59,213.354,Indecisive
557569,F,True,True,usa,los angeles,LAX,39,California,8,1,0,1,0.0,,,,0.0,15.0,,4650.0,0.125,30-39,,Long Stayers
557672,F,False,False,usa,new york,JFK,33,New York,8,3,3,2,0.0,1.0,0.6666666666666666,673.8666666666667,0.0,2.0,2021.6,564.0,0.375,30-39,4043.2,Not assigned
557692,F,False,True,usa,seattle,BFI,42,Washington,9,3,2,3,0.6666666666666666,1.5,1.5,463.4175,0.3333333333333333,6.666666666666667,1267.2375000000002,5642.0,0.3333333333333333,40-49,2534.4750000000004,Not assigned
557762,F,False,False,usa,san diego,NZY,68,California,9,1,0,1,0.0,,,,0.0,6.0,,1104.0,0.1111111111111111,60-69,,Indecisive
557794,F,False,True,usa,new york,JFK,45,New York,8,4,4,3,0.5,1.0,1.0,397.775,0.0,3.6666666666666665,1572.8645,2144.0,0.5,40-49,3145.729,Not assigned
557799,F,False,False,usa,dallas,DAL,75,Texas,9,1,0,1,0.0,,,,0.0,7.0,,546.0,0.1111111111111111,70-79,,Indecisive
557875,F,True,True,canada,calgary,YYC,55,Alberta,8,2,2,2,0.0,1.0,0.0,444.92,0.5,4.5,889.8399999999999,1456.0,0.25,50-59,1779.6799999999998,Not assigned
557879,F,False,False,usa,burlington,BTV,17,Vermont,8,0,0,0,,,,,,,,,0.0,10-19,,Indecisive
557887,F,False,False,usa,detroit,YIP,24,Michigan,8,3,1,3,0.0,1.0,1.0,545.1,0.0,7.666666666666667,545.1,5744.0,0.375,20-29,1090.2,Long Stayers
557921,F,True,False,usa,tucson,DMA,41,Arizona,8,4,4,4,0.0,1.0,0.75,288.8225,0.75,2.0,1155.29,1676.0,0.5,40-49,2310.58,Not assigned
557932,F,False,True,usa,new york,LGA,29,New York,8,4,4,3,0.5,1.0,0.75,351.4275,0.6666666666666666,2.333333333333333,1244.1975,1790.3,0.5,20-29,2488.395,Not assigned
557956,F,True,True,usa,shreveport,SHV,64,Louisiana,8,3,1,3,0.6666666666666666,1.0,0.0,394.67,0.3333333333333333,9.0,394.67,4464.0,0.375,60-69,789.34,Long Stayers
557957,F,True,False,canada,montreal,YHU,47,Quebec,9,2,2,1,0.0,1.0,1.0,619.425,1.0,5.0,1238.85,2075.0,0.2222222222222222,40-49,2477.7,Not assigned
557992,F,True,False,usa,sacramento,SAC,58,California,9,0,0,0,,,,,,,,,0.0,50-59,,Indecisive
558018,F,True,False,usa,memphis,MEM,47,Tennessee,8,2,2,2,0.0,1.0,0.5,491.13,0.0,2.5,982.26,576.0,0.25,40-49,1964.52,Not assigned
558114,F,True,False,usa,omaha,OFF,47,Nebraska,9,3,2,3,0.0,1.0,0.5,287.16,0.0,4.666666666666667,574.3199999999999,3096.0,0.3333333333333333,40-49,1148.6399999999999,Not assigned
558147,F,True,False,usa,cleveland,CLE,74,Ohio,8,1,0,1,0.0,,,,0.0,13.0,,10764.0,0.125,70-79,,Long Stayers
558204,F,False,False,usa,denver,DEN,59,Colorado,8,3,3,2,0.3333333333333333,1.0,0.6666666666666666,366.79333333333335,0.5,3.5,1074.034,1664.0,0.375,50-59,2148.068,Not assigned
558251,F,True,True,usa,san antonio,SAT,48,Texas,8,3,3,3,0.3333333333333333,1.6666666666666667,0.3333333333333333,319.7266666666667,0.0,2.0,1488.366,2865.0,0.375,40-49,2976.732,Family travelers
558270,M,True,False,usa,denver,DEN,44,Colorado,10,4,4,4,0.0,1.5,0.5,348.31166666666667,0.25,1.25,2178.16,651.0,0.4,40-49,4356.32,Not assigned
558277,M,False,False,usa,houston,HOU,49,Texas,8,5,5,5,0.0,1.2,1.4,427.049,0.2,3.2,2742.29,9918.0,0.625,40-49,5484.58,High Spenders
558294,F,True,False,usa,memphis,MEM,32,Tennessee,8,3,3,3,0.6666666666666666,1.0,0.0,375.83,1.0,5.0,1080.738,2140.9,0.375,30-39,2161.476,Not assigned
558362,M,True,True,usa,new york,LGA,50,New York,8,4,4,4,0.0,1.0,0.75,354.0,0.75,2.5,1416.0,2030.0,0.5,50-59,2832.0,Not assigned
558395,F,False,True,usa,houston,IAH,35,Texas,8,1,0,1,1.0,,,,0.0,9.0,,1224.0,0.125,30-39,,Long Stayers
558437,F,True,True,usa,louisville,LOU,43,Kentucky,10,1,1,1,1.0,1.0,0.0,159.41,0.0,4.0,159.41,782.8,0.1,40-49,318.82,Indecisive
558466,F,False,False,canada,ottawa,YOW,39,Ontario,9,2,2,2,0.0,1.0,0.0,336.41,0.0,1.0,672.82,550.0,0.2222222222222222,30-39,1345.64,Not assigned
558489,F,False,False,usa,new york,JFK,24,New York,8,3,3,2,0.3333333333333333,1.0,0.6666666666666666,368.3766666666666,0.5,1.0,1105.13,252.0,0.375,20-29,2210.26,Not assigned
558513,F,False,True,canada,quebec,YQB,45,Quebec,8,3,3,3,0.0,1.3333333333333333,0.3333333333333333,334.9683333333333,0.0,4.0,1132.01,6236.0,0.375,40-49,2264.02,Not assigned
558659,F,True,False,usa,winston-salem,INT,43,North Carolina,8,1,1,1,0.0,1.0,0.0,673.16,0.0,2.0,673.16,108.0,0.125,40-49,1346.32,Indecisive
558838,F,False,False,usa,orlando,ORL,38,Florida,9,5,5,4,0.4,1.0,0.0,510.732,0.25,3.5,2414.448,3183.2,0.5555555555555556,30-39,4828.896,High Spenders
558851,F,True,False,usa,memphis,MEM,33,Tennessee,8,0,0,0,,,,,,,,,0.0,30-39,,Indecisive
558919,F,False,True,usa,orlando,MCO,17,Florida,8,0,0,0,,,,,,,,,0.0,10-19,,Indecisive
558920,F,False,False,usa,houston,IAH,44,Texas,9,4,4,4,0.25,1.0,0.75,365.35,0.25,3.25,1375.0775,2390.0,0.4444444444444444,40-49,2750.155,Not assigned
558987,M,False,False,canada,montreal,YMX,46,Quebec,8,3,2,3,0.0,1.0,1.0,415.815,0.0,4.666666666666667,831.63,2439.0,0.375,40-49,1663.26,Not assigned
558988,F,True,False,canada,calgary,YYC,62,Alberta,8,3,3,3,0.6666666666666666,1.0,0.3333333333333333,471.93666666666667,0.3333333333333333,5.666666666666667,1314.3555,5295.0,0.375,60-69,2628.711,Retired
559068,F,True,False,canada,ottawa,YOW,36,Ontario,9,2,2,1,0.0,1.0,0.5,358.21,0.0,4.0,716.42,880.0,0.2222222222222222,30-39,1432.84,Not assigned
559071,F,False,True,usa,los angeles,LAX,39,California,8,3,2,1,0.6666666666666666,1.0,0.5,282.35,0.0,5.0,531.832,1015.0,0.375,30-39,1063.664,Not assigned
559093,M,True,False,usa,new york,LGA,42,New York,8,5,3,5,0.2,1.0,0.3333333333333333,607.85,0.4,2.8,1823.55,1712.0,0.625,40-49,3647.1,Not assigned
559107,M,True,True,usa,san antonio,SKF,50,Texas,8,4,3,3,0.75,1.0,0.3333333333333333,251.45,0.3333333333333333,2.0,604.551,494.0,0.5,50-59,1209.102,Not assigned
559112,F,False,True,canada,toronto,YTZ,43,Ontario,8,3,3,2,0.0,1.0,1.0,254.93666666666664,0.5,4.0,764.81,830.0,0.375,40-49,1529.62,Not assigned
559148,F,True,False,usa,chicago,UGN,52,Illinois,8,3,3,2,0.6666666666666666,1.6666666666666667,1.0,182.85666666666663,0.5,1.5,872.5899999999999,323.2,0.375,50-59,1745.1799999999998,Not assigned
559164,M,False,False,usa,new york,LGA,43,New York,8,1,1,1,0.0,1.0,1.0,372.54,0.0,1.0,372.54,235.0,0.125,40-49,745.08,Indecisive
559211,F,True,True,usa,columbus,LCK,42,Ohio,8,4,4,4,0.25,1.0,0.5,240.2125,0.25,3.0,954.009,1622.0,0.5,40-49,1908.018,Not assigned
559266,F,False,False,usa,new york,JFK,49,New York,8,1,1,1,0.0,1.0,0.0,78.18,1.0,3.0,78.18,390.0,0.125,40-49,156.36,Indecisive
559277,F,False,False,canada,edmonton,YEG,29,Alberta,8,4,1,4,0.5,1.0,0.0,568.65,0.75,6.75,568.65,4848.2,0.5,20-29,1137.3,Not assigned
559324,F,False,False,usa,shreveport,BAD,50,Louisiana,9,3,2,3,0.3333333333333333,1.0,0.0,388.145,0.3333333333333333,5.333333333333333,776.29,4637.15,0.3333333333333333,50-59,1552.58,Not assigned
559432,F,False,True,usa,knoxville,TYS,17,Tennessee,8,1,1,1,0.0,2.0,1.0,114.825,1.0,11.0,229.65,1166.0,0.125,10-19,459.3,Long Stayers
559464,F,False,False,usa,orlando,MCO,36,Florida,8,2,2,1,0.0,1.0,0.5,352.83500000000004,0.0,11.0,705.6700000000001,1573.0,0.25,30-39,1411.3400000000001,Long Stayers
559469,F,False,True,canada,montreal,YMX,42,Quebec,8,4,4,3,0.0,1.75,0.5,422.224375,0.0,1.6666666666666667,3801.91,827.0,0.5,40-49,7603.82,High Spenders
559520,F,False,False,usa,riverside,RAL,30,California,9,1,1,1,0.0,1.0,0.0,344.53,0.0,3.0,344.53,1755.0,0.1111111111111111,30-39,689.06,Indecisive
559537,M,True,True,usa,los angeles,LAX,53,California,8,2,2,2,0.5,2.5,1.5,548.245,1.0,3.0,3209.262,2270.0,0.25,50-59,6418.524,High Spenders
559695,F,True,True,usa,san antonio,RND,55,Texas,8,3,2,2,0.0,1.0,1.5,435.005,0.5,3.0,870.01,894.0,0.375,50-59,1740.02,Not assigned
559758,F,True,True,usa,chicago,ORD,47,Illinois,8,1,0,1,0.0,,,,0.0,6.0,,858.0,0.125,40-49,,Indecisive
559772,F,False,False,usa,houston,EFD,46,Texas,8,6,6,6,0.0,1.3333333333333333,0.1666666666666666,423.8733333333333,0.0,2.1666666666666665,3498.45,4401.0,0.75,40-49,6996.9,High Spenders
559782,F,False,False,usa,lubbock,LBB,39,Texas,8,4,4,4,0.5,1.25,0.25,288.135,0.5,3.25,1380.213,2733.5,0.5,30-39,2760.426,Not assigned
559794,F,True,False,usa,los angeles,LAX,37,California,8,5,5,4,0.2,1.0,0.8,483.12,0.0,2.75,2415.6,1819.1,0.625,30-39,4831.2,High Spenders
559832,F,False,False,usa,philadelphia,PNE,19,Pennsylvania,8,0,0,0,,,,,,,,,0.0,10-19,,Indecisive
559834,F,True,True,usa,laredo,LRD,50,Texas,9,2,2,2,0.0,1.0,0.5,402.825,0.0,1.0,805.65,385.0,0.2222222222222222,50-59,1611.3,Not assigned
559863,F,False,False,usa,indianapolis,IND,33,Gujarat,8,3,3,3,0.0,1.6666666666666667,0.6666666666666666,133.79222222222222,0.3333333333333333,4.0,502.83,1749.0,0.375,30-39,1005.66,Not assigned
559901,F,False,False,canada,montreal,YHU,36,Quebec,8,4,4,4,0.0,1.0,0.25,425.455,0.25,1.0,1701.82,665.0,0.5,30-39,3403.64,Not assigned
559918,F,False,False,canada,calgary,YYC,41,Alberta,8,3,1,3,0.0,1.0,1.0,417.71,0.0,6.666666666666667,417.71,6459.0,0.375,40-49,835.42,Not assigned
559936,F,True,False,usa,kansas city,MCI,54,Missouri,8,2,2,2,0.0,1.0,0.0,245.82,0.5,2.0,491.64,392.0,0.25,50-59,983.28,Not assigned
559981,F,False,False,usa,columbus,LCK,44,Ohio,8,6,6,6,0.3333333333333333,1.1666666666666667,0.6666666666666666,230.76,0.5,2.5,1357.5594999999998,3551.0,0.75,40-49,2715.1189999999997,Not assigned
559995,F,True,False,usa,oklahoma city,TIK,50,Oklahoma,8,1,1,1,0.0,2.0,1.0,251.95,1.0,5.0,503.9,2710.0,0.125,50-59,1007.8,Indecisive
560125,M,False,False,canada,toronto,YZD,41,,8,2,2,2,0.5,1.5,1.0,377.35,0.5,5.5,1411.35,2542.3,0.25,40-49,2822.7,Not assigned
560175,F,False,False,canada,toronto,YTZ,32,Ontario,8,2,2,1,0.0,1.0,0.0,76.69500000000001,0.0,2.0,153.39,174.0,0.25,30-39,306.78,Not assigned
560195,F,False,False,usa,miami,OPF,42,Florida,8,6,5,5,0.3333333333333333,1.4,0.4,393.724,0.4,3.6,2814.66,3174.2,0.75,40-49,5629.32,High Spenders
560213,F,True,True,usa,houston,HOU,49,Texas,8,2,2,2,0.5,1.0,1.5,298.45,0.0,1.0,584.2145,667.0,0.25,40-49,1168.429,Not assigned
560245,F,False,True,usa,san jose,SJC,42,California,9,3,3,3,0.0,2.333333333333333,0.0,536.5211111111112,0.0,2.6666666666666665,4600.950000000001,2268.0,0.3333333333333333,40-49,9201.900000000001,High Spenders
560257,F,True,True,usa,bakersfield,BFL,55,California,10,1,0,1,0.0,,,,1.0,3.0,,255.0,0.1,50-59,,Indecisive
560273,M,True,False,usa,fresno,FAT,57,California,8,3,2,3,0.3333333333333333,1.0,0.0,595.92,0.6666666666666666,2.0,1191.84,1851.0,0.375,50-59,2383.68,Not assigned
560291,F,True,False,usa,el paso,BIF,45,Texas,8,3,3,2,0.3333333333333333,1.0,1.0,438.81,0.0,4.5,1218.063,1363.0,0.375,40-49,2436.126,Not assigned
560341,F,True,True,usa,omaha,OMA,47,Iowa,8,3,1,3,0.0,1.0,0.0,322.31,0.0,6.333333333333333,322.31,2052.0,0.375,40-49,644.62,Not assigned
560362,F,False,False,usa,new york,LGA,44,New York,8,4,4,4,0.25,1.0,1.0,329.31,0.0,1.5,1299.538,1101.0,0.5,40-49,2599.076,Not assigned
560367,F,False,False,usa,houston,EFD,41,Texas,9,5,5,4,0.2,1.4,0.4,369.021,0.25,2.75,2683.944,6010.85,0.5555555555555556,40-49,5367.888,High Spenders
560433,F,False,False,canada,toronto,YYZ,26,Ontario,8,0,0,0,,,,,,,,,0.0,20-29,,Indecisive
560468,F,True,True,canada,toronto,YTZ,40,Ontario,8,3,3,3,0.0,1.0,0.3333333333333333,98.41666666666669,0.3333333333333333,5.333333333333333,295.25,2514.0,0.375,40-49,590.5,Not assigned
560478,F,True,False,usa,modesto,MOD,41,California,10,2,1,2,0.0,1.0,3.0,519.37,0.0,6.0,519.37,1724.0,0.2,40-49,1038.74,Not assigned
560497,F,True,False,usa,baton rouge,BTR,41,Louisiana,9,1,1,1,0.0,1.0,0.0,422.16,0.0,1.0,422.16,266.0,0.1111111111111111,40-49,844.32,Indecisive
560508,F,False,False,usa,minneapolis,MSP,53,Minnesota,8,1,1,0,0.0,1.0,0.0,323.14,,,323.14,,0.125,50-59,646.28,Indecisive
560511,F,True,False,usa,new york,JFK,38,New York,8,6,5,6,0.3333333333333333,1.0,0.6,351.108,0.5,4.5,1670.421,4719.0,0.75,30-39,3340.842,Not assigned
560723,F,True,False,usa,nashville,BNA,46,Tennessee,9,0,0,0,,,,,,,,,0.0,40-49,,Indecisive
560803,F,True,False,usa,boston,BOS,44,Massachusetts,8,5,5,5,0.4,1.4,0.4,494.727,0.2,3.4,3723.877,3483.0,0.625,40-49,7447.754,High Spenders
560854,F,True,True,usa,new york,JFK,37,New York,9,4,4,4,0.0,2.0,1.25,355.529,0.25,4.25,1752.5,2577.0,0.4444444444444444,30-39,3505.0,Family travelers
560888,F,False,False,usa,cleveland,CLE,48,Ohio,9,3,3,2,0.0,1.3333333333333333,0.6666666666666666,198.83833333333337,0.0,3.0,723.82,3258.0,0.3333333333333333,40-49,1447.64,Not assigned
560915,F,False,False,usa,fort worth,FTW,17,Texas,8,1,1,1,1.0,1.0,1.0,246.33,0.0,4.0,221.697,345.8,0.125,10-19,443.394,Indecisive
560978,F,False,True,usa,los angeles,LAX,17,California,8,2,1,2,0.5,2.0,1.0,2294.72,0.5,13.0,4589.44,5184.0,0.25,10-19,9178.88,Long Stayers
560991,F,True,True,usa,philadelphia,PNE,52,Pennsylvania,8,4,4,4,0.0,1.0,0.5,291.4325,0.0,7.0,1165.73,3896.0,0.5,50-59,2331.46,Not assigned
561031,F,False,False,canada,winnipeg,YWG,35,Manitoba,8,4,4,4,0.0,1.0,0.5,334.21000000000004,0.5,3.75,1336.84,3029.0,0.5,30-39,2673.68,Not assigned
561033,F,True,True,canada,toronto,YTZ,53,Ontario,8,4,4,4,0.25,1.25,1.0,276.2375,0.25,2.0,1205.93,1990.8,0.5,50-59,2411.86,Not assigned
561037,F,False,False,usa,san antonio,RND,37,Texas,8,2,1,2,0.0,1.0,1.0,326.74,0.0,10.0,326.74,3190.0,0.25,30-39,653.48,Long Stayers
561044,F,False,False,usa,cleveland,CLE,66,Ohio,8,0,0,0,,,,,,,,,0.0,60-69,,Indecisive
561243,F,False,False,usa,san diego,NZY,44,California,8,4,4,3,0.5,1.0,0.5,564.4725000000001,0.0,4.333333333333333,2257.8900000000003,1646.4,0.5,40-49,4515.780000000001,High Spenders
561331,F,False,True,usa,sacramento,SMF,41,California,8,2,2,2,0.5,1.0,0.0,361.33,0.5,6.0,722.6600000000001,1113.9,0.25,40-49,1445.3200000000002,Not assigned
561333,F,False,False,usa,dallas,DAL,32,Texas,8,0,0,0,,,,,,,,,0.0,30-39,,Indecisive
561339,M,True,True,usa,chicago,MDW,42,Illinois,8,2,2,2,0.0,1.0,2.0,527.47,0.0,1.5,1054.94,564.0,0.25,40-49,2109.88,Not assigned
561353,F,False,False,usa,milwaukee,MKE,39,Wisconsin,8,4,4,3,0.0,1.0,0.0,237.86,0.3333333333333333,2.6666666666666665,951.44,1138.0,0.5,30-39,1902.88,Not assigned
561503,F,False,False,canada,toronto,YYZ,38,Ontario,8,4,3,3,0.25,1.0,0.3333333333333333,440.3933333333334,0.0,5.333333333333333,1235.1205,1530.0,0.5,30-39,2470.241,Not assigned
561519,F,True,False,canada,quebec,YQB,60,Quebec,8,2,0,2,0.0,,,,0.0,14.5,,14866.0,0.25,60-69,,Long Stayers
561642,F,False,True,usa,houston,EFD,52,Texas,8,4,3,4,0.5,1.0,0.6666666666666666,377.3566666666666,0.5,5.5,1090.857,5649.2,0.5,50-59,2181.714,Not assigned
561652,M,False,False,usa,lincoln,LNK,39,Nebraska,8,3,3,2,0.0,1.3333333333333333,0.3333333333333333,370.5633333333333,0.0,2.0,1451.32,670.0,0.375,30-39,2902.64,Not assigned
561653,F,True,False,usa,charlotte,CLT,60,North Carolina,8,4,3,4,0.25,1.0,0.0,211.25333333333333,0.5,3.25,633.76,1552.0,0.5,60-69,1267.52,Not assigned
561665,F,False,False,canada,victoria,YYJ,44,British Columbia,8,1,1,1,0.0,2.0,0.0,705.84,0.0,1.0,1411.68,226.0,0.125,40-49,2823.36,Indecisive
561687,F,False,False,canada,edmonton,YXD,20,,8,3,2,3,0.3333333333333333,1.0,0.0,370.185,0.3333333333333333,6.666666666666667,740.37,3383.0,0.375,20-29,1480.74,Not assigned
561707,F,True,True,usa,san jose,SJC,41,California,8,2,2,0,0.0,1.0,1.0,696.91,,,1393.82,,0.25,40-49,2787.64,Only Flight
561710,F,False,False,usa,los angeles,LAX,40,California,9,3,3,2,0.0,1.0,1.0,445.0933333333333,0.0,3.0,1335.28,1044.0,0.3333333333333333,40-49,2670.56,Not assigned
561798,F,True,False,usa,new york,LGA,48,New York,8,3,3,3,0.0,1.0,0.0,524.2466666666668,0.3333333333333333,3.333333333333333,1572.7400000000002,970.0,0.375,40-49,3145.4800000000005,Not assigned
561846,F,True,False,usa,new york,JFK,39,New York,8,3,2,3,0.3333333333333333,1.0,0.5,473.645,0.3333333333333333,2.333333333333333,947.29,1155.8,0.375,30-39,1894.58,Not assigned
561864,F,False,False,usa,long beach,LGB,38,California,8,3,2,3,0.0,1.0,0.5,390.82,0.3333333333333333,4.666666666666667,781.64,3384.0,0.375,30-39,1563.28,Not assigned
561896,F,True,True,usa,new york,JFK,47,New York,8,1,1,1,1.0,1.0,1.0,677.81,1.0,3.0,677.81,675.0,0.125,40-49,1355.62,Indecisive
561950,M,False,False,usa,chicago,UGN,41,Illinois,9,6,6,6,0.0,1.1666666666666667,0.8333333333333334,221.61416666666665,0.0,4.333333333333333,1545.18,4058.0,0.6666666666666666,40-49,3090.36,Not assigned
561992,M,True,True,canada,montreal,YMX,43,Quebec,8,2,2,2,0.0,1.0,0.5,353.36,0.5,4.0,706.72,1194.0,0.25,40-49,1413.44,Not assigned
561994,F,True,False,usa,laredo,LRD,48,Texas,8,3,3,3,0.3333333333333333,1.0,0.0,394.9766666666667,0.0,2.333333333333333,1130.598,932.0,0.375,40-49,2261.196,Not assigned
562010,M,False,True,usa,new york,LGA,41,New York,8,5,5,3,0.0,1.0,0.6,441.048,0.0,1.0,2205.24,303.0,0.625,40-49,4410.48,Not assigned
562148,F,True,False,usa,oklahoma city,TIK,38,Oklahoma,8,4,4,4,0.5,1.75,0.5,151.87791666666666,0.25,2.25,990.256,2088.0,0.5,30-39,1980.512,Not assigned
562161,F,False,False,canada,vancouver,YVR,31,British Columbia,8,2,2,2,0.5,2.0,0.5,455.775,0.0,1.5,2192.73,1324.8,0.25,30-39,4385.46,Not assigned
562209,F,False,False,usa,winston-salem,INT,35,North Carolina,8,2,2,2,1.0,1.5,0.5,408.655,0.0,1.5,1352.0,1854.4,0.25,30-39,2704.0,Discount buyer
562238,F,True,True,usa,new york,LGA,47,New York,8,1,1,1,0.0,1.0,1.0,356.35,0.0,1.0,356.35,140.0,0.125,40-49,712.7,Indecisive
562275,M,False,False,usa,chicago,UGN,55,Illinois,8,4,4,4,0.5,1.0,0.25,303.0125,0.25,3.75,1141.814,2320.2,0.5,50-59,2283.628,Not assigned
562315,F,True,False,usa,new york,LGA,46,New York,9,2,2,2,0.5,1.0,0.0,320.83,0.0,1.0,534.3580000000001,429.0,0.2222222222222222,40-49,1068.7160000000001,Not assigned
562398,F,False,False,usa,tacoma,TCM,38,Washington,9,4,3,4,0.25,1.0,0.3333333333333333,436.05,0.0,5.0,1220.9625,5027.4,0.4444444444444444,30-39,2441.925,Not assigned
562428,F,False,False,usa,colorado springs,COS,44,Colorado,8,3,3,3,0.3333333333333333,1.6666666666666667,0.3333333333333333,343.2388888888889,0.3333333333333333,3.6666666666666665,1609.908,4576.0,0.375,40-49,3219.816,Not assigned
562529,F,True,True,usa,oklahoma city,TIK,40,Oklahoma,8,4,4,4,0.25,1.0,0.75,386.7475,0.25,1.75,1514.575,1486.6,0.5,40-49,3029.15,Not assigned
562576,F,True,False,usa,chicago,UGN,48,Illinois,8,3,1,2,0.3333333333333333,2.0,1.0,492.825,0.0,5.0,985.65,1654.6,0.375,40-49,1971.3,Not assigned
562587,F,False,True,usa,little rock,LIT,29,Arkansas,8,1,0,1,0.0,,,,1.0,9.0,,1017.0,0.125,20-29,,Long Stayers
562612,F,False,False,usa,chicago,MDW,41,Illinois,8,3,2,3,0.0,1.5,1.0,283.3325,0.3333333333333333,4.666666666666667,1020.35,1507.0,0.375,40-49,2040.7,Not assigned
562708,F,True,False,usa,louisville,LOU,46,Kentucky,8,5,5,5,0.4,1.0,0.6,185.854,0.6,1.8,926.107,1882.0,0.625,40-49,1852.214,Not assigned
562814,M,False,False,usa,new york,JFK,16,New York,8,1,0,1,1.0,,,,1.0,11.0,,1518.0,0.125,10-19,,Long Stayers
562886,F,True,False,usa,san francisco,SFO,46,California,8,4,4,4,0.0,1.0,1.0,303.46,0.25,1.5,1213.84,950.0,0.5,40-49,2427.68,Not assigned
562888,F,True,False,usa,louisville,LOU,28,Kentucky,8,0,0,0,,,,,,,,,0.0,20-29,,Indecisive
563052,F,False,False,usa,houston,HOU,24,Texas,8,1,0,1,1.0,,,,0.0,4.0,,312.0,0.125,20-29,,Indecisive
563059,M,False,True,usa,cleveland,CLE,40,Ohio,8,4,4,3,0.5,1.25,0.5,523.00125,0.3333333333333333,1.6666666666666667,2161.175,1253.0,0.5,40-49,4322.35,Not assigned
563162,F,False,True,canada,toronto,YKZ,34,Ontario,8,3,3,3,0.3333333333333333,1.0,0.0,529.9233333333333,1.0,2.0,1589.77,411.2,0.375,30-39,3179.54,Not assigned
563201,F,False,False,usa,los angeles,LAX,26,California,8,3,3,2,0.0,1.6666666666666667,0.0,610.6577777777778,0.0,7.5,3083.2,2096.0,0.375,20-29,6166.4,Long Stayers
563254,F,False,False,usa,phoenix,PHX,17,Arizona,8,2,2,2,0.0,1.0,0.5,353.59,0.0,6.5,707.18,1262.0,0.25,10-19,1414.36,Youngs
563335,M,True,False,canada,quebec,YQB,59,Quebec,8,1,1,1,0.0,1.0,3.0,489.69,0.0,1.0,489.69,125.0,0.125,50-59,979.38,Indecisive
563342,F,False,False,usa,tulsa,TUL,31,Oklahoma,8,1,1,1,0.0,2.0,0.0,280.6,0.0,2.0,561.2,740.0,0.125,30-39,1122.4,Indecisive
563483,F,True,False,usa,akron,AKR,36,Ondo,9,5,4,5,0.2,1.0,0.75,115.1825,0.4,3.2,460.73,3749.4,0.5555555555555556,30-39,921.46,Not assigned
563489,F,False,False,usa,denver,DEN,44,Colorado,8,5,4,4,0.4,1.25,0.25,359.22375,0.0,3.75,1659.5169999999998,1783.05,0.625,40-49,3319.0339999999997,Not assigned
563544,F,True,True,usa,new york,LGA,49,New York,8,3,3,3,0.3333333333333333,1.0,1.0,351.54,0.0,3.6666666666666665,1054.62,2033.4,0.375,40-49,2109.24,Not assigned
563598,F,False,True,usa,fort worth,FTW,20,Texas,9,2,1,2,1.0,1.0,0.0,71.42,0.0,3.0,67.849,2425.75,0.2222222222222222,20-29,135.698,Discount buyer
563691,F,False,True,usa,san diego,SAN,17,California,8,1,0,1,0.0,,,,1.0,5.0,,525.0,0.125,10-19,,Indecisive
563731,F,True,False,usa,washington,IAD,48,Virginia,8,5,4,4,0.6,1.25,0.25,375.96375,0.0,6.0,1880.4355,5337.0,0.625,40-49,3760.871,Not assigned
563735,F,False,False,canada,vancouver,YVR,48,British Columbia,8,5,5,3,0.2,1.4,0.6,535.9300000000001,0.0,5.333333333333333,4252.0225,3604.95,0.625,40-49,8504.045,High Spenders
563736,F,True,True,usa,san jose,SJC,39,California,8,3,2,3,0.3333333333333333,2.0,0.5,611.2775,0.3333333333333333,4.333333333333333,2445.11,4861.2,0.375,30-39,4890.22,High Spenders
563773,M,False,False,usa,mobile,MOB,29,Alabama,8,3,2,3,0.3333333333333333,1.0,0.5,208.33,0.3333333333333333,5.666666666666667,416.66,4429.0,0.375,20-29,833.32,Not assigned
563787,F,False,False,usa,dallas,DAL,40,Texas,8,4,3,3,0.25,1.0,0.0,280.67,0.3333333333333333,2.6666666666666665,803.7195,898.0,0.5,40-49,1607.439,Not assigned
563853,F,False,False,usa,chicago,UGN,28,Illinois,8,2,2,1,0.0,1.0,0.5,422.99,0.0,3.0,845.98,375.0,0.25,20-29,1691.96,Not assigned
563882,F,False,False,usa,portland,PDX,32,Oregon,8,3,3,3,0.0,1.6666666666666667,0.3333333333333333,561.4766666666666,0.6666666666666666,3.6666666666666665,2732.93,3725.0,0.375,30-39,5465.86,High Spenders
563956,F,False,False,usa,minneapolis,MSP,46,Minnesota,8,2,2,2,0.0,1.5,0.5,246.63,0.5,2.0,590.79,1350.0,0.25,40-49,1181.58,Not assigned
563974,F,True,True,usa,miami,MIA,56,Florida,8,1,0,1,0.0,,,,0.0,6.0,,804.0,0.125,50-59,,Indecisive
563995,M,False,True,usa,sacramento,MHR,26,California,8,2,2,2,0.5,2.0,1.0,656.7625,0.5,4.0,2627.05,2532.4,0.25,20-29,5254.1,High Spenders
564100,F,True,False,usa,las vegas,LSV,38,Nevada,8,6,5,5,0.5,1.2,0.6,499.09,0.2,3.2,2773.7495,4719.0,0.75,30-39,5547.499,High Spenders
564219,F,False,True,usa,baltimore,BWI,42,Maryland,9,4,3,4,0.25,1.0,0.6666666666666666,235.9466666666667,0.25,3.5,707.84,2258.0,0.4444444444444444,40-49,1415.68,Not assigned
564252,F,False,False,canada,calgary,YYC,41,Alberta,8,3,3,3,0.3333333333333333,1.6666666666666667,0.3333333333333333,391.93666666666667,0.3333333333333333,1.3333333333333333,1325.2165,1485.0,0.375,40-49,2650.433,Not assigned
564377,F,False,False,usa,new york,LGA,36,New York,8,3,2,2,0.6666666666666666,1.0,0.5,542.74,0.5,3.0,1016.8480000000002,552.0,0.375,30-39,2033.6960000000004,Not assigned
564430,F,False,True,canada,hamilton,YHM,42,Ontario,8,6,5,5,0.1666666666666666,1.8,0.8,256.1255,0.2,3.6,2480.91,2744.8,0.75,40-49,4961.82,High Spenders
564495,F,False,True,usa,fresno,FAT,49,California,8,3,2,3,0.3333333333333333,1.0,0.0,297.97,0.0,2.333333333333333,573.717,1548.7,0.375,40-49,1147.434,Not assigned
564498,F,False,False,canada,edmonton,YEG,21,Alberta,8,0,0,0,,,,,,,,,0.0,20-29,,Indecisive
564517,F,True,False,usa,fort worth,FTW,56,Texas,8,4,4,4,0.25,1.0,1.0,338.5175,0.25,4.0,1249.547,2109.0,0.5,50-59,2499.094,Not assigned
564534,F,True,False,usa,new york,LGA,45,New York,8,3,3,3,0.3333333333333333,1.0,0.0,419.9066666666667,0.0,4.333333333333333,1259.72,2729.2,0.375,40-49,2519.44,Not assigned
564588,F,False,True,usa,indianapolis,IND,17,Gujarat,8,2,0,2,1.0,,,,0.0,4.0,,948.0,0.25,10-19,,Youngs
564593,F,False,False,usa,las vegas,LAS,27,Nevada,8,2,1,2,0.5,1.0,0.0,688.4,0.5,5.0,619.56,918.0,0.25,20-29,1239.12,Not assigned
564596,F,False,True,usa,austin,AUS,32,Texas,8,4,4,4,0.0,1.75,0.75,331.985,0.25,3.5,2611.64,2863.0,0.5,30-39,5223.28,High Spenders
564604,F,True,False,usa,reno,RNO,37,Nevada,9,3,3,2,0.3333333333333333,1.0,1.0,278.45,1.0,1.5,797.919,818.0,0.3333333333333333,30-39,1595.838,Not assigned
564606,F,False,False,usa,los angeles,LAX,36,California,8,3,2,3,0.3333333333333333,2.5,1.5,382.0225,0.3333333333333333,5.666666666666667,1970.9,5008.0,0.375,30-39,3941.8,Not assigned
564620,F,False,False,usa,fresno,FAT,42,California,8,3,3,2,0.3333333333333333,1.3333333333333333,0.3333333333333333,347.91333333333336,0.5,6.0,1116.424,2748.0,0.375,40-49,2232.848,Not assigned
564699,F,False,True,usa,new york,LGA,28,New York,8,4,4,4,0.0,1.0,0.5,207.1575,0.25,2.25,828.63,1373.0,0.5,20-29,1657.26,Not assigned
564713,F,True,True,usa,los angeles,LAX,39,California,8,4,4,2,0.0,2.0,1.5,455.5625,1.0,3.0,2352.41,1085.0,0.5,30-39,4704.82,High Spenders
564736,M,False,False,usa,denver,DEN,49,Colorado,8,5,5,5,0.2,1.4,0.4,376.49,0.4,4.0,2743.23,4643.6,0.625,40-49,5486.46,High Spenders
564737,F,False,False,usa,charlotte,CLT,46,North Carolina,8,1,1,1,1.0,2.0,1.0,153.67,0.0,1.0,261.239,212.5,0.125,40-49,522.478,Indecisive
564962,F,True,False,usa,long beach,LGB,52,California,8,4,4,4,0.0,1.0,0.25,508.5225,0.25,1.5,2034.09,1217.0,0.5,50-59,4068.18,Not assigned
565070,F,False,False,canada,quebec,YQB,66,Quebec,9,2,2,2,0.5,1.0,1.0,590.795,0.0,2.0,1181.59,537.0,0.2222222222222222,60-69,2363.18,Retired
565076,F,False,False,usa,stockton,SCK,24,California,8,0,0,0,,,,,,,,,0.0,20-29,,Indecisive
565109,F,False,False,usa,chicago,UGN,29,Illinois,8,4,4,3,0.75,1.0,0.75,276.71500000000003,0.3333333333333333,2.333333333333333,1010.5155,1518.0,0.5,20-29,2021.031,Not assigned
565114,F,False,False,usa,philadelphia,PNE,33,Pennsylvania,10,4,3,2,0.75,1.0,1.0,470.63333333333327,0.0,7.0,1377.2285,1147.55,0.4,30-39,2754.457,Not assigned
565251,F,False,False,canada,calgary,YYC,33,Alberta,9,3,3,3,1.0,1.0,0.3333333333333333,548.5100000000001,0.6666666666666666,2.333333333333333,1540.104,1005.8,0.3333333333333333,30-39,3080.208,Discount buyer
565280,F,False,False,usa,new york,JFK,20,New York,8,2,2,1,0.0,1.0,0.5,1643.25,0.0,2.0,3286.5,232.0,0.25,20-29,6573.0,High Spenders
565419,F,False,False,usa,new york,JFK,46,New York,8,3,3,1,0.6666666666666666,1.0,0.6666666666666666,136.53333333333333,0.0,1.0,373.2415,360.05,0.375,40-49,746.483,Not assigned
565459,F,False,False,usa,new york,LGA,28,New York,8,3,3,3,0.6666666666666666,1.0,0.3333333333333333,609.8666666666667,0.6666666666666666,1.6666666666666667,1725.701,440.6,0.375,20-29,3451.402,Not assigned
565460,F,False,True,usa,chicago,ORD,38,Illinois,8,3,2,3,0.3333333333333333,1.0,1.0,270.94,0.3333333333333333,5.333333333333333,541.88,2829.0,0.375,30-39,1083.76,Not assigned
565464,F,True,False,usa,san francisco,SFO,46,California,8,2,2,2,0.0,1.0,0.0,365.165,0.5,2.0,730.3299999999999,462.0,0.25,40-49,1460.6599999999999,Not assigned
565510,F,True,False,usa,houston,EFD,65,Texas,9,3,3,3,0.6666666666666666,1.0,0.6666666666666666,337.52333333333337,0.6666666666666666,4.0,957.5505,1127.9,0.3333333333333333,60-69,1915.101,Retired
565511,F,False,False,usa,st. louis,STL,17,Missouri,8,0,0,0,,,,,,,,,0.0,10-19,,Indecisive
565573,F,False,False,usa,fort worth,FTW,38,Texas,9,6,6,6,0.0,1.0,1.0,333.3616666666667,0.3333333333333333,2.6666666666666665,2000.17,3645.0,0.6666666666666666,30-39,4000.34,Not assigned
565764,F,False,True,canada,montreal,YUL,30,Quebec,8,1,1,1,0.0,1.0,1.0,91.96,0.0,5.0,91.96,1200.0,0.125,30-39,183.92,Indecisive
565768,F,False,False,canada,calgary,YYC,31,Alberta,8,5,4,4,0.2,1.25,1.0,528.27125,0.0,1.75,2559.7235,1957.0,0.625,30-39,5119.447,High Spenders
565791,F,False,False,usa,dallas,DAL,50,Texas,8,3,3,3,0.3333333333333333,1.0,0.3333333333333333,284.03000000000003,0.3333333333333333,6.0,777.933,4196.0,0.375,50-59,1555.866,Not assigned
565826,F,False,True,usa,providence,PVD,24,Rhode Island,8,1,0,1,0.0,,,,0.0,11.0,,2112.0,0.125,20-29,,Long Stayers
565827,F,True,False,usa,nashville,BNA,24,Tennessee,9,1,1,1,0.0,1.0,1.0,189.77,0.0,1.0,189.77,250.0,0.1111111111111111,20-29,379.54,Indecisive
565935,F,True,False,usa,new york,LGA,53,New York,8,3,3,3,0.6666666666666666,1.3333333333333333,0.6666666666666666,525.3833333333333,0.0,4.0,2085.879,974.8,0.375,50-59,4171.758,Not assigned
566008,F,False,False,usa,chicago,ORD,37,Illinois,10,5,5,5,0.2,1.0,0.6,308.552,0.0,4.8,1542.7600000000002,3750.0,0.5,30-39,3085.5200000000004,Not assigned
566032,M,True,False,usa,san antonio,SAT,53,Texas,8,4,4,3,0.0,1.75,1.75,301.6479166666667,0.0,2.333333333333333,2508.07,1464.0,0.5,50-59,5016.14,High Spenders
566059,F,True,True,usa,baltimore,BWI,28,Maryland,11,3,3,3,0.3333333333333333,1.0,0.3333333333333333,257.35,0.6666666666666666,4.0,772.05,2071.7,0.2727272727272727,20-29,1544.1,Not assigned
566061,M,True,True,canada,toronto,YZD,52,,8,3,3,3,0.0,1.0,0.6666666666666666,427.6666666666667,0.0,2.0,1283.0,564.0,0.375,50-59,2566.0,Not assigned
566096,F,False,True,usa,memphis,MEM,39,Tennessee,8,4,3,3,0.0,1.0,0.0,287.94,0.3333333333333333,2.0,863.8199999999999,1216.0,0.5,30-39,1727.6399999999999,Not assigned
566275,F,False,False,usa,reno,RNO,32,Nevada,8,2,1,2,0.5,1.0,2.0,340.26,0.5,6.5,340.26,3572.0,0.25,30-39,680.52,Not assigned
566279,F,True,False,usa,los angeles,LAX,42,California,8,1,1,1,0.0,1.0,0.0,503.93,0.0,2.0,503.93,98.0,0.125,40-49,1007.86,Indecisive
566338,F,True,False,usa,phoenix,LUF,42,Arizona,8,1,1,1,1.0,1.0,0.0,462.85,0.0,1.0,393.4225,208.0,0.125,40-49,786.845,Indecisive
566432,F,True,True,usa,el paso,ELP,63,Texas,9,4,3,4,0.0,1.6666666666666667,0.6666666666666666,518.53,0.0,2.0,2648.09,1248.0,0.4444444444444444,60-69,5296.18,High Spenders
566547,F,False,False,usa,richmond,RIC,41,Virginia,9,2,2,2,0.5,1.0,0.0,124.3,0.5,2.5,241.8645,1379.0,0.2222222222222222,40-49,483.729,Not assigned
566626,F,True,False,usa,san diego,SAN,49,California,8,1,1,1,0.0,1.0,0.0,32.84,0.0,1.0,32.84,288.0,0.125,40-49,65.68,Indecisive
566702,F,False,True,usa,minneapolis,MSP,46,Minnesota,8,3,2,3,0.3333333333333333,1.0,0.5,297.64,0.0,2.6666666666666665,595.28,2944.4,0.375,40-49,1190.56,Not assigned
566735,F,False,True,usa,boston,BOS,54,Massachusetts,8,4,4,4,0.5,1.0,0.75,592.0025,0.5,2.25,2331.3415,744.0,0.5,50-59,4662.683,High Spenders
566770,F,True,True,canada,calgary,YYC,31,Alberta,8,2,1,1,0.5,2.0,1.0,490.875,1.0,4.0,834.4875,872.0,0.25,30-39,1668.975,Family travelers
566787,F,False,False,usa,san antonio,SKF,42,Texas,8,3,3,2,0.3333333333333333,1.3333333333333333,0.6666666666666666,434.3133333333333,0.5,2.5,1770.42,780.0,0.375,40-49,3540.84,Not assigned
566815,F,True,False,usa,new york,LGA,41,New York,8,4,3,4,0.0,1.0,0.6666666666666666,361.93666666666667,0.75,7.0,1085.81,4716.0,0.5,40-49,2171.62,Not assigned
566875,F,False,False,canada,toronto,YZD,52,,8,5,5,4,0.0,1.6,0.8,382.3955,0.25,2.25,2229.04,1964.0,0.625,50-59,4458.08,High Spenders
566881,M,True,True,usa,new york,LGA,52,New York,8,5,5,4,0.4,1.2,0.8,532.4939999999999,0.25,4.25,3041.648,1863.0,0.625,50-59,6083.296,High Spenders
566953,F,False,True,canada,edmonton,YEG,30,Alberta,9,1,1,1,1.0,1.0,1.0,476.2,0.0,4.0,428.58,628.0,0.1111111111111111,30-39,857.16,Indecisive
566998,F,False,True,usa,philadelphia,PHL,38,Pennsylvania,8,2,2,2,0.5,1.5,0.0,418.415,0.5,1.0,983.294,473.0,0.25,30-39,1966.588,Not assigned
567052,M,False,False,usa,dallas,DAL,17,Texas,8,1,0,1,1.0,,,,0.0,7.0,,665.0,0.125,10-19,,Indecisive
567219,F,False,False,usa,washington,IAD,36,Virginia,8,3,3,3,0.0,1.0,0.6666666666666666,182.34333333333333,0.3333333333333333,2.0,547.03,959.0,0.375,30-39,1094.06,Not assigned
567243,F,False,True,usa,houston,IAH,32,Texas,8,1,1,1,0.0,1.0,1.0,250.08,0.0,9.0,250.08,1845.0,0.125,30-39,500.16,Long Stayers
567245,M,False,False,usa,wichita,ICT,70,Kansas,8,0,0,0,,,,,,,,,0.0,70-79,,Indecisive
567432,F,False,True,canada,montreal,YMX,44,Quebec,8,5,5,5,0.4,1.0,0.8,388.408,0.2,6.0,1942.04,13494.0,0.625,40-49,3884.08,Not assigned
567448,F,True,True,usa,portland,PWM,45,Maine,10,2,2,1,0.0,1.0,0.0,384.785,1.0,2.0,769.57,122.0,0.2,40-49,1539.14,Not assigned
567458,F,False,False,usa,san antonio,RND,17,Texas,8,1,1,1,0.0,1.0,1.0,457.04,1.0,1.0,457.04,87.0,0.125,10-19,914.08,Indecisive
567478,F,False,False,usa,tacoma,TCM,36,Washington,9,4,4,3,0.25,1.25,0.75,818.5274999999999,0.3333333333333333,4.0,3976.17,4391.6,0.4444444444444444,30-39,7952.34,High Spenders
567547,F,False,False,usa,san jose,SJC,33,California,8,2,2,1,0.0,1.5,1.0,670.735,0.0,4.0,1998.97,1032.0,0.25,30-39,3997.94,Not assigned
567643,F,True,False,usa,chicago,MDW,40,Illinois,8,3,2,3,0.3333333333333333,2.0,0.5,313.14,0.3333333333333333,3.6666666666666665,719.62,1957.1,0.375,40-49,1439.24,Not assigned
567651,F,False,False,usa,laredo,LRD,37,Texas,10,4,4,4,0.25,1.0,0.5,386.545,0.0,2.0,1524.5975,1900.0,0.4,30-39,3049.195,Not assigned
567778,F,False,True,usa,san diego,SAN,43,California,8,4,3,4,0.0,1.0,0.3333333333333333,323.4066666666667,0.0,5.25,970.22,5019.0,0.5,40-49,1940.44,Not assigned
567943,F,False,True,usa,los angeles,LAX,33,California,9,0,0,0,,,,,,,,,0.0,30-39,,Indecisive
567950,F,True,False,usa,houston,IAH,52,Texas,8,2,2,2,0.0,1.5,0.0,234.6625,0.0,1.5,670.99,432.0,0.25,50-59,1341.98,Not assigned
568004,F,True,True,canada,winnipeg,YWG,53,Manitoba,8,3,3,3,0.0,1.0,0.6666666666666666,373.85,0.0,3.0,1121.55,1077.0,0.375,50-59,2243.1,Not assigned
568064,F,True,False,usa,santa ana,SNA,45,California,8,2,2,2,0.5,1.0,1.0,415.0,0.5,10.5,830.0,1909.7,0.25,40-49,1660.0,Long Stayers
568078,F,True,True,usa,san jose,SJC,36,California,8,2,2,1,0.0,1.0,0.5,703.345,0.0,6.0,1406.69,1236.0,0.25,30-39,2813.38,Not assigned
568086,F,False,False,usa,phoenix,LUF,59,Arizona,8,1,1,1,1.0,1.0,0.0,353.44,0.0,1.0,335.768,327.0,0.125,50-59,671.536,Indecisive
568155,F,False,True,usa,san jose,SJC,21,California,8,1,0,1,0.0,,,,0.0,13.0,,5122.0,0.125,20-29,,Long Stayers
568167,F,False,False,usa,san diego,SAN,33,California,8,4,3,4,0.25,1.3333333333333333,0.3333333333333333,568.4316666666667,0.25,4.75,2293.933,3500.0,0.5,30-39,4587.866,High Spenders
568385,F,True,False,usa,jacksonville,NZC,45,Ica,8,4,4,4,0.0,1.25,0.75,341.22375,0.25,3.0,1602.74,1228.0,0.5,40-49,3205.48,Not assigned
568416,M,False,True,canada,saskatoon,YXE,31,Saskatchewan,8,2,2,2,0.0,2.0,0.5,476.6700000000001,0.5,3.0,1835.12,1000.0,0.25,30-39,3670.24,Family travelers
568463,F,False,False,usa,tampa,MCF,53,Florida,9,2,2,2,0.5,1.0,0.0,180.55,0.5,4.5,339.207,1499.0,0.2222222222222222,50-59,678.414,Not assigned
568486,F,True,False,canada,calgary,YYC,59,Alberta,8,4,4,4,0.5,1.0,0.5,423.135,0.75,6.5,1486.894,2313.4,0.5,50-59,2973.788,Not assigned
568513,F,False,True,usa,new york,LGA,25,New York,10,2,0,2,0.0,,,,0.0,7.5,,1428.0,0.2,20-29,,Long Stayers
568602,F,False,True,usa,baton rouge,BTR,35,Louisiana,9,1,1,1,0.0,1.0,1.0,451.96,0.0,4.0,451.96,244.0,0.1111111111111111,30-39,903.92,Indecisive
568713,M,False,False,usa,burlington,BTV,48,Vermont,8,4,3,4,0.25,1.0,0.3333333333333333,387.1666666666667,0.5,2.25,1161.5,2204.0,0.5,40-49,2323.0,Not assigned
568790,M,False,False,usa,new orleans,MSY,52,Louisiana,8,3,3,3,0.0,1.0,0.6666666666666666,318.41333333333336,0.0,3.0,955.24,1728.0,0.375,50-59,1910.48,Not assigned
568917,F,False,False,usa,new york,LGA,22,New York,8,0,0,0,,,,,,,,,0.0,20-29,,Indecisive
568984,F,True,False,canada,montreal,YMX,67,Quebec,8,1,0,1,0.0,,,,1.0,8.0,,1968.0,0.125,60-69,,Long Stayers
569107,F,False,False,usa,indianapolis,IND,19,Gujarat,8,0,0,0,,,,,,,,,0.0,10-19,,Indecisive
569150,F,False,False,usa,washington,IAD,39,Virginia,8,5,5,4,0.2,1.4,1.0,180.0113333333333,0.0,2.25,1460.29,862.7,0.625,30-39,2920.58,Not assigned
569170,F,False,False,usa,des moines,DSM,41,Iowa,8,5,3,5,0.0,1.0,1.3333333333333333,316.02,0.4,4.6,948.06,9858.0,0.625,40-49,1896.12,Not assigned
569239,F,False,False,usa,phoenix,LUF,43,Arizona,8,3,3,3,0.3333333333333333,2.0,0.6666666666666666,332.3627777777778,0.3333333333333333,2.333333333333333,2465.509,2988.5,0.375,40-49,4931.018,High Spenders
569342,F,True,True,canada,ottawa,YOW,36,Ontario,8,3,3,1,0.3333333333333333,1.0,0.6666666666666666,513.2066666666666,0.0,2.0,1539.62,312.0,0.375,30-39,3079.24,Not assigned
569458,F,False,False,canada,toronto,YYZ,31,Ontario,8,1,1,1,0.0,1.0,1.0,98.49,1.0,7.0,98.49,917.0,0.125,30-39,196.98,Indecisive
569466,F,True,True,usa,portland,PWM,40,Maine,8,3,3,3,0.0,1.0,0.3333333333333333,223.6533333333333,0.3333333333333333,2.333333333333333,670.96,785.0,0.375,40-49,1341.92,Not assigned
569472,F,True,False,usa,oklahoma city,TIK,42,Oklahoma,8,2,2,2,0.5,1.0,0.0,274.725,0.5,1.0,549.45,515.7,0.25,40-49,1098.9,Not assigned
569534,F,True,False,canada,ottawa,YOW,48,Ontario,9,5,5,2,0.4,1.2,0.6,341.226,0.0,1.5,2264.587,534.0,0.5555555555555556,40-49,4529.174,High Spenders
569572,F,True,True,usa,new york,LGA,41,New York,8,4,3,4,0.75,1.0,0.6666666666666666,284.9866666666667,0.5,4.5,796.892,2832.9,0.5,40-49,1593.784,Not assigned
569643,F,True,False,usa,philadelphia,PHL,68,Pennsylvania,8,0,0,0,,,,,,,,,0.0,60-69,,Indecisive
569817,M,True,False,usa,houston,IAH,35,Texas,8,3,2,3,0.3333333333333333,1.0,1.0,69.715,0.3333333333333333,6.666666666666667,139.43,2249.8,0.375,30-39,278.86,Not assigned
569923,M,False,False,usa,san diego,SAN,23,California,8,1,1,0,0.0,1.0,0.0,646.32,,,646.32,,0.125,20-29,1292.64,Indecisive
570021,F,False,True,usa,tucson,DMA,37,Arizona,8,3,3,3,0.0,1.3333333333333333,1.0,391.5033333333333,0.3333333333333333,1.6666666666666667,1745.5699999999997,834.0,0.375,30-39,3491.1399999999994,Not assigned
570076,F,False,False,usa,miami,TNT,29,Florida,8,1,1,1,0.0,1.0,0.0,157.02,1.0,7.0,157.02,1540.0,0.125,20-29,314.04,Indecisive
570144,F,True,True,usa,indianapolis,IND,42,Gujarat,8,4,4,3,0.0,1.0,1.0,259.66,0.6666666666666666,1.6666666666666667,1038.64,342.0,0.5,40-49,2077.28,Not assigned
570162,F,False,True,usa,nashville,BNA,36,Tennessee,8,4,3,4,0.75,1.3333333333333333,0.6666666666666666,226.325,0.75,6.0,764.0129999999999,1908.9,0.5,30-39,1528.0259999999998,Not assigned
570219,F,False,False,usa,houston,HOU,37,Texas,8,4,4,3,0.0,1.0,0.75,336.7225,0.3333333333333333,2.6666666666666665,1346.89,551.0,0.5,30-39,2693.78,Not assigned
570224,F,False,False,usa,st. petersburg,SPG,37,Florida,8,2,2,2,0.0,1.0,0.5,296.34000000000003,0.0,2.5,592.6800000000001,856.0,0.25,30-39,1185.3600000000001,Not assigned
570226,F,False,False,canada,london,YXU,31,Ontario,8,4,4,4,0.0,1.0,0.75,263.4175,0.0,3.75,1053.6699999999998,2222.0,0.5,30-39,2107.3399999999997,Not assigned
570279,F,False,False,usa,newark,EWR,25,New Jersey,8,1,1,1,0.0,1.0,0.0,91.29,0.0,6.0,91.29,468.0,0.125,20-29,182.58,Indecisive
570291,F,True,True,usa,jacksonville,LRF,54,Arkansas,9,2,2,2,0.5,1.0,0.5,233.9,0.5,4.0,467.8,1735.2,0.2222222222222222,50-59,935.6,Not assigned
570346,F,False,False,usa,mobile,BFM,36,Alabama,8,5,4,5,0.2,1.75,0.5,378.28541666666666,0.0,3.4,2689.71,10614.0,0.625,30-39,5379.42,High Spenders
570369,F,True,False,usa,nashville,BNA,36,Tennessee,8,4,3,3,0.25,1.0,0.6666666666666666,259.06666666666666,1.0,2.6666666666666665,777.1999999999999,2856.75,0.5,30-39,1554.3999999999999,Not assigned
570601,M,True,True,usa,baltimore,BWI,37,Maryland,8,2,2,1,0.5,1.0,1.0,205.475,0.0,8.0,393.275,1576.0,0.25,30-39,786.55,Long Stayers
570631,F,True,True,usa,portland,PDX,46,Oregon,8,1,1,1,1.0,1.0,0.0,602.09,0.0,1.0,421.463,190.0,0.125,40-49,842.926,Indecisive
570666,F,True,False,canada,winnipeg,YAV,34,,8,3,2,3,0.3333333333333333,1.0,1.0,389.275,0.3333333333333333,4.0,778.55,2117.4,0.375,30-39,1557.1,Not assigned
570782,F,True,False,usa,portland,PDX,42,Oregon,8,5,4,5,0.2,1.25,0.25,453.32125,0.4,4.4,2273.006,19061.0,0.625,40-49,4546.012,High Spenders
570862,F,True,False,usa,houston,IAH,77,Texas,8,1,0,1,0.0,,,,0.0,10.0,,2520.0,0.125,70-79,,Long Stayers
570930,F,False,False,usa,new york,JFK,17,New York,9,1,0,1,1.0,,,,0.0,10.0,,712.5,0.1111111111111111,10-19,,Long Stayers
570961,F,True,False,usa,columbus,LCK,76,Ohio,8,3,1,3,0.0,2.0,1.0,1320.455,0.3333333333333333,6.666666666666667,2640.91,5780.0,0.375,70-79,5281.82,High Spenders
570988,F,True,False,usa,oklahoma city,OKC,66,Oklahoma,8,1,1,1,0.0,1.0,0.0,383.4,0.0,3.0,383.4,561.0,0.125,60-69,766.8,Indecisive
571001,M,False,False,usa,richmond,RIC,16,Virginia,8,1,0,1,0.0,,,,0.0,5.0,,7450.0,0.125,10-19,,Indecisive
571015,F,True,False,usa,austin,AUS,29,Texas,8,5,5,5,0.4,1.0,0.4,210.106,0.2,4.0,1035.59,4145.6,0.625,20-29,2071.18,Not assigned
571200,F,False,False,canada,halifax,YAW,46,,9,5,4,5,0.4,1.0,1.0,421.2375,0.4,2.8,1563.756,1488.0,0.5555555555555556,40-49,3127.512,Not assigned
571251,F,False,False,usa,portland,PDX,59,Oregon,8,1,1,1,1.0,1.0,0.0,540.54,0.0,1.0,486.486,151.0,0.125,50-59,972.972,Indecisive
571363,F,False,False,usa,sacramento,MCC,46,California,8,3,2,3,0.3333333333333333,1.5,1.0,368.2525,0.0,4.666666666666667,1126.75,2175.0,0.375,40-49,2253.5,Not assigned
571429,F,True,True,usa,new york,LGA,41,New York,9,2,2,2,0.5,1.0,1.0,450.82,0.0,1.0,901.64,692.2,0.2222222222222222,40-49,1803.28,Not assigned
571560,F,False,False,usa,tulsa,TUL,50,Oklahoma,8,3,3,2,0.6666666666666666,1.0,0.6666666666666666,359.51666666666665,0.5,4.5,915.617,2021.0,0.375,50-59,1831.234,Not assigned
571561,F,False,False,usa,des moines,DSM,31,Iowa,9,1,0,1,1.0,,,,1.0,6.0,,1065.6,0.1111111111111111,30-39,,Indecisive
571610,F,False,False,usa,los angeles,LAX,17,California,8,1,1,1,0.0,1.0,1.0,766.31,0.0,4.0,766.31,208.0,0.125,10-19,1532.62,Indecisive
571637,F,False,True,usa,seattle,BFI,40,Washington,8,3,2,2,0.0,1.0,1.0,593.585,0.5,8.5,1187.17,1456.0,0.375,40-49,2374.34,Long Stayers
571639,F,True,True,usa,san francisco,SFO,40,California,9,2,2,1,0.0,1.0,1.0,440.845,0.0,2.0,881.69,126.0,0.2222222222222222,40-49,1763.38,Not assigned
571757,F,False,False,usa,orlando,ORL,28,Florida,8,0,0,0,,,,,,,,,0.0,20-29,,Indecisive
571864,F,False,False,usa,madison,MSN,36,Wisconsin,8,3,3,3,0.3333333333333333,1.3333333333333333,0.0,282.2733333333333,0.0,3.6666666666666665,1095.788,1101.0,0.375,30-39,2191.576,Not assigned
571888,F,False,False,usa,el paso,BIF,39,Texas,8,3,3,3,1.0,1.0,0.3333333333333333,253.06333333333336,0.3333333333333333,1.6666666666666667,577.464,1409.0,0.375,30-39,1154.928,Discount buyer
571913,F,False,False,canada,montreal,YUL,21,Quebec,8,2,1,2,1.0,1.0,0.0,132.93,0.0,5.0,112.9905,6466.1,0.25,20-29,225.981,Discount buyer
571940,F,False,True,usa,richmond,RIC,35,Virginia,9,2,0,2,0.5,,,,0.5,7.5,,3424.0,0.2222222222222222,30-39,,Long Stayers
572106,F,True,False,usa,newark,EWR,55,New Jersey,8,1,0,1,0.0,,,,0.0,11.0,,3542.0,0.125,50-59,,Long Stayers
572154,F,True,True,usa,omaha,OFF,46,Nebraska,8,1,0,1,0.0,,,,0.0,1.0,,84.0,0.125,40-49,,Indecisive
572290,F,False,False,usa,chicago,ORD,42,Illinois,8,6,6,6,0.1666666666666666,1.1666666666666667,0.1666666666666666,317.3908333333333,0.5,2.833333333333333,2044.91,2494.6,0.75,40-49,4089.82,Not assigned
572396,F,False,True,usa,madison,MSN,48,Wisconsin,8,3,3,2,0.6666666666666666,1.0,0.3333333333333333,253.17666666666665,0.5,2.0,702.818,1236.0,0.375,40-49,1405.636,Not assigned
572397,F,True,True,usa,bakersfield,BFL,52,California,8,0,0,0,,,,,,,,,0.0,50-59,,Indecisive
572479,F,True,False,usa,portland,PWM,47,Maine,8,4,4,4,0.0,1.0,0.25,285.38,0.5,2.75,1141.52,662.0,0.5,40-49,2283.04,Not assigned
572538,M,True,False,usa,madison,MSN,53,Wisconsin,8,3,3,3,0.3333333333333333,1.0,0.6666666666666666,236.88666666666668,0.6666666666666666,5.0,710.6600000000001,2313.55,0.375,50-59,1421.3200000000002,Not assigned
572591,F,True,False,usa,wichita,ICT,42,Kansas,8,2,2,2,0.0,2.0,1.0,214.45,0.0,4.0,857.8,6274.0,0.25,40-49,1715.6,Not assigned
572632,F,True,True,usa,lubbock,LBB,44,Texas,8,3,3,3,0.3333333333333333,1.0,0.6666666666666666,274.34666666666664,0.3333333333333333,2.333333333333333,823.04,1116.7,0.375,40-49,1646.08,Not assigned
572744,F,True,False,canada,ottawa,YOW,30,Ontario,8,4,3,4,0.5,1.0,0.0,449.03333333333336,0.75,3.75,1347.1,3506.8,0.5,30-39,2694.2,Not assigned
572870,F,False,False,usa,stockton,SCK,20,California,8,0,0,0,,,,,,,,,0.0,20-29,,Indecisive
572932,F,True,False,usa,omaha,OMA,75,Iowa,8,0,0,0,,,,,,,,,0.0,70-79,,Indecisive
573237,F,False,True,canada,calgary,YYC,36,Alberta,8,1,1,1,0.0,1.0,1.0,399.84,1.0,2.0,399.84,348.0,0.125,30-39,799.68,Indecisive
573244,F,False,False,usa,tacoma,TCM,37,Washington,8,4,3,4,0.0,1.0,0.6666666666666666,685.32,0.25,4.25,2055.96,5823.0,0.5,30-39,4111.92,Not assigned
573249,M,False,False,canada,edmonton,YED,47,,8,3,3,3,0.3333333333333333,1.0,0.0,466.2533333333333,0.0,8.333333333333334,1398.76,5079.3,0.375,40-49,2797.52,Long Stayers
573291,F,True,False,canada,winnipeg,YWG,56,Manitoba,8,5,5,4,0.4,1.0,0.2,317.42,0.25,3.0,1456.4229999999998,1268.0,0.625,50-59,2912.8459999999995,Not assigned
573365,F,False,False,canada,toronto,YZD,19,,8,1,1,0,1.0,1.0,0.0,1198.27,,,778.8755,,0.125,10-19,1557.751,Indecisive
573378,F,True,True,usa,new york,LGA,44,New York,8,5,5,5,0.0,1.4,0.2,478.414,0.2,2.6,3076.6000000000004,1680.0,0.625,40-49,6153.200000000001,High Spenders
573379,F,True,False,canada,edmonton,YED,45,,9,5,4,5,0.4,2.0,0.75,522.590625,0.6,1.8,4058.934,2544.6,0.5555555555555556,40-49,8117.868,High Spenders
573420,F,False,False,usa,dallas,DAL,36,Texas,8,5,5,4,0.6,1.2,0.4,319.451,0.25,2.75,1951.4175,2980.4,0.625,30-39,3902.835,Not assigned
573518,F,True,False,usa,los angeles,LAX,43,California,8,2,2,1,0.0,1.0,0.0,699.62,1.0,1.0,1399.24,131.0,0.25,40-49,2798.48,Not assigned
573648,F,False,False,usa,charlotte,CLT,38,North Carolina,8,3,3,3,0.0,1.6666666666666667,0.6666666666666666,371.9244444444444,0.0,1.3333333333333333,1464.66,701.0,0.375,30-39,2929.32,Not assigned
573698,F,False,False,usa,laredo,LRD,30,Texas,9,1,1,1,1.0,1.0,0.0,465.72,1.0,8.0,419.148,1022.4,0.1111111111111111,30-39,838.296,Long Stayers
573704,F,True,False,usa,new york,LGA,47,New York,8,5,5,5,0.4,1.0,0.4,419.898,0.4,3.0,2032.984,2360.0,0.625,40-49,4065.968,Not assigned
573719,F,True,True,canada,saskatoon,YXE,48,Saskatchewan,8,1,1,0,0.0,1.0,0.0,447.55,,,447.55,,0.125,40-49,895.1,Indecisive
573922,F,True,True,usa,tulsa,TUL,40,Oklahoma,8,2,2,2,1.0,1.5,0.0,198.71,0.0,6.0,423.323,1362.0,0.25,40-49,846.646,Discount buyer
573939,F,True,False,usa,chicago,MDW,51,Illinois,8,4,2,4,0.0,1.0,1.0,455.36,0.5,6.0,910.72,4600.0,0.5,50-59,1821.44,Not assigned
573946,F,False,False,usa,tucson,TUS,49,Arizona,8,2,2,2,1.0,1.0,0.5,415.395,0.0,2.0,687.1785,527.0,0.25,40-49,1374.357,Discount buyer
574003,M,False,False,usa,new york,JFK,42,New York,9,2,2,2,0.0,1.0,1.0,153.065,0.5,2.5,306.13,862.0,0.2222222222222222,40-49,612.26,Not assigned
574071,F,True,False,canada,winnipeg,YWG,44,Manitoba,8,4,4,4,0.0,1.0,0.5,314.645,0.0,2.5,1258.58,1810.0,0.5,40-49,2517.16,Not assigned
574104,F,False,False,canada,toronto,YTZ,54,Ontario,8,4,4,4,0.25,1.0,0.5,226.475,0.0,2.25,818.5384999999999,991.0,0.5,50-59,1637.0769999999998,Not assigned
574116,F,True,True,usa,stockton,SCK,45,California,8,1,0,1,1.0,,,,0.0,7.0,,3276.0,0.125,40-49,,Indecisive
574134,F,True,False,usa,houston,HOU,42,Texas,8,2,2,1,0.0,1.0,0.5,394.165,0.0,3.0,788.3299999999999,159.0,0.25,40-49,1576.6599999999999,Not assigned
574279,F,True,False,usa,new orleans,NBG,47,Louisiana,9,3,2,3,0.6666666666666666,1.0,1.5,226.28500000000005,0.3333333333333333,3.333333333333333,441.817,1094.8,0.3333333333333333,40-49,883.634,Not assigned
574362,F,False,False,usa,dallas,DAL,22,Texas,8,0,0,0,,,,,,,,,0.0,20-29,,Indecisive
574409,M,False,True,usa,long beach,LGB,39,California,8,1,1,1,0.0,1.0,0.0,741.89,0.0,1.0,741.89,114.0,0.125,30-39,1483.78,Indecisive
574419,M,False,False,usa,louisville,LOU,33,Kentucky,8,2,2,2,0.0,1.0,0.5,244.605,1.0,1.0,489.21,256.0,0.25,30-39,978.42,Not assigned
574440,F,True,True,usa,san francisco,SFO,49,California,8,2,2,2,0.0,1.0,1.0,566.625,0.5,3.0,1133.25,1424.0,0.25,40-49,2266.5,Not assigned
574794,F,False,False,usa,colorado springs,COS,42,Colorado,8,2,2,1,0.5,1.5,0.5,317.065,1.0,1.0,759.54,215.9,0.25,40-49,1519.08,Not assigned
574840,F,False,True,usa,new york,JFK,38,New York,8,3,3,2,0.3333333333333333,1.0,1.0,394.05,0.0,3.5,1087.6375,3142.0,0.375,30-39,2175.275,Not assigned
574909,F,True,True,usa,orlando,MCO,43,Florida,8,3,3,3,0.3333333333333333,1.0,1.0,290.1066666666667,0.0,1.6666666666666667,870.32,1184.8,0.375,40-49,1740.64,Not assigned
575051,F,False,False,usa,washington,DCA,49,Virginia,8,4,4,3,0.25,1.5,0.5,143.83249999999998,0.0,2.6666666666666665,1253.73,5243.8,0.5,40-49,2507.46,Not assigned
575055,F,False,False,usa,new york,LGA,38,New York,9,4,4,4,0.25,1.5,0.5,580.7608333333333,0.25,2.75,3534.51,4594.35,0.4444444444444444,30-39,7069.02,High Spenders
575233,F,True,False,usa,los angeles,LAX,47,California,8,3,1,3,0.3333333333333333,1.0,0.0,93.64,0.6666666666666666,7.333333333333333,93.64,3346.4,0.375,40-49,187.28,Long Stayers
575299,F,True,False,usa,oklahoma city,OKC,43,Oklahoma,8,3,3,3,0.3333333333333333,1.6666666666666667,0.6666666666666666,320.46222222222224,0.3333333333333333,1.3333333333333333,1540.605,1896.0,0.375,40-49,3081.21,Not assigned
575419,F,False,False,usa,new york,LGA,42,New York,8,5,4,3,0.4,1.5,0.5,498.935,0.3333333333333333,6.666666666666667,2652.21,5893.7,0.625,40-49,5304.42,High Spenders
575554,F,True,False,usa,oklahoma city,OKC,44,Oklahoma,8,1,1,0,0.0,1.0,0.0,262.04,,,262.04,,0.125,40-49,524.08,Indecisive
575561,F,True,False,usa,el paso,BIF,45,Texas,8,3,3,3,0.0,1.0,1.0,293.32666666666665,0.0,2.0,879.98,934.0,0.375,40-49,1759.96,Not assigned
575576,M,False,False,canada,toronto,YZD,51,,8,3,3,3,0.3333333333333333,1.0,0.3333333333333333,188.59333333333333,0.0,2.333333333333333,514.681,2056.0,0.375,50-59,1029.362,Not assigned
575692,F,False,True,usa,washington,IAD,24,Virginia,8,0,0,0,,,,,,,,,0.0,20-29,,Indecisive
575711,F,True,True,usa,santa ana,SNA,48,California,9,3,2,3,0.0,1.0,1.0,525.755,0.0,9.333333333333334,1051.51,3397.0,0.3333333333333333,40-49,2103.02,Long Stayers
575733,F,True,False,usa,tallahassee,TLH,46,Florida,8,0,0,0,,,,,,,,,0.0,40-49,,Indecisive
575774,F,True,False,usa,oakland,OAK,41,California,8,3,3,3,0.0,1.0,0.3333333333333333,497.46333333333337,0.3333333333333333,4.0,1492.39,1814.0,0.375,40-49,2984.78,Not assigned
575809,F,True,False,usa,los angeles,LAX,48,California,8,3,2,3,0.0,1.0,0.0,631.605,0.0,4.0,1263.21,2077.0,0.375,40-49,2526.42,Not assigned
575908,F,False,True,usa,san jose,SJC,29,California,10,2,2,2,0.0,1.5,1.0,413.375,0.5,2.0,1491.6,1384.0,0.2,20-29,2983.2,Not assigned
575923,F,True,True,usa,washington,DCA,39,Virginia,8,2,1,2,0.0,2.0,0.0,65.745,0.0,12.5,131.49,4844.0,0.25,30-39,262.98,Long Stayers
576040,M,False,False,usa,riverside,RIV,27,California,8,2,2,2,0.5,1.0,0.0,439.635,1.0,2.0,879.27,393.25,0.25,20-29,1758.54,Not assigned
576103,F,True,True,usa,sacramento,MCC,50,California,8,1,1,1,0.0,1.0,1.0,99.94,0.0,1.0,99.94,103.0,0.125,50-59,199.88,Indecisive
576136,F,False,False,usa,tulsa,TUL,51,Oklahoma,9,3,2,3,0.6666666666666666,1.0,0.5,211.38,0.3333333333333333,5.0,415.798,5785.4,0.3333333333333333,50-59,831.596,Not assigned
576357,F,True,False,usa,seattle,BFI,33,Washington,8,2,1,2,0.0,1.0,1.0,115.85,0.0,5.0,115.85,1839.0,0.25,30-39,231.7,Not assigned
576366,F,False,False,canada,toronto,YTZ,44,Ontario,8,3,3,2,0.0,1.0,0.6666666666666666,282.77333333333337,1.0,4.5,848.32,571.0,0.375,40-49,1696.64,Not assigned
576369,F,True,False,usa,tulsa,TUL,47,Oklahoma,8,1,1,1,0.0,1.0,0.0,64.81,0.0,2.0,64.81,254.0,0.125,40-49,129.62,Indecisive
576541,F,True,True,usa,houston,IAH,44,Texas,8,3,3,2,0.3333333333333333,2.0,1.3333333333333333,220.835,0.0,1.0,1379.682,336.0,0.375,40-49,2759.364,Family travelers
576612,F,False,False,usa,austin,AUS,37,Texas,8,5,5,4,0.0,1.6,0.2,376.924,0.25,3.75,2667.5,5490.0,0.625,30-39,5335.0,High Spenders
576785,M,True,True,usa,cincinnati,CVG,32,Kentucky,8,0,0,0,,,,,,,,,0.0,30-39,,Indecisive
576849,F,True,False,usa,houston,EFD,37,Texas,8,3,2,3,0.0,1.0,1.0,427.855,0.0,7.666666666666667,855.71,3806.0,0.375,30-39,1711.42,Long Stayers
576879,F,True,True,usa,baton rouge,BTR,37,Louisiana,8,1,1,1,0.0,1.0,1.0,338.3,0.0,1.0,338.3,155.0,0.125,30-39,676.6,Indecisive
576922,F,False,False,usa,new york,LGA,17,New York,8,0,0,0,,,,,,,,,0.0,10-19,,Indecisive
576962,F,False,False,usa,chicago,UGN,44,Illinois,8,3,1,2,0.3333333333333333,1.0,0.0,2547.78,0.0,7.0,2547.78,1167.0,0.375,40-49,5095.56,High Spenders
576966,F,False,False,usa,memphis,MEM,54,Tennessee,9,2,2,2,0.0,1.0,0.0,253.53000000000003,0.5,3.0,507.06000000000006,1032.0,0.2222222222222222,50-59,1014.1200000000001,Not assigned
577046,F,True,True,usa,new york,JFK,42,New York,8,1,1,1,0.0,1.0,0.0,94.26,0.0,3.0,94.26,177.0,0.125,40-49,188.52,Indecisive
577074,F,True,False,usa,chicago,ORD,52,Illinois,8,4,3,4,0.25,1.0,0.6666666666666666,143.04333333333332,0.5,3.0,429.13,2257.0,0.5,50-59,858.26,Not assigned
577145,F,False,False,usa,wichita,IAB,42,Kansas,9,6,4,5,0.1666666666666666,1.75,1.5,242.92583333333332,0.6,4.4,1527.5890000000002,4124.0,0.6666666666666666,40-49,3055.1780000000003,Not assigned
577180,F,True,False,usa,new york,JFK,48,New York,8,5,5,5,0.2,1.0,0.6,234.12600000000003,0.6,3.4,1110.189,2327.0,0.625,40-49,2220.378,Not assigned
577255,F,False,False,usa,las vegas,LSV,45,Nevada,9,3,2,3,0.6666666666666666,2.0,0.5,490.1666666666666,0.0,2.0,1568.288,1376.3,0.3333333333333333,40-49,3136.576,Not assigned
577287,F,False,True,canada,montreal,YUL,43,Quebec,8,3,3,3,0.3333333333333333,1.0,0.6666666666666666,606.5366666666667,0.0,5.666666666666667,1819.61,1467.95,0.375,40-49,3639.22,Not assigned
577356,F,True,True,usa,washington,IAD,40,Virginia,8,1,1,1,1.0,1.0,0.0,520.36,0.0,1.0,494.342,40.0,0.125,40-49,988.684,Indecisive
577381,F,True,True,usa,tacoma,TCM,47,Washington,8,0,0,0,,,,,,,,,0.0,40-49,,Indecisive
577534,F,True,False,usa,san antonio,SKF,25,Texas,8,1,1,1,1.0,2.0,1.0,306.875,0.0,1.0,552.375,398.0,0.125,20-29,1104.75,Indecisive
577539,F,False,True,usa,new york,JFK,33,New York,8,2,2,2,0.0,1.0,1.0,140.955,0.5,2.0,281.91,2054.0,0.25,30-39,563.82,Not assigned
577617,F,True,False,canada,toronto,YTZ,26,Ontario,8,5,5,3,0.2,1.0,0.6,227.786,0.3333333333333333,2.0,1047.1725,1219.0,0.625,20-29,2094.345,Not assigned
577625,F,False,True,usa,austin,AUS,41,Texas,8,2,2,1,0.0,1.0,0.5,467.875,0.0,1.0,935.75,334.0,0.25,40-49,1871.5,Not assigned
577638,F,False,False,canada,winnipeg,YWG,37,Manitoba,9,5,5,5,0.2,1.0,0.6,329.046,0.2,3.0,1585.8525,3372.7,0.5555555555555556,30-39,3171.705,Not assigned
577901,F,True,True,usa,jacksonville,NZC,28,Ica,8,0,0,0,,,,,,,,,0.0,20-29,,Indecisive
577921,F,False,False,usa,phoenix,LUF,26,Arizona,8,2,1,2,0.0,1.0,0.0,53.15,0.5,6.0,53.15,3281.0,0.25,20-29,106.3,Not assigned
577944,F,True,False,usa,san diego,NZY,68,California,8,1,0,1,1.0,,,,0.0,6.0,,788.4,0.125,60-69,,Indecisive
577984,F,False,True,usa,el paso,ELP,46,Texas,8,3,3,3,0.0,1.0,0.3333333333333333,373.20666666666665,0.6666666666666666,4.0,1119.62,1870.0,0.375,40-49,2239.24,Not assigned
578164,F,False,True,usa,denver,DEN,42,Colorado,8,2,2,2,0.0,1.0,0.5,318.135,0.0,1.5,636.27,264.0,0.25,40-49,1272.54,Not assigned
578396,F,True,True,usa,riverside,RIV,55,California,8,3,1,3,0.3333333333333333,1.0,1.0,690.99,0.6666666666666666,5.0,690.99,3531.0,0.375,50-59,1381.98,Not assigned
578503,F,True,False,usa,louisville,LOU,50,Kentucky,8,3,2,3,0.3333333333333333,1.0,1.0,153.35,0.6666666666666666,4.333333333333333,306.7,1914.6,0.375,50-59,613.4,Not assigned
578549,F,True,False,usa,austin,AUS,38,Texas,9,4,4,4,0.5,1.0,0.5,338.005,0.5,5.75,1352.02,3270.1,0.4444444444444444,30-39,2704.04,Not assigned
578607,F,False,False,usa,oakland,OAK,39,California,9,6,5,4,0.1666666666666666,1.0,0.8,275.026,0.25,1.5,1370.6090000000002,2410.0,0.6666666666666666,30-39,2741.2180000000003,Not assigned
578866,F,True,True,usa,los angeles,LAX,40,California,8,0,0,0,,,,,,,,,0.0,40-49,,Indecisive
578892,F,False,True,usa,fresno,FAT,34,California,8,4,4,4,0.25,1.0,0.5,516.3875,0.75,1.75,2002.26,812.0,0.5,30-39,4004.52,Not assigned
578929,F,True,False,usa,los angeles,LAX,37,California,8,3,3,2,0.3333333333333333,1.3333333333333333,0.6666666666666666,424.61,0.5,1.5,1511.619,642.0,0.375,30-39,3023.238,Not assigned
578938,F,True,False,usa,new york,JFK,45,New York,8,5,4,4,0.2,1.0,1.25,486.5925,0.5,4.25,1946.37,3572.8,0.625,40-49,3892.74,Not assigned
578947,F,True,True,usa,el paso,BIF,47,Texas,8,4,3,4,0.5,1.0,0.3333333333333333,325.47333333333336,0.25,5.75,921.724,3085.4,0.5,40-49,1843.448,Not assigned
579021,M,False,False,usa,omaha,OMA,37,Iowa,8,1,1,1,0.0,1.0,1.0,396.55,1.0,1.0,396.55,102.0,0.125,30-39,793.1,Indecisive
579065,F,True,True,usa,louisville,LOU,49,Kentucky,8,4,4,4,0.5,1.0,0.5,254.1075,0.5,3.5,959.4805,3354.0,0.5,40-49,1918.961,Not assigned
579230,M,False,False,usa,baltimore,BWI,44,Maryland,8,1,1,0,0.0,1.0,1.0,216.93,,,216.93,,0.125,40-49,433.86,Indecisive
579275,F,True,False,canada,calgary,YYC,45,Alberta,8,4,3,4,0.25,1.0,0.3333333333333333,481.53,0.0,2.5,1401.114,1245.0,0.5,40-49,2802.228,Not assigned
579323,F,False,True,usa,new york,JFK,28,New York,8,3,3,3,0.3333333333333333,1.0,1.0,321.2233333333333,0.6666666666666666,1.6666666666666667,963.67,868.6,0.375,20-29,1927.34,Not assigned
579404,F,False,False,usa,san diego,SAN,37,California,8,4,4,4,0.0,1.5,0.0,303.5733333333333,0.25,2.25,1982.58,1352.0,0.5,30-39,3965.16,Not assigned
579547,F,True,False,usa,columbus,LCK,45,Ohio,8,3,3,2,0.0,1.3333333333333333,1.0,317.11833333333334,0.0,4.0,1531.62,1883.0,0.375,40-49,3063.24,Not assigned
579589,F,True,False,usa,houston,EFD,48,Texas,8,6,6,5,0.3333333333333333,1.5,0.1666666666666666,288.35027777777776,0.4,2.0,2805.202,4059.05,0.75,40-49,5610.404,High Spenders
579707,F,True,True,usa,colorado springs,COS,42,Colorado,9,2,2,2,0.0,1.5,0.5,221.88,0.0,1.5,671.7,666.0,0.2222222222222222,40-49,1343.4,Not assigned
579714,F,True,False,usa,mobile,MOB,85,Alabama,8,2,0,2,0.0,,,,0.5,10.0,,3685.0,0.25,80-89,,Long Stayers
579783,F,False,False,canada,ottawa,YOW,24,Ontario,9,0,0,0,,,,,,,,,0.0,20-29,,Indecisive
579829,F,False,False,canada,calgary,YYC,59,Alberta,8,3,3,3,0.0,1.0,0.6666666666666666,444.89333333333326,0.3333333333333333,1.3333333333333333,1334.6799999999998,541.0,0.375,50-59,2669.3599999999997,Not assigned
579846,F,False,False,usa,new york,LGA,25,New York,8,1,0,1,1.0,,,,0.0,19.0,,2479.5,0.125,20-29,,Long Stayers
579999,F,False,False,usa,new york,LGA,16,New York,8,1,0,1,0.0,,,,1.0,2.0,,260.0,0.125,10-19,,Indecisive
580026,F,True,False,usa,new york,LGA,76,New York,9,0,0,0,,,,,,,,,0.0,70-79,,Indecisive
580077,F,True,False,usa,tampa,TPA,32,Florida,8,2,1,2,0.0,1.0,0.0,242.83,0.0,4.0,242.83,968.0,0.25,30-39,485.66,Not assigned
580460,F,False,True,usa,colorado springs,COS,42,Colorado,8,3,3,2,0.3333333333333333,1.0,0.3333333333333333,213.58666666666667,0.0,5.0,627.2955000000001,726.0,0.375,40-49,1254.5910000000001,Not assigned
580578,F,False,True,canada,toronto,YTZ,42,Ontario,9,4,4,4,0.0,1.25,0.25,517.96,0.25,2.25,2701.51,1566.0,0.4444444444444444,40-49,5403.02,High Spenders
580626,F,True,False,usa,santa ana,SNA,51,California,9,3,3,2,0.6666666666666666,1.3333333333333333,0.3333333333333333,588.735,0.0,4.5,2396.16,889.0,0.3333333333333333,50-59,4792.32,High Spenders
580944,F,True,True,canada,winnipeg,YWG,41,Manitoba,8,3,2,2,0.3333333333333333,1.0,0.5,397.66,0.0,6.5,795.3199999999999,1827.4,0.375,40-49,1590.6399999999999,Not assigned
580971,M,False,False,canada,toronto,YTZ,43,Ontario,9,2,2,2,0.0,1.0,0.0,421.235,0.0,5.0,842.47,1926.0,0.2222222222222222,40-49,1684.94,Not assigned
581085,F,True,True,usa,new york,JFK,26,New York,8,3,3,3,0.3333333333333333,1.0,0.3333333333333333,411.8466666666666,1.0,2.0,1235.54,1158.5,0.375,20-29,2471.08,Not assigned
581091,M,False,False,usa,dallas,DAL,31,Texas,8,4,4,4,0.25,1.0,0.75,407.7425,0.5,3.25,1630.97,1793.0,0.5,30-39,3261.94,Not assigned
581110,F,True,True,usa,tulsa,TUL,43,Oklahoma,8,0,0,0,,,,,,,,,0.0,40-49,,Indecisive
581111,O,True,True,usa,las vegas,LSV,45,Nevada,8,4,4,3,0.5,1.0,0.5,356.57,0.3333333333333333,2.333333333333333,1418.58,1303.2,0.5,40-49,2837.16,Not assigned
581269,F,True,False,usa,san jose,SJC,49,California,8,4,4,4,0.0,1.0,0.25,719.6975,0.75,2.0,2878.79,1795.0,0.5,40-49,5757.58,High Spenders
581307,F,False,False,usa,san antonio,SAT,31,Texas,9,3,2,3,0.3333333333333333,1.0,0.0,480.64,0.0,5.666666666666667,961.28,4247.8,0.3333333333333333,30-39,1922.56,Not assigned
581365,F,False,False,usa,omaha,OFF,31,Nebraska,8,1,1,1,0.0,1.0,2.0,287.72,0.0,2.0,287.72,378.0,0.125,30-39,575.44,Indecisive
581388,F,False,False,usa,denver,DEN,25,Colorado,8,1,1,1,1.0,1.0,1.0,445.88,0.0,7.0,423.586,364.0,0.125,20-29,847.172,Indecisive
581409,F,False,True,usa,louisville,LOU,38,Kentucky,8,3,3,2,0.3333333333333333,1.6666666666666667,0.3333333333333333,321.3922222222222,0.0,2.5,1985.137,1452.0,0.375,30-39,3970.274,Family travelers
581412,F,False,False,usa,charlotte,CLT,47,North Carolina,8,2,2,2,0.0,1.0,1.0,255.22,0.0,3.0,510.44,1299.0,0.25,40-49,1020.88,Not assigned
581438,M,True,False,usa,new york,JFK,39,New York,8,3,3,3,0.3333333333333333,2.0,1.0,364.4041666666667,0.6666666666666666,5.0,1510.255,2465.0,0.375,30-39,3020.51,Not assigned
581461,F,False,False,usa,new york,LGA,17,New York,8,1,0,1,0.0,,,,0.0,1.0,,302.0,0.125,10-19,,Indecisive
581527,F,True,False,usa,san antonio,SAT,37,Texas,9,5,4,4,0.2,1.0,0.25,419.2225,0.25,2.75,1676.89,2180.65,0.5555555555555556,30-39,3353.78,Not assigned
581666,F,True,False,usa,reno,RNO,51,Nevada,8,3,3,3,0.0,1.0,0.6666666666666666,633.81,0.0,8.333333333333334,1901.43,4937.0,0.375,50-59,3802.86,Long Stayers
581679,F,False,True,canada,toronto,YTZ,19,Ontario,8,0,0,0,,,,,,,,,0.0,10-19,,Indecisive
581685,F,True,True,usa,new york,LGA,57,New York,8,1,1,1,0.0,1.0,1.0,398.57,0.0,1.0,398.57,89.0,0.125,50-59,797.14,Indecisive
581721,F,False,False,canada,toronto,YKZ,42,Ontario,8,5,5,5,0.0,1.2,0.4,337.842,0.2,5.6,1955.47,3343.0,0.625,40-49,3910.94,Not assigned
581729,F,False,False,usa,st. petersburg,SPG,67,Florida,10,0,0,0,,,,,,,,,0.0,60-69,,Indecisive
581770,F,True,True,canada,vancouver,YVR,55,British Columbia,8,2,1,2,0.0,1.0,0.0,490.36,0.5,4.0,490.36,1082.0,0.25,50-59,980.72,Not assigned
581835,F,False,False,usa,detroit,DTW,38,Michigan,8,5,4,5,0.4,1.5,0.75,231.46416666666664,0.6,3.0,1138.062,5642.95,0.625,30-39,2276.124,Not assigned
581858,F,True,False,usa,los angeles,LAX,46,California,8,2,2,1,0.5,1.0,0.5,507.965,0.0,1.0,1015.93,46.75,0.25,40-49,2031.86,Not assigned
581901,F,True,False,usa,new orleans,NBG,53,Louisiana,8,5,4,4,0.4,1.0,0.25,315.605,0.5,1.75,1149.9545,2182.0,0.625,50-59,2299.909,Not assigned
582002,F,False,False,usa,tulsa,TUL,17,Oklahoma,8,0,0,0,,,,,,,,,0.0,10-19,,Indecisive
582011,F,True,True,usa,baltimore,BWI,63,Maryland,8,4,4,4,0.25,1.25,0.75,357.66,0.0,2.25,1898.144,3694.0,0.5,60-69,3796.288,Retired
582227,F,False,True,canada,halifax,YHZ,30,Nova Scotia,8,4,3,3,0.5,1.0,0.3333333333333333,550.3933333333333,0.6666666666666666,5.666666666666667,1511.4005000000002,2688.0,0.5,30-39,3022.8010000000004,Not assigned
582241,F,True,False,usa,bakersfield,BFL,40,California,8,0,0,0,,,,,,,,,0.0,40-49,,Indecisive
582482,F,True,False,usa,brownsville,BRO,40,Texas,9,2,1,2,0.0,1.0,1.0,584.72,0.5,2.5,584.72,392.0,0.2222222222222222,40-49,1169.44,Not assigned
582484,F,True,True,usa,indianapolis,IND,38,Gujarat,8,3,3,3,0.0,1.0,0.6666666666666666,207.19333333333336,0.3333333333333333,1.6666666666666667,621.58,627.0,0.375,30-39,1243.16,Not assigned
582577,F,True,True,usa,dallas,DAL,41,Texas,9,3,3,3,0.0,1.0,0.6666666666666666,364.29333333333335,0.3333333333333333,1.6666666666666667,1092.88,1065.0,0.3333333333333333,40-49,2185.76,Not assigned
582636,F,False,False,usa,omaha,OFF,50,Nebraska,9,2,2,2,0.0,1.0,1.0,299.275,0.0,1.5,598.55,771.0,0.2222222222222222,50-59,1197.1,Not assigned
582903,F,False,False,canada,toronto,YZD,23,,9,0,0,0,,,,,,,,,0.0,20-29,,Indecisive
582995,F,False,False,usa,omaha,OFF,40,Nebraska,8,4,3,3,0.25,1.0,0.3333333333333333,277.18333333333334,0.0,3.333333333333333,804.89,1561.0,0.5,40-49,1609.78,Not assigned
583016,F,True,True,usa,laredo,LRD,42,Texas,8,1,1,1,0.0,1.0,0.0,42.69,1.0,2.0,42.69,126.0,0.125,40-49,85.38,Indecisive
583087,F,True,True,usa,chicago,UGN,45,Illinois,8,3,3,3,0.3333333333333333,1.3333333333333333,0.3333333333333333,215.5483333333333,0.0,3.6666666666666665,861.68,1590.4,0.375,40-49,1723.36,Not assigned
583120,F,True,True,usa,stockton,SCK,52,California,8,1,1,1,0.0,1.0,1.0,796.57,0.0,3.0,796.57,573.0,0.125,50-59,1593.14,Indecisive
583134,F,False,False,usa,minneapolis,MSP,33,Minnesota,8,1,1,1,1.0,1.0,1.0,205.85,0.0,1.0,195.5575,231.0,0.125,30-39,391.115,Indecisive
583190,F,False,False,usa,honolulu,HNL,20,Hawaii,8,0,0,0,,,,,,,,,0.0,20-29,,Indecisive
583200,F,True,False,usa,new york,LGA,40,New York,8,2,2,1,0.5,1.0,1.0,556.805,0.0,4.0,1044.656,648.0,0.25,40-49,2089.312,Not assigned
583297,F,True,True,usa,los angeles,LAX,53,California,8,4,4,4,0.25,1.0,0.5,564.48,0.0,3.25,2223.502,2448.0,0.5,50-59,4447.004,High Spenders
583336,F,False,True,usa,columbus,CMH,35,Ohio,9,2,1,2,0.0,1.0,0.0,280.75,1.0,6.0,280.75,1796.0,0.2222222222222222,30-39,561.5,Not assigned
583483,F,True,False,usa,philadelphia,PNE,35,Pennsylvania,8,1,1,1,1.0,1.0,0.0,654.42,0.0,2.0,523.536,280.0,0.125,30-39,1047.072,Indecisive
583486,F,True,False,usa,houston,HOU,44,Texas,9,4,4,4,0.0,1.5,1.0,392.27333333333337,0.5,2.25,2410.9,2360.0,0.4444444444444444,40-49,4821.8,High Spenders
583526,F,False,True,usa,san jose,SJC,30,California,9,3,2,3,0.3333333333333333,1.0,0.5,534.99,0.3333333333333333,5.0,1069.98,2061.0,0.3333333333333333,30-39,2139.96,Not assigned
583612,F,False,True,usa,st. louis,STL,39,Missouri,9,4,4,3,0.0,1.25,0.5,880.1537500000001,0.0,8.0,6592.31,3656.0,0.4444444444444444,30-39,13184.62,Long Stayers
583623,F,False,True,usa,tucson,TUS,54,Arizona,8,1,1,1,0.0,1.0,0.0,633.95,0.0,3.0,633.95,426.0,0.125,50-59,1267.9,Indecisive
583764,F,False,True,usa,honolulu,HNL,44,Hawaii,8,2,2,2,0.0,2.5,2.5,818.20125,0.0,3.0,3998.52,3831.0,0.25,40-49,7997.04,High Spenders
583976,F,True,False,usa,los angeles,LAX,38,California,8,2,2,2,1.0,1.0,0.0,214.095,0.0,3.0,424.862,1347.3000000000002,0.25,30-39,849.724,Discount buyer
584134,F,False,True,usa,reno,RNO,39,Nevada,8,2,2,2,0.0,1.0,0.0,577.625,0.5,1.5,1155.25,862.0,0.25,30-39,2310.5,Not assigned
584185,F,True,True,usa,winston-salem,INT,48,North Carolina,8,1,1,1,1.0,1.0,2.0,127.09,0.0,1.0,127.09,73.8,0.125,40-49,254.18,Indecisive
584217,F,False,False,usa,brownsville,BRO,51,Texas,8,0,0,0,,,,,,,,,0.0,50-59,,Indecisive
584247,F,False,False,canada,calgary,YYC,38,Alberta,8,3,3,3,0.0,1.3333333333333333,0.6666666666666666,478.3333333333333,0.0,1.6666666666666667,1976.67,1778.0,0.375,30-39,3953.34,Not assigned
584423,F,False,False,usa,tampa,TPA,34,Florida,8,2,2,2,0.5,1.0,0.0,278.44,0.0,2.0,556.88,437.35,0.25,30-39,1113.76,Not assigned
584459,F,True,True,usa,richmond,RIC,37,Virginia,8,2,1,2,0.0,1.0,1.0,346.13,0.5,6.5,346.13,3856.0,0.25,30-39,692.26,Not assigned
584530,F,True,True,usa,brownsville,BRO,42,Texas,8,4,4,4,0.75,1.5,1.0,498.4425,0.25,5.5,2979.0765,5846.8,0.5,40-49,5958.153,High Spenders
584531,M,True,True,usa,shreveport,BAD,44,Louisiana,8,2,2,2,0.5,1.0,0.5,227.675,0.5,2.5,417.396,3046.0,0.25,40-49,834.792,Not assigned
584549,F,False,False,usa,st. louis,STL,54,Missouri,11,3,2,3,1.0,1.0,0.5,160.415,0.0,2.0,224.581,1365.0,0.2727272727272727,50-59,449.162,Discount buyer
584591,F,False,False,usa,new york,JFK,41,New York,8,3,3,3,0.0,1.0,0.6666666666666666,119.54666666666668,0.0,1.0,358.64,352.0,0.375,40-49,717.28,Not assigned
584666,M,True,False,usa,milwaukee,MKE,50,Wisconsin,9,4,3,4,0.0,1.6666666666666667,1.6666666666666667,123.04666666666668,1.0,2.5,520.98,2737.0,0.4444444444444444,50-59,1041.96,Not assigned
584843,F,True,True,usa,san diego,SAN,55,California,9,1,1,1,0.0,1.0,0.0,711.6,0.0,1.0,711.6,102.0,0.1111111111111111,50-59,1423.2,Indecisive
584844,F,False,False,usa,oakland,OAK,42,California,8,3,3,3,0.3333333333333333,1.3333333333333333,1.3333333333333333,317.12,0.3333333333333333,2.6666666666666665,1409.167,1255.0,0.375,40-49,2818.334,Not assigned
585138,F,True,False,usa,los angeles,LAX,65,California,8,0,0,0,,,,,,,,,0.0,60-69,,Indecisive
585585,F,False,False,usa,new york,JFK,46,New York,8,7,7,7,0.1428571428571428,1.4285714285714286,0.2857142857142857,421.25642857142856,0.2857142857142857,4.285714285714286,3820.34,13083.0,0.875,40-49,7640.68,High Spenders
585595,F,False,False,usa,washington,IAD,43,Virginia,8,2,2,1,0.0,1.0,0.5,1452.525,0.0,2.0,2905.05,540.0,0.25,40-49,5810.1,High Spenders
585722,F,True,False,canada,montreal,YMX,33,Quebec,8,3,2,3,0.6666666666666666,1.0,0.5,472.76,0.0,2.0,908.808,975.6,0.375,30-39,1817.616,Not assigned
585745,F,True,False,usa,lubbock,LBB,46,Texas,8,4,4,3,0.25,1.0,0.0,315.655,0.0,2.333333333333333,1262.62,1412.3,0.5,40-49,2525.24,Not assigned
585882,F,True,False,usa,des moines,DSM,49,Iowa,8,3,2,3,0.3333333333333333,1.5,1.5,328.4325,0.3333333333333333,6.666666666666667,1069.3,2845.0,0.375,40-49,2138.6,Not assigned
585965,F,False,False,usa,fort worth,FTW,48,Texas,8,3,3,3,0.0,1.0,0.6666666666666666,267.19666666666666,0.3333333333333333,3.0,801.59,1181.0,0.375,40-49,1603.18,Not assigned
585986,M,True,True,canada,calgary,YYC,44,Alberta,8,1,1,1,0.0,1.0,0.0,360.38,0.0,1.0,360.38,75.0,0.125,40-49,720.76,Indecisive
586006,F,False,True,usa,los angeles,LAX,41,California,8,3,3,3,0.0,1.0,1.0,433.39,0.6666666666666666,3.333333333333333,1300.17,1366.0,0.375,40-49,2600.34,Not assigned
586038,F,False,False,canada,calgary,YYC,26,Alberta,8,4,4,4,0.25,1.0,0.75,431.665,0.25,2.25,1726.66,1232.0,0.5,20-29,3453.32,Not assigned
586063,M,False,False,canada,hamilton,YHM,43,Ontario,8,1,1,1,0.0,2.0,0.0,322.495,1.0,2.0,644.99,1448.0,0.125,40-49,1289.98,Indecisive
586077,F,True,False,usa,new york,JFK,47,New York,8,3,3,3,0.0,1.0,0.0,327.87666666666667,0.0,2.333333333333333,983.63,2265.0,0.375,40-49,1967.26,Not assigned
586122,M,True,False,usa,indianapolis,IND,51,Gujarat,8,2,2,2,0.0,1.0,0.0,226.25,0.5,1.5,452.5,469.0,0.25,50-59,905.0,Not assigned
586124,M,False,False,usa,louisville,LOU,42,Kentucky,8,2,2,2,0.5,1.0,1.0,215.045,1.0,5.0,430.09,1047.5,0.25,40-49,860.18,Not assigned
586192,F,True,False,usa,lincoln,LNK,48,Nebraska,8,1,1,1,0.0,1.0,1.0,207.0,1.0,2.0,207.0,404.0,0.125,40-49,414.0,Indecisive
586251,F,False,True,usa,long beach,LGB,35,California,8,2,2,2,0.5,1.0,1.0,403.67,0.0,6.5,807.3399999999999,699.2,0.25,30-39,1614.6799999999998,Not assigned
586312,F,False,False,usa,new york,JFK,43,New York,8,3,3,3,0.6666666666666666,1.0,0.6666666666666666,592.4533333333334,0.0,1.3333333333333333,1777.36,749.0,0.375,40-49,3554.72,Not assigned
586631,F,False,True,usa,nashville,BNA,34,Tennessee,8,2,2,1,0.0,1.0,1.0,157.63,0.0,1.0,315.26,110.0,0.25,30-39,630.52,Not assigned
586672,F,False,False,usa,baltimore,BWI,26,Maryland,8,4,4,3,0.5,1.25,0.5,293.00125,0.6666666666666666,3.0,1487.7625,906.0,0.5,20-29,2975.525,Not assigned
586701,M,False,False,usa,philadelphia,PNE,41,Pennsylvania,8,4,3,4,0.5,1.0,0.3333333333333333,200.83666666666667,0.0,4.5,560.879,2472.0,0.5,40-49,1121.758,Not assigned
586721,F,False,False,usa,new york,LGA,16,New York,8,0,0,0,,,,,,,,,0.0,10-19,,Indecisive
586732,F,False,False,canada,london,YXU,32,Ontario,8,4,4,4,0.0,1.0,1.0,228.9975,0.0,3.75,915.99,1867.0,0.5,30-39,1831.98,Not assigned
586803,F,True,True,usa,corpus christi,CRP,35,Texas,8,1,0,1,1.0,,,,1.0,4.0,,1080.0,0.125,30-39,,Indecisive
586887,F,True,False,usa,santa ana,SNA,38,California,8,5,5,5,0.0,1.2,0.2,457.884,0.2,1.8,2668.79,3263.0,0.625,30-39,5337.58,High Spenders
586936,F,False,False,usa,tucson,DMA,48,Arizona,8,2,1,2,0.5,3.0,1.0,406.32666666666665,0.5,11.5,1218.98,2661.6000000000004,0.25,40-49,2437.96,Long Stayers
587134,F,False,False,usa,new york,JFK,39,New York,8,1,1,1,1.0,1.0,0.0,674.61,0.0,1.0,573.4185,279.0,0.125,30-39,1146.837,Indecisive
587195,M,False,True,usa,corpus christi,CRP,64,Texas,8,1,1,1,1.0,1.0,0.0,488.33,0.0,2.0,463.9135,172.0,0.125,60-69,927.827,Indecisive
587233,F,True,True,usa,new york,JFK,54,New York,8,0,0,0,,,,,,,,,0.0,50-59,,Indecisive
587234,F,False,True,canada,toronto,YZD,39,,9,2,2,2,0.5,1.0,0.5,141.98000000000002,0.5,3.5,283.96000000000004,1077.55,0.2222222222222222,30-39,567.9200000000001,Not assigned
587304,F,True,False,usa,chicago,MDW,48,Illinois,8,3,2,3,0.6666666666666666,1.0,1.0,155.535,0.0,3.0,273.003,1100.7,0.375,40-49,546.006,Not assigned
587313,F,False,False,usa,new york,JFK,28,New York,8,3,1,3,0.3333333333333333,1.0,0.0,111.66,0.0,9.666666666666666,94.911,5995.0,0.375,20-29,189.822,Long Stayers
587373,F,True,False,usa,jacksonville,NCA,51,Turks and Caicos Islands,8,5,4,5,0.2,1.5,0.75,172.76083333333332,0.4,6.6,950.29,5373.0,0.625,50-59,1900.58,Not assigned
587459,F,True,False,usa,philadelphia,PNE,48,Pennsylvania,8,4,4,2,0.0,1.0,0.25,354.27,0.0,1.0,1417.08,299.0,0.5,40-49,2834.16,Not assigned
587601,F,True,False,canada,toronto,YYZ,70,Ontario,8,0,0,0,,,,,,,,,0.0,70-79,,Indecisive
587753,F,True,False,usa,san antonio,RND,72,Texas,8,1,0,1,0.0,,,,0.0,2.0,,314.0,0.125,70-79,,Indecisive
587754,F,True,True,usa,austin,AUS,49,Texas,9,1,1,1,0.0,1.0,0.0,445.54,0.0,1.0,445.54,170.0,0.1111111111111111,40-49,891.08,Indecisive
587802,F,False,False,usa,los angeles,LAX,49,California,9,2,2,2,0.5,1.0,0.5,687.625,0.0,9.5,1233.08,2211.0,0.2222222222222222,40-49,2466.16,Long Stayers
587810,F,False,True,usa,lincoln,LNK,52,Nebraska,8,3,3,2,0.3333333333333333,1.3333333333333333,0.6666666666666666,269.28833333333336,0.0,4.0,1009.8465,2018.0,0.375,50-59,2019.693,Not assigned
587899,F,False,False,usa,tampa,MCF,36,Florida,8,2,2,2,0.0,1.5,0.0,270.9375,0.5,1.0,816.01,514.0,0.25,30-39,1632.02,Not assigned
588313,F,False,False,usa,new york,JFK,17,New York,8,1,1,1,0.0,1.0,1.0,768.72,0.0,2.0,768.72,372.0,0.125,10-19,1537.44,Indecisive
588355,F,True,False,usa,los angeles,LAX,46,California,8,3,3,3,0.0,1.6666666666666667,0.6666666666666666,485.2044444444444,0.3333333333333333,2.0,2520.42,1219.0,0.375,40-49,5040.84,High Spenders
588370,M,True,True,canada,calgary,YYC,38,Alberta,8,4,2,3,0.75,1.0,1.0,380.825,0.3333333333333333,6.0,667.086,4938.2,0.5,30-39,1334.172,Not assigned
588386,F,False,False,usa,cleveland,CLE,33,Ohio,8,2,2,2,0.0,1.0,1.0,1367.69,0.0,6.0,2735.38,1138.0,0.25,30-39,5470.76,High Spenders
588391,F,False,True,usa,kansas city,MCI,47,Missouri,8,2,2,2,0.5,1.5,0.5,225.815,0.5,4.0,593.69,1581.0,0.25,40-49,1187.38,Not assigned
588414,F,False,False,usa,new york,JFK,50,New York,8,3,3,3,0.3333333333333333,1.6666666666666667,0.0,302.82666666666665,0.3333333333333333,5.333333333333333,1847.26,13062.05,0.375,50-59,3694.52,Not assigned
588526,F,False,True,usa,baltimore,BWI,17,Maryland,8,0,0,0,,,,,,,,,0.0,10-19,,Indecisive
588560,F,False,False,usa,chicago,MDW,24,Illinois,8,0,0,0,,,,,,,,,0.0,20-29,,Indecisive
588582,F,False,False,usa,chicago,MDW,48,Illinois,8,2,2,2,0.0,2.5,0.5,168.86,0.5,1.0,933.73,1240.0,0.25,40-49,1867.46,Not assigned
588797,M,True,True,canada,victoria,YYJ,44,British Columbia,8,2,2,2,0.0,2.5,2.0,670.4837500000001,0.0,1.5,3150.0200000000004,1098.0,0.25,40-49,6300.040000000001,High Spenders
588820,F,False,False,usa,cincinnati,LUK,45,Ohio,8,4,4,4,0.5,1.0,0.75,328.5725,0.25,3.5,1310.994,2695.5,0.5,40-49,2621.988,Not assigned
588970,F,False,True,usa,omaha,OFF,23,Nebraska,8,3,0,3,0.3333333333333333,,,,0.3333333333333333,9.666666666666666,,4691.8,0.375,20-29,,Long Stayers
589008,F,False,False,canada,halifax,YAW,17,,9,0,0,0,,,,,,,,,0.0,10-19,,Indecisive
589154,F,True,True,usa,washington,DCA,37,Virginia,8,4,3,4,0.25,1.0,0.3333333333333333,345.1433333333334,0.5,13.25,1019.311,18033.0,0.5,30-39,2038.622,Long Stayers
589164,F,True,True,usa,oklahoma city,TIK,44,Oklahoma,8,4,4,4,0.0,1.0,0.25,342.6025,0.25,5.0,1370.41,3868.0,0.5,40-49,2740.82,Not assigned
589306,F,False,True,usa,new york,LGA,39,New York,8,4,4,4,0.25,1.0,0.75,262.49,0.5,2.5,1049.96,1658.1,0.5,30-39,2099.92,Not assigned
589404,F,False,True,usa,new orleans,MSY,40,Louisiana,8,3,2,3,0.0,1.0,0.0,287.27,0.3333333333333333,7.0,574.54,3945.0,0.375,40-49,1149.08,Not assigned
589405,F,True,True,canada,ottawa,YOW,41,Ontario,8,2,1,2,0.0,1.0,1.0,124.69,0.0,2.5,124.69,1232.0,0.25,40-49,249.38,Not assigned
589489,F,False,False,usa,new york,JFK,41,New York,8,7,6,6,0.8571428571428571,1.0,0.3333333333333333,510.2633333333333,0.6666666666666666,3.333333333333333,2862.371,3337.4,0.875,40-49,5724.742,High Spenders
589539,F,False,False,usa,richmond,RIC,21,Virginia,8,2,0,2,0.0,,,,0.5,10.0,,16598.0,0.25,20-29,,Long Stayers
589630,F,True,True,usa,charlotte,CLT,48,North Carolina,8,4,3,3,0.25,1.3333333333333333,0.0,412.96,0.3333333333333333,6.666666666666667,1564.3,2722.2,0.5,40-49,3128.6,Not assigned
589650,F,False,False,canada,montreal,YHU,38,Quebec,8,3,2,3,0.3333333333333333,1.5,0.5,219.5475,0.0,1.6666666666666667,707.819,1158.0,0.375,30-39,1415.638,Not assigned
589758,F,True,False,usa,washington,IAD,46,Virginia,8,5,4,5,0.4,1.0,0.5,466.7575000000001,0.2,2.2,1834.5075,1253.0,0.625,40-49,3669.015,Not assigned
589775,F,False,False,canada,london,YXU,49,Ontario,8,3,2,3,0.3333333333333333,1.5,0.5,361.3675,0.0,2.0,751.16,642.2,0.375,40-49,1502.32,Not assigned
589812,F,True,True,usa,newark,EWR,48,New Jersey,8,1,1,1,1.0,1.0,1.0,590.36,1.0,1.0,590.36,445.55,0.125,40-49,1180.72,Indecisive
589868,F,True,False,usa,san diego,SAN,41,California,8,3,2,3,0.0,1.0,0.5,747.2750000000001,0.0,1.3333333333333333,1494.5500000000002,555.0,0.375,40-49,2989.1000000000004,Not assigned
589884,O,True,False,usa,minneapolis,MSP,26,Minnesota,8,3,2,2,0.0,1.0,1.5,244.21,0.0,7.0,488.42,958.0,0.375,20-29,976.84,Not assigned
589977,F,True,False,canada,toronto,YYZ,50,Ontario,8,4,4,4,0.5,1.0,0.5,159.0925,0.25,2.5,571.5654999999999,1962.0,0.5,50-59,1143.1309999999999,Not assigned
590040,F,False,False,canada,montreal,YHU,38,Quebec,8,6,5,5,0.1666666666666666,1.0,0.6,234.874,0.4,4.6,1118.063,4274.2,0.75,30-39,2236.126,Not assigned
590077,F,False,False,usa,los angeles,LAX,38,California,8,2,2,2,1.0,1.0,0.5,393.005,1.0,2.0,786.01,763.7,0.25,30-39,1572.02,Discount buyer
590123,F,True,False,usa,minneapolis,MSP,59,Minnesota,8,1,1,1,0.0,2.0,1.0,1180.085,0.0,12.0,2360.17,1248.0,0.125,50-59,4720.34,Long Stayers
590163,F,False,True,usa,philadelphia,PHL,40,Pennsylvania,9,4,3,4,0.5,1.3333333333333333,0.0,287.38,0.0,3.5,981.252,3113.0,0.4444444444444444,40-49,1962.504,Not assigned
590202,F,False,False,usa,new york,JFK,43,New York,8,4,4,4,0.25,1.25,0.5,346.9225,0.25,2.25,1721.5570000000002,2421.0,0.5,40-49,3443.1140000000005,Not assigned
590227,F,False,False,canada,toronto,YYZ,48,Ontario,8,2,2,2,1.0,2.0,1.0,120.84333333333332,1.0,3.0,427.5645,2298.4,0.25,40-49,855.129,Discount buyer
590379,F,True,False,usa,san francisco,SFO,52,California,8,4,4,4,0.0,1.25,0.25,615.6575,0.5,2.25,3047.04,2390.0,0.5,50-59,6094.08,High Spenders
590397,F,False,False,usa,memphis,MEM,17,Tennessee,8,2,0,2,0.0,,,,0.5,11.5,,2865.0,0.25,10-19,,Long Stayers
590412,F,False,False,usa,bakersfield,BFL,40,California,8,1,1,1,0.0,1.0,1.0,715.86,1.0,2.0,715.86,240.0,0.125,40-49,1431.72,Indecisive
590420,F,False,True,usa,santa ana,SNA,26,California,8,4,2,4,0.25,1.0,0.5,496.53,0.25,3.75,924.663,2452.0,0.5,20-29,1849.326,Not assigned
590468,F,False,False,usa,new york,JFK,22,New York,8,2,1,1,0.5,1.0,1.0,31.29,0.0,11.0,25.032,781.0,0.25,20-29,50.064,Long Stayers
590471,F,True,False,canada,toronto,YTZ,54,Ontario,10,4,4,2,0.0,1.75,0.75,938.41625,0.0,1.0,6900.11,616.0,0.4,50-59,13800.22,High Spenders
590473,F,True,False,usa,new york,LGA,47,New York,8,2,2,1,0.0,1.0,0.0,710.165,1.0,1.0,1420.33,78.0,0.25,40-49,2840.66,Not assigned
590659,F,False,False,usa,milwaukee,MKE,35,Wisconsin,8,1,0,1,0.0,,,,0.0,4.0,,360.0,0.125,30-39,,Indecisive
590697,F,False,False,usa,cleveland,CLE,43,Ohio,8,3,1,3,0.3333333333333333,3.0,0.0,116.75333333333332,0.3333333333333333,4.333333333333333,350.26,3483.0,0.375,40-49,700.52,Not assigned
590843,F,True,True,usa,columbus,LCK,34,Ohio,8,2,0,2,0.0,,,,0.0,12.0,,4387.0,0.25,30-39,,Long Stayers
590954,F,True,False,usa,little rock,LIT,46,Arkansas,8,3,3,3,0.3333333333333333,1.3333333333333333,0.6666666666666666,355.30999999999995,0.3333333333333333,2.333333333333333,1566.54,753.5999999999999,0.375,40-49,3133.08,Not assigned
590981,F,True,False,usa,philadelphia,PHL,38,Pennsylvania,8,3,2,3,0.0,1.0,1.0,333.975,0.6666666666666666,2.6666666666666665,667.9499999999999,2328.0,0.375,30-39,1335.8999999999999,Not assigned
591063,F,True,False,canada,toronto,YTZ,53,Ontario,8,1,1,0,0.0,1.0,1.0,561.31,,,561.31,,0.125,50-59,1122.62,Indecisive
591097,F,False,True,usa,houston,IAH,44,Texas,8,4,3,4,0.25,1.0,0.6666666666666666,384.9266666666667,0.25,1.5,1154.78,1181.0,0.5,40-49,2309.56,Not assigned
591328,F,False,False,usa,newark,EWR,37,New Jersey,8,0,0,0,,,,,,,,,0.0,30-39,,Indecisive
591381,F,False,False,usa,des moines,DSM,22,Iowa,8,2,1,2,0.0,1.0,1.0,144.33,0.0,6.0,144.33,19790.0,0.25,20-29,288.66,Not assigned
591714,F,True,False,usa,charlotte,CLT,48,North Carolina,8,6,5,5,0.1666666666666666,1.2,0.6,236.457,0.2,2.2,1274.99,1645.0,0.75,40-49,2549.98,Not assigned
591888,F,True,False,usa,denver,DEN,51,Colorado,8,5,5,5,0.6,1.0,0.6,248.644,0.2,2.2,1222.008,1929.15,0.625,50-59,2444.016,Not assigned
592079,F,False,False,usa,san francisco,SFO,17,California,8,0,0,0,,,,,,,,,0.0,10-19,,Indecisive
592132,F,False,False,usa,chicago,ORD,36,Illinois,8,2,1,2,0.0,1.0,2.0,458.88,0.5,3.0,458.88,625.0,0.25,30-39,917.76,Not assigned
592366,F,False,True,canada,toronto,YKZ,37,Ontario,9,3,2,3,0.6666666666666666,1.0,0.5,185.43,1.0,3.0,370.86,3080.6,0.3333333333333333,30-39,741.72,Not assigned
592371,F,False,False,usa,tallahassee,TLH,47,Florida,8,4,3,3,0.0,1.3333333333333333,0.6666666666666666,403.1616666666667,0.0,4.666666666666667,1553.63,2351.0,0.5,40-49,3107.26,Not assigned
592378,F,False,False,usa,new york,LGA,18,New York,8,0,0,0,,,,,,,,,0.0,10-19,,Indecisive
592403,M,False,False,canada,edmonton,YED,80,,8,1,0,1,1.0,,,,1.0,5.0,,2242.0,0.125,80-89,,Indecisive
592886,F,True,False,usa,st. petersburg,SPG,47,Florida,8,3,3,3,0.0,1.3333333333333333,0.3333333333333333,186.33166666666668,0.3333333333333333,2.0,622.35,1808.0,0.375,40-49,1244.7,Not assigned
592929,F,False,False,usa,new york,JFK,47,New York,8,3,3,2,0.3333333333333333,1.0,0.6666666666666666,262.3833333333333,0.0,5.5,777.9,2274.0,0.375,40-49,1555.8,Not assigned
593350,F,False,True,usa,sacramento,MHR,47,California,8,4,4,4,0.0,1.5,0.5,154.69166666666666,0.25,3.5,1157.26,3967.0,0.5,40-49,2314.52,Not assigned
593385,F,True,True,usa,new york,JFK,44,New York,8,4,4,4,0.5,1.5,1.0,601.0566666666666,0.25,4.75,3322.51,3535.4,0.5,40-49,6645.02,High Spenders
593398,F,False,False,usa,atlanta,ATL,22,Georgia,8,0,0,0,,,,,,,,,0.0,20-29,,Indecisive
593401,F,False,False,usa,tallahassee,TLH,38,Florida,8,2,2,1,0.5,1.0,0.5,264.265,0.0,2.0,528.53,300.0,0.25,30-39,1057.06,Not assigned
593494,F,True,False,usa,new york,LGA,56,New York,8,3,3,3,0.0,1.0,0.0,339.8266666666667,0.3333333333333333,2.0,1019.48,688.0,0.375,50-59,2038.96,Not assigned
593536,F,True,True,usa,houston,EFD,45,Texas,8,5,4,4,0.0,1.0,0.75,339.6125,0.25,4.0,1358.45,3316.0,0.625,40-49,2716.9,Not assigned
593672,F,False,False,usa,brownsville,BRO,31,Texas,8,3,1,3,0.6666666666666666,2.0,1.0,587.515,0.6666666666666666,5.333333333333333,881.2725,4807.4,0.375,30-39,1762.545,Not assigned
593833,F,False,False,usa,detroit,YIP,22,Michigan,9,0,0,0,,,,,,,,,0.0,20-29,,Indecisive
594000,F,True,False,usa,new york,JFK,66,New York,8,1,0,1,0.0,,,,0.0,6.0,,1020.0,0.125,60-69,,Indecisive
594027,F,False,True,usa,san francisco,SFO,33,California,8,2,1,2,0.5,1.0,1.0,583.68,0.5,5.0,496.12799999999993,2319.0,0.25,30-39,992.2559999999999,Not assigned
594042,F,True,False,usa,memphis,MEM,36,Tennessee,9,6,6,6,0.1666666666666666,1.0,0.3333333333333333,254.8883333333333,0.3333333333333333,2.1666666666666665,1529.33,3462.4,0.6666666666666666,30-39,3058.66,Not assigned
594146,F,False,False,usa,columbus,LCK,68,Ohio,8,1,0,1,0.0,,,,0.0,8.0,,1280.0,0.125,60-69,,Long Stayers
594406,F,False,False,usa,chicago,UGN,35,Illinois,8,4,4,4,0.25,1.0,0.25,215.18,0.25,2.0,860.72,2365.5,0.5,30-39,1721.44,Not assigned
594410,F,True,False,canada,calgary,YYC,67,Alberta,8,3,1,2,0.3333333333333333,2.0,1.0,1605.04,0.5,4.5,3210.08,870.8,0.375,60-69,6420.16,High Spenders
594449,F,True,True,usa,kansas city,MCI,52,Missouri,8,1,1,1,0.0,1.0,1.0,263.76,0.0,1.0,263.76,297.0,0.125,50-59,527.52,Indecisive
594516,F,False,False,usa,birmingham,BHM,30,Alabama,9,0,0,0,,,,,,,,,0.0,30-39,,Indecisive
594644,F,True,False,usa,shreveport,BAD,50,Louisiana,8,3,3,3,0.3333333333333333,1.0,1.3333333333333333,221.6233333333333,0.0,2.6666666666666665,664.87,1738.6,0.375,50-59,1329.74,Not assigned
594824,F,True,True,usa,oklahoma city,OKC,47,Oklahoma,9,1,1,1,1.0,1.0,0.0,127.27,0.0,1.0,114.543,369.0,0.1111111111111111,40-49,229.086,Indecisive
594875,F,False,True,canada,edmonton,YED,17,,8,1,0,1,0.0,,,,1.0,5.0,,1110.0,0.125,10-19,,Indecisive
595123,F,False,True,canada,victoria,YYJ,40,British Columbia,8,1,1,1,1.0,1.0,0.0,624.83,0.0,4.0,468.62250000000006,584.0,0.125,40-49,937.2450000000001,Indecisive
595171,F,True,False,usa,columbus,LCK,34,Ohio,8,2,2,2,0.0,1.0,0.0,344.26,0.0,3.0,688.52,1414.0,0.25,30-39,1377.04,Not assigned
595183,F,True,False,usa,seattle,SEA,65,Washington,9,1,0,1,0.0,,,,0.0,7.0,,3332.0,0.1111111111111111,60-69,,Indecisive
595257,F,False,False,usa,san diego,SAN,45,California,8,4,4,4,0.0,1.0,0.5,513.165,0.0,3.75,2052.66,1914.0,0.5,40-49,4105.32,Not assigned
595283,F,True,False,usa,baton rouge,BTR,54,Louisiana,8,1,1,0,1.0,1.0,1.0,301.34,,,271.206,,0.125,50-59,542.412,Indecisive
595386,F,False,False,usa,san antonio,SKF,40,Texas,8,6,6,5,0.5,1.0,0.6666666666666666,334.55833333333334,0.4,3.2,1856.854,2378.35,0.75,40-49,3713.708,Not assigned
595442,F,False,False,usa,corpus christi,CRP,43,Texas,8,4,4,2,0.25,1.0,0.5,291.43,0.5,1.5,1165.72,525.0,0.5,40-49,2331.44,Not assigned
595506,F,False,False,usa,long beach,LGB,24,California,8,0,0,0,,,,,,,,,0.0,20-29,,Indecisive
595527,F,True,False,usa,kansas city,MCI,30,Missouri,8,3,2,3,0.6666666666666666,1.5,0.5,676.4725,1.0,5.666666666666667,2519.69,3266.1,0.375,30-39,5039.38,High Spenders
595587,F,False,True,usa,st. louis,STL,38,Missouri,8,4,4,3,0.0,1.25,0.0,271.93875,0.3333333333333333,1.6666666666666667,1251.85,1123.0,0.5,30-39,2503.7,Not assigned
595690,F,True,False,usa,orlando,ORL,68,Florida,8,0,0,0,,,,,,,,,0.0,60-69,,Indecisive
595897,F,False,False,canada,montreal,YMX,25,Quebec,8,1,0,1,1.0,,,,0.0,12.0,,3758.4,0.125,20-29,,Long Stayers
596103,F,False,False,usa,new york,JFK,23,New York,8,2,1,2,0.0,1.0,1.0,434.64,0.5,3.0,434.64,1852.0,0.25,20-29,869.28,Not assigned
596153,F,True,False,canada,toronto,YKZ,51,Ontario,8,5,5,4,0.2,1.0,0.4,305.64,0.25,2.5,1442.118,911.8,0.625,50-59,2884.236,Not assigned
596186,F,False,False,usa,washington,DCA,21,Virginia,8,2,1,2,1.0,1.0,1.0,107.73,0.5,3.5,96.957,1281.0,0.25,20-29,193.914,Discount buyer
596220,F,True,False,usa,mobile,MOB,50,Alabama,9,2,1,2,0.5,1.0,1.0,463.69,0.5,9.0,463.69,6220.0,0.2222222222222222,50-59,927.38,Long Stayers
596222,F,True,False,usa,philadelphia,PNE,59,Pennsylvania,8,3,2,3,0.3333333333333333,1.0,1.0,79.6,0.3333333333333333,2.333333333333333,159.2,3559.0,0.375,50-59,318.4,Not assigned
596320,F,True,True,usa,fayetteville,FYV,35,Arkansas,9,2,2,1,0.5,2.0,1.0,282.645,0.0,1.0,1103.11,453.15,0.2222222222222222,30-39,2206.22,Family travelers
596349,F,True,False,usa,fresno,FAT,67,California,8,1,0,1,0.0,,,,0.0,15.0,,4260.0,0.125,60-69,,Long Stayers
596361,F,False,False,usa,san jose,SJC,31,California,8,2,1,2,0.5,1.0,1.0,413.33,0.0,11.5,392.6635,3889.0,0.25,30-39,785.327,Long Stayers
596409,F,False,False,usa,chicago,MDW,46,Illinois,8,2,2,2,0.5,1.0,0.5,395.5700000000001,0.5,1.5,767.238,297.8,0.25,40-49,1534.476,Not assigned
596505,F,False,False,usa,san diego,NZY,42,California,8,6,5,5,0.5,1.2,0.8,373.506,0.0,7.0,2304.2775,6323.6,0.75,40-49,4608.555,High Spenders
596732,F,True,True,usa,san antonio,SAT,46,Texas,8,3,3,3,0.0,1.3333333333333333,0.0,393.79,0.0,2.0,1517.66,967.0,0.375,40-49,3035.32,Not assigned
596820,F,False,False,usa,wichita,ICT,36,Kansas,8,1,1,1,0.0,1.0,1.0,181.81,0.0,2.0,181.81,316.0,0.125,30-39,363.62,Indecisive
596863,F,True,True,usa,chicago,ORD,38,Illinois,8,2,1,2,0.0,2.0,0.0,58.86,0.5,13.0,117.72,9549.0,0.25,30-39,235.44,Long Stayers
597029,F,True,False,canada,montreal,YUL,39,Quebec,8,5,4,4,0.0,1.25,1.0,331.46625,0.0,6.0,1431.66,7604.0,0.625,30-39,2863.32,Not assigned
597300,F,True,True,usa,new york,JFK,36,New York,8,2,2,2,0.5,1.5,0.0,159.265,0.5,7.0,514.928,4156.0,0.25,30-39,1029.856,Not assigned
597434,F,False,False,usa,austin,AUS,39,Texas,8,3,3,2,0.0,1.0,0.6666666666666666,273.50666666666666,0.5,2.0,820.52,803.0,0.375,30-39,1641.04,Not assigned
597734,F,True,False,usa,san francisco,SFO,45,California,8,3,3,1,0.0,1.0,0.3333333333333333,454.5833333333333,0.0,2.0,1363.75,320.0,0.375,40-49,2727.5,Not assigned
597836,F,False,False,usa,fort worth,FTW,42,Texas,8,3,3,3,0.0,1.0,1.0,137.12,0.3333333333333333,2.0,411.36,622.0,0.375,40-49,822.72,Not assigned
597878,F,False,False,usa,columbus,CMH,53,Ohio,8,2,2,2,0.0,1.5,1.0,333.9925,0.5,2.0,762.56,634.0,0.25,50-59,1525.12,Not assigned
597946,F,True,False,usa,atlanta,ATL,54,Georgia,8,2,2,1,0.0,1.0,1.0,154.055,1.0,2.0,308.11,162.0,0.25,50-59,616.22,Not assigned
597955,F,True,True,usa,los angeles,LAX,63,California,8,0,0,0,,,,,,,,,0.0,60-69,,Indecisive
598075,F,True,True,usa,houston,EFD,36,Texas,8,3,2,3,0.3333333333333333,1.0,1.0,529.8050000000001,0.0,1.6666666666666667,1059.61,460.0,0.375,30-39,2119.22,Not assigned
598233,F,True,True,usa,phoenix,LUF,43,Arizona,8,4,4,4,0.25,1.25,0.5,469.28375,0.0,2.25,2107.3720000000003,1850.0,0.5,40-49,4214.744000000001,Not assigned
598265,M,True,True,usa,baltimore,BWI,45,Maryland,8,4,2,4,0.0,1.0,0.5,62.41,0.0,2.75,124.82,2574.0,0.5,40-49,249.64,Not assigned
598526,M,True,False,usa,columbus,LCK,67,Ohio,8,1,0,1,0.0,,,,0.0,3.0,,282.0,0.125,60-69,,Indecisive
598533,F,False,True,canada,victoria,YYJ,38,British Columbia,8,1,1,1,0.0,1.0,0.0,680.07,0.0,2.0,680.07,340.0,0.125,30-39,1360.14,Indecisive
598590,F,True,False,usa,las vegas,LAS,48,Nevada,8,5,5,5,0.2,1.2,0.2,182.981,0.2,1.8,949.596,1242.0,0.625,40-49,1899.192,Not assigned
598692,M,False,False,usa,los angeles,LAX,21,California,8,2,1,2,0.5,1.0,0.0,567.2,0.0,9.5,567.2,3305.2,0.25,20-29,1134.4,Long Stayers
598715,F,True,True,canada,gatineau,YND,29,Quebec,8,2,2,1,0.5,1.0,0.5,427.945,0.0,2.0,855.89,90.0,0.25,20-29,1711.78,Not assigned
598881,F,False,False,usa,knoxville,TYS,43,Tennessee,8,6,5,6,0.1666666666666666,1.6,0.4,304.1603333333333,0.5,3.5,2211.64,3446.75,0.75,40-49,4423.28,Not assigned
598911,F,False,False,canada,montreal,YUL,37,Quebec,8,6,6,5,0.5,1.0,0.8333333333333334,231.58333333333331,0.4,3.0,1379.4175,3817.8,0.75,30-39,2758.835,Not assigned
598945,F,False,False,usa,charlotte,CLT,20,North Carolina,8,1,1,1,0.0,1.0,1.0,527.04,1.0,3.0,527.04,1050.0,0.125,20-29,1054.08,Indecisive
599244,F,False,False,usa,dallas,DAL,25,Texas,8,1,1,0,0.0,1.0,0.0,201.71,,,201.71,,0.125,20-29,403.42,Indecisive
599335,F,False,False,usa,el paso,ELP,52,Texas,8,3,3,2,0.6666666666666666,1.0,0.6666666666666666,225.4333333333333,0.0,6.0,626.893,3300.0,0.375,50-59,1253.786,Not assigned
599437,F,False,False,usa,amarillo,AMA,52,Texas,8,3,3,3,0.6666666666666666,1.3333333333333333,0.0,308.455,0.0,2.6666666666666665,1313.2075,1500.5,0.375,50-59,2626.415,Not assigned
599454,F,True,False,usa,charlotte,CLT,42,North Carolina,8,2,2,2,0.5,1.5,0.0,454.1625,0.0,7.0,1007.45,3353.0,0.25,40-49,2014.9,Not assigned
599833,F,True,True,usa,el paso,BIF,43,Texas,8,4,4,4,0.25,1.0,0.25,326.4375,0.0,4.75,1269.785,2332.0,0.5,40-49,2539.57,Not assigned
599909,F,False,False,usa,san antonio,SKF,28,Texas,8,0,0,0,,,,,,,,,0.0,20-29,,Indecisive
600018,F,False,False,usa,grand rapids,GRR,37,Michigan,8,5,5,4,0.2,1.2,1.2,376.924,0.5,1.75,2180.1,870.0,0.625,30-39,4360.2,Not assigned
600057,F,True,False,usa,chicago,UGN,33,Illinois,8,1,1,1,1.0,1.0,0.0,250.5,0.0,6.0,250.5,712.8000000000001,0.125,30-39,501.0,Indecisive
600078,F,False,False,usa,chicago,UGN,56,Illinois,8,3,3,2,0.3333333333333333,1.0,1.0,282.0,0.0,3.0,800.429,818.8,0.375,50-59,1600.858,Not assigned
600287,F,False,True,usa,atlanta,ATL,40,Georgia,8,2,2,2,0.5,1.0,0.5,173.445,0.5,1.0,329.697,334.0,0.25,40-49,659.394,Not assigned
600304,F,True,False,usa,philadelphia,PNE,56,Pennsylvania,8,2,2,2,0.0,1.0,1.0,227.615,0.0,1.0,455.23,337.0,0.25,50-59,910.46,Not assigned
600351,F,True,False,usa,portland,PDX,47,Oregon,8,2,2,1,0.5,1.0,0.5,523.34,1.0,4.0,1046.68,1040.0,0.25,40-49,2093.36,Not assigned
600561,F,False,False,usa,phoenix,PHX,29,Arizona,8,2,2,2,0.0,1.0,0.5,314.98,0.5,1.0,629.96,1019.0,0.25,20-29,1259.92,Not assigned
600648,F,True,False,usa,baltimore,BWI,45,Maryland,8,5,4,4,0.2,1.5,0.75,472.18,0.25,2.5,2590.8,2831.7,0.625,40-49,5181.6,High Spenders
600690,F,False,False,canada,london,YXU,38,Ontario,9,5,3,5,0.2,1.6666666666666667,0.6666666666666666,328.6744444444444,0.0,6.2,1339.6535,5567.0,0.5555555555555556,30-39,2679.307,Not assigned
600750,F,True,True,usa,new york,LGA,48,New York,8,2,2,2,0.0,1.0,0.0,688.87,0.5,1.5,1377.74,492.0,0.25,40-49,2755.48,Not assigned
600842,F,False,False,usa,birmingham,BHM,31,Alabama,8,2,0,2,0.0,,,,0.0,3.0,,1017.0,0.25,30-39,,Only Hotel
600886,F,False,False,usa,cincinnati,LUK,40,Ohio,9,4,4,4,0.25,1.0,0.5,238.905,0.25,3.75,934.4565,2688.7,0.4444444444444444,40-49,1868.913,Not assigned
601116,F,False,False,usa,madison,MSN,28,Wisconsin,8,2,1,2,0.0,1.0,0.0,238.99,0.0,4.5,238.99,2082.0,0.25,20-29,477.98,Not assigned
601282,F,True,True,usa,new york,JFK,56,New York,8,2,2,2,1.0,1.0,0.5,362.64,0.0,1.5,677.9575,622.0,0.25,50-59,1355.915,Discount buyer
601673,F,True,True,canada,toronto,YYZ,39,Ontario,8,5,5,4,0.2,1.6,0.0,328.037,0.25,2.5,2124.329,1605.0,0.625,30-39,4248.658,Family travelers
601894,F,False,True,usa,new york,JFK,25,New York,9,2,1,2,0.0,1.0,0.0,402.17,0.0,3.5,402.17,734.0,0.2222222222222222,20-29,804.34,Not assigned
601917,F,False,False,usa,cleveland,CLE,30,Ohio,8,4,4,3,0.5,1.25,0.5,376.305,0.6666666666666666,2.0,1988.7435,731.0,0.5,30-39,3977.487,Not assigned
602190,F,False,True,usa,houston,HOU,44,Texas,8,2,1,2,0.0,1.0,0.0,247.69,0.0,7.0,247.69,3506.0,0.25,40-49,495.38,Not assigned
602478,F,True,False,usa,new york,LGA,25,New York,8,2,0,2,0.0,,,,0.0,13.5,,7392.0,0.25,20-29,,Long Stayers
602656,F,False,False,usa,san antonio,SAT,41,Texas,8,3,3,3,0.3333333333333333,1.3333333333333333,1.0,279.30833333333334,0.0,3.333333333333333,890.8620000000001,2143.0,0.375,40-49,1781.7240000000002,Not assigned
602769,F,True,True,usa,new york,JFK,37,New York,9,4,4,4,0.0,1.0,0.5,438.8725,0.75,1.75,1755.49,1400.0,0.4444444444444444,30-39,3510.98,Not assigned
602921,F,True,False,canada,toronto,YKZ,66,Ontario,8,1,1,1,0.0,1.0,1.0,660.27,0.0,1.0,660.27,296.0,0.125,60-69,1320.54,Indecisive
602925,F,True,False,canada,quebec,YQB,55,Quebec,9,5,4,4,0.2,1.0,0.5,460.4825,0.25,7.75,1841.93,5268.0,0.5555555555555556,50-59,3683.86,Long Stayers
602946,M,False,False,usa,phoenix,LUF,46,Arizona,8,4,3,4,0.0,1.3333333333333333,0.3333333333333333,437.4866666666667,0.5,4.25,1913.88,2276.0,0.5,40-49,3827.76,Not assigned
603033,F,False,False,usa,los angeles,LAX,72,California,8,0,0,0,,,,,,,,,0.0,70-79,,Indecisive
603053,F,False,False,usa,orlando,MCO,44,Florida,8,3,3,3,0.3333333333333333,1.3333333333333333,0.0,261.62333333333333,1.0,1.3333333333333333,888.3299999999999,625.0,0.375,40-49,1776.6599999999999,Not assigned
603100,F,False,True,usa,fort worth,FTW,25,Texas,8,1,0,1,1.0,,,,0.0,17.0,,2448.0,0.125,20-29,,Long Stayers
603221,F,False,False,usa,new york,LGA,21,New York,8,0,0,0,,,,,,,,,0.0,20-29,,Indecisive
603341,F,True,False,usa,jacksonville,LRF,66,Arkansas,9,0,0,0,,,,,,,,,0.0,60-69,,Indecisive
603809,F,True,False,usa,colorado springs,COS,53,Colorado,9,2,1,2,0.5,1.0,1.0,259.07,0.5,2.0,246.1165,526.0,0.2222222222222222,50-59,492.233,Not assigned
603875,F,False,False,usa,charlotte,CLT,41,North Carolina,8,2,2,2,0.5,1.0,0.5,338.565,0.0,6.0,677.13,1077.5,0.25,40-49,1354.26,Not assigned
604388,F,False,False,usa,des moines,DSM,33,Iowa,8,1,1,1,1.0,1.0,2.0,464.45,0.0,1.0,464.45,66.5,0.125,30-39,928.9,Indecisive
604592,F,False,False,usa,baltimore,BWI,19,Maryland,8,1,1,0,1.0,2.0,1.0,124.195,,,248.39,,0.125,10-19,496.78,Indecisive
604664,F,False,True,usa,austin,AUS,23,Texas,8,0,0,0,,,,,,,,,0.0,20-29,,Indecisive
604982,F,True,False,usa,new york,JFK,46,New York,8,3,3,3,0.3333333333333333,1.3333333333333333,0.3333333333333333,342.0516666666667,0.3333333333333333,3.0,1181.284,2320.0,0.375,40-49,2362.568,Not assigned
605136,F,False,False,usa,new york,JFK,17,New York,8,1,0,1,0.0,,,,0.0,15.0,,3900.0,0.125,10-19,,Long Stayers
605439,F,False,False,usa,san jose,SJC,39,California,8,2,2,2,0.0,1.0,0.0,499.75,0.0,4.5,999.5,2106.0,0.25,30-39,1999.0,Not assigned
605494,F,False,True,usa,new york,JFK,45,New York,8,3,3,3,0.0,1.0,1.0,461.9766666666667,0.3333333333333333,2.333333333333333,1385.93,1589.0,0.375,40-49,2771.86,Not assigned
605558,F,False,False,usa,buffalo,BUF,34,New York,8,5,3,5,0.0,1.0,0.3333333333333333,225.93,0.2,3.4,677.79,1988.0,0.625,30-39,1355.58,Not assigned
605607,F,True,True,usa,phoenix,LUF,48,Arizona,8,1,1,1,0.0,1.0,2.0,645.61,0.0,2.0,645.61,250.0,0.125,40-49,1291.22,Indecisive
605615,M,False,False,canada,edmonton,YEG,34,Alberta,8,2,2,2,0.0,1.0,0.5,504.56,0.0,1.5,1009.12,447.0,0.25,30-39,2018.24,Not assigned
605776,F,False,False,usa,new york,JFK,20,New York,8,5,2,4,0.2,1.5,1.0,298.2375,0.5,5.25,1087.635,7930.0,0.625,20-29,2175.27,Not assigned
605780,F,True,True,canada,montreal,YHU,52,Quebec,8,2,2,1,0.5,1.0,1.0,118.965,1.0,1.0,182.702,55.0,0.25,50-59,365.404,Not assigned
605943,F,False,False,usa,nashville,BNA,17,Tennessee,8,1,1,0,0.0,1.0,0.0,2017.47,,,2017.47,,0.125,10-19,4034.94,Indecisive
605945,F,False,True,canada,edmonton,YXD,38,,8,4,4,3,0.25,1.25,0.5,500.78,0.3333333333333333,1.6666666666666667,2500.0460000000003,930.0,0.5,30-39,5000.092000000001,High Spenders
606041,F,False,True,canada,vancouver,YVR,55,British Columbia,8,2,2,1,0.0,1.0,0.5,631.015,1.0,4.0,1262.03,984.0,0.25,50-59,2524.06,Not assigned
606060,F,True,False,usa,new york,LGA,51,New York,8,2,2,2,0.0,1.0,1.0,337.47,0.0,5.0,674.94,1618.0,0.25,50-59,1349.88,Not assigned
606161,F,True,True,usa,orlando,MCO,46,Florida,8,3,1,3,0.3333333333333333,1.0,1.0,297.15,0.0,5.666666666666667,297.15,8849.0,0.375,40-49,594.3,Not assigned
606283,F,False,True,usa,oklahoma city,OKC,46,Oklahoma,8,1,1,1,0.0,1.0,0.0,388.15,0.0,1.0,388.15,72.0,0.125,40-49,776.3,Indecisive
606333,F,False,False,usa,providence,PVD,43,Rhode Island,8,4,3,3,0.5,1.0,0.6666666666666666,121.01666666666668,0.0,6.0,357.776,2148.9,0.5,40-49,715.552,Not assigned
606456,M,False,False,usa,tampa,TPA,24,Florida,8,0,0,0,,,,,,,,,0.0,20-29,,Indecisive
606648,F,False,False,usa,san jose,SJC,29,California,8,4,2,4,0.0,2.0,0.0,275.315,0.5,2.25,1104.63,2265.0,0.5,20-29,2209.26,Not assigned
606762,F,False,True,usa,jacksonville,LRF,50,Arkansas,8,3,2,3,0.0,1.0,1.5,304.785,0.3333333333333333,2.333333333333333,609.5699999999999,1764.0,0.375,50-59,1219.1399999999999,Not assigned
607152,F,False,False,usa,los angeles,LAX,32,California,8,4,3,4,0.5,1.3333333333333333,0.0,500.41,0.25,3.75,1449.078,2079.0,0.5,30-39,2898.156,Not assigned
607280,F,True,True,usa,omaha,OMA,35,Iowa,8,1,1,1,1.0,1.0,1.0,264.94,0.0,5.0,238.446,1220.0,0.125,30-39,476.892,Indecisive
607350,F,False,True,canada,victoria,YYJ,37,British Columbia,8,3,3,2,0.3333333333333333,1.0,1.0,496.63,0.0,3.0,1489.89,826.0,0.375,30-39,2979.78,Not assigned
607626,F,False,False,canada,montreal,YMX,18,Quebec,8,1,0,1,0.0,,,,0.0,9.0,,666.0,0.125,10-19,,Long Stayers
607706,F,False,False,canada,calgary,YYC,37,Alberta,8,2,1,1,0.0,1.0,1.0,321.79,1.0,4.0,321.79,672.0,0.25,30-39,643.58,Not assigned
608039,F,False,False,usa,austin,AUS,24,Texas,8,2,1,2,0.0,1.0,1.0,449.5,0.5,3.0,449.5,844.0,0.25,20-29,899.0,Not assigned
608086,F,False,False,usa,new york,LGA,26,New York,8,2,2,2,0.5,2.0,0.0,93.95333333333332,0.0,3.5,437.726,3940.0,0.25,20-29,875.452,Not assigned
608287,F,False,True,usa,dallas,DAL,41,Texas,8,4,3,4,0.0,1.0,0.6666666666666666,331.54,0.75,3.0,994.62,2414.0,0.5,40-49,1989.24,Not assigned
608296,F,True,False,usa,san diego,NZY,40,California,8,4,2,4,0.25,1.0,0.5,320.495,0.25,5.75,640.99,7083.4,0.5,40-49,1281.98,Not assigned
608478,M,True,False,usa,los angeles,LAX,58,California,8,3,1,2,1.0,1.0,1.0,322.25,0.5,17.0,322.25,4406.099999999999,0.375,50-59,644.5,Long Stayers
608521,F,False,True,canada,montreal,YHU,59,Quebec,9,2,2,2,0.5,1.0,1.0,708.49,0.5,2.0,1350.689,782.0,0.2222222222222222,50-59,2701.378,Not assigned
608629,F,False,False,usa,new york,LGA,35,New York,8,5,5,5,0.6,1.0,0.4,287.86800000000005,0.0,2.4,1347.2655,1844.9,0.625,30-39,2694.531,Not assigned
608764,F,True,True,canada,montreal,YHU,41,Quebec,8,2,2,2,0.0,1.0,0.5,419.605,0.0,1.5,839.21,601.0,0.25,40-49,1678.42,Not assigned
608786,M,True,False,usa,chicago,MDW,70,Illinois,8,0,0,0,,,,,,,,,0.0,70-79,,Indecisive
608820,F,True,True,usa,san diego,NZY,39,California,8,3,2,3,1.0,3.5,3.5,1499.0291666666667,0.6666666666666666,7.0,12373.4775,5715.6,0.375,30-39,24746.955,High Spenders
608866,F,True,False,usa,st. louis,STL,63,Missouri,8,1,1,1,1.0,1.0,1.0,72.23,1.0,3.0,72.23,845.1,0.125,60-69,144.46,Indecisive
608970,F,False,False,usa,brownsville,BRO,33,Texas,8,1,1,0,0.0,1.0,0.0,396.7,,,396.7,,0.125,30-39,793.4,Indecisive
609051,F,True,True,usa,new york,JFK,47,New York,8,2,2,1,0.5,1.5,0.0,634.815,1.0,1.0,1816.65,946.0,0.25,40-49,3633.3,Not assigned
609243,M,False,True,usa,minneapolis,MSP,37,Minnesota,8,3,2,3,0.6666666666666666,1.5,1.0,393.9275,0.3333333333333333,5.333333333333333,1115.063,2557.0,0.375,30-39,2230.126,Not assigned
609262,F,False,False,usa,brownsville,BRO,37,Texas,8,4,4,4,0.25,1.5,0.25,476.3033333333333,0.5,5.25,2753.658,5486.0,0.5,30-39,5507.316,High Spenders
609673,F,True,False,usa,tulsa,TUL,39,Oklahoma,8,3,3,3,1.0,1.0,0.6666666666666666,290.77666666666664,0.0,2.6666666666666665,768.719,1214.0,0.375,30-39,1537.438,Discount buyer
610294,F,True,False,usa,new york,LGA,52,New York,9,2,2,2,0.0,1.0,0.5,710.4300000000001,0.0,1.0,1420.86,480.0,0.2222222222222222,50-59,2841.72,Not assigned
610306,F,True,False,usa,new york,LGA,52,New York,8,4,4,3,0.0,1.25,0.75,431.38375,0.6666666666666666,3.333333333333333,1814.45,1853.0,0.5,50-59,3628.9,Not assigned
610338,F,False,True,usa,columbus,CMH,18,Ohio,8,1,1,1,0.0,1.0,1.0,147.31,0.0,6.0,147.31,654.0,0.125,10-19,294.62,Indecisive
610395,F,True,False,usa,fayetteville,FYV,54,Arkansas,8,3,2,3,0.0,1.0,1.0,390.37,0.3333333333333333,2.6666666666666665,780.74,2374.0,0.375,50-59,1561.48,Not assigned
610905,F,True,False,usa,san antonio,RND,78,Texas,8,0,0,0,,,,,,,,,0.0,70-79,,Indecisive
610909,F,True,False,usa,san jose,SJC,42,California,8,2,2,2,0.5,1.5,0.5,470.945,0.5,1.0,1102.736,718.0,0.25,40-49,2205.472,Not assigned
611031,F,False,True,usa,new york,LGA,21,New York,8,0,0,0,,,,,,,,,0.0,20-29,,Indecisive
611087,F,False,True,usa,buffalo,BUF,38,New York,9,2,1,2,1.0,1.0,1.0,663.66,0.0,3.5,630.477,1644.0,0.2222222222222222,30-39,1260.954,Discount buyer
611126,F,True,True,usa,miami,OPF,51,Florida,8,2,2,2,0.0,1.5,0.5,540.7025,0.0,3.5,1803.32,1452.0,0.25,50-59,3606.64,Not assigned
611177,F,True,True,usa,los angeles,LAX,43,California,9,2,2,2,0.0,1.5,0.5,756.3375000000001,0.5,1.5,2250.65,660.0,0.2222222222222222,40-49,4501.3,High Spenders
611350,M,False,True,usa,tucson,TUS,26,Arizona,8,1,1,1,0.0,1.0,1.0,644.82,0.0,1.0,644.82,146.0,0.125,20-29,1289.64,Indecisive
611839,F,False,False,usa,kansas city,MCI,37,Missouri,8,5,4,5,0.2,1.0,0.25,285.7125,0.6,3.8,1142.85,5739.55,0.625,30-39,2285.7,Not assigned
611852,M,False,False,usa,akron,AKR,40,Ondo,8,2,2,2,0.5,1.0,1.0,54.7,0.5,1.0,107.1585,360.4,0.25,40-49,214.317,Not assigned
612220,M,False,False,usa,lubbock,LBB,16,Texas,8,1,1,0,0.0,1.0,2.0,438.49,,,438.49,,0.125,10-19,876.98,Indecisive
612226,F,False,True,usa,dallas,DAL,32,Texas,8,0,0,0,,,,,,,,,0.0,30-39,,Indecisive
612236,F,True,True,usa,colorado springs,COS,49,Colorado,8,3,3,3,0.3333333333333333,1.0,0.6666666666666666,243.94333333333336,0.3333333333333333,3.333333333333333,660.49,1878.0,0.375,40-49,1320.98,Not assigned
612562,F,False,False,usa,los angeles,LAX,24,California,8,1,1,0,1.0,2.0,1.0,731.18,,,1462.36,,0.125,20-29,2924.72,Indecisive
612685,F,False,False,usa,tampa,MCF,40,Florida,8,2,2,2,0.0,1.0,0.5,261.135,0.0,1.5,522.27,482.0,0.25,40-49,1044.54,Not assigned
613164,F,False,False,usa,chicago,MDW,27,Illinois,8,3,1,3,0.3333333333333333,1.0,0.0,43.32,0.3333333333333333,10.333333333333334,43.32,4285.0,0.375,20-29,86.64,Long Stayers
613275,F,False,True,usa,philadelphia,PHL,43,Pennsylvania,10,3,3,2,0.3333333333333333,1.0,0.3333333333333333,279.02333333333337,0.0,1.5,837.07,267.6,0.3,40-49,1674.14,Not assigned
613383,M,False,False,usa,phoenix,PHX,38,Arizona,8,1,1,1,0.0,2.0,1.0,76.99,1.0,2.0,153.98,284.0,0.125,30-39,307.96,Indecisive
613874,F,True,False,usa,houston,IAH,54,Texas,8,4,4,4,1.0,1.25,0.75,456.665,0.5,2.0,1938.438,2068.0,0.5,50-59,3876.876,Discount buyer
614033,F,False,False,usa,honolulu,HNL,38,Hawaii,8,2,2,2,0.5,1.0,0.5,1351.29,0.0,2.5,2641.268,1025.0,0.25,30-39,5282.536,High Spenders
614092,F,False,False,usa,dallas,DAL,23,Texas,8,2,0,2,0.0,,,,0.5,14.0,,3714.0,0.25,20-29,,Long Stayers
614412,F,True,True,usa,tulsa,TUL,48,Oklahoma,9,2,2,2,0.0,1.0,0.0,375.72,0.0,1.5,751.44,411.0,0.2222222222222222,40-49,1502.88,Not assigned
614632,F,True,True,usa,baltimore,BWI,51,Maryland,8,2,1,1,0.0,1.0,1.0,104.24,0.0,7.0,104.24,777.0,0.25,50-59,208.48,Not assigned
614668,F,True,True,usa,los angeles,LAX,51,California,8,2,2,2,0.0,1.5,1.0,241.175,0.0,1.0,821.25,176.0,0.25,50-59,1642.5,Not assigned
614748,F,False,True,usa,san diego,NZY,47,California,8,2,2,2,0.0,1.5,1.0,389.255,0.5,3.5,852.65,3884.0,0.25,40-49,1705.3,Not assigned
614793,F,True,False,usa,jacksonville,NIP,66,Florida,8,1,1,0,1.0,1.0,1.0,493.59,,,419.5515,,0.125,60-69,839.103,Indecisive
614828,F,False,False,usa,miami,TNT,39,Florida,8,2,2,1,0.0,1.0,0.0,317.635,1.0,2.0,635.27,544.0,0.25,30-39,1270.54,Not assigned
614846,M,True,False,usa,columbus,LCK,68,Ohio,8,0,0,0,,,,,,,,,0.0,60-69,,Indecisive
615266,F,False,False,usa,charlotte,CLT,39,North Carolina,8,6,6,6,0.0,1.0,0.5,407.7916666666667,0.1666666666666666,2.6666666666666665,2446.75,1766.0,0.75,30-39,4893.5,High Spenders
615307,F,True,True,usa,tulsa,TUL,49,Oklahoma,8,1,1,1,0.0,1.0,2.0,183.48,0.0,3.0,183.48,1644.0,0.125,40-49,366.96,Indecisive
615544,F,False,False,usa,cincinnati,CVG,36,Kentucky,8,1,1,0,0.0,1.0,1.0,167.06,,,167.06,,0.125,30-39,334.12,Indecisive
615674,F,False,False,canada,winnipeg,YWG,17,Manitoba,8,1,0,1,0.0,,,,0.0,5.0,,690.0,0.125,10-19,,Indecisive
615783,F,False,False,usa,fort worth,FTW,17,Texas,8,1,1,1,0.0,1.0,1.0,178.05,0.0,3.0,178.05,402.0,0.125,10-19,356.1,Indecisive
615922,M,True,False,usa,new york,LGA,66,New York,8,2,1,1,0.5,1.0,0.0,710.03,0.0,6.0,710.03,306.0,0.25,60-69,1420.06,Retired
616086,F,True,False,usa,new york,LGA,80,New York,8,0,0,0,,,,,,,,,0.0,80-89,,Indecisive
616125,F,False,False,canada,calgary,YYC,31,Alberta,8,1,1,1,0.0,2.0,1.0,158.08,0.0,2.0,316.16,172.0,0.125,30-39,632.32,Indecisive
616461,F,False,True,canada,london,YXU,30,Ontario,8,2,2,1,0.0,1.0,0.5,283.42,0.0,3.0,566.84,810.0,0.25,30-39,1133.68,Not assigned
616470,F,True,False,usa,san diego,NZY,30,California,8,2,2,2,0.0,1.0,0.5,576.97,0.0,2.0,1153.94,564.0,0.25,30-39,2307.88,Not assigned
616692,F,True,True,usa,san francisco,SFO,54,California,9,1,1,0,1.0,1.0,1.0,565.02,,,536.769,,0.1111111111111111,50-59,1073.538,Indecisive
616715,M,True,True,usa,knoxville,TYS,40,Tennessee,8,1,1,1,0.0,1.0,1.0,145.63,0.0,2.0,145.63,260.0,0.125,40-49,291.26,Indecisive
616734,F,False,False,usa,san francisco,SFO,25,California,8,0,0,0,,,,,,,,,0.0,20-29,,Indecisive
616789,F,False,False,usa,buffalo,BUF,22,New York,8,2,1,1,0.5,2.0,1.0,331.38,0.0,7.0,662.76,493.85,0.25,20-29,1325.52,Not assigned
616795,F,True,False,usa,norfolk,NGU,45,Virginia,8,4,3,4,0.5,1.0,0.3333333333333333,346.1433333333334,0.25,3.0,1000.2165,1039.0,0.5,40-49,2000.433,Not assigned
616950,F,True,False,usa,nashville,BNA,21,Tennessee,8,1,1,1,0.0,1.0,1.0,217.15,0.0,1.0,217.15,307.0,0.125,20-29,434.3,Indecisive
616992,F,False,True,usa,san antonio,SAT,36,Texas,8,2,2,1,0.0,1.0,1.0,314.985,0.0,3.0,629.97,3189.0,0.25,30-39,1259.94,Not assigned
617125,F,False,False,usa,new york,LGA,38,New York,8,3,3,2,0.0,1.0,0.6666666666666666,410.1566666666667,0.5,1.0,1230.47,216.0,0.375,30-39,2460.94,Not assigned
617402,F,False,False,usa,las vegas,LAS,32,Nevada,8,3,3,3,0.3333333333333333,2.0,0.3333333333333333,478.6175,0.3333333333333333,1.6666666666666667,3397.62,1164.8,0.375,30-39,6795.24,High Spenders
617407,F,True,True,usa,honolulu,HNL,41,Hawaii,8,2,2,2,0.5,1.5,0.0,915.1225,0.0,3.0,2841.0665,1034.0,0.25,40-49,5682.133,High Spenders
617506,F,True,False,canada,halifax,YHZ,43,Nova Scotia,8,2,2,2,0.0,2.0,1.0,460.9733333333333,0.5,5.5,2433.08,2355.0,0.25,40-49,4866.16,High Spenders
617606,F,True,False,usa,san diego,SAN,70,California,8,0,0,0,,,,,,,,,0.0,70-79,,Indecisive
617743,F,True,False,usa,st. louis,STL,64,Missouri,8,2,1,2,0.5,1.0,1.0,478.6,0.0,6.0,478.6,2059.0,0.25,60-69,957.2,Retired
617878,F,False,True,usa,los angeles,LAX,37,California,8,6,6,6,0.3333333333333333,1.1666666666666667,0.8333333333333334,510.385,0.3333333333333333,2.6666666666666665,3347.673,1962.4,0.75,30-39,6695.346,High Spenders
617990,F,True,False,canada,halifax,YAW,59,,8,0,0,0,,,,,,,,,0.0,50-59,,Indecisive
617994,F,False,False,canada,toronto,YYZ,45,Ontario,8,3,2,3,0.6666666666666666,1.5,1.0,88.6375,0.0,6.0,241.11,2300.4,0.375,40-49,482.22,Not assigned
618063,F,True,False,canada,ottawa,YOW,50,Ontario,8,3,3,3,0.0,1.0,0.6666666666666666,555.9033333333333,0.6666666666666666,4.333333333333333,1667.71,2680.0,0.375,50-59,3335.42,Not assigned
618088,F,False,False,usa,des moines,DSM,54,Iowa,8,4,4,4,0.5,2.25,0.5,306.6897916666667,0.75,2.75,2662.069,14878.7,0.5,50-59,5324.138,High Spenders
618157,F,True,True,usa,detroit,DTW,37,Michigan,8,2,2,2,0.5,1.0,1.5,86.61500000000001,0.0,4.5,173.23000000000002,6846.599999999999,0.25,30-39,346.46000000000004,Not assigned
618181,M,True,False,canada,montreal,YMX,48,Quebec,8,2,2,2,0.0,1.0,0.0,98.865,0.5,2.0,197.73,956.0,0.25,40-49,395.46,Not assigned
618201,F,True,False,usa,san diego,NZY,48,California,8,2,2,1,0.5,1.5,0.0,667.655,0.0,2.0,2013.722,836.0,0.25,40-49,4027.444,Not assigned
618392,F,True,True,usa,denver,DEN,39,Colorado,8,2,1,1,0.0,1.0,1.0,366.58,0.0,9.0,366.58,585.0,0.25,30-39,733.16,Long Stayers
618535,F,False,True,usa,indianapolis,IND,28,Gujarat,8,3,3,3,0.0,1.6666666666666667,1.0,334.4583333333333,0.3333333333333333,8.666666666666666,1723.47,12313.0,0.375,20-29,3446.94,Long Stayers
618664,F,False,False,usa,austin,AUS,68,Texas,9,1,0,1,1.0,,,,0.0,2.0,,604.8000000000001,0.1111111111111111,60-69,,Indecisive
618881,F,True,False,usa,new york,JFK,63,New York,9,3,3,2,0.0,1.6666666666666667,1.3333333333333333,415.31222222222215,0.5,2.0,2239.91,1155.0,0.3333333333333333,60-69,4479.82,High Spenders
619079,M,False,False,usa,nashville,BNA,45,Tennessee,8,3,3,3,0.0,1.0,0.3333333333333333,189.35666666666668,0.0,3.0,568.07,1086.0,0.375,40-49,1136.14,Not assigned
619321,F,True,True,usa,austin,AUS,52,Texas,8,7,6,7,0.5714285714285714,1.0,0.5,218.76,0.2857142857142857,2.2857142857142856,1249.655,2819.75,0.875,50-59,2499.31,Not assigned
619432,F,False,False,usa,el paso,ELP,32,Texas,8,4,3,3,0.75,1.3333333333333333,1.0,363.0916666666667,0.3333333333333333,7.0,1249.87,3039.9,0.5,30-39,2499.74,Not assigned
619918,F,False,False,usa,san diego,SAN,35,California,8,3,3,2,0.3333333333333333,1.0,0.6666666666666666,340.11999999999995,0.0,1.0,990.353,174.0,0.375,30-39,1980.706,Not assigned
619983,F,True,False,usa,san diego,NZY,84,California,8,1,0,1,0.0,,,,1.0,2.0,,608.0,0.125,80-89,,Indecisive
620033,F,True,False,usa,chicago,ORD,67,Illinois,9,0,0,0,,,,,,,,,0.0,60-69,,Indecisive
620394,M,False,True,canada,calgary,YYC,35,Alberta,8,2,1,2,0.5,1.0,2.0,324.35,0.0,3.0,275.6975,3288.0,0.25,30-39,551.395,Not assigned
620690,F,True,False,usa,philadelphia,PHL,59,Pennsylvania,8,2,1,1,0.5,1.0,2.0,425.13,1.0,9.0,425.13,704.7,0.25,50-59,850.26,Long Stayers
620719,F,False,False,usa,reno,RNO,25,Nevada,8,1,0,1,0.0,,,,0.0,9.0,,1224.0,0.125,20-29,,Long Stayers
620991,F,False,False,usa,orlando,ORL,21,Florida,8,2,1,2,0.0,1.0,1.0,606.38,1.0,2.5,606.38,700.0,0.25,20-29,1212.76,Not assigned
621081,F,True,False,usa,san jose,SJC,58,California,9,3,3,3,0.6666666666666666,1.0,0.6666666666666666,505.4066666666667,0.0,2.0,1453.069,769.0,0.3333333333333333,50-59,2906.138,Not assigned
621552,F,False,False,usa,detroit,YIP,34,Michigan,8,0,0,0,,,,,,,,,0.0,30-39,,Indecisive
621849,F,True,True,usa,birmingham,BHM,52,Alabama,8,3,3,3,0.3333333333333333,1.3333333333333333,0.3333333333333333,262.195,0.3333333333333333,2.333333333333333,979.6365,1576.0,0.375,50-59,1959.273,Not assigned
622248,F,True,False,usa,indianapolis,IND,34,Gujarat,8,4,3,3,0.25,1.0,1.0,318.7966666666667,0.6666666666666666,5.333333333333333,956.39,1484.0,0.5,30-39,1912.78,Not assigned
622418,M,False,True,usa,honolulu,HNL,40,Hawaii,8,1,1,1,1.0,1.0,0.0,1354.96,0.0,1.0,1151.716,61.0,0.125,40-49,2303.432,Indecisive
622464,F,True,False,usa,new orleans,NBG,46,Louisiana,8,2,2,1,0.0,1.0,1.5,341.69,0.0,1.0,683.38,120.0,0.25,40-49,1366.76,Not assigned
622708,F,False,False,usa,new york,LGA,41,New York,8,4,2,4,0.5,1.0,0.5,364.53,0.0,5.5,635.841,2369.2,0.5,40-49,1271.682,Not assigned
622813,F,False,False,usa,baltimore,BWI,51,Maryland,8,4,4,3,0.0,1.5,0.75,303.7583333333333,0.3333333333333333,1.6666666666666667,1414.0,557.0,0.5,50-59,2828.0,Not assigned
623043,F,False,False,canada,edmonton,YXD,38,,8,4,4,4,0.0,1.25,1.0,434.5075,0.0,1.5,2187.04,708.0,0.5,30-39,4374.08,Not assigned
623142,F,True,True,usa,baltimore,BWI,40,Maryland,8,2,2,1,0.5,1.5,0.5,1188.26,1.0,2.0,4722.922,328.0,0.25,40-49,9445.844,High Spenders
623750,F,False,True,usa,chicago,UGN,42,Illinois,8,2,2,2,0.0,1.0,0.0,405.785,0.5,5.0,811.57,1902.0,0.25,40-49,1623.14,Not assigned
623850,F,False,False,canada,toronto,YYZ,46,Ontario,8,5,5,5,0.2,1.0,0.2,216.104,0.4,4.2,1080.52,4044.4,0.625,40-49,2161.04,Not assigned
623941,F,False,True,canada,toronto,YYZ,40,Ontario,8,4,3,3,0.25,2.0,1.3333333333333333,128.93666666666667,0.6666666666666666,4.0,594.94,3688.0,0.5,40-49,1189.88,Family travelers
623949,M,True,False,usa,new york,LGA,47,New York,8,3,3,3,0.3333333333333333,1.0,0.6666666666666666,95.75666666666666,0.0,5.0,251.825,2000.0,0.375,40-49,503.65,Not assigned
623972,F,True,False,usa,new york,LGA,53,New York,8,3,3,3,0.0,1.3333333333333333,0.6666666666666666,476.2933333333333,0.0,2.333333333333333,1525.22,1486.0,0.375,50-59,3050.44,Not assigned
624198,F,False,False,usa,new york,JFK,41,New York,8,3,3,3,0.0,1.3333333333333333,0.6666666666666666,536.8149999999999,0.6666666666666666,4.0,2326.07,773.0,0.375,40-49,4652.14,High Spenders
624762,F,True,True,usa,chicago,UGN,42,Illinois,8,2,2,2,0.5,1.5,1.0,138.265,0.0,3.0,285.27700000000004,2830.0,0.25,40-49,570.5540000000001,Not assigned
625089,F,False,True,usa,louisville,LOU,37,Kentucky,8,4,4,3,0.25,1.0,0.5,228.3325,0.0,3.6666666666666665,913.33,2765.5,0.5,30-39,1826.66,Not assigned
625398,F,False,False,usa,los angeles,LAX,17,California,8,2,2,2,0.5,1.0,0.5,335.66,0.0,6.0,671.3199999999999,3525.6,0.25,10-19,1342.6399999999999,Youngs
625400,M,False,True,canada,toronto,YZD,45,,8,3,3,3,0.0,1.0,0.6666666666666666,308.6133333333333,0.3333333333333333,5.0,925.84,7231.0,0.375,40-49,1851.68,Not assigned
625555,M,False,False,usa,santa ana,SNA,22,California,8,1,0,1,0.0,,,,1.0,7.0,,889.0,0.125,20-29,,Indecisive
625597,F,False,False,usa,madison,MSN,59,Wisconsin,8,2,1,1,0.5,1.0,1.0,370.8,0.0,9.0,370.8,963.9,0.25,50-59,741.6,Long Stayers
625700,F,False,False,usa,spokane,SFF,25,Washington,9,0,0,0,,,,,,,,,0.0,20-29,,Indecisive
626114,F,False,False,usa,san antonio,SKF,16,Texas,8,0,0,0,,,,,,,,,0.0,10-19,,Indecisive
626519,F,False,False,usa,new york,JFK,43,New York,8,3,3,2,0.3333333333333333,1.0,0.0,223.89333333333332,0.5,2.5,621.402,949.0,0.375,40-49,1242.804,Not assigned
626520,F,False,False,canada,gatineau,YND,45,Quebec,8,2,2,2,0.0,1.5,0.0,123.765,0.0,1.0,310.77,783.0,0.25,40-49,621.54,Not assigned
626645,M,False,False,usa,salt lake city,SLC,56,Utah,8,3,3,3,0.6666666666666666,2.0,0.6666666666666666,469.49888888888887,0.0,4.333333333333333,2348.4075,6256.0,0.375,50-59,4696.815,High Spenders
626986,F,True,False,canada,hamilton,YHM,56,Ontario,8,6,6,6,0.0,1.0,0.1666666666666666,237.135,0.5,4.166666666666667,1422.81,5135.0,0.75,50-59,2845.62,Not assigned
627436,F,False,False,usa,chicago,MDW,47,Illinois,9,2,2,2,0.0,1.0,0.5,212.915,0.0,4.5,425.83,1798.0,0.2222222222222222,40-49,851.66,Not assigned
627451,F,True,False,usa,san antonio,RND,48,Texas,8,3,3,1,0.3333333333333333,1.0,0.3333333333333333,376.81666666666666,0.0,2.0,1100.536,342.0,0.375,40-49,2201.072,Not assigned
627889,F,True,False,usa,cleveland,CLE,56,Ohio,8,2,1,2,0.0,1.0,1.0,116.28,0.5,4.5,116.28,1764.0,0.25,50-59,232.56,Not assigned
627893,F,False,False,usa,new york,JFK,31,New York,8,3,2,3,0.3333333333333333,1.0,1.0,260.54,0.0,3.333333333333333,456.4315,2871.0,0.375,30-39,912.863,Not assigned
627972,F,True,True,usa,memphis,MEM,37,Tennessee,8,3,2,3,0.3333333333333333,1.0,0.5,191.075,0.3333333333333333,5.333333333333333,382.15,2573.7,0.375,30-39,764.3,Not assigned
628570,F,False,True,usa,columbus,LCK,44,Ohio,8,5,5,4,0.4,1.2,0.2,302.575,0.0,5.0,1397.8955,3251.0,0.625,40-49,2795.791,Not assigned
628653,F,True,False,usa,sacramento,MHR,41,California,8,3,3,2,0.3333333333333333,1.0,0.6666666666666666,318.0,0.0,5.5,954.0,1619.1999999999998,0.375,40-49,1908.0,Not assigned
628694,F,True,False,usa,tucson,DMA,45,Arizona,9,2,1,2,0.5,1.0,1.0,415.12,0.0,5.5,415.12,1005.0,0.2222222222222222,40-49,830.24,Not assigned
628752,F,False,True,usa,birmingham,BHM,44,Alabama,8,2,2,1,0.5,1.0,1.0,359.68,0.0,2.0,668.384,276.0,0.25,40-49,1336.768,Not assigned
628762,F,False,True,usa,los angeles,LAX,16,California,8,1,0,1,0.0,,,,0.0,8.0,,424.0,0.125,10-19,,Long Stayers
629647,F,False,False,usa,new york,LGA,33,New York,8,2,2,2,0.5,1.0,1.0,172.125,0.5,2.5,308.766,494.0,0.25,30-39,617.532,Not assigned
629701,F,False,False,usa,houston,HOU,31,Texas,8,4,3,4,0.0,1.0,0.3333333333333333,396.63,0.25,3.5,1189.89,2118.0,0.5,30-39,2379.78,Not assigned
629812,M,False,False,usa,riverside,RIV,18,California,8,0,0,0,,,,,,,,,0.0,10-19,,Indecisive
630178,F,True,False,usa,st. petersburg,SPG,39,Florida,9,1,1,1,0.0,1.0,1.0,293.99,1.0,3.0,293.99,987.0,0.1111111111111111,30-39,587.98,Indecisive
630267,F,False,True,usa,corpus christi,CRP,18,Texas,8,2,1,2,0.5,1.0,1.0,158.1,0.5,10.0,158.1,5251.0,0.25,10-19,316.2,Long Stayers
630609,F,False,False,usa,boston,BOS,37,Massachusetts,8,5,5,5,0.2,1.0,0.2,242.656,0.2,2.8,1213.28,2579.3,0.625,30-39,2426.56,Not assigned
630694,F,False,False,usa,charlotte,CLT,39,North Carolina,8,2,2,2,0.5,1.5,0.5,392.395,0.0,1.0,906.85,371.6,0.25,30-39,1813.7,Not assigned
631174,F,False,False,usa,new york,JFK,32,New York,8,2,1,2,0.5,2.0,0.0,540.53,0.0,2.5,1081.06,663.6,0.25,30-39,2162.12,Not assigned
631201,F,False,False,usa,st. petersburg,PIE,25,Florida,8,2,1,2,1.0,1.0,0.0,676.8,0.0,4.5,676.8,5061.800000000001,0.25,20-29,1353.6,Discount buyer
631388,F,True,False,usa,san antonio,RND,39,Texas,8,2,1,1,1.0,2.0,0.0,467.325,0.0,11.0,934.65,990.0,0.25,30-39,1869.3,Long Stayers
631787,M,False,False,usa,stockton,SCK,46,California,8,3,2,2,0.6666666666666666,1.0,0.0,697.42,0.0,4.5,1202.39,690.4,0.375,40-49,2404.78,Not assigned
631872,F,True,False,usa,new york,LGA,68,New York,9,0,0,0,,,,,,,,,0.0,60-69,,Indecisive
632136,F,False,False,usa,detroit,YIP,50,Michigan,8,3,3,3,0.3333333333333333,1.0,0.6666666666666666,197.61333333333332,0.3333333333333333,3.333333333333333,592.84,1874.8,0.375,50-59,1185.68,Not assigned
632316,F,True,False,usa,anchorage,EDF,50,Alaska,8,3,3,3,0.3333333333333333,1.0,0.0,834.6366666666667,0.3333333333333333,2.0,2402.857,1218.0,0.375,50-59,4805.714,High Spenders
632425,F,True,True,usa,columbus,LCK,50,Ohio,9,2,2,1,0.0,2.5,0.0,178.45000000000002,0.0,1.0,1160.84,96.0,0.2222222222222222,50-59,2321.68,Family travelers
632461,F,False,False,canada,toronto,YTZ,55,Ontario,8,1,1,1,1.0,1.0,1.0,121.98,0.0,1.0,97.584,168.0,0.125,50-59,195.168,Indecisive
632631,F,False,False,usa,tulsa,TUL,41,Oklahoma,8,2,2,2,1.0,1.0,1.0,254.54,0.0,3.0,509.08,1147.0,0.25,40-49,1018.16,Discount buyer
632749,F,True,True,usa,detroit,DET,27,Michigan,8,2,2,2,0.5,1.0,0.5,605.3299999999999,0.0,2.0,1181.422,803.2,0.25,20-29,2362.844,Not assigned
632965,F,False,False,usa,indianapolis,IND,44,Gujarat,8,6,5,6,0.1666666666666666,1.0,0.2,259.69,0.0,6.166666666666667,1298.45,7697.35,0.75,40-49,2596.9,Not assigned
632988,F,True,True,usa,phoenix,PHX,47,Arizona,8,3,3,3,0.3333333333333333,1.0,0.3333333333333333,234.9833333333333,0.6666666666666666,4.0,704.9499999999999,1884.0,0.375,40-49,1409.8999999999999,Not assigned
633235,F,False,True,canada,calgary,YYC,25,Alberta,8,1,0,1,0.0,,,,0.0,4.0,,392.0,0.125,20-29,,Indecisive
633314,F,True,True,canada,hamilton,YHM,23,Ontario,8,2,2,2,0.5,1.0,0.5,310.37,0.0,2.0,620.74,997.75,0.25,20-29,1241.48,Not assigned
633406,F,False,False,usa,dallas,DAL,22,Texas,8,2,1,1,1.0,1.0,0.0,8.71,1.0,8.0,7.839000000000001,512.0,0.25,20-29,15.678000000000003,Long Stayers
634601,M,False,False,canada,edmonton,YEG,19,Alberta,9,0,0,0,,,,,,,,,0.0,10-19,,Indecisive
634739,F,False,True,usa,minneapolis,MSP,19,Minnesota,8,0,0,0,,,,,,,,,0.0,10-19,,Indecisive
635249,F,False,False,usa,memphis,MEM,57,Tennessee,8,3,3,2,0.0,1.3333333333333333,1.0,343.2716666666667,0.0,2.0,1433.2,371.0,0.375,50-59,2866.4,Not assigned
635442,F,True,True,usa,chicago,MDW,46,Illinois,9,4,4,4,0.5,1.0,0.5,241.0075,0.25,3.25,928.8835,1450.0,0.4444444444444444,40-49,1857.767,Not assigned
635587,F,False,False,canada,edmonton,YXD,51,,8,2,2,2,0.5,1.0,0.0,408.365,0.5,3.0,772.87,590.0,0.25,50-59,1545.74,Not assigned
635666,F,False,False,usa,san jose,SJC,26,California,8,0,0,0,,,,,,,,,0.0,20-29,,Indecisive
635861,F,False,False,usa,new york,LGA,17,New York,8,1,1,1,0.0,1.0,0.0,735.03,0.0,2.0,735.03,358.0,0.125,10-19,1470.06,Indecisive
635949,F,False,True,usa,chicago,UGN,42,Illinois,8,4,3,4,0.0,1.0,1.0,355.3666666666666,0.25,2.5,1066.1,2119.0,0.5,40-49,2132.2,Not assigned
636078,F,True,False,usa,san francisco,SFO,54,California,8,3,3,3,0.6666666666666666,1.3333333333333333,0.6666666666666666,501.34833333333336,0.6666666666666666,1.0,1897.541,404.7,0.375,50-59,3795.082,Not assigned
636102,F,False,False,usa,new york,LGA,47,New York,8,5,5,4,0.2,1.4,0.4,330.024,0.25,1.75,2416.0775,1433.8,0.625,40-49,4832.155,High Spenders
636520,F,False,False,usa,rochester,ROC,50,New York,8,1,1,1,1.0,2.0,1.0,626.505,1.0,6.0,1190.3595,4140.0,0.125,50-59,2380.719,Indecisive
636524,F,False,False,usa,el paso,BIF,46,Texas,9,4,3,3,0.25,1.0,1.0,362.6233333333333,0.3333333333333333,3.6666666666666665,1087.87,1838.2,0.4444444444444444,40-49,2175.74,Not assigned
636526,M,True,True,usa,new york,LGA,38,New York,8,1,1,1,1.0,1.0,1.0,691.85,1.0,1.0,622.6650000000001,273.6,0.125,30-39,1245.3300000000002,Indecisive
636739,F,False,True,usa,akron,AKR,34,Ondo,8,1,1,1,0.0,1.0,1.0,112.74,0.0,1.0,112.74,419.0,0.125,30-39,225.48,Indecisive
636966,F,False,False,usa,new york,JFK,35,New York,8,3,2,3,0.0,1.5,2.5,592.3100000000001,0.0,3.6666666666666665,1888.58,1630.0,0.375,30-39,3777.16,Not assigned
637075,F,True,False,usa,los angeles,LAX,63,California,8,1,1,1,0.0,1.0,1.0,343.07,1.0,3.0,343.07,579.0,0.125,60-69,686.14,Indecisive
637086,F,False,False,usa,phoenix,PHX,45,Arizona,9,4,3,4,0.25,1.0,0.3333333333333333,431.4633333333333,0.0,3.0,1271.865,1955.0,0.4444444444444444,40-49,2543.73,Not assigned
637457,F,False,False,usa,oakland,OAK,39,California,8,2,2,2,0.0,1.5,0.0,407.0575,0.0,2.0,918.92,595.0,0.25,30-39,1837.84,Not assigned
637555,M,True,False,usa,new york,JFK,57,New York,8,0,0,0,,,,,,,,,0.0,50-59,,Indecisive
637633,F,False,False,canada,toronto,YKZ,35,Ontario,8,3,2,2,0.3333333333333333,1.0,0.5,471.335,0.5,2.5,942.67,463.0,0.375,30-39,1885.34,Not assigned
637687,F,True,False,usa,san antonio,SAT,39,Texas,8,4,4,4,0.25,1.25,0.5,359.7825,0.75,1.75,1845.957,1378.0,0.5,30-39,3691.914,Not assigned
638140,F,False,True,usa,richmond,RIC,38,Virginia,8,2,2,2,0.0,2.5,1.5,102.17625,0.5,3.0,569.25,670.0,0.25,30-39,1138.5,Family travelers
638162,F,False,False,usa,chicago,ORD,32,Illinois,8,6,3,5,0.1666666666666666,1.0,0.6666666666666666,204.4233333333333,0.2,3.8,606.912,2875.0,0.75,30-39,1213.824,Not assigned
638874,F,True,False,usa,new york,JFK,43,New York,8,2,2,2,0.0,1.0,0.5,176.265,0.0,1.0,352.53,294.0,0.25,40-49,705.06,Not assigned
639571,F,False,False,usa,akron,AKR,40,Ondo,8,3,2,3,0.3333333333333333,1.5,0.5,209.215,0.3333333333333333,3.0,722.4300000000001,2653.0,0.375,40-49,1444.8600000000001,Not assigned
640451,F,True,False,canada,toronto,YYZ,66,Ontario,8,0,0,0,,,,,,,,,0.0,60-69,,Indecisive
640649,F,True,True,usa,los angeles,LAX,63,California,8,2,2,2,0.0,1.0,1.0,229.365,0.0,8.0,458.73,2552.0,0.25,60-69,917.46,Long Stayers
640715,F,False,False,usa,fresno,FAT,48,California,8,4,4,3,0.75,1.25,0.75,537.57125,0.0,5.0,2711.8905,2128.6,0.5,40-49,5423.781,High Spenders
640849,F,True,False,usa,jacksonville,LRF,50,Arkansas,8,4,4,2,0.5,1.0,0.5,288.46250000000003,0.5,4.0,1129.7885,797.2,0.5,50-59,2259.577,Not assigned
641012,F,False,True,usa,philadelphia,PHL,20,Pennsylvania,8,3,2,3,0.0,1.0,0.5,100.23,0.3333333333333333,2.6666666666666665,200.46,1724.0,0.375,20-29,400.92,Not assigned
641102,F,False,False,canada,montreal,YMX,39,Quebec,8,3,2,2,0.0,1.5,0.5,401.6875,0.0,6.0,890.6999999999999,3934.0,0.375,30-39,1781.3999999999999,Not assigned
641106,F,True,False,usa,brownsville,BRO,49,Texas,8,3,3,2,0.3333333333333333,1.3333333333333333,1.3333333333333333,408.5566666666667,0.0,1.5,1660.66,605.2,0.375,40-49,3321.32,Not assigned
641310,F,False,True,usa,los angeles,LAX,43,California,8,1,1,1,0.0,1.0,1.0,102.78,1.0,6.0,102.78,1716.0,0.125,40-49,205.56,Indecisive
641529,F,True,False,usa,philadelphia,PHL,75,Pennsylvania,8,2,0,2,0.0,,,,0.5,7.0,,2550.0,0.25,70-79,,Retired
641537,F,True,True,usa,washington,DCA,53,Virginia,8,2,1,2,0.5,1.0,0.0,36.44,1.0,2.5,36.44,1036.9,0.25,50-59,72.88,Not assigned
642215,F,True,False,canada,hamilton,YHM,67,Ontario,8,0,0,0,,,,,,,,,0.0,60-69,,Indecisive
642344,F,False,False,usa,wichita,ICT,41,Kansas,8,4,4,4,0.5,1.0,0.0,333.69,0.0,3.75,1306.113,3134.6000000000004,0.5,40-49,2612.226,Not assigned
642364,M,True,True,canada,montreal,YUL,54,Quebec,8,1,1,0,0.0,1.0,0.0,225.5,,,225.5,,0.125,50-59,451.0,Indecisive
642553,F,False,False,canada,edmonton,YEG,26,Alberta,8,1,1,1,0.0,1.0,1.0,540.53,1.0,1.0,540.53,366.0,0.125,20-29,1081.06,Indecisive
642679,F,False,False,usa,st. petersburg,PIE,40,Florida,8,5,5,5,0.0,1.2,0.0,269.995,0.4,2.8,1943.93,3802.0,0.625,40-49,3887.86,Not assigned
643324,F,True,False,usa,oklahoma city,OKC,64,Oklahoma,8,0,0,0,,,,,,,,,0.0,60-69,,Indecisive
643344,F,True,True,usa,los angeles,LAX,47,California,9,2,1,1,0.5,1.0,0.0,688.84,0.0,2.0,619.956,298.0,0.2222222222222222,40-49,1239.912,Not assigned
643645,F,True,True,usa,new york,JFK,46,New York,8,4,3,3,0.5,1.3333333333333333,0.6666666666666666,538.525,0.6666666666666666,2.0,2140.89,1366.0,0.5,40-49,4281.78,Not assigned
643714,F,True,False,usa,chicago,MDW,43,Illinois,8,1,1,1,0.0,1.0,1.0,459.74,1.0,1.0,459.74,140.0,0.125,40-49,919.48,Indecisive
644438,F,True,False,usa,new york,LGA,45,New York,8,0,0,0,,,,,,,,,0.0,40-49,,Indecisive
644784,F,True,False,usa,san diego,NZY,34,California,8,1,1,1,0.0,1.0,1.0,367.87,0.0,8.0,367.87,456.0,0.125,30-39,735.74,Long Stayers
645047,F,False,False,usa,milwaukee,MKE,43,Wisconsin,8,3,3,3,0.3333333333333333,1.0,0.0,284.45666666666665,0.0,3.0,832.97,1454.0,0.375,40-49,1665.94,Not assigned
645415,F,False,True,usa,san diego,SAN,35,California,8,2,1,2,0.0,1.0,1.0,115.55,0.0,6.0,115.55,4195.0,0.25,30-39,231.1,Not assigned
645488,F,True,True,canada,quebec,YQB,24,Quebec,8,0,0,0,,,,,,,,,0.0,20-29,,Indecisive
645664,M,False,False,usa,brownsville,BRO,18,Texas,8,1,0,1,0.0,,,,0.0,11.0,,5280.0,0.125,10-19,,Long Stayers
646405,F,False,True,usa,los angeles,LAX,27,California,8,2,1,2,0.5,1.0,0.0,395.37,0.0,5.0,395.37,1391.0,0.25,20-29,790.74,Not assigned
646933,M,True,False,usa,new york,JFK,35,New York,8,2,2,2,0.0,2.5,1.0,585.95875,0.5,3.5,3496.7,3465.0,0.25,30-39,6993.4,High Spenders
647016,F,True,False,usa,knoxville,TYS,47,Tennessee,8,1,0,1,1.0,,,,0.0,9.0,,2268.0,0.125,40-49,,Long Stayers
647597,F,False,False,usa,santa ana,SNA,43,California,8,1,1,0,1.0,2.0,1.0,696.09,,,1392.18,,0.125,40-49,2784.36,Indecisive
647662,F,False,False,usa,new york,JFK,44,New York,8,2,2,2,0.0,1.0,1.0,85.325,0.5,2.0,170.65,722.0,0.25,40-49,341.3,Not assigned
647804,M,False,True,usa,lincoln,LNK,55,Nebraska,8,2,2,2,0.5,2.0,1.0,285.6166666666667,0.5,2.5,993.42,2624.2,0.25,50-59,1986.84,Family travelers
647862,F,False,False,canada,calgary,YYC,17,Alberta,9,1,0,1,0.0,,,,0.0,4.0,,1016.0,0.1111111111111111,10-19,,Indecisive
648852,F,True,True,canada,montreal,YUL,55,Quebec,8,2,2,2,0.5,1.0,1.0,315.84000000000003,0.5,2.0,527.892,405.0,0.25,50-59,1055.784,Not assigned
648983,F,True,False,usa,boston,BOS,36,Massachusetts,9,4,4,4,0.25,1.25,0.25,122.15375,0.5,2.5,568.09,1816.3,0.4444444444444444,30-39,1136.18,Not assigned
649378,F,False,False,usa,washington,DCA,52,Virginia,8,5,5,5,0.2,1.4,0.8,471.927,0.2,1.8,3623.71,2857.2,0.625,50-59,7247.42,High Spenders
650901,F,False,False,usa,baton rouge,BTR,37,Louisiana,8,4,2,4,0.5,1.0,0.5,328.505,0.25,4.25,578.8779999999999,3079.0,0.5,30-39,1157.7559999999999,Not assigned
651018,F,True,True,usa,st. louis,STL,50,Missouri,8,1,1,0,1.0,1.0,1.0,421.44,,,379.296,,0.125,50-59,758.592,Indecisive
651030,F,True,False,usa,san francisco,SFO,33,California,8,3,2,3,0.3333333333333333,1.0,0.0,643.4100000000001,0.0,2.6666666666666665,1205.9895,580.0,0.375,30-39,2411.979,Not assigned
651193,F,True,True,usa,tacoma,TCM,44,Washington,8,3,3,2,0.3333333333333333,3.0,1.6666666666666667,668.1944444444445,1.0,3.5,7457.6085,2282.0,0.375,40-49,14915.217,High Spenders
651201,F,False,False,usa,chicago,UGN,44,Illinois,8,4,4,4,0.25,1.25,0.0,176.0025,0.75,1.75,880.0,1211.7,0.5,40-49,1760.0,Not assigned
651269,F,False,True,usa,new york,LGA,46,New York,9,4,4,4,0.25,1.25,0.5,419.715,0.25,2.25,2389.44,1152.7,0.4444444444444444,40-49,4778.88,High Spenders
651274,F,False,False,usa,madison,MSN,23,Wisconsin,8,0,0,0,,,,,,,,,0.0,20-29,,Indecisive
651491,M,False,False,usa,tallahassee,TLH,42,Florida,8,4,2,4,0.5,1.0,0.5,301.68499999999995,0.25,5.75,563.9064999999999,2329.25,0.5,40-49,1127.8129999999999,Not assigned
651613,F,False,True,usa,madison,MSN,53,Wisconsin,10,4,4,4,0.25,1.25,0.75,268.4075,0.25,2.5,1533.794,2434.0,0.4,50-59,3067.588,Not assigned
651744,F,False,False,usa,chicago,ORD,47,Illinois,8,2,2,2,0.5,1.0,0.0,338.775,0.0,2.5,677.55,796.5,0.25,40-49,1355.1,Not assigned
651818,F,False,False,usa,new york,JFK,42,New York,8,2,2,1,0.0,1.0,1.0,241.305,0.0,3.0,482.61,504.0,0.25,40-49,965.22,Not assigned
651941,F,True,True,usa,indianapolis,IND,56,Gujarat,8,1,0,1,0.0,,,,1.0,1.0,,108.0,0.125,50-59,,Indecisive
651960,F,True,True,usa,charlotte,CLT,41,North Carolina,8,0,0,0,,,,,,,,,0.0,40-49,,Indecisive
652359,F,False,False,usa,buffalo,BUF,38,New York,9,3,3,3,0.0,1.0,0.0,109.79333333333334,0.3333333333333333,4.0,329.38,4732.0,0.3333333333333333,30-39,658.76,Not assigned
652416,F,True,True,usa,honolulu,HNL,41,Hawaii,8,2,2,2,0.0,1.0,0.5,1104.025,0.0,1.5,2208.05,1042.0,0.25,40-49,4416.1,Not assigned
652737,F,False,True,usa,miami,OPF,33,Florida,8,1,1,1,0.0,2.0,1.0,332.14,0.0,5.0,664.28,2280.0,0.125,30-39,1328.56,Indecisive
653197,F,False,True,usa,tucson,TUS,17,Arizona,8,0,0,0,,,,,,,,,0.0,10-19,,Indecisive
653228,F,False,False,usa,burlington,BTV,23,Vermont,8,0,0,0,,,,,,,,,0.0,20-29,,Indecisive
653281,F,False,False,canada,toronto,YYZ,38,Ontario,8,4,4,4,0.5,1.25,0.25,245.0175,0.5,7.75,1072.526,3900.5,0.5,30-39,2145.052,Long Stayers
653640,F,True,True,usa,san jose,SJC,37,California,8,2,2,2,1.0,1.5,1.0,1074.6975,0.5,6.0,3003.633,2426.0,0.25,30-39,6007.266,High Spenders
653724,M,True,False,canada,montreal,YMX,54,Quebec,8,4,4,4,0.25,1.25,0.75,208.53125,0.75,1.75,943.96,2057.0,0.5,50-59,1887.92,Not assigned
653838,F,True,False,canada,montreal,YUL,62,Quebec,8,2,2,1,0.0,1.0,0.0,95.495,1.0,3.0,190.99,372.0,0.25,60-69,381.98,Retired
654395,F,True,True,canada,toronto,YKZ,42,Ontario,9,2,2,2,0.0,1.0,0.5,120.13,0.5,1.0,240.26,778.0,0.2222222222222222,40-49,480.52,Not assigned
654687,F,False,False,usa,kansas city,MCI,53,Missouri,9,3,1,2,0.3333333333333333,1.0,1.0,276.58,0.0,5.0,276.58,808.0,0.3333333333333333,50-59,553.16,Not assigned
654913,F,True,False,canada,ottawa,YOW,37,Ontario,8,2,1,2,0.0,1.0,1.0,85.99,0.5,10.0,85.99,6632.0,0.25,30-39,171.98,Long Stayers
655022,F,False,False,usa,jacksonville,NCA,78,Turks and Caicos Islands,8,0,0,0,,,,,,,,,0.0,70-79,,Indecisive
655051,F,True,False,usa,long beach,LGB,33,California,8,1,1,1,1.0,1.0,0.0,748.01,0.0,1.0,710.6094999999999,280.0,0.125,30-39,1421.2189999999998,Indecisive
655166,F,False,False,usa,las vegas,LSV,16,Nevada,8,0,0,0,,,,,,,,,0.0,10-19,,Indecisive
656626,F,False,False,usa,grand rapids,GRR,24,Michigan,8,0,0,0,,,,,,,,,0.0,20-29,,Indecisive
657591,F,True,False,usa,fort worth,FTW,37,Texas,8,4,3,4,0.25,2.0,0.3333333333333333,373.28777777777776,0.0,2.5,2038.13,2163.35,0.5,30-39,4076.26,Not assigned
657796,F,True,True,usa,modesto,MOD,41,California,8,1,1,1,0.0,1.0,1.0,519.49,0.0,4.0,519.49,136.0,0.125,40-49,1038.98,Indecisive
658774,F,False,True,usa,milwaukee,MKE,41,Wisconsin,8,2,1,1,0.0,1.0,2.0,87.33,0.0,12.0,87.33,8280.0,0.25,40-49,174.66,Long Stayers
659162,M,True,True,usa,phoenix,PHX,39,Arizona,8,4,4,4,0.0,1.25,0.5,445.68375,0.0,3.5,2090.38,2865.0,0.5,30-39,4180.76,Not assigned
659360,F,False,False,usa,new york,JFK,16,New York,8,0,0,0,,,,,,,,,0.0,10-19,,Indecisive
659664,F,False,False,usa,oklahoma city,OKC,49,Oklahoma,8,5,5,4,0.2,1.0,0.2,335.03000000000003,0.5,1.5,1663.602,578.0,0.625,40-49,3327.204,Not assigned
659744,F,True,True,canada,montreal,YMX,47,Quebec,8,4,2,4,0.25,1.0,0.0,301.015,0.25,5.5,602.03,4142.0,0.5,40-49,1204.06,Not assigned
660821,F,True,False,usa,louisville,LOU,68,Kentucky,8,0,0,0,,,,,,,,,0.0,60-69,,Indecisive
660894,F,True,True,usa,austin,AUS,56,Texas,8,0,0,0,,,,,,,,,0.0,50-59,,Indecisive
660959,F,False,True,canada,quebec,YQB,56,Quebec,8,0,0,0,,,,,,,,,0.0,50-59,,Indecisive
661614,F,False,False,usa,santa ana,SNA,67,California,8,1,0,1,0.0,,,,1.0,8.0,,2376.0,0.125,60-69,,Long Stayers
661639,F,False,False,usa,chicago,UGN,35,Illinois,8,1,1,1,0.0,1.0,0.0,467.19,0.0,4.0,467.19,424.0,0.125,30-39,934.38,Indecisive
661697,F,False,False,usa,orlando,ORL,39,Florida,8,2,2,2,0.0,2.0,0.5,256.76,0.5,1.5,1027.04,1100.0,0.25,30-39,2054.08,Not assigned
661930,F,True,True,usa,stockton,SCK,31,California,8,1,0,1,1.0,,,,1.0,5.0,,2135.0,0.125,30-39,,Indecisive
663376,M,False,True,usa,houston,EFD,41,Texas,8,1,1,1,0.0,1.0,0.0,307.82,0.0,1.0,307.82,144.0,0.125,40-49,615.64,Indecisive
664617,F,True,False,usa,memphis,MEM,59,Tennessee,8,4,1,4,0.25,1.0,0.0,478.77,0.0,5.5,478.77,4556.0,0.5,50-59,957.54,Not assigned
664663,F,False,False,usa,chicago,ORD,29,Illinois,9,5,4,5,0.6,1.0,1.0,160.10500000000002,0.4,2.6,596.9300000000001,2777.8,0.5555555555555556,20-29,1193.8600000000001,Not assigned
665329,F,False,False,usa,new york,LGA,39,New York,9,3,3,3,0.3333333333333333,1.6666666666666667,0.0,303.28666666666663,0.0,1.3333333333333333,1698.96,1003.0,0.3333333333333333,30-39,3397.92,Not assigned
665397,F,True,False,usa,long beach,LGB,46,California,8,2,2,2,0.0,1.0,0.0,183.875,0.0,1.5,367.75,942.0,0.25,40-49,735.5,Not assigned
665505,F,False,False,canada,ottawa,YOW,36,Ontario,8,5,4,5,0.2,1.0,0.25,271.1225,0.2,3.2,1025.819,2566.0,0.625,30-39,2051.638,Not assigned
665593,F,True,False,usa,st. louis,STL,44,Missouri,8,3,3,3,0.0,1.3333333333333333,1.6666666666666667,283.02333333333337,0.0,4.666666666666667,1341.04,2312.0,0.375,40-49,2682.08,Not assigned
665676,M,False,True,usa,los angeles,LAX,34,California,8,1,1,1,0.0,1.0,1.0,268.54,0.0,2.0,268.54,402.0,0.125,30-39,537.08,Indecisive
665887,F,True,True,canada,toronto,YZD,47,,8,5,3,3,0.0,1.6666666666666667,0.3333333333333333,257.7633333333333,0.3333333333333333,5.333333333333333,1777.77,1648.0,0.625,40-49,3555.54,Family travelers
665980,F,True,False,canada,montreal,YHU,70,Quebec,8,0,0,0,,,,,,,,,0.0,70-79,,Indecisive
666049,F,False,False,canada,montreal,YHU,31,Quebec,8,2,2,2,0.0,3.0,0.0,207.53333333333333,0.0,2.0,1245.2,2442.0,0.25,30-39,2490.4,Not assigned
666292,F,False,False,usa,st. louis,STL,25,Missouri,8,0,0,0,,,,,,,,,0.0,20-29,,Indecisive
666942,F,False,False,usa,chicago,UGN,43,Illinois,8,0,0,0,,,,,,,,,0.0,40-49,,Indecisive
667643,M,False,False,usa,salt lake city,SLC,20,Utah,8,0,0,0,,,,,,,,,0.0,20-29,,Indecisive
669356,F,False,False,usa,philadelphia,PHL,44,Pennsylvania,8,1,1,1,0.0,1.0,1.0,391.43,0.0,5.0,391.43,705.0,0.125,40-49,782.86,Indecisive
669449,F,True,False,usa,tampa,TPA,43,Florida,8,1,1,1,1.0,1.0,1.0,744.05,0.0,5.0,744.05,722.5,0.125,40-49,1488.1,Indecisive
670626,F,True,False,canada,victoria,YYJ,53,British Columbia,8,4,3,3,0.0,1.0,0.6666666666666666,508.72333333333336,0.3333333333333333,2.6666666666666665,1526.17,2220.0,0.5,50-59,3052.34,Not assigned
671367,F,False,False,usa,austin,AUS,37,Texas,8,7,5,7,0.2857142857142857,1.0,0.8,262.596,0.2857142857142857,4.285714285714286,1291.4195,7798.0,0.875,30-39,2582.839,Not assigned
671368,F,True,False,usa,honolulu,HNL,41,Hawaii,8,1,1,1,1.0,1.0,1.0,937.38,0.0,6.0,890.511,804.0,0.125,40-49,1781.022,Indecisive
671975,F,False,False,canada,edmonton,YEG,51,Alberta,8,3,3,3,0.3333333333333333,1.0,0.0,442.25666666666666,0.3333333333333333,3.333333333333333,1326.77,685.85,0.375,50-59,2653.54,Not assigned
672468,F,True,True,usa,oakland,OAK,37,California,8,5,4,5,0.4,1.25,0.25,639.16875,0.2,2.6,3307.1400000000003,3365.2,0.625,30-39,6614.280000000001,High Spenders
673286,F,True,False,usa,los angeles,LAX,65,California,9,2,0,2,0.5,,,,0.0,7.5,,2270.0,0.2222222222222222,60-69,,Long Stayers
673874,F,True,True,usa,anchorage,ANC,50,Alaska,8,1,1,1,0.0,1.0,1.0,868.71,1.0,11.0,868.71,1331.0,0.125,50-59,1737.42,Long Stayers
675053,F,False,False,canada,victoria,YYJ,41,British Columbia,8,3,3,3,0.3333333333333333,1.0,0.6666666666666666,411.1833333333333,0.3333333333333333,2.6666666666666665,1229.95,2909.0,0.375,40-49,2459.9,Not assigned
675594,F,False,False,usa,newport news,PHF,37,Virginia,8,3,3,3,0.6666666666666666,1.0,1.0,205.15,0.3333333333333333,2.333333333333333,558.819,473.4,0.375,30-39,1117.638,Not assigned
676570,F,False,False,usa,washington,IAD,45,Virginia,8,1,1,1,0.0,3.0,0.0,477.7033333333333,1.0,2.0,1433.11,2448.0,0.125,40-49,2866.22,Indecisive
676707,F,True,False,usa,los angeles,LAX,48,California,8,1,1,0,0.0,2.0,1.0,643.57,,,1287.14,,0.125,40-49,2574.28,Indecisive
676762,F,False,False,usa,san francisco,SFO,42,California,8,4,4,4,0.25,1.0,0.75,638.635,0.0,4.5,2554.54,2525.2,0.5,40-49,5109.08,High Spenders
677842,F,False,True,usa,los angeles,LAX,48,California,8,0,0,0,,,,,,,,,0.0,40-49,,Indecisive
678888,F,True,False,usa,miami,TNT,53,Florida,9,2,2,2,0.0,2.0,1.0,435.6183333333333,0.5,1.5,1506.25,1025.0,0.2222222222222222,50-59,3012.5,Not assigned
679040,F,True,True,usa,birmingham,BHM,47,Alabama,8,3,2,3,0.6666666666666666,1.0,0.5,289.745,0.6666666666666666,2.0,579.49,995.8,0.375,40-49,1158.98,Not assigned
679611,F,False,False,canada,toronto,YKZ,37,Ontario,8,5,4,5,0.2,1.0,0.75,330.875,0.0,2.8,1272.628,2476.0,0.625,30-39,2545.256,Not assigned
679831,F,False,False,usa,spokane,SFF,33,Washington,8,0,0,0,,,,,,,,,0.0,30-39,,Indecisive
680735,M,False,False,usa,new york,LGA,38,New York,8,3,3,3,0.0,1.6666666666666667,1.0,358.4633333333333,0.0,1.3333333333333333,1592.75,1605.0,0.375,30-39,3185.5,Not assigned
681581,F,False,True,usa,los angeles,LAX,56,California,8,3,3,3,0.0,1.0,1.0,341.8733333333333,0.3333333333333333,3.333333333333333,1025.62,4187.0,0.375,50-59,2051.24,Not assigned
682247,F,False,False,usa,washington,DCA,37,Virginia,9,3,3,3,0.0,1.6666666666666667,0.6666666666666666,58.87555555555556,0.3333333333333333,4.666666666666667,236.18,6441.0,0.3333333333333333,30-39,472.36,Not assigned
683014,F,False,False,usa,chicago,ORD,64,Illinois,8,3,2,3,0.0,1.5,0.5,318.04,0.3333333333333333,5.0,1037.9,3686.0,0.375,60-69,2075.8,Retired
684521,F,True,False,usa,oakland,OAK,31,California,8,2,1,2,0.5,1.0,0.0,379.14,0.5,3.0,379.14,3920.0,0.25,30-39,758.28,Not assigned
684543,F,True,True,usa,madison,MSN,44,Wisconsin,8,2,1,2,0.5,1.0,0.0,464.29,0.0,4.5,464.29,1259.4,0.25,40-49,928.58,Not assigned
684764,F,False,False,usa,tulsa,TUL,37,Oklahoma,8,1,1,1,1.0,1.0,0.0,335.06,0.0,1.0,284.801,245.0,0.125,30-39,569.602,Indecisive
685594,F,True,False,usa,boston,BOS,70,Massachusetts,8,1,1,1,1.0,1.0,0.0,257.78,0.0,4.0,257.78,1261.6,0.125,70-79,515.56,Indecisive
685958,F,False,False,usa,los angeles,LAX,23,California,8,0,0,0,,,,,,,,,0.0,20-29,,Indecisive
686165,F,False,False,usa,san diego,SAN,45,California,8,5,5,5,0.2,1.0,0.4,373.958,0.0,2.8,1839.008,1764.0,0.625,40-49,3678.016,Not assigned
686408,F,False,False,usa,san antonio,SKF,46,Texas,8,4,2,4,0.25,1.0,0.0,304.16,0.5,9.75,608.3199999999999,5559.200000000001,0.5,40-49,1216.6399999999999,Long Stayers
686445,F,True,True,usa,portland,PWM,40,Maine,8,1,0,1,0.0,,,,0.0,5.0,,1020.0,0.125,40-49,,Indecisive
686509,F,False,True,usa,buffalo,BUF,22,New York,8,1,1,1,0.0,1.0,1.0,82.85,0.0,1.0,82.85,112.0,0.125,20-29,165.7,Indecisive
686915,F,False,False,usa,houston,IAH,32,Texas,8,0,0,0,,,,,,,,,0.0,30-39,,Indecisive
688600,F,True,False,usa,orlando,MCO,33,Florida,8,2,1,2,0.0,2.0,1.0,285.77,0.5,4.5,571.54,6225.0,0.25,30-39,1143.08,Not assigned
689037,F,False,False,usa,new york,JFK,36,New York,8,3,3,2,0.3333333333333333,1.0,0.0,426.5366666666667,0.5,2.5,1279.61,1498.0,0.375,30-39,2559.22,Not assigned
689456,F,False,False,usa,los angeles,LAX,25,California,8,1,0,1,1.0,,,,0.0,12.0,,3144.0,0.125,20-29,,Long Stayers
691541,F,False,True,usa,new york,JFK,21,New York,8,0,0,0,,,,,,,,,0.0,20-29,,Indecisive
692211,F,False,False,usa,houston,IAH,23,Texas,8,0,0,0,,,,,,,,,0.0,20-29,,Indecisive
692510,F,True,False,usa,new york,LGA,57,New York,8,3,3,2,0.3333333333333333,1.3333333333333333,0.6666666666666666,663.485,0.5,3.0,2611.65,895.2,0.375,50-59,5223.3,High Spenders
693765,F,True,True,usa,new york,LGA,45,New York,8,4,4,4,0.0,1.0,0.75,315.97,0.5,2.5,1263.88,1458.0,0.5,40-49,2527.76,Not assigned
695011,F,True,False,usa,los angeles,LAX,28,California,9,2,2,1,0.0,1.0,1.0,456.96,1.0,3.0,913.92,150.0,0.2222222222222222,20-29,1827.84,Not assigned
695307,F,True,False,usa,chicago,MDW,40,Illinois,8,2,2,2,0.0,1.0,1.0,226.09,0.0,2.0,452.18,204.0,0.25,40-49,904.36,Not assigned
696475,F,False,False,usa,dallas,DAL,48,Texas,8,4,2,4,0.25,1.0,1.0,200.29,0.0,5.25,385.894,2998.0,0.5,40-49,771.788,Not assigned
697072,F,False,False,usa,new york,LGA,44,New York,8,3,3,3,0.6666666666666666,1.0,0.6666666666666666,434.6366666666667,0.3333333333333333,2.0,1219.038,1016.2,0.375,40-49,2438.076,Not assigned
698573,F,False,False,usa,newark,EWR,36,New Jersey,8,3,3,3,0.6666666666666666,1.3333333333333333,0.0,39.05833333333333,0.3333333333333333,4.333333333333333,119.3995,3942.0,0.375,30-39,238.799,Not assigned
699411,F,True,False,usa,dallas,DAL,41,Texas,8,3,3,3,0.0,1.3333333333333333,0.6666666666666666,338.5216666666667,0.6666666666666666,2.0,1429.0400000000002,1348.0,0.375,40-49,2858.0800000000004,Not assigned
700028,F,False,False,usa,oklahoma city,TIK,20,Oklahoma,8,2,1,2,0.0,1.0,1.0,135.6,0.5,7.0,135.6,1563.0,0.25,20-29,271.2,Not assigned
700237,F,False,False,usa,atlanta,ATL,47,Georgia,8,2,2,2,0.0,1.5,0.5,402.93,1.0,2.5,1403.0500000000002,889.0,0.25,40-49,2806.1000000000004,Not assigned
702877,F,False,True,usa,phoenix,LUF,29,Arizona,8,2,2,1,0.5,2.0,1.0,552.9233333333334,1.0,4.0,2284.34,2430.0,0.25,20-29,4568.68,High Spenders
704870,F,False,False,usa,los angeles,LAX,48,California,9,3,3,3,0.0,1.0,0.3333333333333333,286.59666666666664,0.0,5.666666666666667,859.79,4768.0,0.3333333333333333,40-49,1719.58,Not assigned
705215,F,False,True,canada,hamilton,YHM,31,Ontario,8,4,3,3,0.25,1.3333333333333333,1.0,202.71166666666667,0.0,5.0,981.4895,4548.0,0.5,30-39,1962.979,Not assigned
705310,F,True,False,usa,tacoma,TCM,50,Washington,8,2,2,2,0.5,1.5,0.5,545.8075,0.5,1.0,1473.2175,290.0,0.25,50-59,2946.435,Not assigned
705984,F,True,True,usa,norfolk,ORF,20,Virginia,8,0,0,0,,,,,,,,,0.0,20-29,,Indecisive
707260,F,True,False,usa,cleveland,CLE,44,Ohio,8,3,3,3,0.0,1.0,0.3333333333333333,416.56,0.3333333333333333,2.0,1249.68,721.0,0.375,40-49,2499.36,Not assigned
707402,F,True,False,usa,shreveport,SHV,71,Louisiana,9,0,0,0,,,,,,,,,0.0,70-79,,Indecisive
709630,F,True,True,usa,austin,AUS,45,Texas,8,0,0,0,,,,,,,,,0.0,40-49,,Indecisive
711391,F,False,True,usa,portland,PDX,41,Oregon,9,4,4,4,0.0,1.0,0.75,388.0575,0.25,1.25,1552.23,1374.0,0.4444444444444444,40-49,3104.46,Not assigned
714166,F,True,False,usa,norfolk,NGU,39,Virginia,8,1,1,1,0.0,1.0,0.0,173.54,0.0,4.0,173.54,592.0,0.125,30-39,347.08,Indecisive
714565,F,False,False,usa,louisville,LOU,38,Kentucky,9,6,6,6,0.1666666666666666,1.0,0.3333333333333333,321.2583333333334,0.5,2.833333333333333,1899.152,2307.0,0.6666666666666666,30-39,3798.304,Not assigned
720819,F,True,False,canada,calgary,YYC,40,Alberta,8,1,1,1,1.0,1.0,0.0,206.63,1.0,7.0,206.63,220.5,0.125,40-49,413.26,Indecisive
721552,F,False,True,usa,new york,JFK,20,New York,8,1,1,1,0.0,1.0,2.0,82.04,0.0,2.0,82.04,438.0,0.125,20-29,164.08,Indecisive
722828,F,True,True,usa,atlanta,ATL,32,Georgia,8,2,1,2,0.0,1.0,1.0,223.4,0.5,2.5,223.4,721.0,0.25,30-39,446.8,Not assigned
722939,F,False,True,usa,fresno,FAT,43,California,8,1,1,1,0.0,1.0,1.0,128.16,0.0,1.0,128.16,172.0,0.125,40-49,256.32,Indecisive
724581,F,True,False,usa,phoenix,PHX,38,Arizona,8,5,5,2,0.6,1.4,0.6,525.29,0.0,2.5,3981.19,621.0,0.625,30-39,7962.38,High Spenders
726953,F,False,False,usa,phoenix,PHX,50,Arizona,8,4,4,3,0.25,1.0,0.25,545.5675,0.6666666666666666,2.333333333333333,2149.203,1712.0,0.5,50-59,4298.406,Not assigned
730639,F,False,False,usa,milwaukee,MKE,52,Wisconsin,8,2,0,2,1.0,,,,0.5,8.0,,19836.0,0.25,50-59,,Long Stayers
732729,F,False,True,usa,columbus,CMH,41,Ohio,8,5,3,5,0.4,1.0,0.0,236.0433333333333,0.4,4.0,700.9404999999999,5177.4,0.625,40-49,1401.8809999999999,Not assigned
735029,F,False,False,usa,new york,LGA,45,New York,8,3,3,2,0.3333333333333333,1.6666666666666667,0.0,390.9222222222222,0.5,2.5,1330.198,1982.0,0.375,40-49,2660.396,Not assigned
736075,F,False,False,canada,toronto,YTZ,26,Ontario,8,2,2,2,0.5,1.0,1.0,517.75,0.0,1.5,997.704,528.0,0.25,20-29,1995.408,Not assigned
736833,F,True,True,usa,richmond,RIC,43,Virginia,8,1,1,0,0.0,2.0,1.0,172.175,,,344.35,,0.125,40-49,688.7,Indecisive
739139,F,False,False,usa,birmingham,BHM,22,Alabama,8,0,0,0,,,,,,,,,0.0,20-29,,Indecisive
739518,F,False,False,usa,new york,LGA,39,New York,8,3,3,2,0.3333333333333333,1.0,0.3333333333333333,489.3033333333333,0.0,4.5,1467.91,2459.1,0.375,30-39,2935.82,Not assigned
739734,F,False,False,usa,los angeles,LAX,51,California,8,1,0,1,0.0,,,,0.0,3.0,,264.0,0.125,50-59,,Indecisive
741773,F,True,True,usa,minneapolis,MSP,38,Minnesota,8,1,1,1,0.0,1.0,0.0,159.63,0.0,4.0,159.63,304.0,0.125,30-39,319.26,Indecisive
742639,F,True,True,usa,oklahoma city,TIK,52,Oklahoma,8,2,1,2,1.0,2.0,1.0,394.74,0.0,2.0,592.11,245.6,0.25,50-59,1184.22,Discount buyer
745292,M,False,False,canada,windsor,YQG,54,Ontario,8,1,1,1,0.0,1.0,1.0,494.97,0.0,5.0,494.97,440.0,0.125,50-59,989.94,Indecisive
746934,F,False,False,usa,baltimore,BWI,24,Maryland,8,0,0,0,,,,,,,,,0.0,20-29,,Indecisive
748759,F,False,False,usa,amarillo,AMA,25,Texas,8,0,0,0,,,,,,,,,0.0,20-29,,Indecisive
750982,F,False,False,usa,new york,JFK,50,New York,8,4,4,4,0.0,1.0,0.75,358.1025,0.5,1.25,1432.41,479.0,0.5,50-59,2864.82,Not assigned
751545,F,True,True,usa,phoenix,LUF,47,Arizona,8,3,1,3,0.3333333333333333,1.0,0.0,499.79,0.0,5.333333333333333,499.79,4272.2,0.375,40-49,999.58,Not assigned
756030,F,False,True,usa,tucson,DMA,35,Arizona,8,3,3,3,0.3333333333333333,1.0,0.3333333333333333,293.79,0.0,1.6666666666666667,762.54,1441.0,0.375,30-39,1525.08,Not assigned
760304,F,False,False,usa,tulsa,TUL,37,Oklahoma,8,2,2,2,0.5,1.0,1.0,329.79,0.5,3.5,615.4124999999999,924.0,0.25,30-39,1230.8249999999998,Not assigned
763129,F,False,False,usa,tulsa,TUL,54,Oklahoma,8,1,0,1,1.0,,,,0.0,12.0,,1641.6,0.125,50-59,,Long Stayers
763792,F,True,False,canada,edmonton,YED,44,,8,1,0,1,0.0,,,,0.0,5.0,,420.0,0.125,40-49,,Indecisive
765745,F,True,False,usa,san francisco,SFO,65,California,8,2,1,1,0.5,1.0,0.0,502.59,1.0,3.0,452.331,399.0,0.25,60-69,904.662,Retired
768291,F,False,True,usa,dallas,DAL,60,Texas,8,2,2,2,0.5,2.0,2.0,188.1,1.0,6.0,975.5675,3170.0,0.25,60-69,1951.135,Family travelers
777846,F,True,True,usa,new york,JFK,44,New York,8,2,2,2,0.0,1.0,0.5,136.65,0.0,3.0,273.3,1222.0,0.25,40-49,546.6,Not assigned
785107,F,False,False,usa,portland,PDX,46,Oregon,8,4,3,4,0.5,1.0,1.0,284.9433333333333,0.25,1.75,854.83,1306.55,0.5,40-49,1709.66,Not assigned
796032,F,True,False,canada,winnipeg,YAV,50,,8,2,2,2,0.0,1.0,0.5,360.76,0.0,3.5,721.52,1261.0,0.25,50-59,1443.04,Not assigned
801660,F,True,True,canada,toronto,YKZ,53,Ontario,8,3,3,3,0.3333333333333333,1.0,0.3333333333333333,136.65333333333334,0.3333333333333333,2.0,388.0405,872.0,0.375,50-59,776.081,Not assigned
23557,F,True,False,usa,new york,LGA,64,New York,8,2,0,2,0.5,,,,0.0,10.0,,3670.5,0.25,60-69,,Long Stayers
120851,F,True,True,usa,santa ana,SNA,51,California,8,1,1,1,0.0,1.0,0.0,384.68,1.0,11.0,384.68,2002.0,0.125,50-59,769.36,Long Stayers
125845,F,True,False,usa,el paso,BIF,39,Texas,9,3,3,3,0.3333333333333333,1.3333333333333333,0.6666666666666666,466.04333333333335,0.3333333333333333,1.6666666666666667,1646.763,689.0,0.3333333333333333,30-39,3293.526,Not assigned
133058,F,False,False,usa,austin,AUS,18,Texas,8,1,1,0,0.0,1.0,0.0,423.51,,,423.51,,0.125,10-19,847.02,Indecisive
152583,F,False,False,usa,colorado springs,COS,37,Colorado,8,1,1,1,0.0,1.0,2.0,367.83,0.0,2.0,367.83,426.0,0.125,30-39,735.66,Indecisive
160754,F,True,True,usa,new york,LGA,45,New York,8,1,1,1,0.0,1.0,1.0,93.62,1.0,2.0,93.62,428.0,0.125,40-49,187.24,Indecisive
164522,F,True,False,usa,kansas city,MCI,47,Missouri,8,1,1,1,1.0,1.0,1.0,328.32,0.0,13.0,311.904,3029.0,0.125,40-49,623.808,Long Stayers
171470,F,False,False,usa,atlanta,ATL,24,Georgia,8,0,0,0,,,,,,,,,0.0,20-29,,Indecisive
175032,F,False,False,usa,houston,IAH,28,Texas,9,3,2,3,0.3333333333333333,2.0,0.5,235.4283333333333,0.6666666666666666,4.333333333333333,1109.25,3243.6,0.3333333333333333,20-29,2218.5,Not assigned
182191,F,False,True,usa,phoenix,PHX,19,Arizona,8,0,0,0,,,,,,,,,0.0,10-19,,Indecisive
187212,F,True,True,usa,los angeles,LAX,54,California,8,3,3,3,0.0,1.0,0.6666666666666666,414.19,0.3333333333333333,2.0,1242.57,904.0,0.375,50-59,2485.14,Not assigned
189676,F,False,True,usa,fort worth,FTW,35,Texas,8,2,1,2,0.0,3.0,2.0,414.77,0.5,9.0,1244.31,5001.0,0.25,30-39,2488.62,Long Stayers
195192,F,False,False,usa,chicago,MDW,28,Illinois,8,1,1,1,0.0,2.0,0.0,197.145,0.0,1.0,394.29,320.0,0.125,20-29,788.58,Indecisive
204943,M,False,False,canada,ottawa,YOW,40,Ontario,8,5,5,5,0.2,1.6,1.4,294.9996666666667,0.4,3.0,2323.822,3873.0,0.625,40-49,4647.644,High Spenders
205044,F,True,True,canada,toronto,YKZ,40,Ontario,9,3,3,3,0.3333333333333333,2.0,0.3333333333333333,440.72277777777776,0.0,4.666666666666667,2720.6975,5642.0,0.3333333333333333,40-49,5441.395,High Spenders
206011,F,False,True,usa,kansas city,MCI,39,Missouri,8,4,4,3,0.5,1.0,0.25,261.64750000000004,0.0,3.0,1024.772,1138.0,0.5,30-39,2049.544,Not assigned
216796,F,False,False,usa,cincinnati,CVG,22,Kentucky,8,0,0,0,,,,,,,,,0.0,20-29,,Indecisive
217136,F,False,True,usa,little rock,LIT,38,Arkansas,8,2,1,2,0.0,1.0,0.0,539.57,0.0,2.0,539.57,659.0,0.25,30-39,1079.14,Not assigned
220725,F,False,False,usa,stockton,SCK,40,California,9,3,3,2,0.3333333333333333,1.0,0.3333333333333333,511.14,0.0,3.5,1533.42,962.0,0.3333333333333333,40-49,3066.84,Not assigned
224996,F,False,True,canada,halifax,YHZ,42,Nova Scotia,8,2,2,1,0.0,1.0,0.0,448.805,1.0,1.0,897.61,231.0,0.25,40-49,1795.22,Not assigned
226367,F,False,False,usa,washington,IAD,42,Virginia,8,3,3,3,0.3333333333333333,1.3333333333333333,0.6666666666666666,277.70666666666665,0.0,1.6666666666666667,883.6009999999999,1864.0,0.375,40-49,1767.2019999999998,Not assigned
228872,M,False,False,usa,san antonio,RND,34,Texas,8,2,1,2,0.0,1.0,1.0,509.21,0.5,6.5,509.21,1288.0,0.25,30-39,1018.42,Not assigned
229108,F,False,False,usa,burlington,BTV,25,Vermont,8,0,0,0,,,,,,,,,0.0,20-29,,Indecisive
229330,F,True,False,usa,colorado springs,COS,46,Colorado,8,4,4,4,0.0,1.75,0.25,220.14,0.75,1.75,1548.11,3521.0,0.5,40-49,3096.22,Not assigned
232647,F,False,False,usa,birmingham,BHM,17,Alabama,8,2,1,1,0.0,1.0,1.0,237.1,0.0,11.0,237.1,2343.0,0.25,10-19,474.2,Long Stayers
249521,F,True,True,canada,ottawa,YOW,59,Ontario,8,2,1,2,0.5,1.0,1.0,642.02,0.0,1.5,642.02,369.4,0.25,50-59,1284.04,Not assigned
258451,F,False,False,usa,miami,OPF,22,Florida,8,0,0,0,,,,,,,,,0.0,20-29,,Indecisive
264470,F,False,True,usa,bakersfield,BFL,44,California,8,2,2,2,0.5,1.0,0.5,436.51,0.0,4.5,835.2175,2127.0,0.25,40-49,1670.435,Not assigned
276512,F,True,True,usa,austin,AUS,41,Texas,8,1,1,1,0.0,1.0,1.0,395.69,0.0,1.0,395.69,100.0,0.125,40-49,791.38,Indecisive
290123,F,True,False,usa,houston,HOU,40,Texas,9,7,7,6,0.0,1.5714285714285714,0.8571428571428571,400.45214285714286,0.1666666666666666,2.5,4796.11,4605.0,0.7777777777777778,40-49,9592.22,High Spenders
297546,F,True,False,usa,new york,JFK,50,New York,8,5,4,5,0.2,1.5,0.75,332.0325,0.6,5.2,1660.72,3542.0,0.625,50-59,3321.44,Not assigned
306819,F,True,True,usa,new york,JFK,59,New York,8,1,1,1,0.0,1.0,1.0,50.16,0.0,1.0,50.16,370.0,0.125,50-59,100.32,Indecisive
313724,F,False,False,usa,tulsa,TUL,51,Oklahoma,8,4,3,4,0.0,1.3333333333333333,0.6666666666666666,289.28000000000003,0.25,3.75,1156.84,3392.0,0.5,50-59,2313.68,Not assigned
317688,F,False,True,usa,indianapolis,IND,40,Gujarat,8,4,4,4,0.25,1.0,0.5,309.685,0.25,1.5,1238.74,1172.9,0.5,40-49,2477.48,Not assigned
322867,F,False,False,usa,mobile,BFM,45,Alabama,8,1,1,1,0.0,1.0,1.0,173.04,0.0,7.0,173.04,1323.0,0.125,40-49,346.08,Indecisive
324191,F,False,False,usa,san diego,SAN,39,California,8,2,2,2,0.0,1.5,0.5,32.2525,0.0,4.5,99.74,1610.0,0.25,30-39,199.48,Not assigned
328590,F,False,False,usa,san diego,NZY,55,California,8,2,2,2,0.5,2.0,0.5,568.2983333333333,0.5,4.5,2203.95,2596.25,0.25,50-59,4407.9,Not assigned
331039,F,True,True,canada,london,YXU,44,Ontario,8,0,0,0,,,,,,,,,0.0,40-49,,Indecisive
334787,F,False,False,usa,minneapolis,MSP,52,Minnesota,8,3,3,3,0.3333333333333333,1.0,0.6666666666666666,252.72333333333333,0.3333333333333333,2.0,749.4475,864.0,0.375,50-59,1498.895,Not assigned
343928,F,True,False,usa,el paso,BIF,64,Texas,8,2,2,1,0.5,1.5,0.5,1497.96,0.0,3.0,4528.74,348.0,0.25,60-69,9057.48,High Spenders
348817,F,False,False,canada,calgary,YYC,28,Alberta,8,4,3,4,0.0,1.0,0.6666666666666666,458.2066666666667,0.0,2.25,1374.62,2622.0,0.5,20-29,2749.24,Not assigned
349132,F,False,False,usa,cincinnati,CVG,48,Kentucky,9,3,2,3,0.3333333333333333,2.0,0.5,195.63,0.0,4.666666666666667,721.06,3516.1000000000004,0.3333333333333333,40-49,1442.12,Not assigned
354950,M,True,False,usa,amarillo,AMA,52,Texas,8,1,1,1,0.0,1.0,1.0,460.54,0.0,6.0,460.54,762.0,0.125,50-59,921.08,Indecisive
356046,F,False,False,canada,ottawa,YOW,33,Ontario,8,2,2,2,0.0,1.5,0.0,352.33,1.0,2.0,783.81,705.0,0.25,30-39,1567.62,Not assigned
359653,M,False,False,canada,victoria,YYJ,54,British Columbia,8,2,2,2,0.5,1.0,1.0,392.165,0.0,1.5,784.33,649.2,0.25,50-59,1568.66,Not assigned
361759,F,True,False,canada,winnipeg,YWG,52,Manitoba,9,4,4,3,0.25,1.0,0.5,415.1475,0.3333333333333333,1.3333333333333333,1660.59,295.7,0.4444444444444444,50-59,3321.18,Not assigned
363535,F,False,False,usa,charlotte,CLT,30,North Carolina,8,2,2,2,0.5,1.5,0.5,247.145,0.0,3.0,688.226,601.0,0.25,30-39,1376.452,Not assigned
371201,M,False,True,usa,new york,JFK,27,New York,8,1,1,0,0.0,1.0,3.0,199.47,,,199.47,,0.125,20-29,398.94,Indecisive
374340,F,True,False,usa,new york,LGA,34,New York,9,1,1,0,1.0,2.0,1.0,1983.095,,,3966.19,,0.1111111111111111,30-39,7932.38,Indecisive
377069,F,True,False,usa,new york,LGA,67,New York,8,0,0,0,,,,,,,,,0.0,60-69,,Indecisive
379543,F,True,False,usa,san jose,SJC,55,California,8,3,3,3,0.0,1.0,0.3333333333333333,385.04,0.3333333333333333,2.0,1155.12,1535.0,0.375,50-59,2310.24,Not assigned
380436,F,False,False,usa,new york,LGA,43,New York,8,1,1,1,1.0,1.0,1.0,113.25,1.0,4.0,113.25,594.0,0.125,40-49,226.5,Indecisive
380874,F,True,False,usa,louisville,LOU,53,Kentucky,8,3,3,3,1.0,1.0,0.6666666666666666,280.0833333333333,0.3333333333333333,1.6666666666666667,840.25,546.9000000000001,0.375,50-59,1680.5,Discount buyer
381259,F,False,True,usa,san diego,SAN,20,California,8,1,1,1,0.0,1.0,1.0,719.48,0.0,1.0,719.48,68.0,0.125,20-29,1438.96,Indecisive
381465,F,False,False,usa,san antonio,SAT,33,Texas,8,3,1,3,0.3333333333333333,1.0,0.0,324.87,0.3333333333333333,10.333333333333334,324.87,2976.0,0.375,30-39,649.74,Long Stayers
386914,F,True,True,canada,hamilton,YHM,45,Ontario,8,1,1,1,1.0,1.0,1.0,134.71,1.0,2.0,134.71,577.8000000000001,0.125,40-49,269.42,Indecisive
387282,F,False,True,usa,amarillo,AMA,29,Texas,8,1,0,1,1.0,,,,0.0,4.0,,3564.0,0.125,20-29,,Indecisive
387783,M,True,True,usa,oakland,OAK,53,California,8,3,1,3,0.0,1.0,0.0,431.26,0.0,5.0,431.26,2798.0,0.375,50-59,862.52,Not assigned
395202,F,False,False,usa,san jose,SJC,26,California,8,1,0,1,0.0,,,,1.0,13.0,,2964.0,0.125,20-29,,Long Stayers
396552,F,True,False,canada,london,YXU,44,Ontario,8,4,4,4,0.0,1.0,0.5,206.2125,0.0,1.0,824.85,699.0,0.5,40-49,1649.7,Not assigned
399137,F,True,False,usa,dallas,DAL,53,Texas,8,4,2,4,0.25,1.0,1.0,415.735,0.5,3.75,831.47,6424.0,0.5,50-59,1662.94,Not assigned
399799,F,True,False,canada,toronto,YTZ,54,Ontario,8,4,4,4,0.0,1.0,0.5,340.3,0.25,2.25,1361.2,745.0,0.5,50-59,2722.4,Not assigned
400582,F,True,False,usa,chicago,ORD,31,Illinois,8,4,3,4,0.25,1.0,0.0,215.63,0.75,2.25,626.158,2549.0,0.5,30-39,1252.316,Not assigned
400899,F,True,False,canada,quebec,YQB,45,Quebec,8,3,3,3,0.0,1.3333333333333333,0.6666666666666666,315.71166666666664,0.3333333333333333,3.333333333333333,1092.01,2230.0,0.375,40-49,2184.02,Not assigned
402978,F,True,False,usa,milwaukee,MKE,51,Wisconsin,8,4,4,4,0.25,1.0,0.75,353.26,0.0,3.0,1382.5165000000002,1831.0,0.5,50-59,2765.0330000000004,Not assigned
405305,F,True,True,usa,san francisco,SFO,44,California,9,3,3,3,0.0,1.3333333333333333,0.6666666666666666,458.6983333333333,0.3333333333333333,1.3333333333333333,1615.6,1421.0,0.3333333333333333,40-49,3231.2,Not assigned
406210,F,False,True,usa,anchorage,ANC,20,Alaska,8,2,2,2,0.0,1.0,0.5,595.405,0.0,7.0,1190.81,1558.0,0.25,20-29,2381.62,Not assigned
407118,F,True,False,usa,new york,JFK,51,New York,8,2,2,2,0.0,1.0,0.5,227.01,0.5,4.0,454.02,1896.0,0.25,50-59,908.04,Not assigned
407434,F,True,True,canada,halifax,YAW,52,,8,1,0,1,0.0,,,,0.0,9.0,,3186.0,0.125,50-59,,Long Stayers
407642,F,False,False,canada,hamilton,YHM,29,Ontario,8,2,2,2,0.0,1.0,0.0,234.885,0.0,1.5,469.77,859.0,0.25,20-29,939.54,Not assigned
411179,F,False,False,usa,san jose,SJC,50,California,8,2,1,2,0.5,1.0,1.0,507.36,0.0,7.5,456.624,4483.0,0.25,50-59,913.248,Long Stayers
411701,F,False,False,canada,calgary,YYC,39,Alberta,8,2,1,2,0.0,1.0,1.0,578.27,1.0,1.0,578.27,316.0,0.25,30-39,1156.54,Not assigned
413128,F,False,False,canada,hamilton,YHM,28,Ontario,10,5,4,5,0.6,1.5,0.25,165.865,0.6,5.6,1469.853,12053.2,0.5,20-29,2939.706,Not assigned
413418,F,False,False,usa,knoxville,TYS,54,Tennessee,8,3,2,2,0.0,1.5,1.5,191.88,0.0,3.5,580.67,286.0,0.375,50-59,1161.34,Not assigned
414128,F,False,False,usa,seattle,BFI,27,Washington,9,4,3,4,0.25,1.6666666666666667,0.3333333333333333,522.2966666666666,0.5,2.75,2895.65,4609.4,0.4444444444444444,20-29,5791.3,High Spenders
415282,F,True,True,usa,portland,PWM,41,Maine,8,2,2,2,0.0,2.0,0.0,403.2833333333333,0.5,3.5,2281.88,2892.0,0.25,40-49,4563.76,High Spenders
415581,F,True,False,usa,new york,JFK,41,New York,8,3,3,3,0.0,1.0,0.6666666666666666,353.25666666666666,0.0,5.666666666666667,1059.77,2036.0,0.375,40-49,2119.54,Not assigned
416580,F,False,False,usa,fort worth,FTW,43,Texas,8,4,4,3,0.25,1.25,0.25,223.46375,0.0,1.3333333333333333,1225.35,878.1,0.5,40-49,2450.7,Not assigned
417679,F,False,False,usa,new york,LGA,36,New York,8,5,5,4,0.6,1.2,0.4,392.83,0.5,2.75,2057.7615,2098.1,0.625,30-39,4115.523,Not assigned
418329,M,False,True,usa,detroit,DET,49,Michigan,8,3,3,3,0.6666666666666666,1.0,0.6666666666666666,148.50666666666666,0.0,9.0,415.987,2884.7,0.375,40-49,831.974,Long Stayers
418488,F,True,False,canada,toronto,YYZ,37,Ontario,8,4,4,4,0.0,1.0,0.5,352.9,0.0,3.25,1411.6,2199.0,0.5,30-39,2823.2,Not assigned
420648,F,True,True,usa,portland,PDX,52,Oregon,8,3,2,2,0.6666666666666666,1.0,0.0,721.575,0.5,5.5,1334.241,2676.0,0.375,50-59,2668.482,Not assigned
421247,F,True,True,usa,memphis,MEM,41,Tennessee,8,4,4,4,0.5,1.0,0.5,177.3975,0.25,2.0,709.59,1586.9,0.5,40-49,1419.18,Not assigned
421515,F,False,False,canada,winnipeg,YAV,30,,8,2,2,2,0.5,1.0,0.5,337.55,0.5,1.0,675.1,351.05,0.25,30-39,1350.2,Not assigned
421666,F,False,True,usa,washington,IAD,29,Virginia,8,1,1,1,0.0,1.0,1.0,545.17,0.0,1.0,545.17,79.0,0.125,20-29,1090.34,Indecisive
421700,F,False,True,usa,richmond,RIC,40,Virginia,8,3,3,3,0.6666666666666666,1.3333333333333333,0.0,342.49,0.3333333333333333,5.0,1043.522,2695.8,0.375,40-49,2087.044,Not assigned
422066,F,True,True,usa,cincinnati,CVG,55,Kentucky,8,4,4,4,0.25,1.25,1.25,279.95875,0.0,5.0,1624.165,2910.0,0.5,50-59,3248.33,Not assigned
423042,F,False,True,canada,ottawa,YOW,42,Ontario,8,5,3,4,0.4,1.0,0.3333333333333333,224.36666666666667,0.0,2.5,673.1,1696.8,0.625,40-49,1346.2,Not assigned
423413,F,False,False,usa,new york,LGA,17,New York,8,1,0,1,0.0,,,,0.0,20.0,,10760.0,0.125,10-19,,Long Stayers
425653,M,False,True,usa,portland,PDX,19,Oregon,8,0,0,0,,,,,,,,,0.0,10-19,,Indecisive
426478,F,False,False,canada,hamilton,YHM,25,Ontario,8,1,0,1,1.0,,,,0.0,9.0,,963.9,0.125,20-29,,Long Stayers
427426,F,False,False,usa,san diego,SAN,36,California,8,3,3,2,0.0,1.0,0.3333333333333333,242.88333333333333,0.0,1.5,728.6500000000001,183.0,0.375,30-39,1457.3000000000002,Not assigned
427506,F,True,True,usa,norfolk,ORF,54,Virginia,8,2,2,2,0.5,1.0,0.5,84.21000000000001,0.0,1.0,145.945,458.2000000000001,0.25,50-59,291.89,Not assigned
428056,M,False,False,canada,vancouver,YVR,36,British Columbia,8,4,4,3,0.0,1.0,0.0,594.3175,0.0,3.0,2377.27,1607.0,0.5,30-39,4754.54,High Spenders
431144,F,True,False,usa,cincinnati,CVG,50,Kentucky,8,2,1,2,0.5,1.0,0.0,227.82,0.0,4.5,227.82,1488.0,0.25,50-59,455.64,Not assigned
431337,F,False,False,usa,miami,MIA,37,Florida,8,3,3,3,0.0,1.0,1.0,402.8866666666666,0.6666666666666666,2.0,1208.66,1459.0,0.375,30-39,2417.32,Not assigned
431602,F,False,False,usa,tacoma,TCM,36,Washington,8,2,2,2,0.5,1.5,0.5,678.1075000000001,0.0,2.0,1950.108,776.1,0.25,30-39,3900.216,Not assigned
432637,F,False,True,usa,san antonio,SAT,36,Texas,8,3,3,3,0.3333333333333333,1.0,0.3333333333333333,430.9,0.0,2.0,1292.7,1002.0,0.375,30-39,2585.4,Not assigned
432941,F,False,False,usa,anchorage,MRI,40,Alaska,8,4,3,4,0.0,1.6666666666666667,0.3333333333333333,630.051111111111,0.25,5.0,3097.72,3646.0,0.5,40-49,6195.44,High Spenders
433905,F,False,False,usa,new york,LGA,25,New York,8,1,0,1,0.0,,,,0.0,14.0,,3920.0,0.125,20-29,,Long Stayers
434238,F,True,True,usa,indianapolis,IND,49,Gujarat,8,2,2,1,0.5,1.0,0.5,48.46,0.0,1.0,96.92,44.0,0.25,40-49,193.84,Not assigned
434623,F,False,False,canada,montreal,YHU,34,Quebec,8,3,3,3,0.3333333333333333,1.0,0.3333333333333333,382.7033333333334,0.3333333333333333,2.0,1094.947,1253.0,0.375,30-39,2189.894,Not assigned
435231,F,False,False,canada,toronto,YZD,29,,9,2,1,2,0.0,1.0,1.0,52.88,0.0,4.0,52.88,916.0,0.2222222222222222,20-29,105.76,Not assigned
435669,F,False,True,usa,tampa,MCF,44,Florida,8,2,2,2,0.5,1.5,0.5,436.165,0.5,1.0,1438.24,320.0,0.25,40-49,2876.48,Not assigned
435837,F,False,False,usa,new orleans,MSY,51,Louisiana,8,1,0,1,0.0,,,,0.0,12.0,,1848.0,0.125,50-59,,Long Stayers
437539,F,False,False,usa,nashville,BNA,45,Tennessee,8,5,5,5,0.2,1.0,0.4,338.43,0.4,1.8,1692.15,1204.0,0.625,40-49,3384.3,Not assigned
437549,F,False,False,usa,new orleans,NBG,39,Louisiana,8,3,3,3,0.3333333333333333,1.0,1.0,336.95,0.3333333333333333,2.6666666666666665,1010.85,898.0,0.375,30-39,2021.7,Not assigned
438406,F,False,False,usa,los angeles,LAX,42,California,8,4,4,3,0.5,1.25,0.5,586.155,0.0,2.0,2670.3205,1331.0,0.5,40-49,5340.641,High Spenders
438551,F,True,True,usa,charlotte,CLT,36,North Carolina,8,2,0,2,0.5,,,,0.0,2.0,,451.5,0.25,30-39,,Only Hotel
438596,F,False,False,usa,oklahoma city,OKC,23,Oklahoma,8,2,1,2,0.5,1.0,1.0,108.48,0.0,4.5,97.632,1372.0,0.25,20-29,195.264,Not assigned
438995,F,False,False,usa,tallahassee,TLH,23,Florida,8,0,0,0,,,,,,,,,0.0,20-29,,Indecisive
439052,F,True,False,usa,richmond,RIC,51,Virginia,9,4,4,4,0.25,1.0,0.5,517.62,0.25,4.25,2058.542,2468.0,0.4444444444444444,50-59,4117.084,Not assigned
439120,M,True,False,usa,tulsa,TUL,38,Oklahoma,8,2,2,1,0.5,1.0,0.5,398.955,0.0,1.0,797.9100000000001,83.7,0.25,30-39,1595.8200000000002,Not assigned
439363,F,False,False,usa,fort worth,FTW,51,Texas,8,4,3,3,0.0,1.0,0.3333333333333333,205.4333333333333,0.6666666666666666,5.666666666666667,616.3,2087.0,0.5,50-59,1232.6,Not assigned
440655,F,False,True,canada,toronto,YYZ,30,Ontario,8,3,3,3,0.3333333333333333,1.0,0.0,328.66,0.6666666666666666,1.6666666666666667,985.98,1142.6,0.375,30-39,1971.96,Not assigned
441200,F,False,True,canada,ottawa,YOW,35,Ontario,8,3,2,2,0.0,1.0,1.0,272.62,0.5,3.5,545.24,588.0,0.375,30-39,1090.48,Not assigned
441448,F,False,True,usa,san antonio,SKF,28,Texas,8,1,1,1,0.0,1.0,1.0,335.04,0.0,2.0,335.04,1200.0,0.125,20-29,670.08,Indecisive
441457,F,True,False,usa,washington,DCA,58,Virginia,8,3,2,3,0.6666666666666666,1.0,0.0,89.34,0.3333333333333333,3.6666666666666665,172.43800000000002,3241.0,0.375,50-59,344.87600000000003,Not assigned
442812,F,True,True,usa,boston,BOS,54,Massachusetts,8,1,0,1,0.0,,,,0.0,10.0,,850.0,0.125,50-59,,Long Stayers
442819,F,True,False,canada,ottawa,YOW,71,Ontario,8,1,1,1,0.0,1.0,1.0,714.69,1.0,1.0,714.69,85.0,0.125,70-79,1429.38,Indecisive
443453,F,False,False,usa,seattle,BFI,36,Washington,8,4,4,4,0.25,1.0,0.25,387.665,1.0,1.25,1404.622,797.3,0.5,30-39,2809.244,Not assigned
443598,F,False,False,usa,honolulu,HNL,42,Hawaii,8,2,2,2,1.0,1.0,0.5,1183.54,0.0,4.5,2257.454,1498.65,0.25,40-49,4514.908,High Spenders
443652,F,False,False,usa,seattle,SEA,29,Washington,8,4,4,4,0.0,1.25,1.0,250.855,0.25,2.75,1559.84,1551.0,0.5,20-29,3119.68,Not assigned
444387,F,True,False,usa,cincinnati,LUK,45,Ohio,8,3,3,2,0.0,1.3333333333333333,0.3333333333333333,314.74666666666667,0.5,1.0,1398.0,168.0,0.375,40-49,2796.0,Not assigned
445351,F,True,True,usa,des moines,DSM,52,Iowa,8,4,4,3,0.25,1.0,0.0,240.5275,0.6666666666666666,3.6666666666666665,962.11,1138.8,0.5,50-59,1924.22,Not assigned
445515,F,False,False,canada,toronto,YZD,39,,8,2,2,2,0.0,1.0,0.5,685.47,0.5,2.0,1370.94,684.0,0.25,30-39,2741.88,Not assigned
446124,F,False,False,usa,new york,LGA,44,New York,8,5,5,5,0.2,1.0,0.6,362.004,0.0,2.8,1810.02,1745.4,0.625,40-49,3620.04,Not assigned
446473,F,True,False,usa,san diego,NZY,48,California,8,3,3,2,0.6666666666666666,1.0,0.6666666666666666,458.63000000000005,0.0,1.5,1375.89,590.2,0.375,40-49,2751.78,Not assigned
446933,M,False,False,canada,toronto,YTZ,46,Ontario,8,4,4,4,0.25,1.25,0.5,271.00625,0.0,1.5,1013.7815,697.0,0.5,40-49,2027.563,Not assigned
447053,F,False,True,usa,riverside,RAL,37,California,8,2,2,2,0.0,1.0,0.5,442.37,0.0,2.5,884.74,383.0,0.25,30-39,1769.48,Not assigned
447591,M,False,False,canada,winnipeg,YWG,22,Manitoba,8,1,1,1,0.0,1.0,0.0,245.0,1.0,1.0,245.0,229.0,0.125,20-29,490.0,Indecisive
448467,F,False,False,canada,halifax,YAW,37,,9,2,0,2,0.5,,,,0.0,9.5,,4732.0,0.2222222222222222,30-39,,Long Stayers
448564,F,False,False,usa,colorado springs,COS,48,Colorado,8,5,4,5,0.2,1.0,0.5,394.1925,0.6,2.0,1576.77,1126.0,0.625,40-49,3153.54,Not assigned
449033,F,False,False,usa,san diego,NZY,40,California,9,5,5,5,0.0,1.0,1.0,293.584,0.2,2.6,1467.92,1583.0,0.5555555555555556,40-49,2935.84,Not assigned
449619,F,False,False,usa,cleveland,CLE,34,Ohio,8,3,3,3,0.3333333333333333,1.0,1.0,348.8433333333333,0.3333333333333333,5.333333333333333,1046.53,2004.0,0.375,30-39,2093.06,Not assigned
449804,F,True,False,usa,tacoma,TCM,41,Washington,8,3,3,3,0.0,1.0,1.0,481.1366666666666,0.3333333333333333,1.6666666666666667,1443.41,1067.0,0.375,40-49,2886.82,Not assigned
450305,F,False,False,usa,fayetteville,FYV,38,Arkansas,8,3,2,3,0.6666666666666666,1.0,0.5,193.36,0.3333333333333333,3.6666666666666665,355.3055,1774.6,0.375,30-39,710.611,Not assigned
450615,F,False,False,usa,kansas city,MCI,43,Missouri,8,4,4,3,0.25,1.25,0.75,230.93625,0.6666666666666666,5.0,1206.0549999999998,585.0,0.5,40-49,2412.1099999999997,Not assigned
451674,F,False,True,usa,san francisco,SFO,23,California,9,0,0,0,,,,,,,,,0.0,20-29,,Indecisive
453143,F,False,False,usa,houston,HOU,45,Texas,8,5,4,5,0.2,1.0,0.75,426.1,0.0,3.2,1704.4,2407.1000000000004,0.625,40-49,3408.8,Not assigned
454264,F,False,True,usa,new york,JFK,48,New York,8,1,1,0,0.0,1.0,0.0,733.54,,,733.54,,0.125,40-49,1467.08,Indecisive
454430,F,True,False,canada,vancouver,YVR,37,British Columbia,8,3,2,3,0.6666666666666666,2.5,0.0,542.03,0.3333333333333333,2.333333333333333,2499.19,2299.5,0.375,30-39,4998.38,High Spenders
454616,F,True,False,usa,los angeles,LAX,44,California,8,1,1,1,0.0,1.0,0.0,495.69,0.0,2.0,495.69,806.0,0.125,40-49,991.38,Indecisive
454661,F,False,False,usa,louisville,LOU,45,Kentucky,8,3,3,3,0.3333333333333333,1.0,0.3333333333333333,356.57666666666665,0.3333333333333333,1.6666666666666667,1001.2985,1043.0,0.375,40-49,2002.597,Not assigned
454920,F,True,False,usa,new york,LGA,37,New York,8,5,5,5,0.2,1.6,0.6,586.246,0.6,3.8,4905.37,3064.0,0.625,30-39,9810.74,High Spenders
454955,F,True,False,usa,san diego,NZY,50,California,8,1,1,1,0.0,1.0,1.0,481.34,0.0,3.0,481.34,804.0,0.125,50-59,962.68,Indecisive
456226,F,False,False,usa,houston,IAH,47,Texas,8,5,5,4,0.0,1.2,1.0,726.547,0.25,4.5,6023.45,1704.0,0.625,40-49,12046.9,High Spenders
457599,F,True,False,usa,columbus,LCK,38,Ohio,8,5,4,4,0.4,1.0,0.5,220.73,0.0,2.5,864.8645,2250.3,0.625,30-39,1729.729,Not assigned
457967,F,False,False,usa,colorado springs,COS,20,Colorado,8,0,0,0,,,,,,,,,0.0,20-29,,Indecisive
458688,F,False,False,usa,cleveland,CLE,42,Ohio,9,2,2,1,0.5,1.0,0.0,63.84,0.0,10.0,105.34199999999998,2380.0,0.2222222222222222,40-49,210.68399999999997,Long Stayers
459486,F,False,False,usa,st. petersburg,SPG,28,Florida,9,2,2,1,0.0,1.0,0.5,440.595,0.0,3.0,881.19,825.0,0.2222222222222222,20-29,1762.38,Not assigned
459645,F,False,False,usa,wichita,ICT,29,Kansas,9,1,1,1,0.0,2.0,1.0,347.89,1.0,5.0,695.78,1190.0,0.1111111111111111,20-29,1391.56,Indecisive
460181,F,True,False,usa,st. louis,STL,65,Missouri,8,2,1,2,0.5,1.0,0.0,223.42,0.0,5.0,212.249,1899.0,0.25,60-69,424.498,Retired
460625,F,True,True,usa,baltimore,BWI,45,Maryland,9,4,3,4,0.5,1.0,0.3333333333333333,299.3433333333333,0.0,6.75,876.9970000000001,4316.6,0.4444444444444444,40-49,1753.9940000000001,Not assigned
461744,F,False,False,usa,new york,LGA,30,New York,9,2,1,2,0.0,1.0,0.0,201.15,0.5,4.0,201.15,919.0,0.2222222222222222,30-39,402.3,Not assigned
461791,F,True,True,usa,boston,BOS,49,Massachusetts,9,3,3,2,0.3333333333333333,1.6666666666666667,0.3333333333333333,306.6022222222222,0.5,2.5,1295.702,1733.0,0.3333333333333333,40-49,2591.404,Family travelers
462127,F,True,False,usa,houston,HOU,40,Texas,8,2,2,1,0.0,1.0,0.5,429.9500000000001,0.0,1.0,859.9000000000001,112.0,0.25,40-49,1719.8000000000002,Not assigned
462456,F,False,True,canada,toronto,YKZ,39,Ontario,8,5,5,3,0.2,1.2,0.2,231.057,0.3333333333333333,1.3333333333333333,1204.8565,431.0,0.625,30-39,2409.713,Not assigned
463652,F,True,False,canada,montreal,YHU,37,Quebec,8,1,1,1,1.0,1.0,1.0,206.62,1.0,1.0,206.62,144.4,0.125,30-39,413.24,Indecisive
463698,F,False,False,usa,atlanta,ATL,36,Georgia,8,4,4,4,0.25,1.0,0.0,195.5125,0.25,2.0,782.05,960.55,0.5,30-39,1564.1,Not assigned
463910,F,False,False,usa,phoenix,PHX,43,Arizona,8,5,5,5,0.0,1.2,0.8,422.722,0.2,2.2,2640.44,3001.0,0.625,40-49,5280.88,High Spenders
464160,F,True,True,usa,los angeles,LAX,48,California,8,2,1,2,0.5,1.0,1.0,705.31,0.0,8.5,634.779,2353.0,0.25,40-49,1269.558,Long Stayers
464542,F,False,True,canada,toronto,YZD,24,,8,1,1,1,0.0,1.0,0.0,680.4,0.0,1.0,680.4,166.0,0.125,20-29,1360.8,Indecisive
464597,F,True,True,usa,richmond,RIC,58,Virginia,8,1,0,1,0.0,,,,0.0,9.0,,6129.0,0.125,50-59,,Long Stayers
464614,F,False,False,canada,calgary,YYC,37,Alberta,8,3,3,3,0.3333333333333333,1.0,0.6666666666666666,465.06,0.3333333333333333,2.6666666666666665,1364.7289999999998,862.0,0.375,30-39,2729.4579999999996,Not assigned
464673,M,True,True,usa,louisville,LOU,49,Kentucky,8,4,3,2,0.25,2.0,1.0,283.8927777777778,0.0,5.0,1180.9985,4825.0,0.5,40-49,2361.997,Family travelers
464782,F,True,True,usa,boston,BOS,47,Massachusetts,8,2,1,2,0.0,1.0,0.0,52.17,0.5,2.0,52.17,532.0,0.25,40-49,104.34,Not assigned
464855,F,False,True,canada,victoria,YYJ,28,British Columbia,8,1,1,1,1.0,1.0,1.0,693.83,0.0,6.0,624.447,1056.0,0.125,20-29,1248.894,Indecisive
466205,F,True,True,usa,new york,LGA,38,New York,8,4,2,4,0.25,1.0,1.0,674.9300000000001,0.75,5.5,1349.86,3073.0,0.5,30-39,2699.72,Not assigned
466342,M,False,False,canada,montreal,YUL,16,Quebec,8,2,0,2,0.5,,,,0.0,12.0,,7760.4,0.25,10-19,,Long Stayers
466723,F,True,False,usa,louisville,LOU,39,Kentucky,8,3,3,3,0.6666666666666666,1.0,0.0,185.3033333333333,1.0,2.333333333333333,528.5654999999999,1171.0,0.375,30-39,1057.1309999999999,Not assigned
467007,M,True,True,usa,riverside,RAL,48,California,8,4,3,2,0.5,2.333333333333333,2.0,933.3606666666666,0.0,5.5,10887.623,5210.0,0.5,40-49,21775.246,High Spenders
468106,F,False,False,usa,new york,LGA,44,New York,8,4,4,2,0.25,1.25,0.0,345.90125,0.0,2.5,2010.38,540.4,0.5,40-49,4020.76,Not assigned
468370,F,False,False,usa,philadelphia,PHL,32,Pennsylvania,8,4,2,4,0.0,1.0,0.5,81.19999999999999,0.5,4.5,162.39999999999998,1249.0,0.5,30-39,324.79999999999995,Not assigned
468666,F,False,True,usa,richmond,RIC,42,Virginia,10,3,3,3,0.6666666666666666,1.0,0.3333333333333333,385.44666666666666,0.0,1.0,989.1175,316.35,0.3,40-49,1978.235,Not assigned
468801,F,True,True,usa,dallas,DAL,43,Texas,8,3,3,2,0.6666666666666666,1.0,0.3333333333333333,359.66,0.5,2.0,1017.632,945.0,0.375,40-49,2035.264,Not assigned
468808,F,False,True,canada,windsor,YQG,45,Ontario,8,4,4,3,0.25,1.0,0.5,476.56,0.0,2.0,1820.926,1326.0,0.5,40-49,3641.852,Not assigned
469237,F,False,True,usa,new york,LGA,17,New York,8,1,0,1,0.0,,,,0.0,3.0,,1536.0,0.125,10-19,,Indecisive
469418,F,True,True,usa,san francisco,SFO,24,California,8,0,0,0,,,,,,,,,0.0,20-29,,Indecisive
469767,F,True,False,usa,new york,JFK,47,New York,8,4,4,4,0.0,1.25,0.75,314.46000000000004,0.0,2.25,1603.58,1797.0,0.5,40-49,3207.16,Not assigned
471077,F,True,False,usa,louisville,LOU,56,Kentucky,8,6,6,5,0.3333333333333333,1.0,0.5,325.8333333333333,0.2,1.2,1786.0985,1054.0,0.75,50-59,3572.197,Not assigned
471500,F,False,True,usa,houston,IAH,26,Texas,8,3,1,3,0.6666666666666666,1.0,0.0,250.81,0.0,5.666666666666667,250.81,3676.8,0.375,20-29,501.62,Not assigned
471565,F,False,True,usa,nashville,BNA,29,Tennessee,8,2,1,2,0.0,1.0,1.0,194.76,0.0,7.0,194.76,1625.0,0.25,20-29,389.52,Not assigned
471717,F,True,True,usa,phoenix,LUF,45,Arizona,8,3,3,3,0.0,1.0,0.3333333333333333,254.82333333333332,0.3333333333333333,1.6666666666666667,764.47,1027.0,0.375,40-49,1528.94,Not assigned
471973,F,False,True,usa,sacramento,MHR,35,California,8,0,0,0,,,,,,,,,0.0,30-39,,Indecisive
472614,F,False,False,canada,toronto,YYZ,38,Ontario,8,2,2,2,0.5,1.0,0.5,391.27,0.5,1.5,771.725,679.0,0.25,30-39,1543.45,Not assigned
472713,F,True,True,usa,nashville,BNA,40,Tennessee,9,4,4,4,0.25,1.25,1.0,246.165,0.25,3.0,1171.76,2445.25,0.4444444444444444,40-49,2343.52,Not assigned
472785,M,False,False,canada,toronto,YZD,45,,8,3,3,2,0.3333333333333333,1.0,0.6666666666666666,342.27333333333337,0.5,2.5,1011.177,1178.0,0.375,40-49,2022.354,Not assigned
472966,F,True,False,usa,oakland,OAK,36,California,9,2,2,2,0.0,1.0,0.0,361.46,0.5,1.5,722.9200000000001,791.0,0.2222222222222222,30-39,1445.8400000000001,Not assigned
473332,F,True,False,usa,los angeles,LAX,49,California,8,4,3,3,0.75,1.0,0.3333333333333333,597.8766666666667,0.6666666666666666,4.0,1727.116,3088.4,0.5,40-49,3454.232,Not assigned
473343,F,True,False,usa,kansas city,MCI,47,Missouri,8,3,3,3,0.0,1.3333333333333333,1.0,246.05166666666665,0.0,2.0,885.02,973.0,0.375,40-49,1770.04,Not assigned
473402,F,True,False,usa,los angeles,LAX,41,California,8,2,2,2,0.0,1.5,0.5,691.8924999999999,0.0,3.0,2063.51,848.0,0.25,40-49,4127.02,Not assigned
473467,F,True,False,usa,austin,AUS,42,Texas,9,4,3,3,0.5,1.3333333333333333,0.6666666666666666,445.8716666666667,0.3333333333333333,2.333333333333333,1751.96,1131.3,0.4444444444444444,40-49,3503.92,Not assigned
473568,F,True,True,usa,new york,JFK,48,New York,8,1,1,1,1.0,1.0,1.0,582.32,0.0,1.0,524.0880000000001,271.0,0.125,40-49,1048.1760000000002,Indecisive
473712,F,False,False,usa,chicago,ORD,45,Illinois,8,6,5,5,0.1666666666666666,1.0,0.4,307.818,0.2,2.8,1411.1975,2924.0,0.75,40-49,2822.395,Not assigned
474384,F,True,False,usa,indianapolis,IND,41,Gujarat,8,4,4,3,0.25,1.25,1.0,303.78375,0.3333333333333333,2.0,1231.598,1315.0,0.5,40-49,2463.196,Not assigned
474546,F,True,False,usa,memphis,MEM,52,Tennessee,8,5,5,4,0.6,1.8,0.2,286.2795,0.25,3.75,2045.9335,2685.2,0.625,50-59,4091.867,Not assigned
474951,F,False,False,usa,jacksonville,NIP,36,Florida,10,5,5,5,0.4,1.2,0.4,325.185,0.2,1.8,2011.641,919.75,0.5,30-39,4023.282,Not assigned
474980,F,True,False,usa,columbus,CMH,40,Ohio,8,3,2,3,0.0,1.0,0.0,117.83,0.3333333333333333,2.6666666666666665,235.66,2230.0,0.375,40-49,471.32,Not assigned
475130,F,True,True,usa,milwaukee,MKE,45,Wisconsin,8,6,6,5,0.5,1.6666666666666667,0.8333333333333334,233.2927777777778,0.4,1.2,2311.552,1715.6,0.75,40-49,4623.104,High Spenders
476081,F,True,True,usa,el paso,BIF,56,Texas,8,4,3,3,0.0,1.0,0.0,247.57333333333332,0.6666666666666666,2.333333333333333,742.72,916.0,0.5,50-59,1485.44,Not assigned
476173,F,False,False,usa,amarillo,AMA,23,Texas,8,1,0,1,0.0,,,,1.0,13.0,,3315.0,0.125,20-29,,Long Stayers
476393,F,True,False,canada,calgary,YYC,51,Alberta,8,2,2,2,0.0,1.0,0.5,466.665,0.0,1.5,933.33,581.0,0.25,50-59,1866.66,Not assigned
476436,F,True,True,usa,dallas,DAL,41,Texas,8,4,4,4,0.0,1.0,0.5,299.5025,0.0,2.25,1198.01,1686.0,0.5,40-49,2396.02,Not assigned
476665,F,True,False,usa,detroit,DET,38,Michigan,8,6,6,6,0.1666666666666666,1.5,0.6666666666666666,300.4795833333333,0.1666666666666666,2.5,3631.381,5716.0,0.75,30-39,7262.762,High Spenders
476693,F,False,False,usa,los angeles,LAX,36,California,8,4,4,4,0.0,1.0,0.5,566.8025,0.25,1.5,2267.21,940.0,0.5,30-39,4534.42,High Spenders
476714,F,False,False,usa,columbus,CMH,44,Ohio,8,3,3,3,0.3333333333333333,1.3333333333333333,0.6666666666666666,297.0933333333333,0.6666666666666666,3.333333333333333,1142.9164999999998,2805.6000000000004,0.375,40-49,2285.8329999999996,Not assigned
476916,F,False,True,usa,louisville,LOU,32,Kentucky,8,0,0,0,,,,,,,,,0.0,30-39,,Indecisive
477316,F,False,False,usa,new york,LGA,38,New York,8,4,3,4,0.0,1.0,0.6666666666666666,544.09,0.5,2.5,1632.27,1029.0,0.5,30-39,3264.54,Not assigned
478003,M,True,False,usa,cleveland,CLE,53,Ohio,10,3,3,2,0.0,1.0,0.3333333333333333,471.18,1.0,1.5,1413.54,639.0,0.3,50-59,2827.08,Not assigned
478146,F,True,False,usa,dallas,DAL,48,Texas,8,2,1,2,0.5,1.0,2.0,350.39,0.5,4.0,350.39,551.0,0.25,40-49,700.78,Not assigned
478188,M,False,False,usa,denver,DEN,29,Colorado,8,3,2,3,0.0,1.0,1.0,301.46500000000003,0.3333333333333333,3.0,602.9300000000001,893.0,0.375,20-29,1205.8600000000001,Not assigned
478228,M,True,False,canada,halifax,YAW,26,,8,2,1,2,0.5,2.0,0.0,164.49,0.0,6.5,328.98,1405.8,0.25,20-29,657.96,Not assigned
478585,F,False,False,usa,los angeles,LAX,46,California,8,5,5,4,0.0,1.2,0.6,526.2389999999999,0.0,1.5,2967.16,1210.0,0.625,40-49,5934.32,High Spenders
478760,F,False,False,usa,new york,JFK,20,New York,8,1,0,1,0.0,,,,1.0,1.0,,260.0,0.125,20-29,,Indecisive
479071,F,False,False,usa,baltimore,BWI,36,Maryland,9,5,4,5,0.0,1.0,0.5,347.15,0.0,1.8,1388.6,1899.0,0.5555555555555556,30-39,2777.2,Not assigned
479101,F,False,True,canada,toronto,YTZ,35,Ontario,8,1,1,1,1.0,1.0,1.0,128.63,1.0,1.0,128.63,135.85,0.125,30-39,257.26,Indecisive
479254,F,True,False,canada,montreal,YHU,43,Quebec,9,3,3,3,0.3333333333333333,1.0,0.3333333333333333,256.0833333333333,0.3333333333333333,2.0,768.25,1233.0,0.3333333333333333,40-49,1536.5,Not assigned
479524,F,False,False,usa,honolulu,HNL,32,Hawaii,9,0,0,0,,,,,,,,,0.0,30-39,,Indecisive
479785,M,True,True,usa,tulsa,TUL,36,Oklahoma,8,0,0,0,,,,,,,,,0.0,30-39,,Indecisive
480313,F,True,False,usa,los angeles,LAX,47,California,8,2,2,2,0.0,1.0,0.5,194.695,1.0,1.0,389.39,284.0,0.25,40-49,778.78,Not assigned
480331,F,True,False,usa,phoenix,PHX,40,Arizona,8,3,3,3,0.3333333333333333,1.0,0.3333333333333333,238.26666666666665,0.3333333333333333,2.0,618.594,1490.0,0.375,40-49,1237.188,Not assigned
480796,F,False,True,usa,anchorage,MRI,40,Alaska,8,3,2,3,0.0,1.0,0.5,790.605,0.3333333333333333,3.333333333333333,1581.21,1106.0,0.375,40-49,3162.42,Not assigned
481050,F,True,True,usa,houston,EFD,46,Texas,8,2,1,2,0.0,1.0,1.0,365.63,0.5,4.5,365.63,1123.0,0.25,40-49,731.26,Not assigned
481245,F,False,False,usa,new york,LGA,46,New York,9,2,2,2,0.5,1.0,0.0,427.18,0.0,8.0,693.135,896.0,0.2222222222222222,40-49,1386.27,Long Stayers
481292,F,False,False,usa,san jose,SJC,32,California,8,4,4,3,0.25,1.0,1.0,423.8075,0.0,1.6666666666666667,1643.14,767.0,0.5,30-39,3286.28,Not assigned
481554,F,True,False,usa,anchorage,MRI,46,Alaska,9,5,5,5,0.2,1.2,0.6,836.917,0.2,3.2,4576.63,3078.9,0.5555555555555556,40-49,9153.26,High Spenders
482264,F,True,True,usa,wichita,IAB,42,Kansas,8,4,3,4,0.25,1.0,0.6666666666666666,278.37666666666667,0.25,4.0,835.13,2522.8,0.5,40-49,1670.26,Not assigned
482630,F,False,False,canada,toronto,YTZ,29,Ontario,8,2,2,2,0.0,1.0,0.5,326.19,0.0,1.0,652.38,266.0,0.25,20-29,1304.76,Not assigned
482744,F,False,False,usa,new york,LGA,38,New York,9,4,4,4,0.5,1.0,1.0,303.5775,0.0,2.5,1161.351,1076.3,0.4444444444444444,30-39,2322.702,Not assigned
482811,M,False,False,usa,san diego,SAN,67,California,8,0,0,0,,,,,,,,,0.0,60-69,,Indecisive
483224,F,False,False,usa,chicago,MDW,45,Illinois,8,3,3,1,0.3333333333333333,1.0,0.3333333333333333,335.31333333333333,1.0,9.0,1005.94,927.0,0.375,40-49,2011.88,Long Stayers
483237,F,True,False,usa,dallas,DAL,35,Texas,8,4,4,4,0.5,1.0,0.5,273.095,0.5,3.5,1071.3725,4184.0,0.5,30-39,2142.745,Not assigned
483480,M,True,True,canada,toronto,YTZ,38,Ontario,8,5,3,5,0.2,1.0,0.6666666666666666,219.27666666666664,0.0,2.8,657.8299999999999,2390.1,0.625,30-39,1315.6599999999999,Not assigned
483603,F,False,False,usa,new york,JFK,38,New York,9,4,4,3,0.25,1.5,0.0,242.40916666666664,0.3333333333333333,1.3333333333333333,1354.0,1257.0,0.4444444444444444,30-39,2708.0,Not assigned
483928,F,False,False,usa,new york,JFK,40,New York,8,5,5,5,0.2,1.2,0.4,258.386,0.2,2.6,1375.9325,2264.0,0.625,40-49,2751.865,Not assigned
484249,F,True,False,usa,minneapolis,MSP,42,Minnesota,8,3,3,3,0.3333333333333333,1.0,0.0,414.8966666666667,0.3333333333333333,7.333333333333333,1244.69,9193.2,0.375,40-49,2489.38,Long Stayers
484342,F,False,False,usa,houston,IAH,17,Texas,8,0,0,0,,,,,,,,,0.0,10-19,,Indecisive
484987,F,False,False,canada,montreal,YMX,56,Quebec,8,4,4,4,0.0,1.25,0.75,247.54375,0.5,4.0,1131.53,1937.0,0.5,50-59,2263.06,Not assigned
485149,F,False,False,usa,fayetteville,POB,41,North Carolina,9,3,3,3,0.0,1.0,0.3333333333333333,265.9433333333333,0.0,1.3333333333333333,797.83,889.0,0.3333333333333333,40-49,1595.66,Not assigned
485260,F,True,True,usa,chicago,UGN,49,Illinois,8,2,2,2,0.5,1.0,0.5,325.48,0.5,3.0,650.96,935.6,0.25,40-49,1301.92,Not assigned
485518,F,False,False,usa,brownsville,BRO,27,Texas,8,0,0,0,,,,,,,,,0.0,20-29,,Indecisive
485536,F,True,True,usa,houston,HOU,36,Texas,9,0,0,0,,,,,,,,,0.0,30-39,,Indecisive
485544,F,True,False,usa,las vegas,LAS,40,Nevada,8,8,8,7,0.25,1.875,0.375,470.65625,0.5714285714285714,3.857142857142857,7365.8965,6621.0,1.0,40-49,14731.793,High Spenders
485591,F,True,False,usa,colorado springs,COS,48,Colorado,8,4,3,4,0.5,1.0,0.0,425.5966666666666,0.25,2.5,1276.79,3778.7,0.5,40-49,2553.58,Not assigned
485894,F,False,True,canada,toronto,YKZ,41,Ontario,8,3,2,3,0.3333333333333333,1.5,0.5,311.13500000000005,0.3333333333333333,5.0,666.9630000000001,6756.0,0.375,40-49,1333.9260000000002,Not assigned
486046,F,True,False,canada,montreal,YMX,72,Quebec,8,1,0,1,1.0,,,,1.0,11.0,,1056.0,0.125,70-79,,Long Stayers
486191,F,True,False,usa,los angeles,LAX,67,California,8,1,0,1,1.0,,,,0.0,6.0,,1872.0,0.125,60-69,,Indecisive
486268,F,False,False,usa,los angeles,LAX,25,California,8,0,0,0,,,,,,,,,0.0,20-29,,Indecisive
486270,F,False,False,canada,victoria,YYJ,27,British Columbia,8,3,2,3,0.3333333333333333,1.0,0.5,563.005,0.0,3.333333333333333,1126.01,1913.0,0.375,20-29,2252.02,Not assigned
486447,F,False,True,usa,new york,LGA,25,New York,8,0,0,0,,,,,,,,,0.0,20-29,,Indecisive
486671,F,True,True,usa,louisville,LOU,54,Kentucky,8,5,5,4,0.2,1.8,0.4,295.8566666666667,0.0,2.75,2779.4825,3481.0,0.625,50-59,5558.965,High Spenders
486823,F,False,False,usa,sacramento,SAC,25,California,8,3,3,2,0.3333333333333333,1.6666666666666667,0.3333333333333333,477.2466666666666,0.5,1.5,2921.2,1559.5,0.375,20-29,5842.4,High Spenders
487036,F,True,True,canada,calgary,YYC,40,Alberta,9,1,1,1,0.0,1.0,1.0,285.5,0.0,1.0,285.5,144.0,0.1111111111111111,40-49,571.0,Indecisive
487040,F,False,True,usa,phoenix,LUF,36,Arizona,8,3,3,2,0.3333333333333333,1.3333333333333333,1.0,338.45666666666665,0.5,2.5,1059.225,1623.0,0.375,30-39,2118.45,Not assigned
487101,F,True,False,canada,ottawa,YOW,39,Ontario,8,4,4,4,0.25,1.25,0.5,456.64125,0.25,1.5,1916.05,1062.2,0.5,30-39,3832.1,Not assigned
487276,F,True,False,usa,los angeles,LAX,64,California,8,4,3,4,0.25,1.0,0.6666666666666666,407.35666666666674,0.0,3.5,1187.5095,2070.0,0.5,60-69,2375.019,Retired
487680,F,True,True,canada,montreal,YHU,49,Quebec,9,2,2,2,0.0,1.5,0.5,640.6424999999999,0.0,2.0,1857.93,459.0,0.2222222222222222,40-49,3715.86,Not assigned
487715,F,True,False,usa,seattle,SEA,48,Washington,8,4,4,3,0.25,1.5,0.25,576.4658333333334,0.0,1.3333333333333333,3677.453,718.3,0.5,40-49,7354.906,High Spenders
487858,F,True,False,usa,fresno,FAT,41,California,8,3,2,3,0.0,1.0,0.5,479.85,0.0,3.0,959.7,1570.0,0.375,40-49,1919.4,Not assigned
487954,M,False,False,canada,edmonton,YED,40,,9,4,3,4,0.25,1.3333333333333333,0.6666666666666666,551.1666666666666,0.0,4.25,2164.16,5268.0,0.4444444444444444,40-49,4328.32,Not assigned
488009,F,False,False,usa,baltimore,BWI,46,Maryland,8,2,2,1,0.0,1.0,0.0,59.73,1.0,2.0,119.46,464.0,0.25,40-49,238.92,Not assigned
488246,F,False,False,canada,edmonton,YEG,17,Alberta,8,1,0,1,1.0,,,,0.0,5.0,,1586.5,0.125,10-19,,Indecisive
488314,F,True,False,usa,los angeles,LAX,56,California,8,3,3,3,0.3333333333333333,1.0,0.3333333333333333,499.5366666666666,0.0,1.6666666666666667,1498.61,543.5,0.375,50-59,2997.22,Not assigned
488410,F,True,True,usa,new york,JFK,50,New York,8,3,3,3,0.0,1.0,0.3333333333333333,196.95666666666668,0.0,3.333333333333333,590.87,556.0,0.375,50-59,1181.74,Not assigned
488430,F,False,False,usa,austin,AUS,16,Texas,8,0,0,0,,,,,,,,,0.0,10-19,,Indecisive
488462,F,True,False,canada,toronto,YTZ,44,Ontario,8,5,4,5,0.4,1.0,0.25,157.9525,0.2,2.6,631.81,1356.35,0.625,40-49,1263.62,Not assigned
488511,F,True,False,canada,montreal,YMX,44,Quebec,8,3,2,3,0.3333333333333333,1.0,0.0,416.425,0.3333333333333333,6.333333333333333,796.7344999999999,6370.0,0.375,40-49,1593.4689999999998,Not assigned
488529,F,True,True,usa,houston,HOU,47,Texas,8,3,3,3,0.6666666666666666,1.6666666666666667,0.3333333333333333,395.0183333333334,0.6666666666666666,1.6666666666666667,1922.29,1911.6,0.375,40-49,3844.58,Family travelers
488539,F,True,False,canada,quebec,YQB,49,Quebec,8,0,0,0,,,,,,,,,0.0,40-49,,Indecisive
488974,F,False,False,usa,newark,EWR,54,New Jersey,8,3,3,2,0.3333333333333333,1.0,0.6666666666666666,150.95,0.0,2.0,452.85,264.0,0.375,50-59,905.7,Not assigned
489635,M,False,False,usa,fresno,FAT,48,California,8,4,4,4,0.25,1.0,0.5,634.19,0.25,2.0,2284.684,1156.0,0.5,40-49,4569.368,High Spenders
489661,F,False,False,usa,richmond,RIC,19,Virginia,8,1,0,1,0.0,,,,0.0,5.0,,1320.0,0.125,10-19,,Indecisive
489786,F,True,False,usa,akron,AKR,50,Ondo,8,0,0,0,,,,,,,,,0.0,50-59,,Indecisive
489802,F,True,False,usa,detroit,YIP,39,Michigan,8,1,1,1,0.0,1.0,0.0,344.32,1.0,4.0,344.32,600.0,0.125,30-39,688.64,Indecisive
489844,F,True,True,canada,toronto,YYZ,48,Ontario,8,3,2,3,0.6666666666666666,1.0,1.0,536.025,0.3333333333333333,5.0,1072.05,1448.85,0.375,40-49,2144.1,Not assigned
489852,F,True,False,usa,santa ana,SNA,49,California,8,2,1,2,0.0,2.0,1.0,345.015,0.5,6.0,690.03,2541.0,0.25,40-49,1380.06,Not assigned
489953,F,False,True,usa,san antonio,SKF,39,Texas,8,6,6,5,0.3333333333333333,1.8333333333333333,0.8333333333333334,250.18694444444444,0.4,2.6,2567.3155,4667.25,0.75,30-39,5134.631,High Spenders
490040,F,True,False,usa,riverside,RIV,45,California,8,3,3,3,0.3333333333333333,1.6666666666666667,0.0,603.5911111111111,0.0,2.6666666666666665,3091.146,2153.0,0.375,40-49,6182.292,High Spenders
490107,F,False,False,usa,philadelphia,PNE,36,Pennsylvania,8,5,5,5,0.4,1.0,0.8,313.326,0.0,2.2,1405.9274999999998,1613.8000000000002,0.625,30-39,2811.8549999999996,Not assigned
490133,F,True,True,usa,lubbock,LBB,49,Texas,8,5,3,5,0.2,1.0,1.0,366.77,0.2,4.6,1100.31,3946.2,0.625,40-49,2200.62,Not assigned
490358,F,False,True,usa,las vegas,LAS,27,Nevada,8,2,2,2,0.5,1.0,1.5,566.625,0.0,3.0,1074.3200000000002,737.0,0.25,20-29,2148.6400000000003,Not assigned
490671,F,False,True,usa,indianapolis,IND,35,Gujarat,9,4,4,3,0.25,1.0,1.0,124.1925,0.3333333333333333,4.333333333333333,496.77,2733.15,0.4444444444444444,30-39,993.54,Not assigned
491003,F,False,True,usa,corpus christi,CRP,38,Texas,8,1,1,1,1.0,1.0,0.0,443.8,1.0,1.0,332.85,124.0,0.125,30-39,665.7,Indecisive
491124,M,False,False,usa,colorado springs,COS,54,Colorado,8,4,3,4,0.25,1.0,0.0,229.36,0.25,4.25,688.08,6666.0,0.5,50-59,1376.16,Not assigned
491266,F,True,False,usa,sacramento,SMF,42,California,8,3,3,1,0.0,1.3333333333333333,1.0,477.0100000000001,0.0,4.0,1699.2600000000002,1160.0,0.375,40-49,3398.5200000000004,Not assigned
491559,F,True,False,usa,san diego,SAN,47,California,8,3,3,3,0.0,1.0,0.0,471.6366666666667,0.3333333333333333,1.3333333333333333,1414.91,583.0,0.375,40-49,2829.82,Not assigned
491597,F,False,False,usa,omaha,OMA,44,Iowa,8,2,2,2,1.0,2.5,1.0,194.9308333333333,0.5,1.0,749.0935000000001,954.0,0.25,40-49,1498.1870000000001,Discount buyer
491706,M,False,False,usa,phoenix,LUF,43,Arizona,8,2,2,1,0.0,1.0,0.0,557.225,0.0,4.0,1114.45,1028.0,0.25,40-49,2228.9,Not assigned
491772,F,False,False,canada,edmonton,YEG,54,Alberta,8,4,3,4,0.5,1.3333333333333333,0.3333333333333333,494.4966666666666,0.5,3.25,1687.913,1663.8,0.5,50-59,3375.826,Not assigned
491925,M,False,False,usa,new york,JFK,52,New York,8,6,5,5,0.1666666666666666,1.4,0.0,286.314,0.2,4.0,2331.87,3317.0,0.75,50-59,4663.74,High Spenders
492209,F,True,False,canada,montreal,YUL,41,Quebec,8,4,4,3,0.25,1.25,0.25,253.84375,0.0,1.6666666666666667,1685.4299999999998,743.6,0.5,40-49,3370.8599999999997,Not assigned
492211,M,False,False,usa,tucson,TUS,21,Arizona,8,1,1,1,0.0,1.0,0.0,140.85,1.0,5.0,140.85,780.0,0.125,20-29,281.7,Indecisive
492287,F,False,False,usa,los angeles,LAX,37,California,9,2,2,2,0.0,2.5,1.5,342.65,0.0,3.0,1888.69,3256.0,0.2222222222222222,30-39,3777.38,Not assigned
492614,F,False,False,usa,las vegas,LSV,18,Nevada,8,0,0,0,,,,,,,,,0.0,10-19,,Indecisive
492999,F,False,False,usa,los angeles,LAX,29,California,8,1,1,1,0.0,1.0,0.0,646.3,0.0,1.0,646.3,281.0,0.125,20-29,1292.6,Indecisive
493409,M,False,False,usa,nashville,BNA,28,Tennessee,8,5,4,4,0.0,1.25,1.0,271.2375,0.75,6.0,1204.09,4013.0,0.625,20-29,2408.18,Not assigned
494382,F,False,True,canada,ottawa,YOW,38,Ontario,8,5,4,4,0.2,1.5,0.25,179.34666666666666,0.5,4.75,902.62,2707.0,0.625,30-39,1805.24,Not assigned
494441,F,False,True,usa,colorado springs,COS,44,Colorado,8,0,0,0,,,,,,,,,0.0,40-49,,Indecisive
494590,F,False,False,usa,houston,IAH,27,Texas,8,4,3,4,0.75,1.0,1.0,204.58,0.0,3.75,594.995,5329.6,0.5,20-29,1189.99,Not assigned
494680,F,False,False,usa,dallas,DAL,27,Texas,8,4,3,4,0.25,1.0,0.3333333333333333,353.75333333333333,0.25,2.25,1061.26,1556.6,0.5,20-29,2122.52,Not assigned
494704,M,True,False,canada,quebec,YQB,42,Quebec,8,6,5,6,0.0,1.0,0.4,301.17600000000004,0.5,2.1666666666666665,1505.88,2283.0,0.75,40-49,3011.76,Not assigned
495042,F,True,False,usa,los angeles,LAX,47,California,8,5,4,5,0.4,1.0,0.25,543.09,0.4,2.6,2142.375,2840.7,0.625,40-49,4284.75,Not assigned
495080,F,True,False,usa,fresno,FAT,33,California,8,1,1,1,1.0,1.0,0.0,224.01,1.0,1.0,224.01,291.75,0.125,30-39,448.02,Indecisive
495272,F,False,False,usa,tucson,DMA,32,Arizona,9,3,2,3,0.3333333333333333,1.0,0.5,347.90500000000003,0.3333333333333333,4.333333333333333,695.8100000000001,1669.4,0.3333333333333333,30-39,1391.6200000000001,Not assigned
495273,F,False,False,canada,edmonton,YXD,30,,8,6,4,6,0.3333333333333333,1.25,1.25,398.75,0.1666666666666666,7.166666666666667,2113.37,6296.3,0.75,30-39,4226.74,Long Stayers
495482,F,True,False,usa,dallas,DAL,35,Texas,9,5,4,4,0.2,1.0,0.25,342.53,0.25,6.25,1370.12,3634.1,0.5555555555555556,30-39,2740.24,Not assigned
495603,F,True,False,usa,san francisco,SFO,28,California,8,5,4,4,0.2,1.0,0.25,300.38750000000005,0.25,8.25,1201.5500000000002,4385.0,0.625,20-29,2403.1000000000004,Long Stayers
496074,F,False,False,usa,boston,BOS,28,Massachusetts,8,0,0,0,,,,,,,,,0.0,20-29,,Indecisive
496273,F,True,False,usa,los angeles,LAX,54,California,9,4,3,3,0.75,1.0,0.6666666666666666,454.52333333333337,0.3333333333333333,5.0,1363.5700000000002,1359.4,0.4444444444444444,50-59,2727.1400000000003,Not assigned
496286,M,False,False,usa,seattle,BFI,39,Washington,8,3,3,2,0.0,1.6666666666666667,1.0,474.92333333333335,0.0,2.0,2526.37,1062.0,0.375,30-39,5052.74,High Spenders
496382,F,False,False,usa,louisville,LOU,42,Kentucky,8,4,4,2,0.5,1.5,1.0,163.9675,0.0,3.0,749.0535,1848.0,0.5,40-49,1498.107,Not assigned
496408,F,False,False,usa,fresno,FAT,43,California,10,4,4,3,0.0,1.0,0.75,270.7375,0.0,1.0,1082.95,802.0,0.4,40-49,2165.9,Not assigned
497042,F,True,True,usa,fresno,FAT,55,California,8,4,4,4,0.25,1.0,0.0,504.205,0.0,2.75,1953.23,907.0,0.5,50-59,3906.46,Not assigned
497108,F,False,False,usa,nashville,BNA,47,Tennessee,8,3,3,3,0.0,1.3333333333333333,0.3333333333333333,203.40833333333333,0.3333333333333333,1.0,821.66,714.0,0.375,40-49,1643.32,Not assigned
497475,F,True,False,usa,corpus christi,CRP,46,Texas,8,4,4,1,0.25,1.5,0.75,789.305,0.0,4.0,5650.72,340.0,0.5,40-49,11301.44,High Spenders
497615,F,False,True,canada,toronto,YYZ,45,Ontario,8,3,2,3,0.0,1.0,1.0,250.14,0.3333333333333333,4.333333333333333,500.28,3438.0,0.375,40-49,1000.56,Not assigned
497680,F,False,True,usa,new york,LGA,40,New York,8,3,2,3,0.0,1.0,0.5,341.845,0.3333333333333333,2.6666666666666665,683.69,742.0,0.375,40-49,1367.38,Not assigned
498154,F,True,False,usa,akron,AKR,44,Ondo,8,2,2,2,0.0,1.0,0.5,376.645,0.0,1.5,753.29,316.0,0.25,40-49,1506.58,Not assigned
498199,F,True,False,usa,kansas city,MCI,45,Missouri,8,3,2,3,0.0,1.0,0.0,247.36,0.3333333333333333,2.6666666666666665,494.72,1144.0,0.375,40-49,989.44,Not assigned
498298,F,False,False,usa,fort worth,FTW,17,Texas,8,3,1,3,0.3333333333333333,1.0,2.0,298.05,0.0,8.0,298.05,4832.0,0.375,10-19,596.1,Long Stayers
498363,F,False,False,canada,london,YXU,48,Ontario,8,2,2,2,0.5,1.5,0.0,107.4825,1.0,2.0,244.06,766.9,0.25,40-49,488.12,Not assigned
498500,F,True,True,usa,sacramento,SAC,49,California,8,3,2,3,0.6666666666666666,1.5,0.0,353.495,0.3333333333333333,3.333333333333333,1191.414,1261.4,0.375,40-49,2382.828,Not assigned
498665,F,False,False,canada,montreal,YHU,36,Quebec,8,5,5,5,0.2,1.0,0.4,252.696,0.2,2.2,1246.798,2329.0,0.625,30-39,2493.596,Not assigned
498857,F,True,False,usa,spokane,SKA,37,Washington,8,3,3,2,0.0,1.0,0.6666666666666666,384.1333333333334,0.5,3.5,1152.4,577.0,0.375,30-39,2304.8,Not assigned
498931,F,True,True,usa,baltimore,BWI,58,Maryland,8,2,2,2,0.5,1.0,0.0,130.65,0.5,6.0,250.56600000000003,2778.0,0.25,50-59,501.13200000000006,Not assigned
499038,F,False,False,usa,richmond,RIC,30,Virginia,8,4,3,3,0.0,1.0,1.0,395.8333333333333,0.0,3.0,1187.5,4076.0,0.5,30-39,2375.0,Not assigned
499379,F,True,False,usa,reno,RNO,65,Nevada,9,2,1,2,1.0,1.0,0.0,499.23,1.0,3.5,499.23,765.6,0.2222222222222222,60-69,998.46,Retired
499751,F,True,False,canada,vancouver,YVR,52,British Columbia,9,4,3,4,0.0,1.0,1.3333333333333333,489.6433333333334,0.25,4.75,1468.93,3694.0,0.4444444444444444,50-59,2937.86,Not assigned
499760,F,True,True,usa,corpus christi,CRP,49,Texas,8,0,0,0,,,,,,,,,0.0,40-49,,Indecisive
499810,M,True,False,usa,cincinnati,LUK,45,Ohio,9,3,2,3,0.0,1.0,0.5,384.48,0.3333333333333333,5.333333333333333,768.9599999999999,2715.0,0.3333333333333333,40-49,1537.9199999999998,Not assigned
499969,F,False,False,usa,providence,PVD,25,Rhode Island,8,1,0,1,0.0,,,,0.0,9.0,,351.0,0.125,20-29,,Long Stayers
499990,F,False,False,usa,new york,LGA,36,New York,8,2,2,1,0.5,2.0,0.5,739.0033333333333,0.0,6.0,3018.08,1284.0,0.25,30-39,6036.16,High Spenders
500078,F,True,False,canada,ottawa,YOW,46,Ontario,8,2,2,2,0.0,1.0,1.0,163.89,0.5,3.5,327.78000000000003,529.0,0.25,40-49,655.5600000000001,Not assigned
500196,F,True,False,canada,calgary,YYC,51,Alberta,8,2,2,2,0.0,1.5,0.5,441.805,1.0,2.0,1350.17,407.0,0.25,50-59,2700.34,Not assigned
500243,F,False,False,usa,philadelphia,PHL,24,Pennsylvania,9,1,1,1,0.0,1.0,0.0,150.6,1.0,2.0,150.6,234.0,0.1111111111111111,20-29,301.2,Indecisive
500257,F,False,False,usa,new york,LGA,44,New York,8,2,2,2,0.5,1.0,0.5,356.295,0.5,1.5,698.545,393.4,0.25,40-49,1397.09,Not assigned
500493,F,False,True,usa,chicago,UGN,41,Illinois,8,3,2,2,0.3333333333333333,1.5,0.5,337.20500000000004,0.0,4.0,895.1,7025.0,0.375,40-49,1790.2,Not assigned
500532,F,True,True,canada,ottawa,YOW,36,Ontario,8,1,0,1,0.0,,,,1.0,2.0,,566.0,0.125,30-39,,Indecisive
500646,F,True,False,usa,indianapolis,IND,47,Gujarat,8,3,1,3,1.0,1.0,1.0,254.25,0.0,7.333333333333333,228.825,3219.2000000000003,0.375,40-49,457.65,Long Stayers
501322,F,True,True,usa,los angeles,LAX,53,California,9,4,3,4,0.5,1.0,1.0,618.57,0.0,2.75,1820.967,2476.3,0.4444444444444444,50-59,3641.934,Not assigned
501344,M,False,False,usa,corpus christi,CRP,49,Texas,8,1,1,0,1.0,1.0,0.0,95.59,,,95.59,,0.125,40-49,191.18,Indecisive
501436,F,True,False,usa,columbus,CMH,30,Ohio,8,3,3,2,0.0,1.0,1.3333333333333333,170.04,0.0,1.0,510.12,397.0,0.375,30-39,1020.24,Not assigned
501708,F,False,False,canada,montreal,YHU,23,Quebec,8,0,0,0,,,,,,,,,0.0,20-29,,Indecisive
501735,F,False,False,usa,new york,JFK,33,New York,8,3,3,3,0.0,1.0,1.0,323.0266666666667,0.0,1.0,969.08,331.0,0.375,30-39,1938.16,Not assigned
501780,M,False,True,usa,bakersfield,BFL,17,California,8,0,0,0,,,,,,,,,0.0,10-19,,Indecisive
501794,F,True,False,usa,nashville,BNA,42,Tennessee,8,4,4,4,0.25,1.0,0.75,188.1125,0.25,4.25,752.4499999999999,1781.0,0.5,40-49,1504.8999999999999,Not assigned
501817,F,True,False,canada,gatineau,YND,49,Quebec,9,3,3,3,0.0,2.0,0.6666666666666666,202.79777777777775,0.6666666666666666,2.6666666666666665,1201.68,4034.0,0.3333333333333333,40-49,2403.36,Not assigned
502145,F,False,False,usa,baltimore,BWI,39,Maryland,10,4,4,4,0.0,1.25,0.75,551.89375,0.25,2.5,2894.91,1651.0,0.4,30-39,5789.82,High Spenders
502210,F,True,False,canada,montreal,YMX,42,Quebec,8,3,2,3,0.0,1.0,1.0,376.415,0.3333333333333333,3.0,752.8299999999999,1719.0,0.375,40-49,1505.6599999999999,Not assigned
502353,F,False,False,usa,honolulu,HNL,38,Hawaii,8,5,4,4,0.2,1.0,0.5,1211.5425,0.5,5.5,4846.17,6017.0,0.625,30-39,9692.34,High Spenders
502847,F,True,False,usa,grand rapids,GRR,50,Michigan,8,5,4,5,0.0,1.0,0.5,270.4725,0.2,1.8,1081.89,2070.0,0.625,50-59,2163.78,Not assigned
502995,F,False,False,usa,charlotte,CLT,67,North Carolina,9,0,0,0,,,,,,,,,0.0,60-69,,Indecisive
503049,F,False,False,usa,omaha,OMA,71,Iowa,8,0,0,0,,,,,,,,,0.0,70-79,,Indecisive
503126,F,False,False,canada,edmonton,YXD,25,,8,1,0,1,0.0,,,,0.0,9.0,,2592.0,0.125,20-29,,Long Stayers
503277,F,False,False,usa,los angeles,LAX,54,California,8,3,3,3,0.3333333333333333,1.0,1.3333333333333333,530.4966666666667,0.0,3.6666666666666665,1591.49,1252.65,0.375,50-59,3182.98,Not assigned
503342,F,True,False,usa,lincoln,LNK,42,Nebraska,8,2,2,2,0.5,1.0,0.5,249.995,0.5,4.5,489.915,1734.0,0.25,40-49,979.83,Not assigned
503418,F,False,False,usa,new york,LGA,39,New York,9,5,5,5,0.2,1.0,0.4,287.548,0.4,3.6,1422.941,2964.0,0.5555555555555556,30-39,2845.882,Not assigned
503760,F,True,False,usa,kansas city,MCI,38,Missouri,8,5,4,5,0.2,1.75,0.5,278.45875,0.6,4.6,2036.84,7242.0,0.625,30-39,4073.68,Not assigned
503773,F,False,True,usa,brownsville,BRO,17,Texas,8,0,0,0,,,,,,,,,0.0,10-19,,Indecisive
503928,F,True,True,canada,toronto,YYZ,45,Ontario,8,2,2,2,0.0,1.0,0.0,241.07,0.5,2.0,482.14,1419.0,0.25,40-49,964.28,Not assigned
503945,F,False,False,usa,san antonio,RND,47,Texas,8,3,3,2,0.3333333333333333,1.3333333333333333,0.3333333333333333,499.2116666666666,0.0,2.0,2031.9065,1038.0,0.375,40-49,4063.813,Not assigned
504081,F,True,True,usa,los angeles,LAX,44,California,10,2,2,1,0.5,1.0,0.5,494.59,0.0,1.0,989.18,222.0,0.2,40-49,1978.36,Not assigned
504133,F,True,False,usa,lincoln,LNK,44,Nebraska,8,3,3,3,0.0,2.0,0.6666666666666666,309.3127777777778,0.0,6.0,1621.87,6617.0,0.375,40-49,3243.74,Not assigned
504299,F,True,True,usa,milwaukee,MKE,41,Wisconsin,8,3,3,3,0.3333333333333333,1.0,0.6666666666666666,529.1466666666666,0.0,2.0,1512.4955,937.0,0.375,40-49,3024.991,Not assigned
504320,F,False,False,usa,indianapolis,IND,30,Gujarat,8,2,2,2,1.0,1.0,1.0,343.39,0.0,2.0,686.78,525.75,0.25,30-39,1373.56,Discount buyer
504371,F,False,True,usa,new york,LGA,50,New York,8,5,5,4,0.2,1.8,0.4,703.476,0.75,4.75,6805.66,4026.0,0.625,50-59,13611.32,High Spenders
504579,F,False,False,usa,phoenix,LUF,68,Arizona,8,0,0,0,,,,,,,,,0.0,60-69,,Indecisive
504669,F,False,False,usa,long beach,LGB,40,California,8,2,2,2,0.5,1.0,1.0,603.765,0.0,2.0,1179.299,406.0,0.25,40-49,2358.598,Not assigned
504859,F,False,True,usa,phoenix,PHX,26,Arizona,8,2,1,2,0.5,1.0,0.0,234.11,0.5,4.0,234.11,2420.0,0.25,20-29,468.22,Not assigned
504945,F,False,False,usa,houston,EFD,43,Texas,9,4,4,4,0.25,1.0,0.75,328.39750000000004,0.25,1.5,1313.59,1343.4,0.4444444444444444,40-49,2627.18,Not assigned
505066,M,True,True,usa,boston,BOS,24,Massachusetts,8,1,0,1,0.0,,,,1.0,3.0,,816.0,0.125,20-29,,Indecisive
505230,F,False,False,usa,tucson,TUS,60,Arizona,8,3,2,3,0.3333333333333333,1.5,1.0,187.4025,0.3333333333333333,3.6666666666666665,620.107,2538.0,0.375,60-69,1240.214,Not assigned
505289,F,False,False,usa,new york,JFK,27,New York,8,3,3,3,0.0,1.0,0.3333333333333333,213.82666666666668,0.6666666666666666,1.0,641.48,274.0,0.375,20-29,1282.96,Not assigned
505358,F,False,False,usa,detroit,DET,37,Michigan,8,3,3,3,0.3333333333333333,1.6666666666666667,0.6666666666666666,230.7511111111111,0.0,3.0,817.1914999999999,2028.0,0.375,30-39,1634.3829999999998,Not assigned
505617,F,False,True,canada,vancouver,YVR,47,British Columbia,8,1,1,1,0.0,2.0,0.0,584.87,1.0,1.0,1169.74,906.0,0.125,40-49,2339.48,Indecisive
505667,F,True,False,usa,san francisco,SFO,53,California,9,3,3,3,0.0,1.0,0.0,341.98,0.6666666666666666,2.6666666666666665,1025.94,1671.0,0.3333333333333333,50-59,2051.88,Not assigned
505680,F,False,False,usa,los angeles,LAX,47,California,8,4,3,4,0.0,1.3333333333333333,0.6666666666666666,355.03833333333336,0.0,2.0,1380.4299999999998,1789.0,0.5,40-49,2760.8599999999997,Not assigned
505854,F,True,False,usa,new york,JFK,54,New York,8,5,3,5,0.4,1.0,1.0,452.31666666666666,0.4,5.0,1356.95,4113.0,0.625,50-59,2713.9,Not assigned
505916,F,False,False,usa,charlotte,CLT,27,North Carolina,8,5,4,5,0.4,1.0,0.75,419.97,0.2,10.6,1569.2769999999998,10446.8,0.625,20-29,3138.5539999999996,Long Stayers
506130,F,False,False,usa,phoenix,PHX,40,Arizona,11,4,4,4,0.5,1.0,0.5,681.965,0.0,3.25,2693.652,2583.4,0.36363636363636365,40-49,5387.304,High Spenders
506427,F,True,True,usa,dallas,DAL,47,Texas,9,6,5,5,0.1666666666666666,1.0,0.8,152.676,0.2,3.0,763.38,2743.85,0.6666666666666666,40-49,1526.76,Not assigned
506611,F,True,False,usa,tulsa,TUL,53,Oklahoma,8,4,1,4,0.0,1.0,0.0,133.21,0.0,3.5,133.21,2197.0,0.5,50-59,266.42,Not assigned
506828,F,False,False,usa,louisville,LOU,27,Kentucky,8,1,1,1,0.0,1.0,1.0,458.03,0.0,4.0,458.03,816.0,0.125,20-29,916.06,Indecisive
506837,F,False,True,usa,cleveland,CLE,47,Ohio,8,3,3,3,0.6666666666666666,1.0,1.0,274.12666666666667,0.3333333333333333,5.666666666666667,809.9680000000001,6213.0,0.375,40-49,1619.9360000000001,Not assigned
507133,F,False,False,canada,edmonton,YXD,26,,8,3,2,3,0.0,1.5,1.0,474.3525,0.3333333333333333,3.333333333333333,1345.8000000000002,4620.0,0.375,20-29,2691.6000000000004,Not assigned
507207,F,False,True,usa,new york,LGA,17,New York,8,2,0,2,0.0,,,,0.0,7.5,,5140.0,0.25,10-19,,Long Stayers
507273,F,False,False,usa,columbus,LCK,30,Ohio,8,4,4,3,0.25,1.0,0.5,393.2425,0.6666666666666666,1.6666666666666667,1572.97,662.0,0.5,30-39,3145.94,Not assigned
507435,F,True,True,usa,los angeles,LAX,53,California,8,4,4,4,0.0,1.0,0.5,328.1125,0.25,2.5,1312.45,1878.0,0.5,50-59,2624.9,Not assigned
507557,F,True,True,usa,baton rouge,BTR,58,Louisiana,8,2,1,2,0.5,1.0,1.0,53.13,0.0,4.0,53.13,468.0,0.25,50-59,106.26,Not assigned
507573,F,False,False,usa,denver,DEN,41,Colorado,8,3,3,3,0.3333333333333333,1.0,0.6666666666666666,238.50333333333333,0.0,1.6666666666666667,694.699,578.0,0.375,40-49,1389.398,Not assigned
507728,F,True,True,usa,st. louis,STL,37,Missouri,8,2,2,2,0.0,1.0,0.0,232.785,0.0,2.5,465.57,1045.0,0.25,30-39,931.14,Not assigned
507753,F,False,True,usa,nashville,BNA,24,Tennessee,8,1,1,1,0.0,1.0,1.0,188.11,0.0,8.0,188.11,1704.0,0.125,20-29,376.22,Long Stayers
507759,F,True,False,canada,victoria,YYJ,48,British Columbia,8,3,3,3,0.6666666666666666,1.0,0.6666666666666666,267.99333333333334,0.3333333333333333,2.6666666666666665,716.548,950.0,0.375,40-49,1433.096,Not assigned
507805,F,True,True,usa,san jose,SJC,42,California,8,4,4,4,0.25,1.25,0.5,472.50125,0.5,6.0,2274.81,7067.4,0.5,40-49,4549.62,High Spenders
508050,F,True,False,usa,new york,JFK,46,New York,8,4,4,3,0.5,1.5,0.75,288.5025,0.0,10.666666666666666,1596.159,3727.2,0.5,40-49,3192.318,Long Stayers
508096,F,True,False,usa,spokane,SKA,64,Washington,9,3,2,3,0.3333333333333333,1.0,0.5,549.135,0.0,2.333333333333333,987.2125,801.0,0.3333333333333333,60-69,1974.425,Retired
508111,F,True,True,usa,fort worth,FTW,39,Texas,8,0,0,0,,,,,,,,,0.0,30-39,,Indecisive
508144,F,False,False,usa,new york,JFK,37,New York,8,3,3,3,0.3333333333333333,1.0,0.3333333333333333,326.24,0.3333333333333333,2.333333333333333,834.96,1470.0,0.375,30-39,1669.92,Not assigned
508153,M,False,False,canada,halifax,YAW,32,,8,2,2,2,0.5,2.0,0.5,581.0783333333334,0.0,1.0,2056.9700000000003,352.75,0.25,30-39,4113.9400000000005,Not assigned
508367,F,True,False,usa,lubbock,LBB,47,Texas,9,4,4,3,0.5,1.0,0.25,401.5125000000001,0.3333333333333333,1.6666666666666667,1439.037,469.0,0.4444444444444444,40-49,2878.074,Not assigned
508497,F,False,False,canada,calgary,YYC,36,Alberta,9,2,1,2,0.0,1.0,0.0,356.24,0.0,6.0,356.24,1982.0,0.2222222222222222,30-39,712.48,Not assigned
508546,F,False,False,usa,cincinnati,LUK,28,Ohio,8,3,3,2,0.0,1.0,0.6666666666666666,298.8333333333333,0.5,2.0,896.5,422.0,0.375,20-29,1793.0,Not assigned
508611,F,False,True,usa,houston,HOU,21,Texas,8,0,0,0,,,,,,,,,0.0,20-29,,Indecisive
508713,F,False,True,usa,los angeles,LAX,17,California,8,1,1,1,1.0,1.0,2.0,740.46,0.0,2.0,592.368,246.5,0.125,10-19,1184.736,Indecisive
508731,F,True,False,usa,norfolk,NGU,54,Virginia,8,4,3,4,0.25,1.0,1.3333333333333333,264.1,0.25,7.75,781.2194999999999,6541.0,0.5,50-59,1562.4389999999999,Long Stayers
508829,F,False,False,usa,burlington,BTV,16,Vermont,8,3,2,3,0.3333333333333333,1.0,0.5,502.01,0.3333333333333333,4.333333333333333,1004.02,2554.0,0.375,10-19,2008.04,Youngs
508849,F,False,False,usa,charlotte,CLT,37,North Carolina,8,5,3,4,0.2,1.3333333333333333,0.3333333333333333,473.3683333333333,0.25,3.25,2129.09,4962.0,0.625,30-39,4258.18,Not assigned
508856,M,False,True,usa,portland,PDX,21,Oregon,8,0,0,0,,,,,,,,,0.0,20-29,,Indecisive
508891,F,False,True,usa,san antonio,RND,16,Texas,8,2,2,0,0.0,1.0,1.0,337.505,,,675.01,,0.25,10-19,1350.02,Youngs
508892,F,False,False,canada,hamilton,YHM,33,Ontario,8,3,3,3,0.3333333333333333,1.0,0.6666666666666666,397.51,0.3333333333333333,2.333333333333333,1130.852,1981.0,0.375,30-39,2261.704,Not assigned
508901,F,True,True,canada,hamilton,YHM,52,Ontario,8,2,2,2,0.0,1.0,0.5,381.045,0.0,1.0,762.09,232.0,0.25,50-59,1524.18,Not assigned
508917,M,False,False,usa,los angeles,LAX,20,California,8,2,1,1,0.5,1.0,1.0,699.81,0.0,8.0,699.81,972.0,0.25,20-29,1399.62,Long Stayers
508923,F,True,True,usa,madison,MSN,47,Wisconsin,8,3,2,2,0.3333333333333333,1.0,0.0,355.815,0.0,2.0,628.173,949.0,0.375,40-49,1256.346,Not assigned
508944,F,False,False,usa,los angeles,LAX,57,California,8,2,2,2,0.5,1.0,1.0,523.66,0.0,1.5,1018.9635,302.0,0.25,50-59,2037.927,Not assigned
508964,F,True,True,usa,newark,EWR,25,New Jersey,8,0,0,0,,,,,,,,,0.0,20-29,,Indecisive
509001,F,True,False,canada,montreal,YUL,69,Quebec,8,0,0,0,,,,,,,,,0.0,60-69,,Indecisive
509024,F,False,False,usa,new york,JFK,17,New York,8,1,1,1,0.0,1.0,1.0,97.2,0.0,5.0,97.2,2035.0,0.125,10-19,194.4,Indecisive
509052,F,True,False,usa,san antonio,SKF,60,Texas,8,1,1,1,0.0,1.0,0.0,480.01,0.0,1.0,480.01,116.0,0.125,60-69,960.02,Indecisive
509061,F,False,True,canada,vancouver,YVR,30,British Columbia,8,3,3,2,1.0,1.0,0.3333333333333333,640.9366666666666,0.0,6.0,1856.183,1016.8,0.375,30-39,3712.366,Discount buyer
509115,F,False,False,usa,los angeles,LAX,36,California,8,8,5,7,0.25,1.4,1.0,599.8950000000001,0.1428571428571428,4.571428571428571,3827.2955,7240.0,1.0,30-39,7654.591,High Spenders
509119,F,False,False,usa,new york,LGA,25,New York,8,4,2,3,0.0,1.0,0.0,730.595,1.0,5.333333333333333,1461.19,1676.0,0.5,20-29,2922.38,Not assigned
509157,F,False,True,usa,san antonio,RND,27,Texas,8,2,2,2,0.0,1.0,0.0,273.01,0.5,11.5,546.02,1934.0,0.25,20-29,1092.04,Long Stayers
509202,F,False,True,usa,minneapolis,MSP,25,Minnesota,8,2,1,2,0.0,1.0,1.0,303.72,1.0,1.5,303.72,319.0,0.25,20-29,607.44,Not assigned
509278,F,True,False,canada,edmonton,YED,49,,8,2,1,2,0.0,2.0,1.0,648.425,0.5,5.0,1296.85,2940.0,0.25,40-49,2593.7,Not assigned
509282,F,False,False,usa,seattle,SEA,36,Washington,9,4,3,4,0.25,1.0,1.0,640.0666666666667,0.25,3.75,1770.334,2356.0,0.4444444444444444,30-39,3540.668,Not assigned
509302,F,False,True,canada,toronto,YZD,58,,9,2,2,2,0.5,1.0,0.5,76.575,0.0,2.0,127.705,788.0,0.2222222222222222,50-59,255.41,Not assigned
509316,F,False,False,usa,chicago,MDW,40,Illinois,8,4,4,3,0.0,1.25,0.5,245.495,0.0,1.6666666666666667,1374.29,1032.0,0.5,40-49,2748.58,Not assigned
509324,F,True,False,canada,winnipeg,YAV,48,,9,3,3,2,0.3333333333333333,1.3333333333333333,0.6666666666666666,349.125,0.0,2.0,1386.908,1887.8,0.3333333333333333,40-49,2773.816,Not assigned
509346,M,False,True,usa,atlanta,ATL,49,Georgia,8,3,2,2,0.3333333333333333,1.0,0.5,253.185,0.0,2.5,478.613,489.0,0.375,40-49,957.226,Not assigned
509354,M,True,False,usa,tallahassee,TLH,44,Florida,8,4,2,3,0.25,1.0,0.5,230.4,0.3333333333333333,8.0,438.966,4015.0,0.5,40-49,877.932,Long Stayers
509402,F,False,False,usa,richmond,RIC,67,Virginia,8,0,0,0,,,,,,,,,0.0,60-69,,Indecisive
509413,F,False,False,usa,boston,BOS,47,Massachusetts,8,2,2,1,0.5,1.5,0.5,332.895,0.0,1.0,1186.2705,470.0,0.25,40-49,2372.541,Not assigned
509414,F,False,False,usa,tampa,TPA,23,Florida,8,1,1,1,0.0,2.0,1.0,321.005,0.0,10.0,642.01,450.0,0.125,20-29,1284.02,Long Stayers
509421,F,False,True,usa,baltimore,BWI,53,Maryland,9,3,2,3,0.6666666666666666,1.0,0.5,218.005,0.3333333333333333,3.333333333333333,404.87,1119.1,0.3333333333333333,50-59,809.74,Not assigned
509435,M,False,False,usa,nashville,BNA,43,Tennessee,8,4,4,4,0.0,1.5,0.75,175.86375,0.25,1.75,1068.64,2864.0,0.5,40-49,2137.28,Not assigned
509453,F,False,False,usa,lubbock,LBB,40,Texas,8,3,2,3,0.0,1.5,0.0,339.4525,0.3333333333333333,3.6666666666666665,891.3499999999999,1203.0,0.375,40-49,1782.6999999999998,Not assigned
509459,F,False,False,usa,new york,JFK,16,New York,8,2,1,1,0.0,1.0,1.0,444.68,1.0,5.0,444.68,8580.0,0.25,10-19,889.36,Youngs
509498,F,False,False,usa,milwaukee,MKE,39,Wisconsin,8,2,2,2,0.5,3.0,0.0,288.635,0.0,6.5,1375.6,7801.0,0.25,30-39,2751.2,Not assigned
509515,F,False,True,usa,memphis,MEM,28,Tennessee,9,2,1,2,0.5,1.0,1.0,297.45,0.0,6.0,297.45,2802.0,0.2222222222222222,20-29,594.9,Not assigned
509530,F,True,True,canada,edmonton,YXD,46,,8,6,5,5,0.0,1.4,0.6,474.307,0.4,2.8,3200.55,3182.0,0.75,40-49,6401.1,High Spenders
509598,F,False,False,canada,winnipeg,YWG,39,Manitoba,8,3,3,3,0.3333333333333333,1.0,0.6666666666666666,337.27666666666664,0.0,3.6666666666666665,943.77,1653.0,0.375,30-39,1887.54,Not assigned
509603,F,False,False,usa,memphis,MEM,17,Tennessee,8,2,1,2,0.5,1.0,1.0,145.43,0.0,8.0,145.43,4736.25,0.25,10-19,290.86,Long Stayers
509712,F,False,False,usa,philadelphia,PHL,33,Pennsylvania,8,3,2,3,0.0,1.0,1.0,535.415,0.0,6.666666666666667,1070.83,1434.0,0.375,30-39,2141.66,Not assigned
509781,F,True,False,usa,norfolk,NGU,62,Virginia,9,2,1,1,0.0,2.0,2.0,177.44,1.0,9.0,354.88,1719.0,0.2222222222222222,60-69,709.76,Long Stayers
509841,F,True,True,usa,knoxville,TYS,46,Tennessee,8,3,3,2,0.6666666666666666,1.6666666666666667,0.3333333333333333,902.245,0.0,2.0,4768.678,1031.0,0.375,40-49,9537.356,High Spenders
509855,F,True,True,usa,winston-salem,INT,35,North Carolina,8,0,0,0,,,,,,,,,0.0,30-39,,Indecisive
509924,F,True,False,usa,tampa,MCF,37,Florida,9,0,0,0,,,,,,,,,0.0,30-39,,Indecisive
509933,M,True,True,usa,louisville,LOU,44,Kentucky,8,3,2,3,0.3333333333333333,1.0,0.5,254.76,0.0,6.0,509.52,5189.0,0.375,40-49,1019.04,Not assigned
509969,F,True,False,canada,montreal,YHU,68,Quebec,10,1,0,1,1.0,,,,0.0,6.0,,379.2000000000001,0.1,60-69,,Indecisive
510022,F,True,True,usa,austin,AUS,52,Texas,8,4,3,3,0.0,1.0,0.6666666666666666,363.42333333333335,0.0,1.3333333333333333,1090.27,895.0,0.5,50-59,2180.54,Not assigned
510048,F,False,True,usa,dallas,DAL,31,Texas,8,2,2,2,0.0,1.0,1.5,331.46500000000003,0.5,5.0,662.9300000000001,1720.0,0.25,30-39,1325.8600000000001,Not assigned
510061,F,True,True,usa,new york,LGA,47,New York,8,5,5,4,0.4,1.0,0.4,384.294,0.5,2.25,1793.879,2103.0,0.625,40-49,3587.758,Not assigned
510067,F,True,True,usa,new york,LGA,47,New York,9,4,3,4,0.25,1.0,0.0,404.53,0.25,3.25,1207.003,4188.0,0.4444444444444444,40-49,2414.006,Not assigned
510070,F,True,True,usa,boston,BOS,57,Massachusetts,8,4,2,4,0.25,3.0,2.0,221.328,0.0,8.0,700.88,6228.2,0.5,50-59,1401.76,Long Stayers
510081,F,False,False,usa,oakland,OAK,44,California,8,3,1,3,0.3333333333333333,1.0,0.0,690.01,0.6666666666666666,6.333333333333333,690.01,2711.0,0.375,40-49,1380.02,Not assigned
510090,F,True,False,usa,anchorage,ANC,49,Alaska,8,1,1,1,0.0,1.0,1.0,446.33,0.0,1.0,446.33,88.0,0.125,40-49,892.66,Indecisive
510093,M,True,False,usa,norfolk,NGU,52,Virginia,8,4,4,3,0.25,1.0,0.5,511.3250000000001,0.6666666666666666,5.666666666666667,1969.056,3034.0,0.5,50-59,3938.112,Not assigned
510112,F,True,False,usa,new orleans,MSY,45,Louisiana,8,1,1,1,0.0,1.0,1.0,398.55,0.0,20.0,398.55,1580.0,0.125,40-49,797.1,Long Stayers
510163,F,True,True,usa,las vegas,LSV,51,Nevada,8,4,3,4,0.0,1.0,1.0,438.7166666666667,0.25,8.25,1316.15,5788.0,0.5,50-59,2632.3,Long Stayers
510164,F,True,True,canada,montreal,YMX,34,Quebec,8,2,2,2,1.0,1.0,0.5,401.9500000000001,0.5,6.5,728.1015,1657.0,0.25,30-39,1456.203,Discount buyer
510172,F,False,False,usa,mobile,BFM,34,Alabama,8,3,3,3,0.6666666666666666,1.0,0.3333333333333333,387.6266666666667,0.3333333333333333,2.6666666666666665,1148.4589999999998,1250.3,0.375,30-39,2296.9179999999997,Not assigned
510179,F,True,False,usa,jacksonville,NCA,57,Turks and Caicos Islands,8,5,4,4,0.0,1.75,0.5,828.6791666666667,0.75,2.75,6833.580000000001,2717.0,0.625,50-59,13667.160000000002,High Spenders
510188,F,False,False,usa,san antonio,SAT,34,Texas,11,4,3,3,0.25,1.0,0.6666666666666666,389.5233333333333,0.6666666666666666,1.3333333333333333,1168.57,942.0,0.36363636363636365,30-39,2337.14,Not assigned
510198,F,False,False,usa,new york,JFK,31,New York,9,3,3,3,0.6666666666666666,1.0,0.6666666666666666,412.3033333333333,0.3333333333333333,2.333333333333333,1164.136,1499.1999999999998,0.3333333333333333,30-39,2328.272,Not assigned
510213,F,True,True,canada,toronto,YTZ,40,Ontario,8,5,4,4,0.0,1.25,1.0,95.1875,0.0,2.25,481.18,1775.0,0.625,40-49,962.36,Not assigned
510238,F,False,True,usa,new york,LGA,41,New York,8,3,3,3,0.0,1.3333333333333333,0.0,618.485,0.0,1.3333333333333333,2627.53,2027.0,0.375,40-49,5255.06,High Spenders
510239,F,True,True,usa,santa ana,SNA,55,California,8,2,1,2,0.5,1.0,0.0,23.55,0.0,6.0,23.55,4076.4,0.25,50-59,47.1,Not assigned
510243,F,True,False,canada,windsor,YQG,42,Ontario,8,3,3,2,0.0,1.0,0.6666666666666666,144.4466666666667,0.0,2.5,433.34,965.0,0.375,40-49,866.68,Not assigned
510283,F,False,False,canada,edmonton,YED,17,,8,0,0,0,,,,,,,,,0.0,10-19,,Indecisive
510379,F,False,False,usa,san francisco,SFO,18,California,8,1,0,1,1.0,,,,1.0,3.0,,303.0,0.125,10-19,,Indecisive
510452,F,False,False,canada,toronto,YKZ,54,Ontario,8,4,4,4,0.5,1.0,0.75,274.5475,0.25,3.5,1032.7985,4086.4,0.5,50-59,2065.597,Not assigned
510490,F,True,False,usa,milwaukee,MKE,70,Wisconsin,8,1,0,1,1.0,,,,0.0,4.0,,616.0,0.125,70-79,,Indecisive
510511,F,True,False,usa,stockton,SCK,47,California,8,2,1,2,0.5,1.0,0.0,309.71,0.0,3.5,309.71,1523.0,0.25,40-49,619.42,Not assigned
510533,F,False,False,usa,jacksonville,JAX,35,Florida,8,1,1,1,0.0,1.0,1.0,245.45,0.0,4.0,245.45,672.0,0.125,30-39,490.9,Indecisive
510570,F,False,False,usa,new york,JFK,43,New York,9,4,2,4,0.25,1.0,0.5,426.52,0.25,5.5,853.04,4356.0,0.4444444444444444,40-49,1706.08,Not assigned
510571,F,True,True,usa,new york,LGA,20,New York,8,4,1,4,0.75,4.0,3.0,2283.7825,0.0,7.5,9135.13,9330.0,0.5,20-29,18270.26,Long Stayers
510580,M,False,False,usa,providence,PVD,53,Rhode Island,8,3,2,3,0.0,1.0,1.0,393.64,0.3333333333333333,3.0,787.28,1401.0,0.375,50-59,1574.56,Not assigned
510582,M,False,False,usa,phoenix,PHX,26,Arizona,8,2,1,2,0.5,1.0,0.0,33.15,0.5,5.5,33.15,2615.5,0.25,20-29,66.3,Not assigned
510585,F,False,True,canada,montreal,YUL,16,Quebec,8,1,1,1,0.0,2.0,1.0,567.43,0.0,13.0,1134.86,3107.0,0.125,10-19,2269.72,Long Stayers
510586,F,False,False,usa,new york,LGA,31,New York,8,5,5,5,0.0,1.2,0.4,314.254,0.2,3.8,2187.74,1763.0,0.625,30-39,4375.48,Not assigned
510618,F,True,True,usa,san diego,SAN,46,California,8,3,2,3,0.6666666666666666,1.0,0.0,274.89,0.3333333333333333,3.0,549.78,1599.2,0.375,40-49,1099.56,Not assigned
510694,M,False,False,usa,anchorage,ANC,45,Alaska,9,3,3,3,0.3333333333333333,1.0,0.6666666666666666,636.2366666666667,0.3333333333333333,2.333333333333333,1908.71,749.5999999999999,0.3333333333333333,40-49,3817.42,Not assigned
510700,M,False,False,usa,newark,EWR,50,New Jersey,9,3,2,3,0.6666666666666666,1.0,0.5,91.215,0.6666666666666666,4.0,169.0,6215.0,0.3333333333333333,50-59,338.0,Not assigned
510719,F,True,True,canada,montreal,YMX,35,Quebec,9,1,0,1,0.0,,,,1.0,20.0,,1940.0,0.1111111111111111,30-39,,Long Stayers
510733,F,True,True,canada,toronto,YKZ,45,Ontario,8,2,2,1,0.5,1.0,1.0,373.38,0.0,2.0,746.76,183.6,0.25,40-49,1493.52,Not assigned
510754,F,False,False,usa,charlotte,CLT,43,North Carolina,8,5,4,5,0.4,1.0,0.25,321.0775,0.2,2.2,1065.45,1426.0,0.625,40-49,2130.9,Not assigned
510805,F,False,False,usa,dallas,DAL,72,Texas,8,2,1,2,0.0,1.0,2.0,388.86,0.0,5.0,388.86,938.0,0.25,70-79,777.72,Retired
510815,F,True,True,usa,san antonio,SKF,55,Texas,9,4,4,4,0.25,1.0,0.25,356.8875,0.25,5.0,1399.714,4163.0,0.4444444444444444,50-59,2799.428,Not assigned
510822,F,False,False,usa,new york,JFK,44,New York,9,4,3,3,1.0,1.0,0.3333333333333333,522.74,0.0,6.0,1397.475,4191.05,0.4444444444444444,40-49,2794.95,Discount buyer
510944,M,True,True,usa,chicago,UGN,55,Illinois,8,6,6,3,0.3333333333333333,1.3333333333333333,0.5,217.30277777777775,0.0,1.0,1652.9050000000002,712.6,0.75,50-59,3305.8100000000004,Not assigned
510953,F,False,False,usa,seattle,SEA,43,Washington,8,2,2,1,0.5,1.5,0.0,429.6525,0.0,1.0,1341.9,330.0,0.25,40-49,2683.8,Not assigned
510961,F,True,False,usa,st. petersburg,SPG,45,Florida,8,4,3,4,0.5,1.0,0.6666666666666666,404.5966666666666,0.25,3.25,1142.6385,1862.0,0.5,40-49,2285.277,Not assigned
511017,M,True,False,usa,chicago,UGN,59,Illinois,8,1,1,1,0.0,1.0,1.0,511.25,0.0,1.0,511.25,177.0,0.125,50-59,1022.5,Indecisive
511066,F,False,False,usa,indianapolis,IND,34,Gujarat,8,3,3,3,0.3333333333333333,1.3333333333333333,0.0,258.72333333333336,0.6666666666666666,2.0,982.747,1047.0,0.375,30-39,1965.494,Not assigned
511125,F,True,True,canada,quebec,YQB,48,Quebec,8,3,3,3,1.0,1.0,1.0,360.1666666666667,0.3333333333333333,2.333333333333333,1045.1195,487.1,0.375,40-49,2090.239,Discount buyer
511145,F,False,True,usa,wichita,IAB,30,Kansas,8,3,1,3,0.6666666666666666,1.0,1.0,43.19,0.3333333333333333,6.333333333333333,25.914,4699.700000000001,0.375,30-39,51.828,Not assigned
511148,F,True,True,usa,new york,LGA,44,New York,8,3,2,3,0.6666666666666666,1.0,0.0,650.425,0.3333333333333333,4.666666666666667,1300.85,1627.0,0.375,40-49,2601.7,Not assigned
511160,M,True,False,usa,austin,AUS,42,Texas,8,3,3,2,0.0,1.0,0.0,395.7766666666666,0.5,3.0,1187.33,606.0,0.375,40-49,2374.66,Not assigned
511178,F,False,False,usa,new york,LGA,37,New York,8,4,3,4,0.5,1.0,0.6666666666666666,405.6433333333334,0.25,2.25,1196.356,922.0,0.5,30-39,2392.712,Not assigned
511208,F,False,False,usa,salt lake city,SLC,32,Utah,8,3,3,3,0.3333333333333333,1.3333333333333333,1.3333333333333333,292.885,0.6666666666666666,6.333333333333333,1091.315,6786.0,0.375,30-39,2182.63,Not assigned
511223,F,True,True,canada,ottawa,YOW,44,Ontario,10,3,3,2,0.3333333333333333,1.0,1.3333333333333333,304.90000000000003,0.0,3.0,914.7,474.8,0.3,40-49,1829.4,Not assigned
511238,F,False,False,usa,colorado springs,COS,68,Colorado,8,0,0,0,,,,,,,,,0.0,60-69,,Indecisive
511260,F,False,True,usa,san jose,SJC,35,California,8,2,1,2,0.0,1.0,1.0,720.0,0.5,5.5,720.0,2450.0,0.25,30-39,1440.0,Not assigned
511314,F,False,False,usa,los angeles,LAX,22,California,9,3,2,3,0.0,1.5,0.5,676.55,0.3333333333333333,5.333333333333333,1914.9,2868.0,0.3333333333333333,20-29,3829.8,Not assigned
511326,F,True,False,usa,seattle,BFI,41,Washington,8,3,3,3,0.3333333333333333,1.0,0.6666666666666666,466.1433333333334,0.6666666666666666,3.0,1229.884,1101.0,0.375,40-49,2459.768,Not assigned
511328,M,True,True,usa,phoenix,LUF,33,Arizona,8,2,1,2,0.5,1.0,0.0,407.38,0.5,6.5,407.38,1199.2,0.25,30-39,814.76,Not assigned
511364,F,False,True,usa,new york,JFK,37,New York,8,3,3,3,0.0,1.0,0.6666666666666666,483.63000000000005,0.0,1.6666666666666667,1450.89,1039.0,0.375,30-39,2901.78,Not assigned
511379,F,False,False,canada,montreal,YUL,47,Quebec,9,3,3,3,0.3333333333333333,1.0,1.0,228.14666666666668,0.6666666666666666,2.333333333333333,680.168,643.0,0.3333333333333333,40-49,1360.336,Not assigned
511398,M,True,False,usa,los angeles,LAX,39,California,8,5,5,5,0.4,1.0,0.6,391.89,0.2,4.2,1959.45,3354.0,0.625,30-39,3918.9,Not assigned
511424,F,False,False,usa,nashville,BNA,43,Tennessee,8,2,1,2,0.5,1.0,0.0,375.26,0.5,8.0,375.26,2887.0,0.25,40-49,750.52,Long Stayers
511440,F,False,False,usa,st. louis,STL,41,Missouri,8,2,2,2,0.0,1.0,0.5,310.165,0.0,3.5,620.3299999999999,1057.0,0.25,40-49,1240.6599999999999,Not assigned
511455,F,False,False,canada,montreal,YMX,36,Quebec,8,3,3,1,0.3333333333333333,1.0,0.6666666666666666,515.46,0.0,2.0,1546.38,322.0,0.375,30-39,3092.76,Not assigned
511542,F,False,False,usa,los angeles,LAX,53,California,8,3,3,3,0.3333333333333333,1.6666666666666667,0.6666666666666666,686.1222222222223,0.3333333333333333,1.6666666666666667,2952.3920000000003,1150.0,0.375,50-59,5904.784000000001,High Spenders
511554,F,False,False,usa,corpus christi,CRP,43,Texas,9,2,2,2,0.0,1.0,0.5,438.055,0.5,3.5,876.11,853.0,0.2222222222222222,40-49,1752.22,Not assigned
511567,F,False,False,canada,toronto,YZD,36,,8,5,5,4,0.4,1.0,0.6,212.974,0.25,5.25,1030.4644999999998,1156.0,0.625,30-39,2060.9289999999996,Not assigned
511570,F,True,True,canada,ottawa,YOW,51,Ontario,8,3,2,3,0.0,1.0,0.0,653.035,0.3333333333333333,5.333333333333333,1306.07,6145.0,0.375,50-59,2612.14,Not assigned
511578,F,True,True,usa,wichita,ICT,51,Kansas,8,5,5,5,0.4,1.4,1.2,241.57066666666668,0.0,3.8,1716.6105,4355.0,0.625,50-59,3433.221,Not assigned
511589,F,False,False,canada,calgary,YYC,41,Alberta,8,1,0,1,1.0,,,,0.0,2.0,,307.8,0.125,40-49,,Indecisive
511608,M,False,False,usa,brownsville,BRO,20,Texas,8,1,0,1,0.0,,,,0.0,6.0,,1254.0,0.125,20-29,,Indecisive
511609,M,True,False,usa,honolulu,HNL,39,Hawaii,8,2,1,2,1.0,1.0,1.0,1113.68,0.0,5.0,946.628,2427.5,0.25,30-39,1893.256,Discount buyer
511666,F,True,False,usa,milwaukee,MKE,50,Wisconsin,8,3,2,3,0.3333333333333333,1.0,1.0,199.975,0.3333333333333333,5.666666666666667,399.95,2817.4,0.375,50-59,799.9,Not assigned
511677,F,False,False,usa,memphis,MEM,52,Tennessee,8,3,3,3,0.3333333333333333,1.6666666666666667,0.6666666666666666,323.44444444444446,0.3333333333333333,2.333333333333333,1463.6799999999998,2729.5,0.375,50-59,2927.3599999999997,Not assigned
511697,F,False,False,usa,detroit,DTW,39,Michigan,8,4,4,3,0.25,1.0,0.5,190.1425,0.0,2.333333333333333,760.5699999999999,1775.9,0.5,30-39,1521.1399999999999,Not assigned
511726,F,False,True,usa,newport news,PHF,57,Virginia,8,2,2,2,0.0,1.0,0.0,87.99000000000001,0.0,2.0,175.98000000000002,1288.0,0.25,50-59,351.96000000000004,Not assigned
511739,F,False,False,canada,quebec,YQB,55,Quebec,9,3,3,3,0.0,1.6666666666666667,1.0,541.2933333333334,0.3333333333333333,2.333333333333333,1701.52,5460.0,0.3333333333333333,50-59,3403.04,Not assigned
511757,F,True,True,usa,san francisco,SFO,63,California,8,0,0,0,,,,,,,,,0.0,60-69,,Indecisive
511762,F,True,False,usa,phoenix,LUF,43,Arizona,8,3,2,3,0.0,1.5,0.5,613.73,0.3333333333333333,4.333333333333333,1817.22,4294.0,0.375,40-49,3634.44,Not assigned
511778,F,False,False,usa,long beach,LGB,37,California,8,3,3,3,0.3333333333333333,1.0,1.3333333333333333,409.07,0.0,3.6666666666666665,1227.21,2766.5,0.375,30-39,2454.42,Not assigned
511821,M,False,False,canada,saskatoon,YXE,70,Saskatchewan,8,0,0,0,,,,,,,,,0.0,70-79,,Indecisive
511827,M,True,False,usa,columbus,LCK,75,Ohio,8,1,0,1,0.0,,,,1.0,8.0,,2360.0,0.125,70-79,,Long Stayers
511851,F,False,False,canada,winnipeg,YAV,40,,9,2,2,2,0.0,1.0,0.0,167.695,0.5,3.5,335.39,1391.0,0.2222222222222222,40-49,670.78,Not assigned
511859,F,True,False,canada,toronto,YYZ,37,Ontario,8,3,2,3,0.3333333333333333,1.0,1.0,227.975,0.6666666666666666,10.0,455.95,6829.4,0.375,30-39,911.9,Long Stayers
511862,F,False,False,canada,montreal,YUL,40,Quebec,8,4,4,4,0.25,1.25,0.75,337.0525,0.5,2.25,1569.61,997.25,0.5,40-49,3139.22,Not assigned
511916,F,True,True,canada,saskatoon,YXE,41,Saskatchewan,8,2,2,1,0.5,1.0,1.0,387.98,0.0,1.0,694.196,212.0,0.25,40-49,1388.392,Not assigned
511923,M,False,False,usa,nashville,BNA,45,Tennessee,8,2,2,2,0.5,1.0,0.5,389.855,0.0,1.5,752.683,838.0,0.25,40-49,1505.366,Not assigned
511943,F,True,True,usa,columbus,LCK,31,Ohio,8,3,2,3,0.3333333333333333,1.0,0.0,111.555,0.0,3.6666666666666665,223.11,4822.8,0.375,30-39,446.22,Not assigned
511989,F,False,False,usa,miami,TNT,18,Florida,8,0,0,0,,,,,,,,,0.0,10-19,,Indecisive
511996,F,False,True,usa,birmingham,BHM,44,Alabama,8,3,2,3,0.6666666666666666,1.0,1.0,220.42,0.0,1.3333333333333333,440.84,451.8,0.375,40-49,881.68,Not assigned
512010,F,True,True,usa,los angeles,LAX,58,California,8,3,2,3,0.3333333333333333,1.5,0.5,235.2475,0.3333333333333333,5.333333333333333,832.51,1785.6,0.375,50-59,1665.02,Not assigned
512016,F,False,True,usa,santa ana,SNA,44,California,9,2,1,1,0.5,1.0,0.0,322.26,1.0,8.0,322.26,3952.0,0.2222222222222222,40-49,644.52,Long Stayers
512024,F,True,False,usa,new york,JFK,32,New York,8,2,1,2,0.0,3.0,0.0,679.4733333333334,0.0,5.5,2038.42,2421.0,0.25,30-39,4076.84,Not assigned
512060,F,True,False,usa,sacramento,SMF,53,California,9,3,2,3,0.3333333333333333,1.0,1.0,436.085,0.0,3.333333333333333,865.0595000000001,1701.0,0.3333333333333333,50-59,1730.1190000000001,Not assigned
512069,F,False,True,usa,philadelphia,PHL,40,Pennsylvania,8,5,5,5,0.4,1.4,0.4,372.586,0.2,3.4,2564.33,3912.2,0.625,40-49,5128.66,High Spenders
512099,F,False,False,usa,fresno,FAT,34,California,9,4,4,3,0.5,1.0,1.25,512.8,0.3333333333333333,4.0,1938.922,1135.9,0.4444444444444444,30-39,3877.844,Not assigned
512103,F,True,True,usa,st. louis,STL,40,Missouri,8,2,2,2,0.0,1.0,0.5,119.815,1.0,1.5,239.63,502.0,0.25,40-49,479.26,Not assigned
512144,F,False,False,usa,riverside,RAL,17,California,9,0,0,0,,,,,,,,,0.0,10-19,,Indecisive
512163,F,True,False,usa,sacramento,SMF,47,California,8,2,1,2,1.0,1.0,1.0,481.68,0.5,6.0,457.596,1572.0,0.25,40-49,915.192,Discount buyer
512190,F,True,False,usa,sacramento,SMF,63,California,8,1,0,1,0.0,,,,1.0,22.0,,3696.0,0.125,60-69,,Long Stayers
512193,F,False,True,usa,tulsa,TUL,36,Oklahoma,8,1,1,1,0.0,1.0,0.0,354.05,0.0,8.0,354.05,336.0,0.125,30-39,708.1,Long Stayers
512197,F,False,False,usa,new york,JFK,32,New York,9,4,3,4,0.0,1.0,0.3333333333333333,431.0833333333333,0.25,6.75,1293.25,2652.0,0.4444444444444444,30-39,2586.5,Not assigned
512249,F,False,False,usa,columbus,LCK,19,Ohio,8,0,0,0,,,,,,,,,0.0,10-19,,Indecisive
512266,F,False,False,usa,philadelphia,PNE,47,Pennsylvania,8,3,3,3,0.0,1.0,0.6666666666666666,214.47333333333336,0.0,2.333333333333333,643.4200000000001,1687.0,0.375,40-49,1286.8400000000001,Not assigned
512271,F,False,False,usa,sacramento,SAC,35,California,9,6,5,3,0.1666666666666666,1.6,0.6,421.92,0.3333333333333333,7.333333333333333,3297.617,3004.0,0.6666666666666666,30-39,6595.234,Long Stayers
512283,F,False,False,canada,montreal,YMX,45,Quebec,9,5,5,5,0.2,1.0,0.4,222.294,0.2,1.4,1089.493,1069.0,0.5555555555555556,40-49,2178.986,Not assigned
512302,F,True,True,usa,atlanta,ATL,46,Georgia,8,4,3,2,0.25,1.0,0.3333333333333333,177.85666666666663,0.5,2.0,533.5699999999999,556.8,0.5,40-49,1067.1399999999999,Not assigned
512303,F,False,True,usa,denver,DEN,49,Colorado,8,4,3,3,0.75,2.0,0.6666666666666666,305.6405555555556,0.0,4.333333333333333,1586.63,1937.65,0.5,40-49,3173.26,Family travelers
512322,M,False,False,usa,columbus,LCK,43,Ohio,8,5,4,4,0.4,1.5,0.0,359.01166666666666,0.25,2.25,2334.9345000000003,1590.0,0.625,40-49,4669.869000000001,High Spenders
512329,F,True,False,canada,hamilton,YHM,36,Ontario,8,6,6,6,0.5,1.0,0.0,167.775,0.3333333333333333,2.1666666666666665,898.3729999999999,1726.2,0.75,30-39,1796.7459999999999,Not assigned
512377,F,False,True,usa,new york,LGA,39,New York,9,1,1,1,0.0,1.0,1.0,202.92,1.0,6.0,202.92,786.0,0.1111111111111111,30-39,405.84,Indecisive
512392,F,False,False,usa,lubbock,LBB,42,Texas,9,3,3,3,0.3333333333333333,1.0,0.6666666666666666,323.38333333333327,0.3333333333333333,4.333333333333333,863.7379999999999,1098.0,0.3333333333333333,40-49,1727.4759999999999,Not assigned
512416,F,False,False,usa,jacksonville,NZC,29,Ica,8,1,0,1,0.0,,,,1.0,8.0,,2480.0,0.125,20-29,,Long Stayers
512418,F,False,True,usa,seattle,SEA,49,Washington,8,2,2,2,0.0,3.0,0.0,272.16,0.5,5.0,1632.96,5970.0,0.25,40-49,3265.92,Family travelers
512443,F,True,True,usa,new york,JFK,38,New York,8,2,2,2,0.5,1.0,0.5,170.47,0.0,1.5,340.94,652.8000000000001,0.25,30-39,681.88,Not assigned
512552,F,True,False,canada,toronto,YKZ,47,Ontario,8,2,2,2,0.5,1.0,0.5,416.36,0.5,2.0,730.0584999999999,322.0,0.25,40-49,1460.1169999999997,Not assigned
512556,F,True,False,usa,el paso,BIF,50,Texas,9,5,4,5,0.0,1.5,0.75,393.9641666666666,0.6,3.4,2303.55,8859.0,0.5555555555555556,50-59,4607.1,High Spenders
512558,M,True,False,usa,houston,IAH,55,Texas,8,3,3,3,0.0,2.0,0.6666666666666666,283.78833333333336,0.3333333333333333,1.3333333333333333,1583.34,1641.0,0.375,50-59,3166.68,Not assigned
512589,M,False,False,usa,lincoln,LNK,42,Nebraska,8,4,4,4,0.0,1.0,0.0,183.1675,0.75,1.75,732.67,801.0,0.5,40-49,1465.34,Not assigned
512596,F,True,False,usa,laredo,LRD,54,Texas,8,5,4,4,0.0,1.0,0.25,367.51,0.5,3.0,1470.04,2399.0,0.625,50-59,2940.08,Not assigned
512598,M,False,False,usa,chicago,UGN,37,Illinois,8,5,5,4,0.0,1.2,0.6,229.322,0.5,3.0,1354.77,2066.0,0.625,30-39,2709.54,Not assigned
512610,F,False,False,usa,las vegas,LAS,39,Nevada,9,6,6,3,0.1666666666666666,1.1666666666666667,0.5,355.2333333333333,0.3333333333333333,1.6666666666666667,2512.075,1203.0,0.6666666666666666,30-39,5024.15,High Spenders
512623,F,False,False,usa,columbus,CMH,24,Ohio,8,0,0,0,,,,,,,,,0.0,20-29,,Indecisive
512631,F,False,False,canada,montreal,YUL,54,Quebec,8,3,3,3,1.0,1.6666666666666667,0.6666666666666666,220.8944444444444,0.0,1.3333333333333333,1184.63,500.2,0.375,50-59,2369.26,Discount buyer
512671,F,True,False,usa,st. petersburg,PIE,55,Florida,8,5,5,5,0.0,1.0,0.2,296.302,0.2,2.6,1481.51,1997.0,0.625,50-59,2963.02,Not assigned
512677,F,True,False,usa,atlanta,ATL,24,Georgia,8,1,1,0,0.0,1.0,0.0,209.71,,,209.71,,0.125,20-29,419.42,Indecisive
512693,F,False,False,usa,little rock,LIT,37,Arkansas,8,4,4,4,0.0,1.25,0.25,165.57999999999998,0.25,3.5,730.22,1724.0,0.5,30-39,1460.44,Not assigned
512695,F,True,False,usa,omaha,OMA,46,Iowa,8,5,5,3,0.2,1.0,0.4,257.77200000000005,0.6666666666666666,2.0,1257.543,726.0,0.625,40-49,2515.086,Not assigned
512706,F,True,True,usa,las vegas,LSV,53,Nevada,11,4,3,4,0.5,1.6666666666666667,0.6666666666666666,329.9866666666667,0.25,4.0,1722.592,5463.8,0.36363636363636365,50-59,3445.184,Family travelers
512786,M,False,False,usa,new york,LGA,39,New York,8,4,4,4,0.0,1.0,0.5,362.925,0.25,6.0,1451.7,3221.0,0.5,30-39,2903.4,Not assigned
512787,F,False,False,usa,new york,LGA,51,New York,8,4,4,4,0.5,1.5,0.25,400.5833333333333,0.0,2.25,1739.8525,942.0,0.5,50-59,3479.705,Not assigned
512801,F,False,False,usa,los angeles,LAX,53,California,8,7,7,6,0.0,1.0,0.4285714285714285,536.6357142857142,0.1666666666666666,2.6666666666666665,3756.45,1659.0,0.875,50-59,7512.9,High Spenders
512831,F,False,False,usa,san antonio,SKF,43,Texas,8,4,3,2,0.25,2.0,1.0,305.31166666666667,0.5,2.0,2280.32,1107.0,0.5,40-49,4560.64,High Spenders
512835,F,True,False,usa,los angeles,LAX,40,California,8,5,5,5,0.4,1.8,0.2,506.795,0.4,3.2,3320.1420000000003,7283.6,0.625,40-49,6640.284000000001,High Spenders
512880,F,False,False,usa,minneapolis,MSP,46,Minnesota,8,2,2,1,0.5,1.0,0.5,189.205,1.0,3.0,378.41,405.0,0.25,40-49,756.82,Not assigned
512900,F,False,False,usa,miami,OPF,31,Florida,9,4,1,4,0.5,1.0,0.0,418.13,0.0,6.75,355.4105,4673.1,0.4444444444444444,30-39,710.821,Not assigned
512904,F,True,False,usa,phoenix,PHX,63,Arizona,8,5,4,5,0.2,1.0,1.25,407.7,0.4,8.0,1630.8,7205.0,0.625,60-69,3261.6,Long Stayers
512928,F,False,False,usa,los angeles,LAX,17,California,8,0,0,0,,,,,,,,,0.0,10-19,,Indecisive
512974,F,False,False,canada,toronto,YKZ,16,Ontario,9,3,1,2,0.6666666666666666,1.0,0.0,881.34,0.5,6.0,881.34,1529.8,0.3333333333333333,10-19,1762.68,Youngs
512976,F,False,False,usa,los angeles,LAX,35,California,8,5,4,5,0.0,2.0,0.5,516.8820833333333,0.4,4.6,3852.71,7782.0,0.625,30-39,7705.42,High Spenders
512984,F,False,False,usa,spokane,GEG,57,Washington,8,3,2,3,0.0,1.0,0.5,506.475,0.3333333333333333,2.0,1012.95,1286.0,0.375,50-59,2025.9,Not assigned
513004,F,False,False,usa,providence,PVD,40,Rhode Island,8,4,4,3,0.0,1.0,0.5,393.4625,0.6666666666666666,5.0,1573.85,2109.0,0.5,40-49,3147.7,Not assigned
513005,F,False,False,usa,milwaukee,MKE,27,Wisconsin,8,1,1,1,1.0,1.0,1.0,22.59,1.0,1.0,15.813,175.5,0.125,20-29,31.626,Indecisive
513090,M,False,True,usa,los angeles,LAX,21,California,9,2,2,1,1.0,1.5,1.5,429.295,1.0,1.0,1074.7215,65.0,0.2222222222222222,20-29,2149.443,Discount buyer
513091,F,True,False,usa,san diego,SAN,70,California,9,0,0,0,,,,,,,,,0.0,70-79,,Indecisive
513093,F,False,False,usa,charlotte,CLT,55,North Carolina,8,4,2,4,0.25,1.0,0.0,347.91,0.0,4.25,695.82,11678.5,0.5,50-59,1391.64,Not assigned
513096,F,True,True,usa,dallas,DAL,29,Texas,8,2,2,1,0.0,1.5,1.5,371.2825,0.0,2.0,1047.79,368.0,0.25,20-29,2095.58,Not assigned
513126,F,False,False,usa,san diego,SAN,35,California,8,5,5,5,0.4,1.0,0.4,327.188,0.4,4.0,1514.4119999999998,2140.0,0.625,30-39,3028.8239999999996,Not assigned
513206,M,False,False,usa,orlando,MCO,47,Florida,8,0,0,0,,,,,,,,,0.0,40-49,,Indecisive
513216,F,True,False,usa,new york,JFK,37,New York,9,4,4,3,0.5,1.0,0.5,279.975,0.3333333333333333,4.333333333333333,1096.246,1567.0,0.4444444444444444,30-39,2192.492,Not assigned
513227,F,True,False,usa,new york,LGA,63,New York,10,2,2,2,0.0,1.0,0.0,511.9500000000001,0.5,3.0,1023.9,995.0,0.2,60-69,2047.8,Retired
513233,F,True,True,usa,riverside,RIV,38,California,9,3,2,3,0.3333333333333333,1.0,1.0,367.405,0.0,2.333333333333333,734.81,2640.7,0.3333333333333333,30-39,1469.62,Not assigned
513236,F,True,True,usa,philadelphia,PNE,43,Pennsylvania,8,8,6,8,0.125,1.6666666666666667,0.1666666666666666,291.2133333333333,0.125,4.0,3306.79,8543.0,1.0,40-49,6613.58,High Spenders
513242,F,False,False,usa,detroit,DTW,29,Michigan,10,2,2,2,1.0,1.0,0.0,508.42,0.0,3.0,874.692,1068.0,0.2,20-29,1749.384,Discount buyer
513259,F,True,False,usa,seattle,SEA,53,Washington,8,3,3,2,0.0,1.0,0.3333333333333333,424.3833333333334,0.0,4.5,1273.15,3582.0,0.375,50-59,2546.3,Not assigned
513296,F,False,False,usa,columbus,CMH,37,Ohio,8,3,3,3,0.0,1.3333333333333333,0.0,246.07666666666668,0.6666666666666666,2.6666666666666665,1027.75,2537.0,0.375,30-39,2055.5,Not assigned
513317,F,True,False,usa,dallas,DAL,54,Texas,8,1,1,0,1.0,1.0,0.0,73.87,,,70.1765,,0.125,50-59,140.353,Indecisive
513338,F,True,False,usa,oklahoma city,OKC,54,Oklahoma,8,3,3,3,0.0,1.0,0.0,336.9766666666667,0.6666666666666666,2.0,1010.93,713.0,0.375,50-59,2021.86,Not assigned
513339,F,False,False,usa,new york,LGA,28,New York,8,2,2,2,0.0,2.5,0.5,164.00125,1.0,3.0,606.86,1245.0,0.25,20-29,1213.72,Not assigned
513345,F,True,True,usa,lubbock,LBB,22,Texas,9,2,0,2,0.5,,,,0.5,8.0,,1385.2,0.2222222222222222,20-29,,Long Stayers
513366,F,False,False,canada,montreal,YUL,43,Quebec,8,3,3,3,0.3333333333333333,1.0,0.3333333333333333,269.62333333333333,0.3333333333333333,3.6666666666666665,808.87,2600.1,0.375,40-49,1617.74,Not assigned
513402,F,True,True,usa,tacoma,TCM,45,Washington,8,1,1,1,0.0,1.0,1.0,584.21,0.0,1.0,584.21,520.0,0.125,40-49,1168.42,Indecisive
513422,F,True,False,usa,new orleans,MSY,41,Louisiana,8,2,2,2,0.0,1.0,0.5,286.71500000000003,0.5,1.5,573.4300000000001,462.0,0.25,40-49,1146.8600000000001,Not assigned
513470,F,True,True,usa,san diego,SAN,47,California,8,0,0,0,,,,,,,,,0.0,40-49,,Indecisive
513509,F,False,False,usa,new york,LGA,35,New York,8,2,2,0,0.0,1.0,0.5,299.385,,,598.77,,0.25,30-39,1197.54,Only Flight
513543,F,False,True,usa,new york,LGA,32,New York,8,1,0,1,0.0,,,,0.0,5.0,,300.0,0.125,30-39,,Indecisive
513555,F,False,False,usa,seattle,BFI,45,Washington,9,5,4,4,0.0,1.0,0.5,570.6700000000001,0.25,2.75,2282.6800000000003,2536.0,0.5555555555555556,40-49,4565.360000000001,High Spenders
513568,F,False,False,canada,halifax,YAW,60,,8,2,1,2,0.0,2.0,0.0,592.985,0.5,5.0,1185.97,1796.0,0.25,60-69,2371.94,Not assigned
513620,F,False,False,canada,toronto,YZD,17,,9,3,2,3,0.3333333333333333,1.0,0.5,101.71,0.0,3.0,203.42,2344.0,0.3333333333333333,10-19,406.84,Youngs
513628,F,True,False,usa,fresno,FAT,39,California,8,3,3,3,0.0,1.0,1.0,424.9933333333333,0.3333333333333333,2.0,1274.98,1376.0,0.375,30-39,2549.96,Not assigned
513638,F,True,True,canada,toronto,YKZ,55,Ontario,8,4,4,4,0.0,1.5,0.5,408.24,0.0,5.0,2862.1,4227.0,0.5,50-59,5724.2,High Spenders
513661,F,False,False,canada,winnipeg,YWG,25,Manitoba,8,1,0,1,0.0,,,,0.0,10.0,,4720.0,0.125,20-29,,Long Stayers
513683,M,True,False,usa,fort worth,FTW,53,Texas,8,4,3,4,0.5,1.0,1.3333333333333333,276.79,0.5,4.25,783.8720000000001,1291.0,0.5,50-59,1567.7440000000001,Not assigned
513714,F,False,False,usa,phoenix,LUF,22,Arizona,8,1,1,0,0.0,1.0,0.0,248.43,,,248.43,,0.125,20-29,496.86,Indecisive
513721,F,False,False,usa,nashville,BNA,40,Tennessee,9,5,4,5,0.0,1.0,0.75,363.645,0.0,3.0,1454.58,2445.0,0.5555555555555556,40-49,2909.16,Not assigned
513776,F,False,False,usa,chicago,UGN,66,Illinois,9,2,1,2,0.5,1.0,0.0,235.62,0.0,3.5,235.62,880.4,0.2222222222222222,60-69,471.24,Retired
513800,M,True,True,usa,indianapolis,IND,52,Gujarat,8,0,0,0,,,,,,,,,0.0,50-59,,Indecisive
513807,F,True,True,usa,chicago,UGN,44,Illinois,8,2,2,2,0.0,1.5,1.5,278.91,0.5,1.5,1024.84,716.0,0.25,40-49,2049.68,Not assigned
513823,F,True,False,usa,new york,LGA,45,New York,8,0,0,0,,,,,,,,,0.0,40-49,,Indecisive
513853,F,False,True,usa,san francisco,SFO,48,California,9,3,3,3,0.0,1.0,0.0,417.0133333333333,0.0,2.0,1251.04,1350.0,0.3333333333333333,40-49,2502.08,Not assigned
513860,F,True,False,canada,montreal,YUL,64,Quebec,8,3,2,3,0.0,1.5,0.5,365.4,0.3333333333333333,4.0,1379.18,2729.0,0.375,60-69,2758.36,Retired
513869,F,False,True,usa,newark,EWR,40,New Jersey,8,1,0,1,1.0,,,,0.0,7.0,,665.0,0.125,40-49,,Indecisive
513917,F,True,True,usa,philadelphia,PHL,55,Pennsylvania,8,3,3,3,0.3333333333333333,1.0,0.6666666666666666,592.3733333333333,0.6666666666666666,4.0,1777.12,2345.2,0.375,50-59,3554.24,Not assigned
513926,M,False,False,usa,new york,JFK,37,New York,8,4,4,3,0.5,1.5,0.5,372.1475,1.0,1.6666666666666667,1704.8765,2013.8,0.5,30-39,3409.753,Not assigned
513933,M,False,False,canada,toronto,YKZ,38,Ontario,8,3,3,3,0.0,1.0,0.6666666666666666,289.4533333333333,0.6666666666666666,2.333333333333333,868.36,846.0,0.375,30-39,1736.72,Not assigned
513956,F,False,False,canada,vancouver,YVR,27,British Columbia,8,4,4,2,0.5,1.0,0.5,542.8425,0.0,1.0,2047.266,172.0,0.5,20-29,4094.532,Not assigned
513967,F,False,False,usa,phoenix,PHX,37,Arizona,9,6,6,6,0.1666666666666666,1.0,0.6666666666666666,672.9983333333333,0.1666666666666666,4.5,3986.093,5255.0,0.6666666666666666,30-39,7972.186,High Spenders
513995,F,True,True,usa,dallas,DAL,37,Texas,8,4,2,4,0.25,1.0,0.5,43.79,0.0,4.75,87.58,7434.0,0.5,30-39,175.16,Not assigned
514003,F,True,False,usa,chicago,MDW,37,Illinois,8,3,3,3,0.0,1.0,1.3333333333333333,254.7433333333333,0.0,2.333333333333333,764.23,2916.0,0.375,30-39,1528.46,Not assigned
514071,F,False,False,usa,new york,LGA,38,New York,8,3,3,3,0.3333333333333333,1.0,0.6666666666666666,407.11,0.6666666666666666,1.0,1183.1835,936.0,0.375,30-39,2366.367,Not assigned
514076,F,True,True,usa,new york,JFK,57,New York,9,2,1,2,0.0,1.0,1.0,98.83,0.5,10.5,98.83,5382.0,0.2222222222222222,50-59,197.66,Long Stayers
514113,F,False,True,usa,jacksonville,LRF,17,Arkansas,8,2,1,2,0.0,1.0,0.0,309.1,0.0,3.0,309.1,574.0,0.25,10-19,618.2,Youngs
514206,F,True,False,usa,austin,AUS,35,Texas,8,3,3,2,0.6666666666666666,1.6666666666666667,1.6666666666666667,311.04111111111115,0.5,3.0,973.054,2484.0,0.375,30-39,1946.108,Not assigned
514208,F,False,True,usa,portland,PWM,37,Maine,8,1,1,1,0.0,1.0,0.0,186.61,1.0,3.0,186.61,303.0,0.125,30-39,373.22,Indecisive
514215,F,False,False,usa,minneapolis,MSP,53,Minnesota,8,3,3,3,0.6666666666666666,1.0,0.0,317.15333333333336,0.0,4.333333333333333,951.46,1990.5,0.375,50-59,1902.92,Not assigned
514275,F,False,False,canada,montreal,YMX,30,Quebec,8,3,2,3,0.0,1.5,0.5,272.615,0.3333333333333333,5.0,1045.53,2494.0,0.375,30-39,2091.06,Not assigned
514324,F,True,False,usa,los angeles,LAX,53,California,9,3,3,3,0.3333333333333333,1.0,0.6666666666666666,207.66,0.3333333333333333,2.333333333333333,618.7065,1279.0,0.3333333333333333,50-59,1237.413,Not assigned
514344,F,False,False,usa,jacksonville,NZC,65,Ica,9,6,6,5,0.5,1.0,0.6666666666666666,304.83666666666664,0.4,2.6,1669.2785,3195.0,0.6666666666666666,60-69,3338.557,Retired
514395,F,False,False,usa,los angeles,LAX,38,California,8,3,3,3,0.3333333333333333,1.0,0.3333333333333333,315.42333333333335,0.3333333333333333,8.0,946.27,1767.6,0.375,30-39,1892.54,Long Stayers
514461,F,True,True,usa,philadelphia,PHL,35,Pennsylvania,8,3,1,3,0.0,1.0,1.0,90.64,0.3333333333333333,10.666666666666666,90.64,8434.0,0.375,30-39,181.28,Long Stayers
514501,F,True,True,usa,kansas city,MCI,49,Missouri,8,1,0,1,1.0,,,,1.0,10.0,,703.0,0.125,40-49,,Long Stayers
514526,F,True,True,usa,jacksonville,NIP,49,Florida,8,5,5,5,0.6,1.2,0.4,301.721,0.2,1.4,1532.538,2660.4,0.625,40-49,3065.076,Not assigned
514551,F,False,False,usa,new york,LGA,22,New York,10,1,0,1,1.0,,,,1.0,13.0,,3856.45,0.1,20-29,,Long Stayers
514617,F,False,True,usa,san diego,SAN,39,California,8,4,3,3,0.25,1.3333333333333333,0.3333333333333333,323.945,0.0,3.0,1291.078,2904.0,0.5,30-39,2582.156,Not assigned
514627,F,False,False,canada,hamilton,YHM,45,Ontario,8,3,3,2,0.0,1.3333333333333333,0.6666666666666666,282.9116666666667,0.0,2.0,966.85,2118.0,0.375,40-49,1933.7,Not assigned
514639,F,True,False,usa,houston,IAH,68,Texas,8,0,0,0,,,,,,,,,0.0,60-69,,Indecisive
514642,F,True,False,usa,los angeles,LAX,67,California,8,0,0,0,,,,,,,,,0.0,60-69,,Indecisive
514682,F,False,False,usa,chicago,ORD,43,Illinois,9,4,3,4,0.5,1.0,0.6666666666666666,286.9433333333333,0.25,3.0,844.5474999999999,1395.5,0.4444444444444444,40-49,1689.0949999999998,Not assigned
514684,F,False,False,usa,minneapolis,MSP,24,Minnesota,8,0,0,0,,,,,,,,,0.0,20-29,,Indecisive
514689,M,True,True,usa,akron,AKR,43,Ondo,8,2,2,2,0.5,1.0,0.5,116.725,0.0,1.0,233.45,140.10000000000002,0.25,40-49,466.9,Not assigned
514785,F,True,False,usa,fort worth,FTW,45,Texas,8,3,3,3,0.3333333333333333,1.0,0.3333333333333333,260.3066666666667,0.0,1.6666666666666667,744.068,622.0,0.375,40-49,1488.136,Not assigned
514810,M,False,True,usa,nashville,BNA,32,Tennessee,8,3,1,3,0.6666666666666666,1.0,0.0,66.68,0.0,7.0,63.346,4323.0,0.375,30-39,126.692,Not assigned
514876,F,False,False,usa,milwaukee,MKE,17,Wisconsin,8,1,0,1,0.0,,,,0.0,8.0,,2432.0,0.125,10-19,,Long Stayers
514899,F,False,True,usa,boston,BOS,37,Massachusetts,9,6,6,5,0.6666666666666666,1.5,0.8333333333333334,291.9772222222222,0.4,2.2,1895.118,4223.4,0.6666666666666666,30-39,3790.236,Not assigned
514925,F,False,False,canada,ottawa,YOW,16,Ontario,8,1,0,1,0.0,,,,1.0,7.0,,1288.0,0.125,10-19,,Indecisive
514926,F,False,False,canada,halifax,YHZ,28,Nova Scotia,8,3,2,3,0.0,1.0,0.0,452.675,0.3333333333333333,3.333333333333333,905.35,1368.0,0.375,20-29,1810.7,Not assigned
514951,F,False,True,usa,austin,AUS,37,Texas,8,2,2,1,0.0,1.5,1.0,1085.66,1.0,4.0,4057.52,420.0,0.25,30-39,8115.04,High Spenders
514953,F,True,False,usa,sacramento,SMF,46,California,9,2,0,2,0.5,,,,0.0,10.0,,8922.0,0.2222222222222222,40-49,,Long Stayers
515020,F,False,False,usa,san francisco,SFO,20,California,8,3,2,3,0.0,1.0,1.0,354.6,0.0,5.0,709.2,2644.0,0.375,20-29,1418.4,Not assigned
515030,M,False,False,usa,fort worth,FTW,33,Texas,8,1,1,1,0.0,1.0,0.0,8.17,0.0,13.0,8.17,1482.0,0.125,30-39,16.34,Long Stayers
515058,F,False,False,canada,saskatoon,YXE,49,Saskatchewan,8,5,4,5,0.0,1.0,0.25,354.4175,0.4,2.4,1417.67,4557.0,0.625,40-49,2835.34,Not assigned
515060,F,False,False,usa,chicago,ORD,48,Illinois,9,2,2,2,0.0,1.0,1.0,104.63,0.0,3.0,209.26,1545.0,0.2222222222222222,40-49,418.52,Not assigned
515085,F,True,True,usa,new york,JFK,60,New York,9,1,0,1,0.0,,,,1.0,9.0,,1737.0,0.1111111111111111,60-69,,Long Stayers
515103,F,True,True,usa,chicago,MDW,51,Illinois,8,3,3,3,0.6666666666666666,1.0,1.0,217.1533333333333,0.0,2.333333333333333,651.46,1401.9,0.375,50-59,1302.92,Not assigned
515124,F,False,False,usa,reno,RNO,50,Nevada,8,3,3,3,0.0,1.3333333333333333,0.6666666666666666,476.1916666666666,0.3333333333333333,1.6666666666666667,1864.91,690.0,0.375,50-59,3729.82,Not assigned
515131,F,True,False,usa,san antonio,RND,46,Texas,9,5,5,5,0.2,1.2,0.6,367.079,0.6,3.8,2182.24,4254.6,0.5555555555555556,40-49,4364.48,Not assigned
515139,F,False,False,usa,new york,JFK,35,New York,10,2,2,2,0.0,1.0,0.0,595.835,1.0,2.0,1191.67,762.0,0.2,30-39,2383.34,Not assigned
515168,F,False,True,canada,london,YXU,46,Ontario,9,2,0,2,0.0,,,,0.0,3.5,,5286.0,0.2222222222222222,40-49,,Only Hotel
515198,F,False,False,canada,toronto,YTZ,38,Ontario,8,1,0,1,1.0,,,,1.0,20.0,,3096.0,0.125,30-39,,Long Stayers
515205,F,True,False,usa,spokane,GEG,70,Washington,8,0,0,0,,,,,,,,,0.0,70-79,,Indecisive
515243,F,True,False,usa,honolulu,HNL,41,Hawaii,8,4,4,2,0.25,1.25,0.25,1119.15125,0.0,1.5,5371.85,412.9,0.5,40-49,10743.7,High Spenders
515258,M,False,False,usa,des moines,DSM,26,Iowa,8,3,3,3,0.3333333333333333,1.3333333333333333,0.3333333333333333,272.61833333333334,0.6666666666666666,1.3333333333333333,959.274,603.7,0.375,20-29,1918.548,Not assigned
515274,M,False,False,canada,toronto,YKZ,35,Ontario,8,6,4,6,0.1666666666666666,1.0,0.25,298.5975,0.1666666666666666,2.833333333333333,1194.39,2954.0,0.75,30-39,2388.78,Not assigned
515398,F,True,True,usa,new york,LGA,40,New York,9,4,4,3,0.5,1.5,1.5,426.98,0.3333333333333333,1.3333333333333333,2699.8535,559.6,0.4444444444444444,40-49,5399.707,High Spenders
515421,F,False,False,canada,toronto,YKZ,48,Ontario,8,4,4,4,0.0,1.25,0.5,340.9325,0.25,2.5,1872.72,1464.0,0.5,40-49,3745.44,Not assigned
515436,F,False,False,usa,grand rapids,GRR,22,Michigan,8,1,0,1,0.0,,,,0.0,4.0,,868.0,0.125,20-29,,Indecisive
515490,F,True,True,usa,oklahoma city,TIK,55,Oklahoma,9,4,4,4,0.0,1.25,0.25,266.84875,0.0,3.0,1480.76,2372.0,0.4444444444444444,50-59,2961.52,Not assigned
515514,F,True,False,usa,newport news,PHF,19,Virginia,8,0,0,0,,,,,,,,,0.0,10-19,,Indecisive
515529,F,True,True,usa,richmond,RIC,43,Virginia,8,2,2,1,0.5,1.0,1.0,395.755,0.0,1.0,760.12,119.0,0.25,40-49,1520.24,Not assigned
515565,F,False,True,usa,los angeles,LAX,43,California,8,4,4,4,0.0,1.25,0.75,598.91625,0.25,3.5,3140.87,2675.0,0.5,40-49,6281.74,High Spenders
515578,M,False,False,usa,san francisco,SFO,36,California,8,6,5,6,0.3333333333333333,1.0,0.6,489.2600000000001,0.5,2.833333333333333,2275.992,2828.7,0.75,30-39,4551.984,High Spenders
515675,F,False,False,usa,tacoma,TCM,30,Washington,9,2,1,2,0.5,1.0,0.0,613.56,0.0,1.5,429.492,792.4,0.2222222222222222,30-39,858.984,Not assigned
515688,F,True,True,usa,akron,AKR,46,Ondo,8,4,4,4,0.0,1.25,1.25,193.87375,0.5,2.75,862.04,2027.0,0.5,40-49,1724.08,Not assigned
515694,F,False,False,usa,lubbock,LBB,43,Texas,8,6,6,6,0.3333333333333333,1.0,0.5,299.0,0.1666666666666666,1.1666666666666667,1763.2765,2145.0,0.75,40-49,3526.553,Not assigned
515713,F,True,False,usa,tucson,DMA,42,Arizona,8,3,2,3,0.6666666666666666,1.0,0.0,601.645,0.3333333333333333,20.33333333333333,1084.438,8355.0,0.375,40-49,2168.876,Long Stayers
515739,F,True,False,usa,new york,LGA,47,New York,8,3,3,2,0.3333333333333333,1.0,0.6666666666666666,219.90666666666667,0.5,2.5,659.72,563.0,0.375,40-49,1319.44,Not assigned
515764,F,False,True,canada,edmonton,YED,23,,8,3,1,3,0.0,1.0,2.0,364.7,0.3333333333333333,9.666666666666666,364.7,8889.0,0.375,20-29,729.4,Long Stayers
515802,F,False,False,usa,las vegas,LAS,40,Nevada,8,5,4,5,0.2,1.5,0.75,388.025,0.4,2.8,2250.04,3245.2,0.625,40-49,4500.08,High Spenders
515835,F,True,True,usa,fort worth,FTW,47,Texas,8,3,3,3,0.0,1.3333333333333333,0.3333333333333333,218.8216666666667,0.3333333333333333,1.6666666666666667,832.2,1929.0,0.375,40-49,1664.4,Not assigned
515908,F,True,True,usa,st. louis,STL,47,Missouri,8,2,2,2,0.5,1.0,0.5,293.49,1.0,1.5,564.1215,289.29999999999995,0.25,40-49,1128.243,Not assigned
515941,F,True,True,usa,st. petersburg,PIE,46,Florida,8,4,2,4,0.0,1.0,0.5,618.12,0.5,5.0,1236.24,3951.0,0.5,40-49,2472.48,Not assigned
515947,F,False,False,usa,new york,LGA,30,New York,8,2,2,2,0.0,1.0,0.5,264.065,0.5,1.0,528.13,454.0,0.25,30-39,1056.26,Not assigned
515953,F,True,False,usa,los angeles,LAX,43,California,8,3,3,3,0.6666666666666666,1.6666666666666667,0.6666666666666666,264.1816666666667,0.0,1.6666666666666667,1340.269,1140.0,0.375,40-49,2680.538,Not assigned
516004,F,True,True,usa,san francisco,SFO,50,California,9,2,2,2,0.0,1.0,0.5,342.05499999999995,0.5,2.0,684.1099999999999,1095.0,0.2222222222222222,50-59,1368.2199999999998,Not assigned
516039,F,False,False,usa,santa ana,SNA,16,California,9,0,0,0,,,,,,,,,0.0,10-19,,Indecisive
516061,F,True,False,usa,chicago,UGN,55,Illinois,8,3,3,2,0.3333333333333333,1.3333333333333333,0.3333333333333333,171.48333333333335,1.0,4.0,717.899,2244.0,0.375,50-59,1435.798,Not assigned
516089,F,True,True,usa,baltimore,BWI,56,Maryland,8,3,3,3,0.3333333333333333,1.0,0.6666666666666666,343.34,0.3333333333333333,3.0,1013.708,598.0,0.375,50-59,2027.416,Not assigned
516092,M,True,False,usa,indianapolis,IND,37,Gujarat,9,4,4,3,0.25,1.25,1.0,262.87125000000003,0.0,1.3333333333333333,1267.42,632.8,0.4444444444444444,30-39,2534.84,Not assigned
516118,M,True,False,usa,newark,EWR,38,New Jersey,9,2,1,2,0.5,1.0,0.0,590.05,0.0,9.5,472.04,6554.0,0.2222222222222222,30-39,944.08,Long Stayers
516144,F,True,True,usa,denver,DEN,50,Colorado,9,4,4,3,0.0,1.0,0.75,317.935,0.0,1.0,1271.74,818.0,0.4444444444444444,50-59,2543.48,Not assigned
516150,F,True,True,usa,baton rouge,BTR,64,Louisiana,8,1,0,1,0.0,,,,0.0,20.0,,2520.0,0.125,60-69,,Long Stayers
516176,O,False,True,usa,new york,JFK,50,New York,8,4,4,3,0.0,1.0,0.25,185.8525,0.6666666666666666,5.0,743.4100000000001,1325.0,0.5,50-59,1486.8200000000002,Not assigned
516177,F,False,False,usa,philadelphia,PNE,50,Pennsylvania,8,3,3,3,0.0,1.0,1.0,452.94000000000005,0.0,4.0,1358.8200000000002,620.0,0.375,50-59,2717.6400000000003,Not assigned
516178,F,False,True,canada,vancouver,YVR,28,British Columbia,8,3,3,2,0.6666666666666666,1.0,0.3333333333333333,385.8366666666666,0.0,1.5,1080.354,224.05,0.375,20-29,2160.708,Not assigned
516246,F,False,False,usa,austin,AUS,37,Texas,9,4,4,4,0.5,1.0,0.75,368.4225,0.5,1.75,1304.0355,1303.4,0.4444444444444444,30-39,2608.071,Not assigned
516251,F,True,False,canada,calgary,YYC,51,Alberta,8,7,7,6,0.2857142857142857,1.2857142857142858,0.7142857142857143,478.4404761904762,0.0,2.0,4293.61,2077.85,0.875,50-59,8587.22,High Spenders
516269,F,False,False,usa,stockton,SCK,37,California,9,5,4,5,0.2,1.5,0.25,485.75666666666666,0.6,2.4,2881.7670000000003,1813.0,0.5555555555555556,30-39,5763.534000000001,High Spenders
516282,F,True,False,canada,victoria,YYJ,42,British Columbia,8,2,2,2,0.0,1.0,1.5,501.225,0.5,1.5,1002.45,515.0,0.25,40-49,2004.9,Not assigned
516287,F,True,False,usa,honolulu,HNL,52,Hawaii,9,1,1,1,0.0,1.0,0.0,700.54,0.0,8.0,700.54,488.0,0.1111111111111111,50-59,1401.08,Long Stayers
516375,F,True,False,usa,houston,IAH,37,Texas,9,5,5,5,0.6,1.0,0.4,357.622,0.4,2.0,1636.4525,2028.75,0.5555555555555556,30-39,3272.905,Not assigned
516418,F,True,False,usa,dallas,DAL,26,Texas,8,3,2,3,0.3333333333333333,1.5,0.5,367.03,0.3333333333333333,4.333333333333333,1069.682,2186.5,0.375,20-29,2139.364,Not assigned
516420,F,True,False,usa,san francisco,SFO,45,California,8,2,1,2,0.0,1.0,1.0,616.02,0.0,1.0,616.02,381.0,0.25,40-49,1232.04,Not assigned
516456,F,True,False,canada,halifax,YHZ,38,Nova Scotia,8,4,4,3,0.25,1.0,0.25,485.1525,0.0,1.3333333333333333,1928.377,554.9,0.5,30-39,3856.754,Not assigned
516507,M,True,False,usa,san diego,SAN,42,California,8,2,2,2,0.0,1.5,0.0,280.9275,0.0,5.0,885.06,1888.0,0.25,40-49,1770.12,Not assigned
516528,F,True,False,usa,las vegas,LAS,53,Nevada,8,3,3,3,0.3333333333333333,1.0,0.6666666666666666,504.45,0.0,4.666666666666667,1349.085,5014.0,0.375,50-59,2698.17,Not assigned
516571,F,True,False,usa,new york,LGA,64,New York,8,4,2,3,0.25,2.5,0.5,665.4975,0.3333333333333333,4.333333333333333,3123.33,2493.5,0.5,60-69,6246.66,High Spenders
516579,F,False,False,usa,stockton,SCK,28,California,8,4,2,4,0.0,1.0,1.0,364.96,0.25,7.75,729.9200000000001,6620.0,0.5,20-29,1459.8400000000001,Long Stayers
516590,F,False,False,usa,jacksonville,JAX,18,Florida,9,2,1,2,0.5,1.0,0.0,274.62,0.5,2.0,192.234,1149.0,0.2222222222222222,10-19,384.468,Youngs
516593,F,False,False,usa,las vegas,LAS,38,Nevada,10,3,3,3,0.3333333333333333,1.0,0.6666666666666666,420.16333333333336,0.3333333333333333,10.333333333333334,1260.49,5767.2,0.3,30-39,2520.98,Long Stayers
516614,M,False,False,usa,new york,LGA,37,New York,8,4,4,3,0.25,1.0,0.75,445.65,0.0,4.333333333333333,1782.6,1566.6,0.5,30-39,3565.2,Not assigned
516639,F,True,True,usa,phoenix,PHX,53,Arizona,8,5,5,2,0.2,1.0,1.0,440.402,0.5,3.5,2100.76,772.0,0.625,50-59,4201.52,Not assigned
516679,F,False,False,usa,kansas city,MCI,42,Missouri,8,1,1,1,1.0,1.0,1.0,405.2,1.0,1.0,405.2,72.0,0.125,40-49,810.4,Indecisive
516680,F,True,False,usa,baltimore,BWI,66,Maryland,8,0,0,0,,,,,,,,,0.0,60-69,,Indecisive
516697,F,False,False,usa,fresno,FAT,76,California,8,1,0,1,0.0,,,,0.0,5.0,,1580.0,0.125,70-79,,Indecisive
516704,F,True,False,usa,long beach,LGB,46,California,8,4,3,4,0.25,1.0,0.3333333333333333,442.2166666666667,0.0,4.5,1326.65,2687.0,0.5,40-49,2653.3,Not assigned
516739,F,False,True,usa,norfolk,ORF,38,Virginia,8,2,2,2,0.0,1.0,0.5,294.24,0.0,3.5,588.48,968.0,0.25,30-39,1176.96,Not assigned
516744,F,False,False,usa,kansas city,MCI,21,Missouri,8,1,0,1,1.0,,,,0.0,7.0,,648.55,0.125,20-29,,Indecisive
516763,M,True,False,usa,denver,DEN,45,Colorado,8,1,1,1,0.0,1.0,1.0,248.08,0.0,2.0,248.08,534.0,0.125,40-49,496.16,Indecisive
516789,F,False,False,usa,jacksonville,NCA,38,Turks and Caicos Islands,8,4,4,4,0.0,1.5,0.75,583.5575,0.25,1.75,3811.68,3730.0,0.5,30-39,7623.36,High Spenders
516808,F,False,False,usa,san diego,SAN,28,California,8,3,3,3,0.0,1.3333333333333333,0.3333333333333333,341.9433333333333,0.3333333333333333,3.0,1629.66,2134.0,0.375,20-29,3259.32,Not assigned
516833,F,False,False,canada,toronto,YTZ,18,Ontario,8,3,3,2,0.6666666666666666,1.3333333333333333,0.3333333333333333,418.5966666666666,0.5,4.0,1352.01,1866.0,0.375,10-19,2704.02,Youngs
516933,F,False,False,usa,new york,LGA,17,New York,8,3,3,1,0.0,1.0,0.0,604.7266666666667,0.0,1.0,1814.18,137.0,0.375,10-19,3628.36,Youngs
516965,F,False,True,usa,miami,OPF,36,Florida,9,4,4,4,0.5,1.0,0.0,392.0275,0.75,1.75,1481.6799999999998,1198.0,0.4444444444444444,30-39,2963.3599999999997,Not assigned
517131,F,True,False,usa,los angeles,LAX,67,California,8,2,0,2,0.0,,,,0.0,3.5,,1050.0,0.25,60-69,,Retired
517142,M,True,False,usa,philadelphia,PNE,38,Pennsylvania,8,3,3,1,0.3333333333333333,1.0,0.6666666666666666,405.5,0.0,1.0,1216.5,124.0,0.375,30-39,2433.0,Not assigned
517205,F,False,False,canada,calgary,YYC,48,Alberta,8,2,2,2,0.0,1.0,0.5,317.265,0.5,3.5,634.53,1982.0,0.25,40-49,1269.06,Not assigned
517212,F,True,True,usa,louisville,LOU,53,Kentucky,9,5,5,4,0.0,1.2,0.2,207.338,0.25,2.75,1067.65,2423.0,0.5555555555555556,50-59,2135.3,Not assigned
517219,F,False,False,usa,boston,BOS,22,Massachusetts,8,0,0,0,,,,,,,,,0.0,20-29,,Indecisive
517231,F,True,False,canada,edmonton,YXD,47,,8,2,1,2,0.5,1.0,1.0,411.88,0.0,8.5,411.88,3623.0,0.25,40-49,823.76,Long Stayers
517284,F,True,True,usa,san antonio,SAT,44,Texas,9,5,4,3,0.2,1.5,0.5,608.4066666666668,0.6666666666666666,3.6666666666666665,5283.360000000001,2116.0,0.5555555555555556,40-49,10566.720000000001,High Spenders
517324,F,True,False,usa,austin,AUS,68,Texas,8,1,1,0,0.0,1.0,1.0,472.44,,,472.44,,0.125,60-69,944.88,Indecisive
517356,F,True,False,usa,orlando,MCO,51,Florida,8,2,2,2,0.0,1.0,0.0,255.515,0.5,5.0,511.03,3202.0,0.25,50-59,1022.06,Not assigned
517370,F,True,False,usa,new york,LGA,40,New York,8,3,2,3,0.0,1.0,1.5,402.865,0.6666666666666666,4.333333333333333,805.73,1875.0,0.375,40-49,1611.46,Not assigned
517392,F,True,False,usa,los angeles,LAX,46,California,9,4,4,3,0.0,1.25,0.75,456.0825,0.3333333333333333,1.6666666666666667,1895.01,784.0,0.4444444444444444,40-49,3790.02,Not assigned
517393,F,False,False,usa,shreveport,BAD,36,Louisiana,8,1,1,1,0.0,1.0,0.0,333.55,0.0,4.0,333.55,248.0,0.125,30-39,667.1,Indecisive
517397,F,False,False,usa,riverside,RAL,35,California,8,5,5,5,0.2,1.0,0.4,328.814,0.2,2.4,1644.07,1780.8,0.625,30-39,3288.14,Not assigned
517403,F,True,True,canada,toronto,YKZ,49,Ontario,9,4,3,4,0.25,1.0,1.0,186.15,0.25,4.25,558.45,5280.95,0.4444444444444444,40-49,1116.9,Not assigned
517415,M,False,True,usa,st. petersburg,SPG,35,Florida,8,1,1,1,0.0,2.0,0.0,254.77,1.0,1.0,509.54,350.0,0.125,30-39,1019.08,Indecisive
517438,M,False,False,usa,nashville,BNA,38,Tennessee,9,5,5,5,0.4,1.2,0.4,291.433,0.4,1.0,1684.5700000000002,1352.7,0.5555555555555556,30-39,3369.1400000000003,Not assigned
517445,F,True,False,usa,st. petersburg,PIE,40,Florida,9,3,1,3,0.0,1.0,1.0,271.98,0.3333333333333333,12.333333333333334,271.98,6615.0,0.3333333333333333,40-49,543.96,Long Stayers
517545,F,True,False,canada,saskatoon,YXE,52,Saskatchewan,8,2,2,1,0.5,1.0,0.0,396.115,1.0,1.0,696.2225,95.0,0.25,50-59,1392.445,Not assigned
517548,F,True,False,usa,new york,JFK,52,New York,8,3,3,2,0.0,1.0,0.6666666666666666,310.2366666666666,0.5,1.5,930.71,445.0,0.375,50-59,1861.42,Not assigned
517579,F,False,False,usa,los angeles,LAX,19,California,8,1,1,1,1.0,2.0,0.0,512.305,1.0,2.0,922.149,840.0,0.125,10-19,1844.298,Indecisive
517596,F,True,True,usa,kansas city,MCI,53,Missouri,9,3,3,3,0.0,1.0,0.3333333333333333,239.82666666666668,0.3333333333333333,4.666666666666667,719.48,2390.0,0.3333333333333333,50-59,1438.96,Not assigned
517622,F,False,True,usa,san diego,NZY,17,California,8,0,0,0,,,,,,,,,0.0,10-19,,Indecisive
517633,F,True,False,usa,houston,IAH,37,Texas,8,4,3,4,0.25,1.0,0.6666666666666666,303.86999999999995,0.25,6.5,911.61,4571.4,0.5,30-39,1823.22,Not assigned
517653,F,True,True,usa,phoenix,LUF,53,Arizona,8,2,2,2,0.5,1.0,1.0,289.8,0.5,1.5,559.799,219.7,0.25,50-59,1119.598,Not assigned
517676,F,True,False,usa,new york,JFK,42,New York,8,4,4,2,0.25,1.25,0.25,636.0175,0.5,1.0,2902.1800000000003,485.0,0.5,40-49,5804.360000000001,High Spenders
517700,F,False,False,usa,dallas,DAL,46,Texas,8,4,4,4,0.0,1.25,0.75,271.5575,0.5,2.5,1364.32,1220.0,0.5,40-49,2728.64,Not assigned
517715,M,True,False,usa,chicago,MDW,81,Illinois,8,2,2,2,0.0,1.0,1.0,225.18,0.0,5.5,450.36,3436.0,0.25,80-89,900.72,Retired
517732,F,False,False,usa,tacoma,TCM,43,Washington,8,2,2,2,0.5,1.0,0.5,496.05,0.5,1.0,920.018,261.0,0.25,40-49,1840.036,Not assigned
517735,F,True,True,usa,memphis,MEM,48,Tennessee,8,2,2,1,1.0,1.5,0.5,317.33000000000004,0.0,6.0,608.085,2964.0,0.25,40-49,1216.17,Discount buyer
517743,F,False,False,usa,new york,JFK,35,New York,8,4,4,4,0.25,1.0,0.5,413.21,0.25,1.75,1617.5929999999998,738.0,0.5,30-39,3235.1859999999997,Not assigned
517772,F,False,True,usa,new york,JFK,38,New York,8,4,4,4,0.0,1.0,0.0,483.62,0.25,3.0,1934.48,1130.0,0.5,30-39,3868.96,Not assigned
517776,F,True,True,usa,honolulu,HNL,59,Hawaii,8,3,3,3,0.0,1.0,1.0,1314.6966666666667,0.3333333333333333,2.333333333333333,3944.09,1764.0,0.375,50-59,7888.18,High Spenders
517825,F,True,False,usa,milwaukee,MKE,54,Wisconsin,8,4,4,4,0.0,1.0,0.75,157.6375,0.5,1.0,630.55,460.0,0.5,50-59,1261.1,Not assigned
517839,F,True,False,usa,milwaukee,MKE,46,Wisconsin,8,3,3,2,0.0,1.0,0.3333333333333333,338.2266666666667,0.5,2.0,1014.68,731.0,0.375,40-49,2029.36,Not assigned
517894,F,True,False,canada,montreal,YUL,47,Quebec,8,3,2,3,0.0,1.0,0.0,634.8,0.0,4.666666666666667,1269.6,2313.0,0.375,40-49,2539.2,Not assigned
517898,F,False,True,usa,lubbock,LBB,19,Texas,8,1,1,1,0.0,1.0,0.0,418.25,0.0,1.0,418.25,174.0,0.125,10-19,836.5,Indecisive
517925,F,True,False,usa,st. louis,STL,27,Missouri,9,1,1,1,0.0,2.0,0.0,254.63,0.0,10.0,509.26,8400.0,0.1111111111111111,20-29,1018.52,Long Stayers
517967,F,False,True,usa,phoenix,PHX,46,Arizona,8,2,1,2,0.0,1.0,0.0,389.94,0.5,3.0,389.94,1779.0,0.25,40-49,779.88,Not assigned
517968,F,True,False,usa,new york,LGA,43,New York,8,4,2,4,0.5,1.0,0.0,269.81,0.25,3.5,539.62,2633.8500000000004,0.5,40-49,1079.24,Not assigned
518012,M,False,False,usa,rochester,ROC,34,New York,8,2,2,2,0.0,1.0,0.0,286.625,0.0,2.0,573.25,328.0,0.25,30-39,1146.5,Not assigned
518084,F,False,False,usa,san francisco,SFO,24,California,8,1,1,1,1.0,2.0,1.0,515.445,1.0,18.0,979.3455,2124.0,0.125,20-29,1958.691,Long Stayers
518127,F,False,False,usa,memphis,MEM,35,Tennessee,8,4,4,4,0.5,1.25,0.25,209.655,0.25,3.75,967.77,1633.15,0.5,30-39,1935.54,Not assigned
518211,F,False,True,usa,new york,LGA,38,New York,9,4,4,4,0.0,1.0,0.75,427.295,0.0,1.5,1709.18,609.0,0.4444444444444444,30-39,3418.36,Not assigned
518219,F,False,False,usa,columbus,LCK,25,Ohio,8,3,3,2,0.3333333333333333,1.0,0.3333333333333333,358.0433333333333,0.0,2.0,1045.74,476.0,0.375,20-29,2091.48,Not assigned
518324,F,False,False,usa,norfolk,NGU,39,Virginia,8,5,5,5,0.2,1.2,0.4,165.936,0.0,1.0,949.119,1566.0,0.625,30-39,1898.238,Not assigned
518348,F,True,True,usa,rochester,ROC,34,New York,8,2,1,2,1.0,1.0,1.0,593.66,0.5,2.5,474.928,4188.799999999999,0.25,30-39,949.856,Discount buyer
518354,M,False,False,usa,denver,DEN,21,Colorado,8,0,0,0,,,,,,,,,0.0,20-29,,Indecisive
518393,F,False,False,usa,los angeles,LAX,40,California,8,2,2,2,0.5,1.0,0.0,508.61,0.5,2.0,1017.22,252.1,0.25,40-49,2034.44,Not assigned
518416,F,False,False,usa,houston,EFD,45,Texas,8,3,3,3,0.3333333333333333,1.3333333333333333,0.6666666666666666,308.82166666666666,0.6666666666666666,3.6666666666666665,899.124,4681.0,0.375,40-49,1798.248,Not assigned
518422,F,True,False,usa,colorado springs,COS,59,Colorado,8,1,0,1,0.0,,,,0.0,3.0,,339.0,0.125,50-59,,Indecisive
518443,F,True,False,canada,calgary,YYC,77,Alberta,8,2,1,2,0.5,1.0,1.0,550.93,0.5,5.5,550.93,2416.0,0.25,70-79,1101.86,Retired
518516,F,True,True,usa,new york,LGA,56,New York,11,3,3,3,0.0,1.0,0.6666666666666666,290.4766666666667,1.0,3.6666666666666665,871.4300000000001,2300.0,0.2727272727272727,50-59,1742.8600000000001,Not assigned
518527,F,True,False,canada,edmonton,YED,44,,8,5,5,5,0.4,1.6,0.2,315.409,0.0,3.2,2178.974,4866.0,0.625,40-49,4357.948,Not assigned
518533,F,False,True,usa,phoenix,LUF,36,Arizona,8,3,3,1,0.3333333333333333,1.0,0.6666666666666666,464.22333333333336,0.0,1.0,1339.822,76.0,0.375,30-39,2679.644,Not assigned
518541,F,False,False,usa,long beach,LGB,46,California,8,4,3,2,0.25,1.0,0.6666666666666666,700.1733333333333,0.0,5.5,1990.813,1624.0,0.5,40-49,3981.626,Not assigned
518582,F,True,True,usa,jacksonville,NZC,49,Ica,8,4,3,3,0.0,2.0,0.3333333333333333,848.3666666666667,0.3333333333333333,8.0,5090.2,8158.0,0.5,40-49,10180.4,Long Stayers
518612,F,False,False,usa,chicago,UGN,43,Illinois,8,6,5,6,0.3333333333333333,1.2,0.6,174.888,0.5,2.6666666666666665,1104.63,3283.2,0.75,40-49,2209.26,Not assigned
518628,F,True,True,usa,charlotte,CLT,48,North Carolina,8,0,0,0,,,,,,,,,0.0,40-49,,Indecisive
518629,F,False,False,usa,indianapolis,IND,47,Gujarat,8,4,4,4,0.0,1.0,0.5,237.26,0.25,1.25,949.04,620.0,0.5,40-49,1898.08,Not assigned
518639,F,False,False,usa,phoenix,PHX,33,Arizona,8,1,1,1,0.0,1.0,1.0,233.1,1.0,1.0,233.1,96.0,0.125,30-39,466.2,Indecisive
518642,F,True,False,usa,memphis,MEM,70,Tennessee,9,1,0,1,0.0,,,,1.0,6.0,,5346.0,0.1111111111111111,70-79,,Indecisive
518696,F,False,True,canada,winnipeg,YWG,37,Manitoba,8,1,0,1,0.0,,,,0.0,6.0,,396.0,0.125,30-39,,Indecisive
518716,F,True,True,canada,montreal,YUL,39,Quebec,8,2,1,2,0.5,1.0,1.0,628.5,1.0,10.0,628.5,4378.5,0.25,30-39,1257.0,Long Stayers
518722,F,True,False,usa,tulsa,TUL,52,Oklahoma,8,4,4,3,0.25,1.0,1.0,332.935,0.3333333333333333,1.6666666666666667,1331.74,378.05,0.5,50-59,2663.48,Not assigned
518726,F,False,True,usa,oklahoma city,OKC,16,Oklahoma,8,1,1,0,0.0,2.0,0.0,319.455,,,638.91,,0.125,10-19,1277.82,Indecisive
518867,F,True,False,canada,toronto,YZD,34,,8,2,2,2,0.5,1.5,0.5,592.365,0.5,2.0,1846.94,638.9,0.25,30-39,3693.88,Not assigned
518894,F,False,False,usa,philadelphia,PNE,49,Pennsylvania,8,3,3,1,0.6666666666666666,1.0,0.6666666666666666,357.6066666666666,1.0,2.0,1072.82,83.6,0.375,40-49,2145.64,Not assigned
518907,M,False,False,usa,san antonio,SAT,42,Texas,8,5,3,5,0.2,1.0,0.6666666666666666,361.45,0.2,3.6,1011.196,2675.9,0.625,40-49,2022.392,Not assigned
518925,F,False,True,usa,shreveport,BAD,30,Louisiana,8,1,0,1,0.0,,,,1.0,8.0,,976.0,0.125,30-39,,Long Stayers
518931,F,False,True,usa,el paso,BIF,17,Texas,8,0,0,0,,,,,,,,,0.0,10-19,,Indecisive
518954,F,True,True,usa,new york,LGA,36,New York,8,3,3,3,0.3333333333333333,1.0,0.3333333333333333,383.89,0.0,3.0,811.26,1147.0,0.375,30-39,1622.52,Not assigned
518963,F,False,True,usa,san jose,SJC,30,California,8,2,2,2,0.0,1.0,0.0,164.18,0.0,2.5,328.36,642.0,0.25,30-39,656.72,Not assigned
518998,F,True,True,usa,st. petersburg,SPG,46,Florida,8,3,3,3,0.3333333333333333,1.0,1.3333333333333333,329.9433333333333,0.0,1.6666666666666667,989.83,624.2,0.375,40-49,1979.66,Not assigned
519014,F,False,False,usa,portland,PWM,38,Maine,8,4,2,3,0.25,1.0,0.5,253.845,0.0,10.333333333333334,507.69,5241.0,0.5,30-39,1015.38,Long Stayers
519089,F,False,True,usa,philadelphia,PHL,33,Pennsylvania,8,3,3,2,0.3333333333333333,1.0,1.0,966.9166666666666,0.5,5.0,2862.1,728.0,0.375,30-39,5724.2,High Spenders
519096,F,False,True,usa,tampa,MCF,32,Florida,8,2,2,2,1.0,1.0,0.0,237.79,0.5,3.0,416.363,840.25,0.25,30-39,832.726,Discount buyer
519114,F,False,True,usa,san antonio,RND,38,Texas,8,3,3,3,0.3333333333333333,1.0,0.3333333333333333,427.95,0.6666666666666666,5.0,1259.428,2083.0,0.375,30-39,2518.856,Not assigned
519117,F,True,True,usa,san antonio,SAT,45,Texas,8,4,4,4,0.75,1.0,0.5,272.39,0.5,3.75,1014.615,2501.45,0.5,40-49,2029.23,Not assigned
519137,F,False,False,usa,houston,IAH,50,Texas,9,3,3,3,0.6666666666666666,1.3333333333333333,0.3333333333333333,356.80333333333334,0.3333333333333333,2.6666666666666665,1507.23,1684.95,0.3333333333333333,50-59,3014.46,Not assigned
519140,F,True,False,usa,new york,LGA,55,New York,8,5,4,5,0.0,1.25,1.0,132.835,0.4,2.4,635.71,2191.0,0.625,50-59,1271.42,Not assigned
519171,F,False,True,usa,austin,AUS,47,Texas,9,2,2,1,0.0,1.5,0.5,400.385,1.0,7.0,1175.78,868.0,0.2222222222222222,40-49,2351.56,Not assigned
519191,M,False,False,usa,tampa,TPA,19,Florida,8,1,0,1,1.0,,,,0.0,14.0,,1808.8,0.125,10-19,,Long Stayers
519210,M,True,False,usa,san antonio,RND,44,Texas,9,4,2,3,0.0,1.0,0.5,386.305,0.3333333333333333,7.666666666666667,772.61,1514.0,0.4444444444444444,40-49,1545.22,Long Stayers
519211,F,True,False,usa,san antonio,RND,36,Texas,8,5,4,5,0.2,1.0,0.75,396.0575,0.4,3.4,1584.23,1643.0,0.625,30-39,3168.46,Not assigned
519260,F,False,True,usa,los angeles,LAX,26,California,8,3,2,3,0.3333333333333333,1.0,1.0,544.345,0.0,1.3333333333333333,1088.69,945.0,0.375,20-29,2177.38,Not assigned
519267,F,False,False,usa,portland,PWM,46,Maine,9,1,1,1,0.0,1.0,1.0,361.38,0.0,1.0,361.38,65.0,0.1111111111111111,40-49,722.76,Indecisive
519312,F,True,True,usa,modesto,MOD,58,California,8,0,0,0,,,,,,,,,0.0,50-59,,Indecisive
519353,F,False,False,usa,phoenix,LUF,68,Arizona,8,1,0,1,0.0,,,,0.0,6.0,,1092.0,0.125,60-69,,Indecisive
519357,F,False,True,usa,philadelphia,PHL,44,Pennsylvania,9,5,5,4,0.2,1.0,0.6,137.942,0.25,1.75,688.4005,1267.0,0.5555555555555556,40-49,1376.801,Not assigned
519383,F,False,False,usa,fayetteville,POB,32,North Carolina,9,1,0,1,0.0,,,,0.0,5.0,,1140.0,0.1111111111111111,30-39,,Indecisive
519392,F,True,False,usa,fort worth,FTW,57,Texas,8,2,2,1,0.5,1.0,1.0,415.625,1.0,2.0,787.34,262.0,0.25,50-59,1574.68,Not assigned
519412,F,True,False,usa,houston,EFD,50,Texas,8,2,1,2,0.0,1.0,0.0,67.83,1.0,2.0,67.83,720.0,0.25,50-59,135.66,Not assigned
519419,F,False,True,usa,fresno,FAT,32,California,9,1,1,1,0.0,1.0,0.0,295.76,0.0,2.0,295.76,576.0,0.1111111111111111,30-39,591.52,Indecisive
519430,F,False,False,usa,new york,JFK,34,New York,8,2,2,2,0.5,1.5,0.5,298.84250000000003,0.0,3.0,792.71,1199.75,0.25,30-39,1585.42,Not assigned
519515,M,True,True,usa,indianapolis,IND,51,Gujarat,8,4,3,3,0.5,1.0,1.3333333333333333,350.93666666666667,0.3333333333333333,8.333333333333334,962.046,5762.0,0.5,50-59,1924.092,Long Stayers
519529,M,True,True,canada,windsor,YQG,24,Ontario,8,1,1,1,0.0,1.0,1.0,173.81,1.0,2.0,173.81,96.0,0.125,20-29,347.62,Indecisive
519548,M,True,True,usa,wichita,IAB,25,Kansas,8,0,0,0,,,,,,,,,0.0,20-29,,Indecisive
519554,F,False,True,usa,seattle,SEA,32,Washington,9,3,3,3,0.0,1.0,0.6666666666666666,510.0033333333334,0.0,5.0,1530.0100000000002,2760.0,0.3333333333333333,30-39,3060.0200000000004,Not assigned
519626,M,False,True,usa,cleveland,CLE,46,Ohio,8,3,3,3,0.0,1.0,0.3333333333333333,218.82666666666668,0.6666666666666666,4.0,656.48,1482.0,0.375,40-49,1312.96,Not assigned
519631,F,False,False,usa,san francisco,SFO,50,California,8,6,6,6,0.1666666666666666,1.0,0.5,230.34500000000003,0.1666666666666666,2.0,1382.0700000000002,2066.5,0.75,50-59,2764.1400000000003,Not assigned
519664,F,True,True,usa,riverside,RAL,52,California,8,2,2,2,0.5,1.0,1.0,207.995,0.5,5.5,415.99,1392.8,0.25,50-59,831.98,Not assigned
519695,F,False,False,usa,houston,EFD,38,Texas,8,3,2,3,0.0,1.0,0.0,386.545,0.3333333333333333,2.333333333333333,773.0899999999999,1838.0,0.375,30-39,1546.1799999999998,Not assigned
519709,F,True,False,usa,chicago,MDW,31,Illinois,9,4,4,2,0.25,1.0,0.25,162.99,0.0,2.0,639.3305,902.0,0.4444444444444444,30-39,1278.661,Not assigned
519718,F,True,True,usa,buffalo,BUF,51,New York,8,3,2,3,0.0,1.0,0.5,213.89,0.3333333333333333,4.333333333333333,427.78,1953.0,0.375,50-59,855.56,Not assigned
519722,F,True,True,usa,new york,JFK,28,New York,8,3,1,2,0.0,3.0,0.0,390.64,0.5,6.0,1171.92,2520.0,0.375,20-29,2343.84,Family travelers
519725,F,True,True,usa,louisville,LOU,40,Kentucky,8,2,1,2,0.5,1.0,1.0,232.88,0.0,2.0,232.88,567.45,0.25,40-49,465.76,Not assigned
519774,F,False,True,usa,las vegas,LAS,54,Nevada,8,3,2,3,0.3333333333333333,1.0,1.0,330.89000000000004,0.3333333333333333,6.0,661.7800000000001,1914.6,0.375,50-59,1323.5600000000002,Not assigned
519859,F,False,False,usa,san diego,NZY,41,California,8,5,5,4,0.4,1.4,0.0,472.374,0.25,6.5,3257.638,5366.5,0.625,40-49,6515.276,High Spenders
519885,F,False,False,usa,houston,HOU,27,Texas,8,3,2,3,0.3333333333333333,1.5,0.5,384.135,0.3333333333333333,6.0,1002.32,1927.0,0.375,20-29,2004.64,Not assigned
519893,F,True,False,usa,spokane,GEG,42,Washington,9,4,3,4,0.0,1.6666666666666667,0.6666666666666666,515.1266666666667,0.0,2.75,2772.7200000000003,2188.0,0.4444444444444444,40-49,5545.4400000000005,High Spenders
519912,M,False,False,usa,houston,EFD,44,Texas,8,4,4,4,0.25,1.0,0.5,219.095,0.25,2.5,855.4145000000001,2043.0,0.5,40-49,1710.8290000000002,Not assigned
519943,F,True,True,canada,toronto,YTZ,58,Ontario,9,0,0,0,,,,,,,,,0.0,50-59,,Indecisive
519955,F,False,False,usa,orlando,MCO,37,Florida,8,2,2,2,0.5,1.0,0.5,474.105,0.0,2.5,879.63,1101.0,0.25,30-39,1759.26,Not assigned
519957,F,True,False,usa,new york,LGA,53,New York,8,2,2,2,0.5,1.0,1.0,549.54,1.0,2.0,1063.394,502.0,0.25,50-59,2126.788,Not assigned
520106,F,False,True,usa,salt lake city,SLC,26,Utah,8,1,1,1,0.0,1.0,1.0,185.18,0.0,2.0,185.18,490.0,0.125,20-29,370.36,Indecisive
520170,F,False,True,usa,omaha,OMA,24,Iowa,8,2,1,2,0.0,2.0,0.0,350.565,0.5,3.0,701.13,1670.0,0.25,20-29,1402.26,Family travelers
520175,F,False,False,usa,atlanta,ATL,51,Georgia,8,3,3,3,0.3333333333333333,1.0,0.6666666666666666,305.42333333333335,0.0,2.333333333333333,890.547,842.5,0.375,50-59,1781.094,Not assigned
520177,F,True,False,usa,nashville,BNA,53,Tennessee,10,6,5,4,0.1666666666666666,1.0,0.4,230.05,0.25,6.0,1150.25,2666.8,0.6,50-59,2300.5,Not assigned
520182,F,True,True,usa,new york,LGA,43,New York,8,3,3,1,0.0,1.3333333333333333,0.6666666666666666,428.7749999999999,1.0,6.0,1371.08,2130.0,0.375,40-49,2742.16,Not assigned
520188,F,False,False,canada,victoria,YYJ,35,British Columbia,8,2,1,2,0.5,1.0,1.0,488.46,0.0,4.5,488.46,531.6,0.25,30-39,976.92,Not assigned
520244,F,True,False,usa,new york,JFK,41,New York,8,2,2,2,0.0,1.0,0.5,377.04,0.0,4.0,754.0799999999999,792.0,0.25,40-49,1508.1599999999999,Not assigned
520248,F,False,True,usa,new york,JFK,38,New York,8,4,4,4,0.25,1.0,0.25,481.4975,0.0,2.0,1878.804,1547.0,0.5,30-39,3757.608,Not assigned
520250,M,True,False,usa,austin,AUS,55,Texas,8,4,4,4,0.25,1.25,0.5,239.23,0.0,2.0,1434.16,1507.3,0.5,50-59,2868.32,Not assigned
520256,F,True,False,usa,dallas,DAL,42,Texas,8,4,3,4,0.25,1.3333333333333333,0.0,162.00333333333333,0.0,5.0,558.01,1919.0,0.5,40-49,1116.02,Not assigned
520298,F,False,False,usa,houston,EFD,41,Texas,8,2,1,2,1.0,1.0,2.0,311.82,0.0,3.5,218.274,1934.2,0.25,40-49,436.548,Discount buyer
520307,F,False,False,usa,buffalo,BUF,51,New York,8,3,3,3,0.6666666666666666,1.0,0.3333333333333333,260.37333333333333,0.0,2.333333333333333,781.12,1314.0,0.375,50-59,1562.24,Not assigned
520314,F,False,True,usa,new york,JFK,16,New York,8,2,0,2,0.0,,,,1.0,5.0,,2620.0,0.25,10-19,,Youngs
520327,F,False,False,usa,new york,LGA,25,New York,8,2,2,2,0.5,1.0,0.0,594.55,0.5,1.0,1120.857,482.0,0.25,20-29,2241.714,Not assigned
520358,F,True,False,usa,montgomery,MXF,49,Alabama,8,4,3,4,0.0,1.0,1.0,265.6,0.5,3.5,796.8000000000001,2078.0,0.5,40-49,1593.6000000000001,Not assigned
520373,F,False,True,usa,buffalo,BUF,48,New York,8,3,3,3,0.0,1.3333333333333333,0.0,137.68333333333334,0.6666666666666666,3.0,449.31,1967.0,0.375,40-49,898.62,Not assigned
520405,F,False,False,usa,cleveland,CLE,30,Ohio,8,1,1,1,0.0,1.0,1.0,142.46,1.0,1.0,142.46,164.0,0.125,30-39,284.92,Indecisive
520422,F,False,False,usa,mobile,MOB,37,Alabama,8,2,2,1,1.0,1.0,0.0,333.8,0.0,3.0,561.124,645.0,0.25,30-39,1122.248,Discount buyer
520491,M,False,True,usa,new york,LGA,54,New York,8,5,4,4,0.0,1.25,1.25,388.25875,0.5,1.75,1923.89,1089.0,0.625,50-59,3847.78,Not assigned
520497,F,False,False,usa,long beach,LGB,47,California,8,3,3,2,0.3333333333333333,1.0,1.0,640.8266666666667,0.0,2.5,1610.245,457.0,0.375,40-49,3220.49,Not assigned
520527,F,False,False,usa,denver,DEN,32,Colorado,8,2,2,2,0.0,1.0,1.0,320.28,0.5,3.0,640.56,1468.0,0.25,30-39,1281.12,Not assigned
520530,F,True,False,usa,los angeles,LAX,40,California,8,4,4,4,0.5,1.0,0.75,544.48,0.0,2.75,2141.482,1421.0,0.5,40-49,4282.964,Not assigned
520561,F,False,True,usa,nashville,BNA,30,Tennessee,8,0,0,0,,,,,,,,,0.0,30-39,,Indecisive
520619,F,True,False,usa,houston,IAH,57,Texas,8,2,2,2,0.5,1.0,1.0,384.545,0.5,2.0,708.439,1137.0,0.25,50-59,1416.878,Not assigned
520696,F,False,False,usa,lincoln,LNK,41,Nebraska,8,1,1,1,0.0,1.0,0.0,316.25,0.0,2.0,316.25,122.0,0.125,40-49,632.5,Indecisive
520708,F,False,False,usa,tampa,MCF,41,Florida,8,3,3,2,0.0,1.3333333333333333,0.6666666666666666,247.53666666666663,0.0,2.5,919.84,1194.0,0.375,40-49,1839.68,Not assigned
520745,F,False,False,usa,new york,JFK,40,New York,8,2,2,2,0.0,1.0,0.5,76.255,0.0,4.5,152.51,883.0,0.25,40-49,305.02,Not assigned
520783,F,True,False,canada,calgary,YYC,39,Alberta,8,3,2,3,0.3333333333333333,1.0,0.5,403.01,0.0,2.333333333333333,806.02,1978.0,0.375,30-39,1612.04,Not assigned
520804,F,True,False,usa,chicago,ORD,49,Illinois,8,3,3,2,0.6666666666666666,1.0,0.0,170.6966666666667,0.0,1.5,457.0775,394.0,0.375,40-49,914.155,Not assigned
520861,M,False,True,usa,austin,AUS,51,Texas,9,2,2,2,0.5,1.0,1.0,344.515,0.0,4.5,689.03,1824.6,0.2222222222222222,50-59,1378.06,Not assigned
520877,F,True,False,usa,grand rapids,GRR,49,Michigan,8,3,3,3,0.0,1.0,0.0,404.3833333333334,0.3333333333333333,4.333333333333333,1213.15,1400.0,0.375,40-49,2426.3,Not assigned
520878,F,True,False,canada,ottawa,YOW,38,Ontario,9,4,2,4,0.25,1.0,1.0,694.0550000000001,0.75,5.25,1281.8605,6121.0,0.4444444444444444,30-39,2563.721,Not assigned
520882,F,False,False,usa,louisville,LOU,17,Kentucky,8,1,0,1,0.0,,,,1.0,6.0,,780.0,0.125,10-19,,Indecisive
520885,M,True,True,usa,el paso,ELP,36,Texas,8,4,4,4,0.25,1.0,0.75,216.1075,0.0,3.25,852.6899999999999,6277.0,0.5,30-39,1705.3799999999999,Not assigned
520920,F,False,False,usa,memphis,MEM,40,Tennessee,9,1,0,1,1.0,,,,0.0,7.0,,440.3,0.1111111111111111,40-49,,Indecisive
520934,F,False,True,usa,newark,EWR,52,New Jersey,9,1,1,1,1.0,2.0,0.0,713.27,1.0,1.0,1141.232,346.0,0.1111111111111111,50-59,2282.464,Indecisive
520947,O,True,True,usa,new york,LGA,22,New York,8,2,0,2,1.0,,,,0.5,4.0,,2143.3,0.25,20-29,,Discount buyer
521004,F,True,False,usa,san antonio,SKF,50,Texas,8,4,4,4,0.0,1.0,0.5,417.36,0.25,1.5,1669.44,585.0,0.5,50-59,3338.88,Not assigned
521044,F,False,False,usa,houston,EFD,40,Texas,9,4,3,4,0.0,1.0,0.3333333333333333,348.27,0.5,3.75,1044.81,2707.0,0.4444444444444444,40-49,2089.62,Not assigned
521062,F,True,False,usa,little rock,LIT,59,Arkansas,9,0,0,0,,,,,,,,,0.0,50-59,,Indecisive
521066,F,False,False,usa,knoxville,TYS,41,Tennessee,8,4,4,4,0.25,1.0,1.5,364.9225,0.0,2.25,1459.69,2398.7,0.5,40-49,2919.38,Not assigned
521070,F,True,True,usa,knoxville,TYS,50,Tennessee,9,6,6,5,0.1666666666666666,1.3333333333333333,0.3333333333333333,645.3649999999999,0.4,2.8,6971.429999999999,2663.2,0.6666666666666666,50-59,13942.859999999999,High Spenders
521109,F,False,True,usa,dallas,DAL,29,Texas,8,3,3,2,0.3333333333333333,1.0,0.3333333333333333,242.57333333333332,0.5,6.0,727.72,1435.0,0.375,20-29,1455.44,Not assigned
521170,M,False,False,usa,chicago,MDW,43,Illinois,8,3,2,3,0.0,2.5,0.5,174.80124999999998,0.3333333333333333,3.333333333333333,997.49,5213.0,0.375,40-49,1994.98,Not assigned
521192,F,False,False,usa,wichita,ICT,27,Kansas,8,3,2,3,0.6666666666666666,1.0,1.0,253.57,0.0,4.0,394.1775,2299.0,0.375,20-29,788.355,Not assigned
521201,F,True,True,usa,memphis,MEM,57,Tennessee,8,1,1,1,1.0,1.0,0.0,284.81,0.0,1.0,242.0885,63.0,0.125,50-59,484.177,Indecisive
521211,M,False,False,usa,bakersfield,BFL,25,California,8,1,0,1,1.0,,,,1.0,6.0,,582.0,0.125,20-29,,Indecisive
521235,F,False,False,usa,seattle,SEA,34,Washington,8,5,5,5,0.4,1.8,1.2,496.6503333333333,0.0,4.6,3863.2235,3709.0,0.625,30-39,7726.447,High Spenders
521250,M,False,False,usa,sacramento,MHR,30,California,8,2,2,1,1.0,1.0,0.0,557.4300000000001,0.0,1.0,1049.989,75.0,0.25,30-39,2099.978,Discount buyer
521286,F,False,False,canada,hamilton,YHM,33,Ontario,8,1,1,1,0.0,1.0,1.0,627.07,0.0,1.0,627.07,112.0,0.125,30-39,1254.14,Indecisive
521293,F,True,False,usa,akron,AKR,34,Ondo,8,5,5,5,0.4,1.0,0.4,196.804,0.2,4.8,984.02,2584.8,0.625,30-39,1968.04,Not assigned
521331,F,False,False,usa,cleveland,CLE,63,Ohio,10,1,1,1,0.0,1.0,1.0,13.77,0.0,6.0,13.77,288.0,0.1,60-69,27.54,Indecisive
521392,F,True,False,usa,chicago,MDW,39,Illinois,8,2,1,2,0.0,1.0,0.0,321.28,0.5,6.0,321.28,1468.0,0.25,30-39,642.56,Not assigned
521404,F,False,False,usa,detroit,DTW,44,Michigan,8,5,4,5,0.2,1.25,0.5,304.10125,0.4,2.8,1581.28,2304.0,0.625,40-49,3162.56,Not assigned
521408,F,True,False,usa,san diego,NZY,55,California,8,2,2,2,1.0,1.0,1.0,661.6,1.0,6.5,1160.0265,2829.0,0.25,50-59,2320.053,Discount buyer
521416,F,True,False,usa,new york,JFK,46,New York,8,3,3,3,0.0,1.3333333333333333,0.6666666666666666,166.14833333333334,0.6666666666666666,1.0,551.6300000000001,1141.0,0.375,40-49,1103.2600000000002,Not assigned
521474,F,False,False,usa,san francisco,SFO,17,California,8,1,1,1,0.0,2.0,2.0,691.2,0.0,1.0,1382.4,144.0,0.125,10-19,2764.8,Indecisive
521491,F,False,False,usa,philadelphia,PNE,34,Pennsylvania,8,4,3,3,0.5,1.0,0.3333333333333333,309.0266666666667,0.0,4.333333333333333,927.0800000000002,4708.5,0.5,30-39,1854.1600000000003,Not assigned
521510,F,True,False,usa,chicago,MDW,49,Illinois,8,3,2,3,0.0,1.0,1.5,250.615,0.3333333333333333,2.0,501.23,959.0,0.375,40-49,1002.46,Not assigned
521657,F,False,False,canada,montreal,YUL,27,Quebec,8,3,2,3,0.0,1.0,1.0,616.87,0.3333333333333333,3.0,1233.74,1548.0,0.375,20-29,2467.48,Not assigned
521658,F,True,False,usa,new york,LGA,49,New York,9,5,4,5,0.0,1.0,0.0,400.935,0.2,2.4,1603.74,1437.0,0.5555555555555556,40-49,3207.48,Not assigned
521785,F,False,False,usa,los angeles,LAX,23,California,9,2,1,2,0.0,1.0,0.0,301.52,0.0,4.5,301.52,2505.0,0.2222222222222222,20-29,603.04,Not assigned
521814,F,True,True,canada,toronto,YKZ,42,Ontario,8,6,6,5,0.3333333333333333,1.1666666666666667,0.1666666666666666,327.52416666666664,0.2,2.4,2553.45,2153.85,0.75,40-49,5106.9,High Spenders
521859,M,False,False,usa,new york,LGA,40,New York,8,5,5,5,0.0,1.0,0.4,312.652,0.0,2.6,1563.26,1370.0,0.625,40-49,3126.52,Not assigned
521883,F,False,False,usa,tulsa,TUL,32,Oklahoma,9,3,3,1,0.3333333333333333,1.3333333333333333,1.0,362.58,0.0,2.0,1381.732,208.0,0.3333333333333333,30-39,2763.464,Not assigned
521884,F,False,True,usa,jacksonville,LRF,51,Arkansas,8,2,2,2,0.5,2.0,1.0,292.33333333333337,0.0,1.0,1560.38,805.0,0.25,50-59,3120.76,Family travelers
521885,M,True,True,usa,houston,HOU,44,Texas,8,2,2,2,0.0,1.0,1.0,363.625,0.5,2.0,727.25,960.0,0.25,40-49,1454.5,Not assigned
521904,F,False,True,usa,bakersfield,BFL,33,California,9,1,1,1,0.0,1.0,0.0,217.55,0.0,1.0,217.55,207.0,0.1111111111111111,30-39,435.1,Indecisive
521921,F,True,True,usa,san antonio,SAT,48,Texas,8,1,1,1,0.0,2.0,0.0,429.295,0.0,2.0,858.59,376.0,0.125,40-49,1717.18,Indecisive
521925,F,False,False,canada,edmonton,YED,41,,8,5,3,5,0.4,1.0,0.3333333333333333,444.1066666666666,0.6,5.0,1269.4475,4688.95,0.625,40-49,2538.895,Not assigned
521941,F,True,True,usa,new orleans,MSY,27,Louisiana,8,3,2,3,0.3333333333333333,1.0,0.5,409.955,0.3333333333333333,6.333333333333333,819.91,4346.0,0.375,20-29,1639.82,Not assigned
521943,F,True,False,usa,philadelphia,PNE,52,Pennsylvania,8,3,3,3,0.0,1.0,0.6666666666666666,514.9933333333333,0.0,2.6666666666666665,1544.98,1275.0,0.375,50-59,3089.96,Not assigned
521992,F,True,True,usa,los angeles,LAX,32,California,9,4,4,4,0.75,1.25,0.75,551.925,0.25,3.0,2611.734,2716.8,0.4444444444444444,30-39,5223.468,High Spenders
521997,F,True,False,usa,new york,JFK,31,New York,8,4,2,4,0.0,1.0,0.0,467.35,0.25,5.0,934.7,2314.0,0.5,30-39,1869.4,Not assigned
522111,F,False,True,usa,philadelphia,PHL,22,Pennsylvania,8,3,2,2,0.3333333333333333,1.5,0.5,439.27,0.5,5.0,1085.39,1332.0,0.375,20-29,2170.78,Not assigned
522115,M,False,True,usa,chicago,MDW,38,Illinois,8,3,3,3,0.3333333333333333,1.0,1.0,165.66,0.6666666666666666,3.333333333333333,496.98,2859.3,0.375,30-39,993.96,Not assigned
522134,F,False,True,usa,houston,IAH,17,Texas,8,0,0,0,,,,,,,,,0.0,10-19,,Indecisive
522152,F,False,True,usa,dallas,DAL,31,Texas,8,1,1,1,0.0,1.0,1.0,381.11,1.0,1.0,381.11,59.0,0.125,30-39,762.22,Indecisive
522171,F,False,False,usa,louisville,LOU,37,Kentucky,8,4,3,3,0.0,1.6666666666666667,0.6666666666666666,75.60888888888888,0.3333333333333333,7.333333333333333,379.62,4758.0,0.5,30-39,759.24,Long Stayers
522179,M,True,True,usa,dallas,DAL,40,Texas,8,3,3,2,0.3333333333333333,1.6666666666666667,1.0,244.79111111111112,0.5,2.5,789.7065,1089.0,0.375,40-49,1579.413,Family travelers
522223,F,True,True,usa,nashville,BNA,50,Tennessee,8,4,4,4,0.0,1.25,0.75,367.5700000000001,0.5,4.0,2002.56,3911.0,0.5,50-59,4005.12,Not assigned
522263,F,False,False,usa,oklahoma city,TIK,30,Oklahoma,8,2,2,2,0.5,1.0,0.0,378.655,0.5,3.0,698.246,1125.3,0.25,30-39,1396.492,Not assigned
522265,F,False,True,usa,bakersfield,BFL,41,California,8,4,3,4,0.5,1.0,0.3333333333333333,448.5233333333333,0.0,3.5,1345.57,1368.3,0.5,40-49,2691.14,Not assigned
522276,F,False,False,usa,anchorage,EDF,46,Alaska,8,2,2,2,0.0,2.0,1.5,833.25,0.5,1.5,3053.78,1688.0,0.25,40-49,6107.56,High Spenders
522286,F,False,False,canada,edmonton,YXD,45,,8,3,3,2,0.0,1.0,1.0,465.01,0.0,2.0,1395.03,606.0,0.375,40-49,2790.06,Not assigned
522323,F,False,False,usa,little rock,LIT,46,Arkansas,8,5,4,3,0.4,1.0,0.5,119.0325,0.0,3.6666666666666665,476.13,2251.6,0.625,40-49,952.26,Not assigned
522387,F,False,False,usa,louisville,LOU,22,Kentucky,8,1,0,1,0.0,,,,0.0,10.0,,4800.0,0.125,20-29,,Long Stayers
522420,F,True,False,usa,oakland,OAK,30,California,9,0,0,0,,,,,,,,,0.0,30-39,,Indecisive
522445,F,True,False,usa,stockton,SCK,46,California,9,2,1,2,0.0,1.0,0.0,570.93,1.0,8.5,570.93,7505.0,0.2222222222222222,40-49,1141.86,Long Stayers
522457,F,False,True,usa,san diego,NZY,36,California,8,6,6,5,0.1666666666666666,1.1666666666666667,0.5,499.7375,0.6,2.2,3585.706,3424.0,0.75,30-39,7171.412,High Spenders
522465,M,True,False,usa,new york,LGA,64,New York,8,4,3,3,0.25,1.0,1.3333333333333333,537.83,0.0,14.666666666666666,1470.452,5279.0,0.5,60-69,2940.904,Long Stayers
522484,F,True,False,usa,washington,DCA,50,Virginia,10,6,6,4,0.1666666666666666,1.5,0.0,373.5186111111111,0.25,4.75,2978.19,5073.0,0.6,50-59,5956.38,High Spenders
522533,F,False,False,usa,jacksonville,NCA,18,Turks and Caicos Islands,8,3,3,3,0.3333333333333333,1.0,0.0,1053.503333333333,0.3333333333333333,4.333333333333333,3160.51,1510.0,0.375,10-19,6321.02,High Spenders
522585,M,True,True,canada,edmonton,YED,40,,8,2,2,2,0.5,1.0,1.0,552.2049999999999,0.5,2.0,992.652,920.6,0.25,40-49,1985.304,Not assigned
522607,F,True,False,usa,miami,MIA,44,Florida,8,3,2,3,0.3333333333333333,1.0,1.0,322.18,0.3333333333333333,5.666666666666667,611.678,2679.8,0.375,40-49,1223.356,Not assigned
522633,F,False,False,usa,new york,LGA,38,New York,8,3,3,3,0.0,1.0,0.0,301.6166666666666,0.0,1.6666666666666667,904.85,1217.0,0.375,30-39,1809.7,Not assigned
522738,F,False,False,usa,chicago,UGN,39,Illinois,8,2,2,2,0.5,1.0,0.0,915.655,0.5,9.0,1781.361,2472.6,0.25,30-39,3562.722,Long Stayers
522748,F,True,False,usa,las vegas,LSV,43,Nevada,9,5,4,3,0.8,1.0,0.75,563.0975,0.0,5.0,2097.3475,3385.95,0.5555555555555556,40-49,4194.695,Not assigned
522761,M,False,False,usa,houston,HOU,39,Texas,8,2,2,2,0.0,1.5,0.5,301.3725,0.5,2.0,885.03,1120.0,0.25,30-39,1770.06,Not assigned
522800,F,False,False,usa,new york,LGA,28,New York,8,5,4,4,0.0,1.0,0.75,440.5725,0.0,4.0,1762.29,2643.0,0.625,20-29,3524.58,Not assigned
522873,F,False,True,canada,victoria,YYJ,32,British Columbia,8,1,1,0,0.0,1.0,1.0,807.06,,,807.06,,0.125,30-39,1614.12,Indecisive
522898,F,False,True,usa,honolulu,HNL,41,Hawaii,8,2,2,2,0.0,1.0,1.0,1483.3049999999998,0.5,9.0,2966.61,4058.0,0.25,40-49,5933.22,Long Stayers
522943,F,True,False,usa,los angeles,LAX,75,California,9,1,0,1,0.0,,,,1.0,3.0,,399.0,0.1111111111111111,70-79,,Indecisive
522970,F,False,False,usa,atlanta,ATL,43,Georgia,8,6,6,5,0.1666666666666666,1.0,0.3333333333333333,388.3933333333334,0.4,3.8,2270.594,2958.0,0.75,40-49,4541.188,High Spenders
522981,F,False,False,usa,atlanta,ATL,37,Georgia,8,5,5,4,0.4,1.0,0.6,231.542,0.5,3.0,1157.71,2905.2,0.625,30-39,2315.42,Not assigned
523030,F,False,False,usa,birmingham,BHM,34,Alabama,8,2,2,2,0.5,1.0,0.0,209.66,0.0,1.0,372.894,108.5,0.25,30-39,745.788,Not assigned
523057,F,False,False,usa,portland,PWM,68,Maine,8,0,0,0,,,,,,,,,0.0,60-69,,Indecisive
523073,F,True,True,usa,orlando,MCO,35,Florida,8,2,1,2,0.0,1.0,0.0,274.75,0.5,2.0,274.75,1016.0,0.25,30-39,549.5,Not assigned
523098,M,False,False,usa,miami,MIA,40,Florida,8,3,3,2,0.6666666666666666,1.0,0.3333333333333333,285.9266666666667,0.0,4.0,772.07,1473.0,0.375,40-49,1544.14,Not assigned
523146,F,False,True,usa,new york,LGA,48,New York,8,4,4,4,0.5,1.25,0.25,288.685,0.0,6.75,1079.945,5316.2,0.5,40-49,2159.89,Not assigned
523158,F,True,True,usa,san francisco,SFO,41,California,8,3,3,2,0.3333333333333333,1.0,0.6666666666666666,334.19,0.5,5.0,1002.57,1846.0,0.375,40-49,2005.14,Not assigned
523209,F,False,True,usa,lincoln,LNK,48,Nebraska,8,4,4,4,0.25,1.25,0.75,273.28875,0.5,3.0,1162.662,3031.0,0.5,40-49,2325.324,Not assigned
523231,F,False,False,usa,los angeles,LAX,42,California,8,4,4,4,0.0,1.0,0.5,449.8525,0.25,3.0,1799.41,1827.0,0.5,40-49,3598.82,Not assigned
523271,F,True,False,usa,los angeles,LAX,38,California,8,3,3,3,0.0,1.0,0.3333333333333333,603.5966666666667,0.3333333333333333,2.0,1810.79,791.0,0.375,30-39,3621.58,Not assigned
523273,F,True,False,canada,ottawa,YOW,51,Ontario,8,2,1,2,0.0,1.0,0.0,462.18,0.0,6.5,462.18,2109.0,0.25,50-59,924.36,Not assigned
523299,F,True,False,usa,seattle,BFI,59,Washington,8,0,0,0,,,,,,,,,0.0,50-59,,Indecisive
523335,F,False,False,usa,houston,IAH,28,Texas,8,3,3,2,0.3333333333333333,1.0,0.6666666666666666,185.67666666666665,0.5,5.0,557.03,1821.8,0.375,20-29,1114.06,Not assigned
523392,F,False,False,usa,houston,IAH,39,Texas,10,3,3,2,0.3333333333333333,1.3333333333333333,0.3333333333333333,331.3933333333333,0.0,2.0,1288.075,1150.0,0.3,30-39,2576.15,Not assigned
523395,F,False,False,usa,tucson,DMA,31,Arizona,8,3,3,3,0.3333333333333333,1.0,1.3333333333333333,442.26,0.3333333333333333,2.6666666666666665,1283.315,2098.0,0.375,30-39,2566.63,Not assigned
523442,F,True,True,usa,milwaukee,MKE,53,Wisconsin,8,4,3,4,0.0,1.0,1.0,214.29666666666665,0.25,4.0,642.89,2421.0,0.5,50-59,1285.78,Not assigned
523465,F,True,False,canada,montreal,YUL,49,Quebec,8,3,3,2,0.3333333333333333,1.0,0.3333333333333333,110.25,0.5,2.0,322.095,1751.0,0.375,40-49,644.19,Not assigned
523474,F,False,False,usa,houston,IAH,39,Texas,9,4,4,4,0.0,1.0,0.5,272.23,0.0,2.5,1088.92,1566.0,0.4444444444444444,30-39,2177.84,Not assigned
523513,F,True,True,usa,new york,JFK,53,New York,8,3,3,3,0.3333333333333333,1.0,0.6666666666666666,216.55,0.0,6.333333333333333,626.868,4019.0,0.375,50-59,1253.736,Not assigned
523526,F,False,False,usa,denver,DEN,27,Colorado,10,1,1,1,0.0,4.0,1.0,447.515,0.0,1.0,1790.06,364.0,0.1,20-29,3580.12,Indecisive
523546,M,False,True,usa,austin,AUS,58,Texas,8,3,2,2,0.0,1.0,0.5,198.325,0.0,4.0,396.65,1643.0,0.375,50-59,793.3,Not assigned
523619,F,True,True,canada,toronto,YZD,43,,8,2,1,2,0.5,2.0,1.0,65.33,0.5,8.5,130.66,3101.0,0.25,40-49,261.32,Long Stayers
523657,F,True,False,usa,winston-salem,INT,35,North Carolina,8,2,2,2,0.0,1.5,1.0,537.99,0.5,1.5,1719.8200000000002,470.0,0.25,30-39,3439.6400000000003,Not assigned
523686,F,True,True,canada,saskatoon,YXE,41,Saskatchewan,8,2,2,2,0.5,1.0,1.0,455.06000000000006,0.5,1.5,910.12,1006.55,0.25,40-49,1820.24,Not assigned
523717,F,False,False,usa,baltimore,BWI,41,Maryland,9,6,6,6,0.3333333333333333,1.0,0.1666666666666666,444.12000000000006,0.5,1.6666666666666667,2599.565,1831.8,0.6666666666666666,40-49,5199.13,High Spenders
523729,F,True,False,usa,kansas city,MCI,74,Missouri,8,1,0,1,0.0,,,,1.0,2.0,,314.0,0.125,70-79,,Indecisive
523735,F,True,True,canada,ottawa,YOW,54,Ontario,9,4,3,4,0.5,2.0,0.6666666666666666,528.4627777777778,0.25,5.5,3230.1290000000004,3175.6,0.4444444444444444,50-59,6460.258000000001,High Spenders
523756,F,False,False,usa,houston,HOU,27,Texas,8,5,4,5,0.2,1.5,0.5,322.17333333333335,0.0,2.2,1804.397,4472.0,0.625,20-29,3608.794,Not assigned
523824,F,False,False,usa,oklahoma city,OKC,21,Oklahoma,10,2,2,2,0.5,1.0,1.0,255.135,0.0,2.0,510.27,950.1,0.2,20-29,1020.54,Not assigned
523842,M,True,False,usa,lincoln,LNK,42,Nebraska,8,4,3,4,0.25,1.0,0.6666666666666666,343.99,0.25,5.5,1031.97,2476.0,0.5,40-49,2063.94,Not assigned
523845,F,False,True,usa,sacramento,MHR,42,California,8,5,4,3,0.4,1.25,0.25,417.54875,0.0,7.0,1979.803,1922.7,0.625,40-49,3959.606,Not assigned
523846,M,False,True,canada,montreal,YUL,25,Quebec,8,2,1,2,0.5,1.0,1.0,713.0,0.0,2.5,713.0,661.8,0.25,20-29,1426.0,Not assigned
523877,F,True,False,usa,los angeles,LAX,50,California,8,4,4,4,0.0,1.0,0.75,562.8075,0.5,3.0,2251.23,1493.0,0.5,50-59,4502.46,High Spenders
523938,F,True,False,usa,new york,JFK,21,New York,8,2,2,2,0.0,1.5,2.0,333.1025,0.0,3.0,1267.81,1381.0,0.25,20-29,2535.62,Not assigned
524012,F,True,False,usa,new york,LGA,41,New York,8,4,3,4,0.0,1.0,0.6666666666666666,169.58666666666667,0.25,4.75,508.76,6876.0,0.5,40-49,1017.52,Not assigned
524031,F,True,False,usa,denver,DEN,36,Colorado,8,4,4,3,0.25,1.25,0.75,361.505,0.0,3.333333333333333,1735.576,1559.0,0.5,30-39,3471.152,Not assigned
524036,F,False,False,usa,new york,LGA,31,New York,8,3,2,2,1.0,1.0,1.0,426.76,0.0,5.5,853.52,1331.2,0.375,30-39,1707.04,Discount buyer
524052,F,False,False,usa,santa ana,SNA,41,California,8,3,3,3,0.6666666666666666,1.0,0.6666666666666666,495.6166666666666,0.3333333333333333,3.0,1446.77,818.0999999999999,0.375,40-49,2893.54,Not assigned
524080,F,False,False,usa,los angeles,LAX,35,California,10,4,4,3,0.5,1.25,0.0,452.3875000000001,0.3333333333333333,3.6666666666666665,2080.999,1606.0,0.4,30-39,4161.998,Not assigned
524120,F,False,False,usa,honolulu,HNL,39,Hawaii,8,4,4,4,0.5,1.0,0.75,1135.84,0.25,6.0,4252.071,2857.0,0.5,30-39,8504.142,High Spenders
524151,M,False,False,usa,new york,JFK,23,New York,8,3,2,2,0.0,1.0,1.0,93.575,1.0,2.5,187.15,1067.0,0.375,20-29,374.3,Not assigned
524194,F,False,False,usa,richmond,RIC,34,Virginia,8,1,1,1,0.0,1.0,0.0,392.99,1.0,2.0,392.99,110.0,0.125,30-39,785.98,Indecisive
524200,F,True,False,usa,new york,LGA,54,New York,8,4,4,4,0.5,1.0,0.5,118.365,0.5,3.75,473.46,4738.5,0.5,50-59,946.92,Not assigned
524214,F,False,False,usa,st. louis,STL,32,Missouri,8,2,1,1,0.0,1.0,0.0,188.57,0.0,4.0,188.57,1184.0,0.25,30-39,377.14,Not assigned
524226,F,True,True,usa,new york,LGA,45,New York,8,4,4,4,1.0,1.0,0.25,296.3275,0.0,1.75,1110.4065,1083.0,0.5,40-49,2220.813,Discount buyer
524278,M,False,True,usa,portland,PWM,32,Maine,8,2,1,2,0.0,1.0,1.0,67.26,0.5,4.5,67.26,1725.0,0.25,30-39,134.52,Not assigned
524318,F,False,True,usa,columbus,LCK,24,Ohio,8,0,0,0,,,,,,,,,0.0,20-29,,Indecisive
524328,F,False,True,usa,new york,LGA,33,New York,8,2,2,2,0.5,1.0,0.5,675.4749999999999,0.0,3.5,1350.9499999999998,1469.75,0.25,30-39,2701.8999999999996,Not assigned
524358,F,False,True,usa,houston,HOU,36,Texas,9,2,2,2,0.0,2.0,0.5,372.11,0.5,1.5,1518.0,842.0,0.2222222222222222,30-39,3036.0,Family travelers
524407,F,False,False,canada,montreal,YMX,48,Quebec,8,3,3,3,0.0,1.0,0.6666666666666666,485.2333333333333,0.3333333333333333,6.333333333333333,1455.6999999999998,2310.0,0.375,40-49,2911.3999999999996,Not assigned
524448,F,True,True,canada,ottawa,YOW,51,Ontario,8,1,1,0,1.0,1.0,0.0,585.03,,,555.7784999999999,,0.125,50-59,1111.5569999999998,Indecisive
524473,M,True,False,usa,santa ana,SNA,50,California,8,3,2,3,0.6666666666666666,1.0,0.5,525.53,0.0,3.333333333333333,732.0415,3287.9,0.375,50-59,1464.083,Not assigned
524511,F,False,False,usa,los angeles,LAX,54,California,9,3,2,3,0.3333333333333333,1.0,1.5,509.8250000000001,0.0,1.6666666666666667,1019.65,1692.0,0.3333333333333333,50-59,2039.3,Not assigned
524607,F,True,False,usa,los angeles,LAX,36,California,8,5,5,3,0.0,1.0,0.6,654.434,0.3333333333333333,2.6666666666666665,3272.17,2022.0,0.625,30-39,6544.34,High Spenders
524615,F,True,False,usa,chicago,UGN,52,Illinois,8,3,3,3,0.0,1.0,0.3333333333333333,143.71,0.3333333333333333,2.333333333333333,431.13,969.0,0.375,50-59,862.26,Not assigned
524620,F,False,False,usa,corpus christi,CRP,30,Texas,10,3,3,3,0.3333333333333333,1.0,0.0,410.03,0.0,1.6666666666666667,1230.09,883.4,0.3,30-39,2460.18,Not assigned
524628,M,True,False,usa,los angeles,LAX,49,California,8,3,3,3,0.0,1.0,0.0,370.8533333333333,0.3333333333333333,2.333333333333333,1112.56,860.0,0.375,40-49,2225.12,Not assigned
524637,F,False,False,usa,new york,JFK,37,New York,8,3,3,3,0.0,1.0,1.0,357.3766666666667,0.6666666666666666,2.6666666666666665,1072.13,839.0,0.375,30-39,2144.26,Not assigned
524644,F,False,False,canada,ottawa,YOW,33,Ontario,8,3,2,2,0.0,1.0,0.0,515.84,0.0,6.5,1031.68,7810.0,0.375,30-39,2063.36,Not assigned
524650,F,False,False,usa,chicago,MDW,29,Illinois,9,2,2,2,0.0,1.0,0.5,62.375,0.0,2.0,124.75,958.0,0.2222222222222222,20-29,249.5,Not assigned
524663,F,True,True,usa,new york,JFK,37,New York,8,1,1,1,0.0,1.0,0.0,775.34,1.0,4.0,775.34,128.0,0.125,30-39,1550.68,Indecisive
524682,F,True,False,usa,birmingham,BHM,47,Alabama,8,2,2,2,0.0,1.5,1.0,415.45,0.0,2.0,988.07,1224.0,0.25,40-49,1976.14,Not assigned
524805,F,True,True,usa,sacramento,SAC,36,California,8,3,2,3,0.3333333333333333,1.0,0.5,380.145,0.3333333333333333,1.3333333333333333,746.988,906.0,0.375,30-39,1493.976,Not assigned
524821,F,True,True,usa,rochester,ROC,27,New York,8,1,1,0,0.0,2.0,2.0,71.44,,,142.88,,0.125,20-29,285.76,Indecisive
524849,F,True,True,canada,edmonton,YEG,49,Alberta,8,3,2,3,0.6666666666666666,1.0,0.5,529.595,0.3333333333333333,6.0,1059.19,2642.4,0.375,40-49,2118.38,Not assigned
524880,F,True,True,canada,toronto,YKZ,40,Ontario,8,0,0,0,,,,,,,,,0.0,40-49,,Indecisive
524885,F,False,False,usa,jacksonville,LRF,39,Arkansas,8,0,0,0,,,,,,,,,0.0,30-39,,Indecisive
524913,F,True,False,canada,toronto,YTZ,20,Ontario,9,1,0,1,0.0,,,,0.0,8.0,,9816.0,0.1111111111111111,20-29,,Long Stayers
524923,F,False,False,usa,winston-salem,INT,30,North Carolina,8,3,3,1,0.0,1.3333333333333333,0.3333333333333333,474.2483333333333,0.0,1.0,2083.24,138.0,0.375,30-39,4166.48,Not assigned
524929,F,False,False,usa,st. petersburg,SPG,43,Florida,9,4,4,4,0.5,1.5,0.75,354.3233333333333,0.0,2.5,1906.7815,3009.0,0.4444444444444444,40-49,3813.563,Not assigned
525043,F,True,False,usa,houston,EFD,39,Texas,9,3,3,3,0.0,1.0,0.0,362.64333333333326,0.6666666666666666,1.3333333333333333,1087.9299999999998,570.0,0.3333333333333333,30-39,2175.8599999999997,Not assigned
525053,F,True,False,canada,calgary,YYC,48,Alberta,8,3,3,3,0.6666666666666666,1.0,0.3333333333333333,506.14,0.3333333333333333,1.3333333333333333,1434.3375,473.3,0.375,40-49,2868.675,Not assigned
525056,F,False,False,usa,new york,LGA,37,New York,8,4,4,4,0.5,1.5,0.5,349.035,0.0,3.5,2747.32,3587.1,0.5,30-39,5494.64,High Spenders
525089,F,True,False,usa,seattle,BFI,42,Washington,9,4,4,4,0.25,1.5,0.25,528.9762499999999,0.25,2.75,3399.2515,2394.0,0.4444444444444444,40-49,6798.503,High Spenders
525102,F,False,True,usa,st. louis,STL,36,Missouri,8,5,4,5,0.4,1.0,0.5,352.8225,0.2,9.8,1327.448,7503.6,0.625,30-39,2654.896,Long Stayers
525175,M,True,False,usa,stockton,SCK,84,California,8,1,0,1,0.0,,,,0.0,3.0,,1218.0,0.125,80-89,,Indecisive
525234,F,False,False,usa,houston,HOU,54,Texas,8,3,2,3,1.0,1.0,0.0,459.625,0.3333333333333333,4.666666666666667,876.1980000000001,3337.35,0.375,50-59,1752.3960000000002,Discount buyer
525244,M,False,False,usa,new york,JFK,31,New York,9,2,1,2,0.5,1.0,0.0,398.97,1.0,2.5,398.97,2250.9,0.2222222222222222,30-39,797.94,Not assigned
525265,M,True,False,usa,houston,EFD,45,Texas,9,3,3,3,0.6666666666666666,1.3333333333333333,1.3333333333333333,368.8966666666667,0.0,1.6666666666666667,1356.244,822.8000000000001,0.3333333333333333,40-49,2712.488,Not assigned
525281,F,False,False,usa,chicago,MDW,37,Illinois,8,5,5,5,0.4,1.4,0.4,210.75,1.0,3.8,1423.617,2967.0,0.625,30-39,2847.234,Not assigned
525323,F,False,False,usa,memphis,MEM,30,Tennessee,8,2,2,2,0.0,1.0,1.0,365.97,0.0,5.0,731.94,2852.0,0.25,30-39,1463.88,Not assigned
525332,F,False,False,canada,toronto,YKZ,30,Ontario,8,4,4,4,0.25,1.25,0.75,210.37875,0.25,4.75,913.1145,5061.0,0.5,30-39,1826.229,Not assigned
525356,F,True,True,usa,los angeles,LAX,51,California,8,3,3,3,0.0,1.0,0.3333333333333333,674.4933333333333,0.3333333333333333,1.6666666666666667,2023.48,3271.0,0.375,50-59,4046.96,Not assigned
525410,F,False,False,usa,san diego,NZY,31,California,8,4,4,4,0.0,1.0,0.5,151.095,0.5,1.75,604.38,916.0,0.5,30-39,1208.76,Not assigned
525447,F,False,False,usa,tucson,DMA,54,Arizona,9,4,3,4,0.5,1.0,0.0,628.5733333333334,0.0,4.0,1885.72,2111.2,0.4444444444444444,50-59,3771.44,Not assigned
525515,F,False,True,canada,toronto,YTZ,32,Ontario,8,4,4,4,0.25,1.25,0.75,97.52,0.0,3.75,494.45,3082.5,0.5,30-39,988.9,Not assigned
525555,F,False,True,canada,hamilton,YHM,41,Ontario,9,2,2,2,0.0,1.0,0.5,488.76,0.0,1.5,977.52,315.0,0.2222222222222222,40-49,1955.04,Not assigned
525611,F,False,False,usa,miami,TNT,39,Florida,8,5,4,5,0.0,1.0,1.0,398.4225,0.2,5.4,1593.69,2859.0,0.625,30-39,3187.38,Not assigned
525615,F,False,False,usa,denver,DEN,34,Colorado,8,6,5,5,0.3333333333333333,1.0,0.8,314.65,0.0,2.4,1554.75,1922.5,0.75,30-39,3109.5,Not assigned
525631,M,False,False,usa,new york,JFK,45,New York,8,2,1,2,0.0,2.0,1.0,717.515,0.5,6.0,1435.03,1314.0,0.25,40-49,2870.06,Not assigned
525647,F,True,True,canada,edmonton,YED,62,,8,0,0,0,,,,,,,,,0.0,60-69,,Indecisive
525684,F,True,True,usa,miami,TNT,51,Florida,8,4,3,3,0.25,2.0,0.3333333333333333,455.04222222222216,1.0,3.0,2236.368,3408.9,0.5,50-59,4472.736,High Spenders
525716,F,True,False,usa,oklahoma city,TIK,54,Oklahoma,8,4,3,4,0.5,1.0,1.0,339.17,0.0,6.0,994.908,3577.8,0.5,50-59,1989.816,Not assigned
525722,F,False,False,usa,phoenix,LUF,50,Arizona,9,5,5,4,0.2,1.2,0.2,254.208,0.25,1.25,1485.302,1061.1,0.5555555555555556,50-59,2970.604,Not assigned
525734,F,False,True,usa,houston,HOU,34,Texas,8,2,1,2,0.0,1.0,1.0,231.85,0.0,4.5,231.85,1600.0,0.25,30-39,463.7,Not assigned
525789,F,True,False,usa,birmingham,BHM,59,Alabama,9,4,3,4,0.5,1.0,0.3333333333333333,447.58,0.0,3.25,1342.74,1956.8,0.4444444444444444,50-59,2685.48,Not assigned
525824,F,True,False,usa,detroit,YIP,38,Michigan,9,2,2,1,0.5,1.5,1.0,427.75,1.0,8.0,1315.8159999999998,4304.0,0.2222222222222222,30-39,2631.6319999999996,Long Stayers
525864,F,True,True,usa,minneapolis,MSP,42,Minnesota,9,2,2,2,0.0,1.5,0.5,291.1,0.0,1.0,848.95,470.0,0.2222222222222222,40-49,1697.9,Not assigned
525879,F,False,True,usa,new york,LGA,38,New York,8,4,4,4,0.0,1.0,1.0,163.0525,0.25,3.5,652.21,2956.0,0.5,30-39,1304.42,Not assigned
526032,F,False,True,canada,windsor,YQG,35,Ontario,8,0,0,0,,,,,,,,,0.0,30-39,,Indecisive
526079,F,True,False,usa,salt lake city,SLC,49,Utah,8,3,3,1,0.3333333333333333,1.0,1.0,324.23,0.0,4.0,914.977,680.0,0.375,40-49,1829.954,Not assigned
526144,F,False,True,usa,chicago,MDW,42,Illinois,8,5,5,4,0.4,1.2,0.6,314.13,0.0,3.5,1753.0635,3105.9,0.625,40-49,3506.127,Not assigned
526179,M,False,False,usa,colorado springs,COS,40,Colorado,9,5,5,4,0.0,1.0,0.8,325.216,0.25,3.75,1626.08,2271.0,0.5555555555555556,40-49,3252.16,Not assigned
526184,F,False,False,canada,montreal,YMX,23,Quebec,8,1,0,1,1.0,,,,1.0,6.0,,2370.6,0.125,20-29,,Indecisive
526203,F,True,True,usa,new york,LGA,32,New York,9,3,3,2,0.3333333333333333,1.0,0.6666666666666666,230.1966666666667,0.0,8.5,642.948,2147.0,0.3333333333333333,30-39,1285.896,Long Stayers
526221,F,True,False,usa,oklahoma city,OKC,65,Oklahoma,8,1,1,1,1.0,1.0,1.0,378.52,0.0,8.0,321.742,1160.0,0.125,60-69,643.484,Long Stayers
526291,F,False,False,usa,orlando,MCO,31,Florida,8,0,0,0,,,,,,,,,0.0,30-39,,Indecisive
526303,F,True,True,usa,mobile,MOB,21,Alabama,8,2,0,2,0.0,,,,0.0,7.0,,2788.0,0.25,20-29,,Only Hotel
526308,F,True,False,canada,toronto,YYZ,44,Ontario,8,4,4,3,0.0,1.0,0.5,277.4975,0.0,4.333333333333333,1109.99,1339.0,0.5,40-49,2219.98,Not assigned
526354,F,True,False,usa,boston,BOS,48,Massachusetts,9,4,4,4,0.25,1.25,0.25,337.72625,0.5,5.0,1594.1170000000002,5617.0,0.4444444444444444,40-49,3188.2340000000004,Not assigned
526431,F,False,False,usa,charlotte,CLT,41,North Carolina,9,5,3,5,0.2,1.3333333333333333,0.3333333333333333,400.695,0.4,6.0,1856.96,3235.0,0.5555555555555556,40-49,3713.92,Not assigned
526435,F,True,False,usa,anchorage,MRI,69,Alaska,8,0,0,0,,,,,,,,,0.0,60-69,,Indecisive
526445,F,False,False,usa,tampa,MCF,48,Florida,9,3,2,3,0.0,1.0,0.5,260.015,0.0,1.6666666666666667,520.03,656.0,0.3333333333333333,40-49,1040.06,Not assigned
526471,M,False,False,usa,washington,IAD,41,Virginia,8,6,6,4,0.3333333333333333,1.1666666666666667,0.6666666666666666,316.00166666666667,0.0,4.0,1912.415,6155.5,0.75,40-49,3824.83,Not assigned
526492,F,True,False,usa,dallas,DAL,44,Texas,9,5,3,4,0.6,1.0,0.3333333333333333,373.75666666666666,0.25,8.25,1076.967,5845.799999999999,0.5555555555555556,40-49,2153.934,Long Stayers
526570,F,False,False,usa,seattle,BFI,52,Washington,8,4,4,3,0.25,1.5,0.5,395.63875,0.6666666666666666,2.333333333333333,1982.26,3268.0,0.5,50-59,3964.52,Not assigned
526628,F,True,True,canada,montreal,YHU,42,Quebec,8,5,5,4,0.2,1.2,0.8,435.191,0.25,1.75,2509.1095,2052.0,0.625,40-49,5018.219,High Spenders
526683,F,True,False,usa,kansas city,MCI,41,Missouri,8,3,3,2,0.0,1.0,0.6666666666666666,284.96666666666664,0.5,7.0,854.9,3374.0,0.375,40-49,1709.8,Not assigned
526727,F,True,True,usa,memphis,MEM,63,Tennessee,9,1,1,1,0.0,1.0,1.0,238.57,1.0,2.0,238.57,498.0,0.1111111111111111,60-69,477.14,Indecisive
526729,F,False,False,usa,new york,JFK,45,New York,8,4,3,4,0.25,1.0,0.3333333333333333,296.5466666666667,0.5,4.5,818.9525,4508.0,0.5,40-49,1637.905,Not assigned
526759,F,True,False,usa,washington,IAD,43,Virginia,8,1,1,1,1.0,2.0,1.0,104.755,0.0,3.0,199.0345,1146.0,0.125,40-49,398.069,Indecisive
526782,F,False,False,canada,montreal,YHU,29,Quebec,8,2,2,2,0.0,1.5,0.5,153.12,0.0,2.5,518.77,1078.0,0.25,20-29,1037.54,Not assigned
526872,F,True,False,usa,st. petersburg,SPG,70,Florida,8,1,0,1,0.0,,,,0.0,8.0,,904.0,0.125,70-79,,Long Stayers
526873,F,False,False,canada,london,YXU,41,Ontario,8,3,2,3,0.6666666666666666,1.0,1.0,445.915,0.0,4.333333333333333,891.83,2941.1,0.375,40-49,1783.66,Not assigned
526900,F,True,False,usa,new orleans,NBG,52,Louisiana,8,3,3,2,0.6666666666666666,1.0,0.6666666666666666,292.7133333333333,0.5,1.5,878.14,253.6,0.375,50-59,1756.28,Not assigned
526905,F,False,False,usa,chicago,UGN,53,Illinois,8,5,4,4,0.2,1.0,0.75,188.0025,0.0,4.25,752.01,2627.8,0.625,50-59,1504.02,Not assigned
526913,F,True,True,usa,san francisco,SFO,55,California,8,5,4,4,0.2,1.0,0.5,646.4749999999999,0.25,2.5,2511.0785,2057.0,0.625,50-59,5022.157,High Spenders
526970,F,False,False,canada,ottawa,YOW,38,Ontario,8,4,2,4,0.0,1.5,0.5,273.465,0.25,3.0,897.1999999999999,1855.0,0.5,30-39,1794.3999999999999,Not assigned
527004,F,True,False,usa,new york,LGA,45,New York,8,2,2,2,0.5,1.5,0.0,565.0325,0.5,2.5,1888.3,1111.8,0.25,40-49,3776.6,Not assigned
527019,F,False,False,usa,dallas,DAL,19,Texas,8,2,1,2,1.0,1.0,1.0,72.66,0.0,4.0,72.66,4415.65,0.25,10-19,145.32,Youngs
527038,F,True,False,canada,calgary,YYC,40,Alberta,8,4,4,2,0.5,1.25,0.75,394.57625,0.5,5.0,1727.835,2611.6,0.5,40-49,3455.67,Not assigned
527075,M,True,True,canada,edmonton,YXD,53,,8,3,3,3,0.0,1.3333333333333333,1.0,355.95166666666665,0.0,4.0,1592.37,2362.0,0.375,50-59,3184.74,Not assigned
527130,F,True,False,usa,los angeles,LAX,64,California,8,2,1,2,0.5,1.0,0.0,679.22,0.0,18.0,679.22,11942.4,0.25,60-69,1358.44,Long Stayers
527132,M,False,False,usa,chicago,UGN,52,Illinois,8,2,2,2,0.5,1.0,0.0,80.69,0.5,3.0,160.386,927.0,0.25,50-59,320.772,Not assigned
527133,F,False,False,usa,lubbock,LBB,47,Texas,9,4,3,4,0.5,1.0,1.0,375.1833333333333,0.0,3.75,1125.55,1104.4,0.4444444444444444,40-49,2251.1,Not assigned
527154,F,False,False,usa,denver,DEN,35,Colorado,8,2,2,2,0.5,1.0,1.0,384.305,0.5,3.5,742.358,2311.0,0.25,30-39,1484.716,Not assigned
527197,M,False,False,canada,hamilton,YHM,24,Ontario,8,3,2,3,0.3333333333333333,1.5,0.5,342.9825,0.0,8.0,1355.5,11710.5,0.375,20-29,2711.0,Long Stayers
527219,F,False,False,usa,long beach,LGB,24,California,8,1,1,1,0.0,1.0,1.0,591.51,1.0,3.0,591.51,891.0,0.125,20-29,1183.02,Indecisive
527232,F,True,False,usa,houston,EFD,54,Texas,8,2,2,2,0.0,1.0,0.0,169.46499999999995,0.0,2.5,338.92999999999995,478.0,0.25,50-59,677.8599999999999,Not assigned
527253,F,False,False,canada,toronto,YZD,41,,8,6,5,5,0.1666666666666666,1.0,0.6,278.896,0.2,5.8,1394.48,4115.0,0.75,40-49,2788.96,Not assigned
527326,F,True,False,usa,tacoma,TCM,56,Washington,9,3,2,2,0.3333333333333333,3.0,1.0,235.84833333333336,0.0,1.0,1289.024,820.0,0.3333333333333333,50-59,2578.048,Not assigned
527344,F,True,False,usa,memphis,MEM,57,Tennessee,10,2,1,2,0.0,1.0,0.0,252.47,0.5,2.5,252.47,1915.0,0.2,50-59,504.94,Not assigned
527346,F,True,False,canada,toronto,YKZ,46,Ontario,8,3,3,2,0.0,2.0,0.3333333333333333,364.23277777777776,0.5,2.0,2679.41,1159.0,0.375,40-49,5358.82,High Spenders
527389,F,False,True,usa,boston,BOS,33,Massachusetts,8,2,0,2,0.0,,,,0.0,3.0,,696.0,0.25,30-39,,Only Hotel
527396,M,False,False,usa,austin,AUS,40,Texas,9,3,2,3,0.6666666666666666,1.0,1.0,375.285,0.0,12.666666666666666,675.513,3842.0,0.3333333333333333,40-49,1351.026,Long Stayers
527406,F,False,False,usa,austin,AUS,39,Texas,8,3,3,2,0.3333333333333333,1.0,0.3333333333333333,460.9766666666667,0.5,9.5,1382.93,2429.2,0.375,30-39,2765.86,Long Stayers
527445,M,False,False,usa,los angeles,LAX,17,California,8,0,0,0,,,,,,,,,0.0,10-19,,Indecisive
527451,F,False,False,canada,toronto,YKZ,31,Ontario,8,3,3,3,0.3333333333333333,1.0,0.6666666666666666,109.53000000000002,0.0,1.6666666666666667,328.59000000000003,930.45,0.375,30-39,657.1800000000001,Not assigned
527507,M,True,True,usa,san francisco,SFO,42,California,8,4,3,3,0.5,1.0,0.6666666666666666,788.1700000000001,0.3333333333333333,7.666666666666667,2364.51,2883.7,0.5,40-49,4729.02,Long Stayers
527524,F,False,False,canada,halifax,YHZ,24,Nova Scotia,8,1,0,1,0.0,,,,0.0,8.0,,3792.0,0.125,20-29,,Long Stayers
527536,F,True,False,usa,richmond,RIC,74,Virginia,8,1,1,0,1.0,2.0,1.0,85.0,,,170.0,,0.125,70-79,340.0,Indecisive
527541,F,True,False,canada,london,YXU,40,Ontario,9,1,0,1,0.0,,,,0.0,11.0,,550.0,0.1111111111111111,40-49,,Long Stayers
527552,F,True,True,usa,portland,PDX,57,Oregon,9,1,0,1,1.0,,,,0.0,7.0,,700.0,0.1111111111111111,50-59,,Indecisive
527564,F,True,False,canada,gatineau,YND,36,Quebec,8,4,3,3,0.0,1.0,0.6666666666666666,362.66,0.6666666666666666,6.666666666666667,1087.98,4204.0,0.5,30-39,2175.96,Not assigned
527585,F,False,False,usa,minneapolis,MSP,40,Minnesota,8,4,4,4,0.25,1.5,0.25,263.5625,0.25,2.5,1645.5895,3215.0,0.5,40-49,3291.179,Not assigned
527605,F,False,False,canada,toronto,YKZ,33,Ontario,8,3,3,2,0.3333333333333333,1.0,0.3333333333333333,452.5,0.0,3.5,1322.932,855.0,0.375,30-39,2645.864,Not assigned
527689,M,False,False,usa,new orleans,NBG,19,Louisiana,8,1,0,1,1.0,,,,1.0,13.0,,2000.7,0.125,10-19,,Long Stayers
527735,M,False,False,usa,new york,LGA,21,New York,8,1,1,1,1.0,1.0,1.0,729.63,1.0,2.0,729.63,559.8000000000001,0.125,20-29,1459.26,Indecisive
527782,F,False,True,usa,memphis,MEM,40,Tennessee,8,3,2,2,0.0,1.0,0.5,508.405,0.5,4.0,1016.81,1403.0,0.375,40-49,2033.62,Not assigned
527783,F,False,False,usa,indianapolis,IND,45,Gujarat,8,2,2,2,0.0,1.0,0.5,272.685,0.0,7.0,545.37,1763.0,0.25,40-49,1090.74,Not assigned
527824,F,True,False,usa,new york,JFK,45,New York,8,5,5,5,0.0,1.0,0.8,369.142,0.0,1.4,1845.71,498.0,0.625,40-49,3691.42,Not assigned
527850,M,True,True,usa,san antonio,SKF,37,Texas,8,5,3,5,0.6,1.0,0.6666666666666666,465.11,0.0,4.6,1270.28,6460.5,0.625,30-39,2540.56,Not assigned
527886,F,True,False,usa,wichita,IAB,45,Kansas,10,3,1,3,0.3333333333333333,1.0,1.0,374.71,0.3333333333333333,11.666666666666666,374.71,4204.65,0.3,40-49,749.42,Long Stayers
527944,M,False,False,usa,san diego,NZY,36,California,8,4,4,4,0.25,1.0,0.75,534.0925,0.5,3.25,2111.874,2238.0,0.5,30-39,4223.748,Not assigned
527987,F,False,True,canada,hamilton,YHM,51,Ontario,9,4,4,3,0.0,1.0,0.75,177.9425,0.6666666666666666,2.333333333333333,711.77,994.0,0.4444444444444444,50-59,1423.54,Not assigned
528105,F,False,False,usa,san jose,SJC,31,California,8,4,3,4,0.0,1.0,0.6666666666666666,646.18,0.25,3.75,1938.54,2347.0,0.5,30-39,3877.08,Not assigned
528122,F,False,True,canada,toronto,YYZ,37,Ontario,8,5,5,5,0.4,1.2,0.6,167.547,0.4,3.0,1184.901,7155.8,0.625,30-39,2369.802,Not assigned
528137,F,True,False,usa,sacramento,MCC,68,California,8,0,0,0,,,,,,,,,0.0,60-69,,Indecisive
528139,F,False,True,usa,corpus christi,CRP,26,Texas,8,1,0,1,0.0,,,,1.0,9.0,,2808.0,0.125,20-29,,Long Stayers
528158,F,True,False,usa,columbus,CMH,49,Ohio,8,3,3,1,0.3333333333333333,1.0,0.3333333333333333,318.9166666666667,0.0,3.0,956.75,373.35,0.375,40-49,1913.5,Not assigned
528164,M,True,False,usa,san francisco,SFO,46,California,8,6,5,3,0.3333333333333333,1.2,0.8,499.975,0.0,4.0,2585.69,1501.0,0.75,40-49,5171.38,High Spenders
528186,F,False,False,usa,denver,DEN,42,Colorado,8,4,4,4,0.25,1.0,0.0,315.7175,0.25,2.0,1236.5929999999998,1395.0,0.5,40-49,2473.1859999999997,Not assigned
528216,F,True,True,usa,houston,EFD,50,Texas,8,3,3,3,0.3333333333333333,1.0,0.6666666666666666,332.9066666666667,0.3333333333333333,2.0,998.72,630.85,0.375,50-59,1997.44,Not assigned
528242,M,True,True,usa,indianapolis,IND,27,Gujarat,9,3,3,2,0.0,1.0,0.6666666666666666,176.35,0.5,1.5,529.05,458.0,0.3333333333333333,20-29,1058.1,Not assigned
528354,M,True,True,canada,windsor,YQG,54,Ontario,8,3,3,3,0.3333333333333333,1.0,0.6666666666666666,405.3633333333333,1.0,3.0,1216.09,786.0,0.375,50-59,2432.18,Not assigned
528372,F,False,True,usa,san antonio,SAT,24,Texas,8,1,0,1,1.0,,,,0.0,11.0,,1881.0,0.125,20-29,,Long Stayers
528379,F,True,True,usa,new york,LGA,49,New York,8,2,2,2,0.5,1.0,1.0,562.245,0.5,1.0,1019.2365,355.0,0.25,40-49,2038.473,Not assigned
528411,F,True,False,usa,milwaukee,MKE,43,Wisconsin,8,4,4,3,0.25,1.0,1.0,165.0875,0.3333333333333333,1.3333333333333333,635.0540000000001,1208.0,0.5,40-49,1270.1080000000002,Not assigned
528417,F,False,False,usa,oakland,OAK,51,California,8,2,2,2,0.5,1.0,0.5,520.89,0.5,2.0,1041.78,407.2,0.25,50-59,2083.56,Not assigned
528455,F,True,True,usa,fresno,FAT,46,California,9,3,3,3,0.3333333333333333,1.0,0.6666666666666666,592.3933333333333,0.3333333333333333,6.333333333333333,1649.514,3531.2,0.3333333333333333,40-49,3299.028,Not assigned
528500,F,False,False,usa,cincinnati,LUK,40,Ohio,8,0,0,0,,,,,,,,,0.0,40-49,,Indecisive
528528,M,False,False,usa,charlotte,CLT,16,North Carolina,8,1,1,1,0.0,1.0,0.0,185.81,0.0,4.0,185.81,616.0,0.125,10-19,371.62,Indecisive
528612,F,True,True,usa,boston,BOS,38,Massachusetts,8,2,2,2,0.5,1.0,0.5,426.65,0.0,1.0,847.014,372.0,0.25,30-39,1694.028,Not assigned
528657,F,False,False,usa,st. louis,STL,39,Missouri,8,4,4,4,0.0,1.0,0.75,295.5325,0.5,3.75,1182.13,4191.0,0.5,30-39,2364.26,Not assigned
528683,F,True,False,usa,houston,HOU,50,Texas,9,2,1,2,0.5,1.0,0.0,274.63,0.5,8.0,274.63,3792.0,0.2222222222222222,50-59,549.26,Long Stayers
528723,F,False,True,canada,calgary,YYC,34,Alberta,8,4,3,4,0.0,1.6666666666666667,1.0,350.25333333333333,0.0,7.0,1725.48,3910.0,0.5,30-39,3450.96,Family travelers
528744,M,False,False,usa,san francisco,SFO,47,California,8,4,3,4,0.25,1.0,0.6666666666666666,476.11666666666673,0.0,2.75,1428.35,2109.05,0.5,40-49,2856.7,Not assigned
528777,F,True,False,usa,new york,LGA,47,New York,8,4,3,4,0.25,1.3333333333333333,0.6666666666666666,189.4033333333333,0.25,3.5,649.23,4136.0,0.5,40-49,1298.46,Not assigned
528816,F,True,True,usa,san antonio,SAT,53,Texas,8,5,5,5,0.0,1.2,0.8,278.812,0.4,6.0,1640.69,14926.0,0.625,50-59,3281.38,Not assigned
528826,F,False,False,usa,san francisco,SFO,30,California,8,2,2,2,0.0,1.0,0.5,286.795,0.5,1.5,573.59,430.0,0.25,30-39,1147.18,Not assigned
528827,F,True,True,usa,st. petersburg,SPG,50,Florida,8,4,3,4,0.75,1.0,0.3333333333333333,277.2866666666667,0.25,3.5,745.7165,2027.4,0.5,50-59,1491.433,Not assigned
528839,F,False,False,usa,baltimore,BWI,32,Maryland,8,1,1,0,1.0,1.0,0.0,53.62,,,53.62,,0.125,30-39,107.24,Indecisive
528844,F,False,False,usa,houston,IAH,35,Texas,9,2,2,2,0.5,1.5,1.0,391.2775,0.0,2.0,1333.4699999999998,669.75,0.2222222222222222,30-39,2666.9399999999996,Not assigned
528906,F,False,False,usa,portland,PWM,33,Maine,8,1,1,1,0.0,1.0,0.0,77.86,0.0,4.0,77.86,368.0,0.125,30-39,155.72,Indecisive
528929,F,False,True,usa,st. petersburg,PIE,47,Florida,8,2,2,1,0.5,1.0,0.5,536.355,0.0,2.0,1017.04,1722.0,0.25,40-49,2034.08,Not assigned
528930,F,True,True,usa,tucson,TUS,49,Arizona,8,2,2,2,0.5,1.0,0.5,243.39,0.0,2.0,486.78,941.5,0.25,40-49,973.56,Not assigned
528965,F,False,False,usa,miami,MIA,30,Florida,8,2,1,2,0.0,1.0,0.0,721.67,0.0,13.5,721.67,2753.0,0.25,30-39,1443.34,Long Stayers
528995,M,True,False,usa,houston,HOU,54,Texas,8,3,3,3,0.0,1.0,0.3333333333333333,410.7133333333333,0.0,3.6666666666666665,1232.14,3421.0,0.375,50-59,2464.28,Not assigned
529048,F,True,True,usa,portland,PDX,63,Oregon,9,1,1,1,0.0,1.0,0.0,483.46,0.0,2.0,483.46,522.0,0.1111111111111111,60-69,966.92,Indecisive
529050,F,False,False,usa,new york,JFK,41,New York,8,2,2,2,0.0,1.0,1.0,592.595,0.0,4.0,1185.19,1178.0,0.25,40-49,2370.38,Not assigned
529214,F,True,False,usa,tucson,DMA,63,Arizona,8,2,2,2,0.0,1.0,1.0,609.965,0.5,1.5,1219.93,361.0,0.25,60-69,2439.86,Retired
529216,F,False,False,usa,new orleans,NBG,24,Louisiana,8,1,0,1,0.0,,,,0.0,12.0,,1572.0,0.125,20-29,,Long Stayers
529224,F,True,False,usa,new york,LGA,54,New York,8,7,6,5,0.0,1.0,0.8333333333333334,544.5216666666666,0.0,3.0,3267.13,3508.0,0.875,50-59,6534.26,High Spenders
529229,F,False,False,usa,tucson,DMA,27,Arizona,9,2,2,2,0.0,1.5,0.0,449.6175,0.5,5.0,1402.52,2964.0,0.2222222222222222,20-29,2805.04,Not assigned
529231,F,False,False,usa,newark,EWR,22,New Jersey,9,2,1,2,0.5,1.0,1.0,679.34,1.0,17.0,679.34,3380.0,0.2222222222222222,20-29,1358.68,Long Stayers
529237,F,True,True,usa,colorado springs,COS,44,Colorado,8,2,1,2,0.0,1.0,1.0,454.19,0.5,5.5,454.19,1825.0,0.25,40-49,908.38,Not assigned
529249,F,True,False,usa,dallas,DAL,50,Texas,8,3,3,2,0.3333333333333333,1.3333333333333333,0.3333333333333333,384.2816666666667,1.0,2.0,1481.361,428.0,0.375,50-59,2962.722,Not assigned
529309,F,False,False,usa,san antonio,SKF,41,Texas,8,5,4,5,0.2,1.0,0.5,417.375,0.2,3.2,1669.5,4281.0,0.625,40-49,3339.0,Not assigned
529362,F,False,False,usa,san antonio,SAT,37,Texas,9,4,4,4,0.25,1.0,0.0,318.93,0.5,1.75,1252.153,1001.0,0.4444444444444444,30-39,2504.306,Not assigned
529421,F,False,False,usa,sacramento,MCC,38,California,8,5,4,5,0.0,1.0,0.0,481.625,0.2,3.0,1926.5,3258.0,0.625,30-39,3853.0,Not assigned
529488,F,True,False,usa,sacramento,SMF,44,California,9,2,2,1,0.5,2.0,0.5,1048.3125,0.0,2.0,4047.8025,180.0,0.2222222222222222,40-49,8095.605,High Spenders
529502,F,True,False,usa,new york,JFK,38,New York,8,3,3,3,0.6666666666666666,1.3333333333333333,0.3333333333333333,445.1666666666667,0.3333333333333333,2.0,1768.429,1274.8,0.375,30-39,3536.858,Not assigned
529513,F,False,False,usa,louisville,LOU,40,Kentucky,8,5,3,4,0.2,1.0,0.3333333333333333,378.1833333333333,0.0,5.0,1129.7334999999998,3930.0,0.625,40-49,2259.4669999999996,Not assigned
529520,M,False,True,usa,stockton,SCK,21,California,8,1,1,1,1.0,2.0,0.0,725.56,0.0,1.0,1233.4519999999998,318.0,0.125,20-29,2466.9039999999995,Indecisive
529602,M,True,True,usa,charlotte,CLT,44,North Carolina,8,2,2,2,0.0,1.0,0.0,404.78,1.0,6.5,809.56,2667.0,0.25,40-49,1619.12,Not assigned
529677,F,False,True,canada,montreal,YMX,21,Quebec,8,1,0,1,0.0,,,,0.0,10.0,,1730.0,0.125,20-29,,Long Stayers
529678,F,False,False,usa,houston,IAH,40,Texas,9,3,3,3,0.6666666666666666,1.6666666666666667,0.6666666666666666,438.16,0.0,2.0,2029.249,1729.25,0.3333333333333333,40-49,4058.498,Not assigned
529689,F,True,True,usa,san jose,SJC,46,California,9,4,3,3,0.5,1.0,0.3333333333333333,715.0799999999999,0.0,12.333333333333334,2000.7785,5005.0,0.4444444444444444,40-49,4001.557,Long Stayers
529695,F,False,False,usa,new york,LGA,36,New York,9,5,5,4,0.0,1.4,0.4,458.928,0.0,2.75,3051.38,1157.0,0.5555555555555556,30-39,6102.76,High Spenders
529781,F,True,True,usa,lubbock,LBB,43,Texas,8,3,1,3,0.3333333333333333,1.0,1.0,86.24,0.6666666666666666,3.6666666666666665,86.24,1514.0,0.375,40-49,172.48,Not assigned
529783,F,False,False,usa,phoenix,PHX,21,Arizona,9,2,0,2,0.5,,,,0.5,4.5,,6300.0,0.2222222222222222,20-29,,Only Hotel
529787,F,True,True,usa,dallas,DAL,48,Texas,8,4,4,3,0.25,1.0,0.75,243.375,0.0,2.0,973.5,544.0,0.5,40-49,1947.0,Not assigned
529801,F,False,True,usa,chicago,MDW,42,Illinois,8,5,4,4,0.0,1.0,0.75,230.2575,0.25,5.5,921.03,3872.0,0.625,40-49,1842.06,Not assigned
529831,F,False,False,usa,dallas,DAL,27,Texas,8,5,4,4,0.0,1.0,0.5,299.8325,0.25,6.0,1199.33,4254.0,0.625,20-29,2398.66,Not assigned
529840,M,False,False,usa,new york,LGA,46,New York,8,1,1,0,0.0,1.0,1.0,109.03,,,109.03,,0.125,40-49,218.06,Indecisive
529845,F,True,False,usa,cleveland,CLE,36,Ohio,10,2,2,2,0.0,1.0,0.0,99.16,0.0,4.0,198.32,900.0,0.2,30-39,396.64,Not assigned
529913,F,False,False,usa,sacramento,SAC,34,California,8,0,0,0,,,,,,,,,0.0,30-39,,Indecisive
529940,F,True,True,usa,nashville,BNA,65,Tennessee,9,3,2,2,0.0,1.0,1.0,163.4,0.5,2.5,326.8,973.0,0.3333333333333333,60-69,653.6,Retired
530004,M,False,False,usa,cincinnati,CVG,42,Kentucky,8,2,2,1,0.5,1.0,0.5,272.28,0.0,6.0,515.564,1572.0,0.25,40-49,1031.128,Not assigned
530090,F,False,True,usa,bakersfield,BFL,42,California,9,3,3,3,0.3333333333333333,1.0,0.6666666666666666,296.30333333333334,0.6666666666666666,1.6666666666666667,888.91,1327.4,0.3333333333333333,40-49,1777.82,Not assigned
530196,F,False,False,usa,detroit,DTW,17,Michigan,8,2,0,2,0.0,,,,0.5,3.5,,3176.0,0.25,10-19,,Youngs
530199,F,True,False,usa,burlington,BTV,45,Vermont,8,2,1,2,0.0,2.0,1.0,41.27,0.0,8.5,82.54,3078.0,0.25,40-49,165.08,Long Stayers
530213,F,True,False,usa,houston,HOU,48,Texas,9,3,3,3,0.0,1.0,0.6666666666666666,265.22,1.0,2.333333333333333,795.66,719.0,0.3333333333333333,40-49,1591.32,Not assigned
530383,F,False,False,usa,oakland,OAK,30,California,8,3,3,2,0.0,1.0,0.6666666666666666,395.20666666666665,0.0,2.5,1185.62,529.0,0.375,30-39,2371.24,Not assigned
530421,M,True,False,usa,detroit,DET,46,Michigan,9,4,4,4,0.25,1.25,0.25,311.635,0.25,3.5,1304.664,2485.0,0.4444444444444444,40-49,2609.328,Not assigned
530453,F,False,False,usa,montgomery,MXF,17,Alabama,9,0,0,0,,,,,,,,,0.0,10-19,,Indecisive
530463,F,False,False,usa,seattle,SEA,38,Washington,8,6,6,5,0.5,1.6666666666666667,0.1666666666666666,406.44305555555553,0.2,2.0,3591.577,3913.3,0.75,30-39,7183.154,High Spenders
530468,F,True,True,usa,tampa,MCF,37,Florida,8,4,4,4,0.0,1.5,0.25,450.255,0.25,1.75,2076.1400000000003,2354.0,0.5,30-39,4152.280000000001,Not assigned
530563,M,True,True,usa,phoenix,LUF,46,Arizona,8,4,4,4,0.5,1.75,1.0,428.535625,0.25,3.0,2728.799,2430.8,0.5,40-49,5457.598,High Spenders
530579,F,True,False,usa,bakersfield,BFL,51,California,9,4,4,4,0.25,2.0,0.25,420.9708333333333,0.75,1.75,3593.19,1407.8,0.4444444444444444,50-59,7186.38,High Spenders
530581,M,True,True,usa,san diego,NZY,17,California,8,1,0,1,0.0,,,,1.0,10.0,,1760.0,0.125,10-19,,Long Stayers
530599,F,False,False,usa,dallas,DAL,24,Texas,8,1,0,1,0.0,,,,0.0,8.0,,1640.0,0.125,20-29,,Long Stayers
530625,F,False,True,usa,reno,RNO,43,Nevada,8,2,2,2,0.0,1.0,0.5,262.89,0.5,4.5,525.78,1363.0,0.25,40-49,1051.56,Not assigned
530627,F,False,False,usa,shreveport,SHV,39,Louisiana,8,3,3,2,0.3333333333333333,1.0,0.6666666666666666,302.0733333333333,0.0,2.5,906.22,1081.6,0.375,30-39,1812.44,Not assigned
530645,F,False,False,usa,new york,JFK,36,New York,8,6,6,6,0.1666666666666666,1.3333333333333333,0.3333333333333333,352.1233333333334,0.6666666666666666,1.3333333333333333,2299.88,821.8,0.75,30-39,4599.76,High Spenders
530649,F,True,False,canada,halifax,YAW,49,,9,4,3,4,0.5,1.6666666666666667,1.0,369.14,0.0,4.0,1867.05,1799.4,0.4444444444444444,40-49,3734.1,Not assigned
530656,F,True,False,usa,san francisco,SFO,41,California,8,2,2,2,0.0,1.0,0.0,416.5700000000001,0.0,2.0,833.1400000000001,562.0,0.25,40-49,1666.2800000000002,Not assigned
530665,F,False,False,usa,jacksonville,LRF,37,Arkansas,8,3,3,3,0.0,1.0,0.6666666666666666,278.0333333333333,0.6666666666666666,4.0,834.0999999999999,1192.0,0.375,30-39,1668.1999999999998,Not assigned
530724,F,False,False,canada,edmonton,YED,39,,10,7,7,6,0.2857142857142857,1.0,0.4285714285714285,419.5214285714286,0.5,2.6666666666666665,2936.65,1881.7,0.7,30-39,5873.3,High Spenders
530739,F,False,False,usa,houston,HOU,24,Texas,9,1,1,1,0.0,1.0,1.0,356.93,0.0,7.0,356.93,798.0,0.1111111111111111,20-29,713.86,Indecisive
530743,F,False,False,usa,birmingham,BHM,55,Alabama,8,3,3,2,0.3333333333333333,1.3333333333333333,1.0,234.74166666666667,0.5,1.5,782.754,936.0,0.375,50-59,1565.508,Not assigned
530754,F,False,True,usa,seattle,BFI,36,Washington,9,5,4,4,0.2,1.0,0.75,586.44,0.25,4.5,2298.785,2937.0,0.5555555555555556,30-39,4597.57,High Spenders
530797,F,False,False,usa,indianapolis,IND,24,Gujarat,8,2,2,2,0.0,1.0,0.0,370.47,0.0,1.5,740.94,345.0,0.25,20-29,1481.88,Not assigned
530811,F,False,True,canada,toronto,YTZ,17,Ontario,8,3,1,2,0.3333333333333333,2.0,1.0,1132.08,0.0,4.5,2264.16,1195.0,0.375,10-19,4528.32,High Spenders
530906,F,True,False,usa,tacoma,TCM,50,Washington,8,1,1,1,1.0,1.0,1.0,611.65,1.0,2.0,611.65,551.0,0.125,50-59,1223.3,Indecisive
530949,F,True,False,usa,amarillo,AMA,38,Texas,8,2,2,2,0.0,2.0,0.5,199.07333333333327,0.5,7.0,860.96,7458.0,0.25,30-39,1721.92,Not assigned
530950,F,False,False,canada,victoria,YYJ,38,British Columbia,8,4,3,3,0.25,1.0,0.6666666666666666,518.4766666666667,0.3333333333333333,5.666666666666667,1555.43,3835.0,0.5,30-39,3110.86,Not assigned
531006,M,False,True,usa,new york,JFK,39,New York,9,2,2,2,0.5,1.0,0.0,434.265,0.0,5.5,812.744,1450.0,0.2222222222222222,30-39,1625.488,Not assigned
531009,M,True,False,usa,san jose,SJC,51,California,8,5,4,5,0.0,1.25,0.5,571.905,0.4,5.6,2943.49,3582.0,0.625,50-59,5886.98,High Spenders
531016,M,False,False,usa,new york,JFK,39,New York,8,6,4,6,0.3333333333333333,1.0,0.5,282.1275,0.3333333333333333,4.5,1116.274,5378.0,0.75,30-39,2232.548,Not assigned
531020,M,False,False,usa,los angeles,LAX,47,California,8,5,5,5,0.2,1.2,0.6,416.514,0.0,1.2,1996.762,2534.0,0.625,40-49,3993.524,Not assigned
531094,F,False,False,usa,columbus,LCK,28,Ohio,8,3,3,3,0.6666666666666666,2.0,1.0,278.3141666666667,0.3333333333333333,2.6666666666666665,937.7675000000002,2445.6,0.375,20-29,1875.5350000000003,Not assigned
531109,F,True,True,usa,san francisco,SFO,48,California,8,4,4,4,0.5,1.0,1.0,240.4775,0.0,1.25,961.4565,511.6,0.5,40-49,1922.913,Not assigned
531143,F,True,False,usa,miami,MIA,47,Florida,8,4,4,4,0.25,1.5,0.5,455.9975,0.75,2.75,2847.4970000000003,2002.0,0.5,40-49,5694.994000000001,High Spenders
531198,F,False,False,usa,dallas,DAL,24,Texas,9,2,1,2,0.0,1.0,0.0,322.45,0.0,6.0,322.45,2084.0,0.2222222222222222,20-29,644.9,Not assigned
531204,M,True,False,canada,calgary,YYC,41,Alberta,8,3,2,3,0.3333333333333333,1.0,0.5,316.61,0.0,5.0,577.174,3032.0,0.375,40-49,1154.348,Not assigned
531217,F,True,True,canada,toronto,YKZ,51,Ontario,8,4,4,3,0.25,1.0,0.0,345.35,1.0,1.0,1366.4824999999998,531.0,0.5,50-59,2732.9649999999997,Not assigned
531322,F,False,True,canada,hamilton,YHM,37,Ontario,9,4,3,4,0.5,1.0,0.3333333333333333,365.3866666666667,0.5,2.0,1047.463,1964.1,0.4444444444444444,30-39,2094.926,Not assigned
531339,F,True,False,usa,madison,MSN,42,Wisconsin,9,1,1,0,0.0,1.0,1.0,392.93,,,392.93,,0.1111111111111111,40-49,785.86,Indecisive
531344,F,False,False,usa,anchorage,MRI,47,Alaska,8,2,2,2,0.0,1.0,0.5,875.255,0.5,6.0,1750.51,1284.0,0.25,40-49,3501.02,Not assigned
531361,F,False,True,usa,montgomery,MXF,31,Alabama,8,2,2,1,0.0,1.5,0.5,958.19,0.0,4.0,3621.85,696.0,0.25,30-39,7243.7,High Spenders
531373,F,False,True,usa,riverside,RIV,50,California,9,3,2,3,0.0,1.0,0.5,473.585,0.3333333333333333,5.0,947.17,1683.0,0.3333333333333333,50-59,1894.34,Not assigned
531386,F,True,False,canada,calgary,YYC,51,Alberta,8,6,5,6,0.0,1.0,0.4,507.478,0.1666666666666666,4.0,2537.39,3976.0,0.75,50-59,5074.78,High Spenders
531427,F,True,False,usa,new york,JFK,53,New York,8,3,3,3,0.0,1.0,0.3333333333333333,499.4666666666667,0.0,2.0,1498.4,1261.0,0.375,50-59,2996.8,Not assigned
531431,F,True,False,usa,san antonio,SAT,51,Texas,8,6,6,5,0.3333333333333333,2.0,0.5,411.68777777777774,0.0,3.0,4534.821,5430.8,0.75,50-59,9069.642,High Spenders
531471,F,True,False,usa,new york,JFK,45,New York,9,4,4,3,0.0,1.5,1.25,324.14833333333337,0.0,2.6666666666666665,1648.6,1266.0,0.4444444444444444,40-49,3297.2,Not assigned
531499,F,True,False,usa,new york,LGA,37,New York,8,3,3,3,0.0,1.3333333333333333,0.6666666666666666,340.4533333333333,0.6666666666666666,4.0,1196.18,3772.0,0.375,30-39,2392.36,Not assigned
531511,F,False,False,usa,tulsa,TUL,44,Oklahoma,9,3,3,3,0.0,1.0,0.6666666666666666,232.38,0.3333333333333333,3.0,697.14,1608.0,0.3333333333333333,40-49,1394.28,Not assigned
531512,F,False,False,usa,minneapolis,MSP,38,Minnesota,8,1,1,1,0.0,1.0,0.0,275.27,0.0,4.0,275.27,1152.0,0.125,30-39,550.54,Indecisive
531557,F,True,False,canada,winnipeg,YAV,48,,8,6,6,6,0.5,1.1666666666666667,0.8333333333333334,312.6325,0.1666666666666666,3.1666666666666665,2058.3785,5463.2,0.75,40-49,4116.757,Not assigned
531562,F,False,True,usa,baton rouge,BTR,22,Louisiana,8,2,0,2,0.0,,,,0.5,2.5,,1292.0,0.25,20-29,,Only Hotel
531620,F,True,False,usa,new york,LGA,70,New York,8,0,0,0,,,,,,,,,0.0,70-79,,Indecisive
531625,F,True,False,canada,ottawa,YOW,33,Ontario,8,2,1,2,0.5,1.0,0.0,294.9,0.0,4.0,294.9,1034.1999999999998,0.25,30-39,589.8,Not assigned
531650,F,False,False,canada,calgary,YYC,34,Alberta,8,3,2,2,0.0,1.0,0.5,491.885,0.5,2.0,983.77,720.0,0.375,30-39,1967.54,Not assigned
531663,F,False,True,usa,birmingham,BHM,47,Alabama,9,2,2,2,0.5,1.0,0.5,176.22000000000003,0.0,1.5,349.81050000000005,269.0,0.2222222222222222,40-49,699.6210000000001,Not assigned
531682,F,False,True,usa,las vegas,LSV,21,Nevada,8,0,0,0,,,,,,,,,0.0,20-29,,Indecisive
531771,F,True,True,usa,austin,AUS,51,Texas,8,3,3,3,1.0,2.0,0.3333333333333333,393.805,0.0,1.0,1644.5815,1640.55,0.375,50-59,3289.163,Discount buyer
531789,F,True,False,usa,san francisco,SFO,40,California,8,3,3,2,0.3333333333333333,1.0,0.6666666666666666,559.3833333333333,0.0,4.0,1678.15,1646.0,0.375,40-49,3356.3,Not assigned
531824,F,False,False,usa,denver,DEN,31,Colorado,9,4,4,4,0.0,1.25,0.75,353.12125000000003,0.25,1.25,1819.24,1048.0,0.4444444444444444,30-39,3638.48,Not assigned
531844,F,False,True,usa,columbus,LCK,26,Ohio,8,1,1,1,0.0,1.0,0.0,82.04,0.0,3.0,82.04,2313.0,0.125,20-29,164.08,Indecisive
531847,F,True,False,usa,miami,OPF,65,Florida,8,2,2,2,0.0,1.0,1.0,301.525,0.0,3.5,603.05,1436.0,0.25,60-69,1206.1,Retired
531868,F,True,True,canada,toronto,YTZ,58,Ontario,8,3,3,3,0.3333333333333333,1.3333333333333333,0.3333333333333333,413.5783333333333,0.3333333333333333,1.3333333333333333,1664.779,969.0,0.375,50-59,3329.558,Not assigned
531884,F,True,True,usa,chicago,UGN,50,Illinois,8,4,3,4,0.25,1.0,0.3333333333333333,340.1933333333333,0.5,8.5,980.524,7061.0,0.5,50-59,1961.048,Long Stayers
531967,F,False,False,usa,st. louis,STL,22,Missouri,8,0,0,0,,,,,,,,,0.0,20-29,,Indecisive
531987,F,False,False,usa,san antonio,SKF,35,Texas,9,2,2,1,0.5,1.0,0.5,350.105,1.0,3.0,700.21,636.0,0.2222222222222222,30-39,1400.42,Not assigned
531989,F,False,True,usa,san francisco,SFO,54,California,8,3,2,3,0.3333333333333333,2.0,0.5,695.02,0.0,5.0,2632.852,1992.0,0.375,50-59,5265.704,High Spenders
532064,F,False,True,usa,san diego,SAN,25,California,8,0,0,0,,,,,,,,,0.0,20-29,,Indecisive
532073,F,False,False,usa,atlanta,ATL,39,Georgia,9,5,5,3,0.2,1.0,0.6,207.028,0.6666666666666666,3.0,993.152,1889.0,0.5555555555555556,30-39,1986.304,Not assigned
532106,F,True,True,usa,new york,LGA,44,New York,8,4,3,4,0.0,1.0,0.6666666666666666,653.21,0.0,2.5,1959.63,1952.0,0.5,40-49,3919.26,Not assigned
532159,F,False,False,usa,san antonio,RND,21,Texas,8,2,1,2,0.5,1.0,0.0,509.22,0.5,3.0,509.22,1477.0,0.25,20-29,1018.44,Not assigned
532225,F,True,False,usa,new york,JFK,54,New York,8,3,3,3,0.0,1.0,1.0,362.9866666666667,0.0,1.3333333333333333,1088.96,715.0,0.375,50-59,2177.92,Not assigned
532233,M,True,False,usa,washington,DCA,43,Virginia,9,4,3,2,0.0,2.6666666666666665,0.6666666666666666,316.39888888888885,0.0,3.0,3231.57,1911.0,0.4444444444444444,40-49,6463.14,High Spenders
532329,F,False,True,usa,newark,EWR,19,New Jersey,8,2,1,2,0.0,1.0,0.0,216.97,0.0,15.5,216.97,6993.0,0.25,10-19,433.94,Long Stayers
532347,F,False,False,usa,philadelphia,PNE,30,Pennsylvania,8,3,3,3,0.0,1.0,1.0,404.2366666666667,0.0,1.3333333333333333,1212.71,485.0,0.375,30-39,2425.42,Not assigned
532365,M,True,False,usa,omaha,OFF,49,Nebraska,8,1,1,1,0.0,3.0,1.0,154.11333333333332,1.0,5.0,462.34,1950.0,0.125,40-49,924.68,Indecisive
532381,F,False,False,usa,omaha,OMA,51,Iowa,9,3,3,3,0.3333333333333333,1.3333333333333333,1.0,275.8333333333333,1.0,1.3333333333333333,900.7925,583.0,0.3333333333333333,50-59,1801.585,Not assigned
532388,F,True,False,usa,wichita,IAB,56,Kansas,8,2,1,2,1.0,1.0,0.0,171.01,0.5,4.5,171.01,2149.6,0.25,50-59,342.02,Discount buyer
532426,F,False,False,usa,salt lake city,SLC,28,Utah,10,1,1,1,0.0,1.0,0.0,1610.23,0.0,15.0,1610.23,9015.0,0.1,20-29,3220.46,Long Stayers
532535,F,False,False,usa,los angeles,LAX,41,California,8,3,2,3,0.3333333333333333,1.0,0.5,188.21,0.0,5.666666666666667,376.42,4527.5,0.375,40-49,752.84,Not assigned
532544,F,False,False,usa,newark,EWR,25,New Jersey,8,0,0,0,,,,,,,,,0.0,20-29,,Indecisive
532568,F,False,False,canada,calgary,YYC,52,Alberta,8,3,1,3,0.3333333333333333,1.0,0.0,380.84,0.3333333333333333,3.0,380.84,1318.8,0.375,50-59,761.68,Not assigned
532607,F,False,False,usa,providence,PVD,30,Rhode Island,9,4,4,3,0.25,1.25,1.0,264.26875,0.6666666666666666,2.0,1101.514,729.0,0.4444444444444444,30-39,2203.028,Not assigned
532623,F,False,True,usa,montgomery,MXF,50,Alabama,8,2,2,2,0.0,1.0,0.5,237.885,0.0,1.0,475.77,310.0,0.25,50-59,951.54,Not assigned
532627,M,False,True,usa,columbus,LCK,20,Ohio,8,0,0,0,,,,,,,,,0.0,20-29,,Indecisive
532637,M,False,False,usa,madison,MSN,22,Wisconsin,8,2,0,2,0.5,,,,0.0,7.0,,2946.0,0.25,20-29,,Only Hotel
532650,F,False,False,usa,portland,PWM,39,Maine,8,5,4,4,0.2,1.0,0.5,254.6025,0.25,4.25,1018.41,3480.0,0.625,30-39,2036.82,Not assigned
532721,F,False,False,usa,spokane,SKA,47,Washington,8,3,2,3,0.0,1.5,0.5,227.865,0.6666666666666666,3.0,517.02,818.0,0.375,40-49,1034.04,Not assigned
532742,F,False,False,usa,new york,JFK,41,New York,8,3,3,3,0.3333333333333333,1.0,0.3333333333333333,423.07666666666665,0.3333333333333333,2.333333333333333,1259.566,836.0,0.375,40-49,2519.132,Not assigned
532750,F,False,False,canada,london,YXU,30,Ontario,8,2,2,1,0.5,1.5,0.5,285.7925,0.0,2.0,1029.0325,732.0,0.25,30-39,2058.065,Not assigned
532774,F,True,False,usa,atlanta,ATL,57,Georgia,8,0,0,0,,,,,,,,,0.0,50-59,,Indecisive
532810,F,True,False,usa,san antonio,SAT,50,Texas,8,3,3,3,0.0,1.3333333333333333,0.6666666666666666,394.42333333333335,0.6666666666666666,4.0,1677.9199999999998,4136.0,0.375,50-59,3355.8399999999997,Not assigned
532823,F,False,False,usa,tulsa,TUL,35,Oklahoma,9,4,3,3,0.25,1.0,0.6666666666666666,356.9533333333334,0.6666666666666666,3.0,1032.263,1234.0,0.4444444444444444,30-39,2064.526,Not assigned
532863,M,False,False,usa,phoenix,LUF,54,Arizona,8,4,3,4,0.75,1.0,0.0,315.24666666666667,0.25,5.5,898.5995,3621.95,0.5,50-59,1797.199,Not assigned
532901,F,False,False,usa,oklahoma city,OKC,24,Oklahoma,8,1,1,1,0.0,1.0,1.0,119.44,1.0,1.0,119.44,123.0,0.125,20-29,238.88,Indecisive
532912,F,True,False,usa,new york,JFK,43,New York,8,4,4,3,0.75,1.5,1.0,470.715,0.0,5.0,2734.4625,2344.0,0.5,40-49,5468.925,High Spenders
532941,F,False,False,canada,toronto,YZD,30,,8,3,2,3,0.0,1.0,0.5,371.225,0.3333333333333333,4.666666666666667,742.45,2248.0,0.375,30-39,1484.9,Not assigned
532989,F,True,True,usa,seattle,BFI,51,Washington,9,5,4,5,0.0,1.0,0.5,568.7,0.0,2.8,2274.8,2716.0,0.5555555555555556,50-59,4549.6,High Spenders
533093,F,False,False,usa,new york,JFK,20,New York,9,2,1,2,0.0,1.0,1.0,648.69,0.0,3.0,648.69,742.0,0.2222222222222222,20-29,1297.38,Not assigned
533155,F,True,False,usa,los angeles,LAX,47,California,8,3,3,3,0.6666666666666666,1.3333333333333333,1.0,655.7966666666667,0.0,1.6666666666666667,2327.673,2799.6,0.375,40-49,4655.346,High Spenders
533199,F,False,False,usa,new york,LGA,26,New York,10,3,3,3,0.3333333333333333,1.0,0.3333333333333333,313.81333333333333,0.0,1.3333333333333333,933.65,972.0,0.3,20-29,1867.3,Not assigned
533248,F,True,True,usa,los angeles,LAX,44,California,8,3,3,3,0.3333333333333333,1.3333333333333333,1.0,681.465,0.0,2.333333333333333,2661.606,1284.0,0.375,40-49,5323.212,High Spenders
533251,F,True,True,usa,detroit,DET,45,Michigan,8,2,2,2,0.0,1.0,0.5,322.515,0.5,2.0,645.03,1624.0,0.25,40-49,1290.06,Not assigned
533388,F,True,True,usa,wichita,ICT,51,Kansas,8,1,1,1,0.0,4.0,3.0,291.61,1.0,11.0,1166.44,2442.0,0.125,50-59,2332.88,Long Stayers
533396,F,True,False,usa,austin,AUS,49,Texas,8,5,5,5,0.4,1.0,0.6,322.924,0.2,2.8,1564.734,3819.2,0.625,40-49,3129.468,Not assigned
533449,F,False,False,usa,new york,JFK,17,New York,9,1,1,1,0.0,1.0,1.0,814.84,0.0,1.0,814.84,151.0,0.1111111111111111,10-19,1629.68,Indecisive
533492,F,True,True,usa,chicago,MDW,45,Illinois,8,3,3,2,0.6666666666666666,2.333333333333333,1.6666666666666667,1087.2520000000002,0.5,2.0,10955.364,732.0,0.375,40-49,21910.728,High Spenders
533537,F,False,False,canada,montreal,YMX,33,Quebec,9,3,2,2,0.6666666666666666,1.0,0.0,449.31,0.5,9.5,669.6185,4369.200000000001,0.3333333333333333,30-39,1339.237,Long Stayers
533573,F,False,False,canada,windsor,YQG,44,Ontario,8,2,2,1,0.5,1.0,1.0,156.38,1.0,1.0,302.009,93.0,0.25,40-49,604.018,Not assigned
533575,F,False,True,usa,indianapolis,IND,35,Gujarat,8,4,4,4,0.25,1.0,0.75,161.53,0.0,2.5,613.812,1203.0,0.5,30-39,1227.624,Not assigned
533598,F,False,False,usa,milwaukee,MKE,42,Wisconsin,8,3,3,3,0.6666666666666666,1.0,0.0,155.65666666666667,0.3333333333333333,6.333333333333333,432.8885,2827.2,0.375,40-49,865.777,Not assigned
533613,F,True,True,usa,oklahoma city,TIK,46,Oklahoma,9,3,3,3,0.3333333333333333,1.0,0.3333333333333333,298.91,0.3333333333333333,2.6666666666666665,896.73,1633.2,0.3333333333333333,40-49,1793.46,Not assigned
533656,M,False,False,usa,boston,BOS,37,Massachusetts,8,2,2,1,1.0,2.0,1.0,269.265,0.0,6.0,1052.0625,1219.8,0.25,30-39,2104.125,Discount buyer
533716,F,False,False,usa,tampa,TPA,48,Florida,8,3,3,1,0.6666666666666666,1.0,0.6666666666666666,378.06,0.0,4.0,1134.18,463.6,0.375,40-49,2268.36,Not assigned
533742,M,True,True,usa,el paso,BIF,32,Texas,8,3,3,2,0.6666666666666666,1.0,0.6666666666666666,341.49666666666667,0.0,1.0,1000.29,170.0,0.375,30-39,2000.58,Not assigned
533755,F,False,False,canada,toronto,YTZ,20,Ontario,8,0,0,0,,,,,,,,,0.0,20-29,,Indecisive
533773,F,False,False,canada,calgary,YYC,30,Alberta,8,4,3,3,0.25,1.3333333333333333,0.6666666666666666,417.1383333333333,0.6666666666666666,6.0,1327.665,4340.0,0.5,30-39,2655.33,Not assigned
533782,F,True,False,usa,honolulu,HNL,52,Hawaii,8,3,2,3,0.0,1.0,1.0,924.12,0.3333333333333333,4.333333333333333,1848.24,2024.0,0.375,50-59,3696.48,Not assigned
533809,F,True,True,usa,milwaukee,MKE,37,Wisconsin,10,2,2,2,0.0,1.5,0.5,383.15,0.5,2.0,979.25,505.0,0.2,30-39,1958.5,Not assigned
533895,F,False,False,usa,houston,IAH,31,Texas,8,2,2,1,0.0,1.0,0.0,259.47,1.0,1.0,518.94,238.0,0.25,30-39,1037.88,Not assigned
533975,F,False,True,usa,sacramento,SAC,36,California,8,3,0,3,1.0,,,,0.6666666666666666,5.0,,4128.7,0.375,30-39,,Discount buyer
533990,F,False,True,canada,windsor,YQG,49,Ontario,8,5,4,4,0.4,1.25,0.25,241.255,0.75,4.75,1403.0549999999998,4048.0,0.625,40-49,2806.1099999999997,Not assigned
534040,F,True,True,usa,chicago,ORD,54,Illinois,8,2,1,2,0.0,1.0,0.0,249.08,0.0,11.0,249.08,4864.0,0.25,50-59,498.16,Long Stayers
534066,F,True,True,usa,new york,JFK,42,New York,8,5,5,4,0.4,1.0,0.4,319.39199999999994,0.25,2.0,1487.774,625.8,0.625,40-49,2975.548,Not assigned
534088,M,False,True,usa,kansas city,MCI,26,Missouri,8,3,2,2,0.3333333333333333,1.0,0.5,235.195,0.0,3.5,452.7105,1659.0,0.375,20-29,905.421,Not assigned
534105,F,False,False,usa,tucson,TUS,50,Arizona,8,6,6,5,0.1666666666666666,1.1666666666666667,0.3333333333333333,375.8675,0.2,5.6,2561.9835,3158.6,0.75,50-59,5123.967,High Spenders
534246,F,True,False,usa,houston,HOU,37,Texas,8,2,1,2,0.0,1.0,0.0,49.97,0.0,6.0,49.97,1489.0,0.25,30-39,99.94,Not assigned
534295,F,False,False,usa,new york,JFK,48,New York,9,3,3,3,0.3333333333333333,2.0,0.6666666666666666,567.6091666666666,0.0,5.0,4037.645,3382.0,0.3333333333333333,40-49,8075.29,High Spenders
534333,F,False,True,usa,houston,IAH,49,Texas,9,2,2,2,0.0,1.5,0.0,306.57,0.5,2.5,954.5,1400.0,0.2222222222222222,40-49,1909.0,Not assigned
534378,F,True,True,usa,los angeles,LAX,59,California,8,1,1,1,0.0,1.0,1.0,730.57,0.0,1.0,730.57,83.0,0.125,50-59,1461.14,Indecisive
534380,M,False,True,canada,saskatoon,YXE,37,Saskatchewan,8,3,3,3,0.6666666666666666,1.3333333333333333,0.3333333333333333,718.4583333333334,0.0,6.0,3201.3465,1733.0,0.375,30-39,6402.693,High Spenders
534391,F,True,False,canada,victoria,YYJ,49,British Columbia,8,3,3,3,0.6666666666666666,1.0,0.6666666666666666,360.8566666666666,0.3333333333333333,3.6666666666666665,964.1055,2179.0,0.375,40-49,1928.211,Not assigned
534499,F,True,True,usa,madison,MSN,31,Wisconsin,8,1,0,1,0.0,,,,0.0,2.0,,136.0,0.125,30-39,,Indecisive
534564,F,True,False,usa,miami,MIA,49,Florida,9,1,1,1,0.0,1.0,0.0,326.33,0.0,1.0,326.33,176.0,0.1111111111111111,40-49,652.66,Indecisive
534594,F,True,False,canada,windsor,YQG,43,Ontario,8,2,1,2,0.0,1.0,0.0,147.43,0.5,15.5,147.43,28114.0,0.25,40-49,294.86,Long Stayers
534697,F,True,False,usa,omaha,OMA,48,Iowa,9,2,1,2,0.5,1.0,0.0,355.15,0.0,4.5,284.12,1147.0,0.2222222222222222,40-49,568.24,Not assigned
534742,F,False,False,usa,dallas,DAL,70,Texas,8,2,1,2,0.5,1.0,0.0,354.66,0.0,2.5,354.66,616.0,0.25,70-79,709.32,Retired
534798,F,False,False,usa,lubbock,LBB,28,Texas,8,3,3,3,0.6666666666666666,1.0,0.0,273.8666666666667,0.3333333333333333,1.3333333333333333,766.914,353.9,0.375,20-29,1533.828,Not assigned
534842,F,True,False,usa,tulsa,TUL,45,Oklahoma,8,2,2,2,0.5,1.0,0.0,123.035,1.0,1.0,226.942,321.0,0.25,40-49,453.884,Not assigned
534858,F,True,True,usa,new york,LGA,53,New York,8,3,3,3,0.0,1.0,1.0,304.08,0.6666666666666666,2.0,912.24,2482.0,0.375,50-59,1824.48,Not assigned
534895,M,False,True,canada,winnipeg,YWG,32,Manitoba,8,2,2,2,0.5,1.0,0.5,362.515,0.0,3.0,708.1085,906.0,0.25,30-39,1416.217,Not assigned
534903,F,False,True,usa,nashville,BNA,50,Tennessee,9,3,3,3,0.0,2.333333333333333,0.6666666666666666,187.85916666666665,0.0,2.0,1521.0800000000002,3298.0,0.3333333333333333,50-59,3042.1600000000003,Family travelers
534939,F,False,False,usa,washington,IAD,43,Virginia,8,3,2,3,0.0,1.0,0.0,667.24,0.0,5.666666666666667,1334.48,4581.0,0.375,40-49,2668.96,Not assigned
534948,F,True,False,usa,colorado springs,COS,39,Colorado,8,4,1,4,0.25,2.0,1.0,455.93,0.5,5.75,911.86,2658.6,0.5,30-39,1823.72,Not assigned
534971,F,False,False,canada,toronto,YTZ,33,Ontario,8,2,2,2,1.0,1.0,0.5,172.255,0.5,1.5,281.82,374.55,0.25,30-39,563.64,Discount buyer
534986,M,False,False,usa,oakland,OAK,60,California,8,4,4,4,0.25,1.25,0.75,521.175,0.0,5.0,2755.85,2263.1,0.5,60-69,5511.7,High Spenders
535047,F,False,True,usa,rochester,ROC,46,New York,8,4,4,4,0.25,1.25,0.5,274.99,0.0,3.5,1520.36,2625.6000000000004,0.5,40-49,3040.72,Not assigned
535060,F,False,False,usa,los angeles,LAX,34,California,8,4,4,4,0.25,1.0,0.5,304.115,0.5,1.0,1198.927,1035.0,0.5,30-39,2397.854,Not assigned
535081,F,True,False,usa,knoxville,TYS,38,Tennessee,8,4,2,4,0.5,1.0,1.0,204.13,0.25,4.5,408.26,4516.8,0.5,30-39,816.52,Not assigned
535136,M,False,False,usa,new york,JFK,26,New York,8,3,3,3,0.3333333333333333,1.0,0.3333333333333333,335.25,0.3333333333333333,2.6666666666666665,935.191,1220.0,0.375,20-29,1870.382,Not assigned
535149,F,False,True,usa,baton rouge,BTR,55,Louisiana,8,1,1,1,1.0,1.0,2.0,272.85,0.0,2.0,272.85,207.4,0.125,50-59,545.7,Indecisive
535155,F,True,False,usa,nashville,BNA,53,Tennessee,8,1,1,1,0.0,1.0,1.0,595.66,1.0,1.0,595.66,144.0,0.125,50-59,1191.32,Indecisive
535177,F,False,False,canada,toronto,YYZ,38,Ontario,8,2,2,2,1.0,1.5,1.0,321.875,1.0,4.5,946.939,3705.2,0.25,30-39,1893.878,Discount buyer
535189,M,True,True,usa,memphis,MEM,48,Tennessee,8,2,2,2,0.0,1.5,0.5,175.4225,0.0,1.5,553.81,1016.0,0.25,40-49,1107.62,Not assigned
535365,F,False,True,usa,los angeles,LAX,29,California,8,2,2,2,0.0,1.0,0.5,123.98,0.5,3.0,247.96,594.0,0.25,20-29,495.92,Not assigned
535447,F,True,False,canada,ottawa,YOW,51,Ontario,9,5,5,5,0.4,1.4,1.2,319.552,0.6,2.2,1573.3149999999998,5550.0,0.5555555555555556,50-59,3146.6299999999997,Not assigned
535495,F,True,True,usa,corpus christi,CRP,42,Texas,8,3,2,3,0.0,1.0,1.0,474.73,0.6666666666666666,2.6666666666666665,949.46,2352.0,0.375,40-49,1898.92,Not assigned
535497,F,False,True,usa,chicago,MDW,34,Illinois,8,0,0,0,,,,,,,,,0.0,30-39,,Indecisive
535600,F,False,False,usa,los angeles,LAX,36,California,8,3,2,2,0.0,1.0,0.0,189.895,0.0,6.0,379.79,3236.0,0.375,30-39,759.58,Not assigned
535637,F,False,False,canada,calgary,YYC,31,Alberta,8,3,1,3,0.0,1.0,0.0,539.85,0.0,3.6666666666666665,539.85,939.0,0.375,30-39,1079.7,Not assigned
535644,F,True,False,usa,nashville,BNA,47,Tennessee,10,4,4,4,0.25,1.0,0.25,270.9125,0.0,2.5,1083.65,1735.2,0.4,40-49,2167.3,Not assigned
535682,F,False,False,usa,los angeles,LAX,18,California,8,0,0,0,,,,,,,,,0.0,10-19,,Indecisive
535686,F,True,False,canada,windsor,YQG,57,Ontario,9,3,3,3,0.3333333333333333,1.6666666666666667,0.6666666666666666,167.99666666666667,0.0,1.6666666666666667,741.242,1824.0,0.3333333333333333,50-59,1482.484,Not assigned
535701,F,False,False,usa,san jose,SJC,38,California,8,1,1,1,0.0,2.0,0.0,814.62,1.0,1.0,1629.24,1082.0,0.125,30-39,3258.48,Indecisive
535702,F,True,True,usa,new york,LGA,41,New York,8,5,5,5,0.0,1.0,0.6,392.714,0.6,3.8,1963.57,9929.0,0.625,40-49,3927.14,Not assigned
535734,F,False,False,usa,stockton,SCK,40,California,8,2,2,2,0.0,1.0,0.0,437.6,0.0,1.5,875.2,394.0,0.25,40-49,1750.4,Not assigned
535747,F,False,False,usa,new york,JFK,26,New York,8,2,1,2,0.5,1.0,0.0,98.16,0.5,8.5,98.16,3310.1,0.25,20-29,196.32,Long Stayers
535878,F,False,False,usa,phoenix,LUF,52,Arizona,10,4,3,4,0.25,1.3333333333333333,1.0,572.6983333333334,0.5,7.25,2184.209,7311.0,0.4,50-59,4368.418,Long Stayers
535879,F,True,True,usa,new york,LGA,38,New York,8,5,4,5,0.2,1.0,0.5,417.8125,0.2,3.6,1671.25,6884.7,0.625,30-39,3342.5,Not assigned
535905,F,False,False,usa,new york,JFK,32,New York,8,1,1,1,0.0,1.0,1.0,615.87,1.0,3.0,615.87,1065.0,0.125,30-39,1231.74,Indecisive
535906,F,False,False,usa,new york,JFK,34,New York,8,5,3,5,0.6,1.0,0.3333333333333333,309.58,0.2,5.0,866.807,4873.0,0.625,30-39,1733.614,Not assigned
535994,F,False,True,usa,chicago,MDW,25,Illinois,8,1,0,1,1.0,,,,0.0,11.0,,1619.75,0.125,20-29,,Long Stayers
536039,F,False,True,usa,norfolk,NGU,35,Virginia,8,5,3,3,0.2,1.6666666666666667,0.3333333333333333,425.1133333333333,0.0,6.333333333333333,2490.9145,10686.0,0.625,30-39,4981.829,High Spenders
536050,F,False,False,canada,toronto,YYZ,29,Ontario,8,3,3,3,0.3333333333333333,1.0,1.3333333333333333,317.66,0.3333333333333333,1.6666666666666667,952.98,1142.3,0.375,20-29,1905.96,Not assigned
536058,F,True,False,usa,philadelphia,PNE,43,Pennsylvania,8,2,1,2,0.5,1.0,1.0,410.74,0.5,5.5,410.74,6372.6,0.25,40-49,821.48,Not assigned
536099,F,False,True,usa,columbus,CMH,34,Ohio,8,4,2,4,0.25,1.5,0.0,108.5875,0.25,5.25,359.51,3264.0,0.5,30-39,719.02,Not assigned
536170,F,True,False,canada,calgary,YYC,67,Alberta,9,0,0,0,,,,,,,,,0.0,60-69,,Indecisive
536241,F,True,True,usa,philadelphia,PHL,49,Pennsylvania,8,2,2,1,1.0,2.0,0.5,674.22,0.0,4.0,2326.5,1056.0,0.25,40-49,4653.0,High Spenders
536275,F,True,True,usa,jacksonville,LRF,45,Arkansas,8,1,1,1,1.0,1.0,0.0,78.73,0.0,2.0,70.857,326.0,0.125,40-49,141.714,Indecisive
536278,F,True,False,usa,tucson,DMA,38,Arizona,9,3,2,3,0.0,2.5,0.5,400.6566666666666,0.6666666666666666,8.0,2195.78,3960.0,0.3333333333333333,30-39,4391.56,Long Stayers
536343,M,False,False,usa,lubbock,LBB,38,Texas,8,2,2,1,0.0,2.5,0.5,210.0275,0.0,3.0,1444.4199999999998,1644.0,0.25,30-39,2888.8399999999997,Not assigned
536431,F,True,False,usa,baltimore,BWI,43,Maryland,8,5,4,5,0.2,1.0,0.75,117.91,0.6,5.8,466.4075,6896.0,0.625,40-49,932.815,Not assigned
536490,F,False,False,usa,boston,BOS,31,Massachusetts,8,3,3,3,0.3333333333333333,1.0,0.6666666666666666,329.66,0.0,2.0,929.21,2139.0,0.375,30-39,1858.42,Not assigned
536532,F,True,True,usa,kansas city,MCI,47,Missouri,8,3,2,3,0.0,1.0,1.0,341.87,0.3333333333333333,6.0,683.74,1749.0,0.375,40-49,1367.48,Not assigned
536566,F,False,False,usa,phoenix,PHX,51,Arizona,8,2,2,2,0.0,1.0,0.5,431.7000000000001,0.0,2.5,863.4000000000001,451.0,0.25,50-59,1726.8000000000002,Not assigned
536641,F,False,False,usa,washington,DCA,48,Virginia,8,5,5,5,0.2,1.0,0.4,366.9,0.4,1.4,1784.156,1340.0,0.625,40-49,3568.312,Not assigned
536652,F,False,False,usa,oakland,OAK,26,California,8,4,3,4,0.0,1.0,0.0,146.69333333333336,0.25,4.5,440.08,2131.0,0.5,20-29,880.16,Not assigned
536658,F,True,False,usa,new york,LGA,54,New York,8,2,2,1,0.5,1.0,0.5,456.58,1.0,2.0,767.1220000000001,708.0,0.25,50-59,1534.2440000000001,Not assigned
536659,F,False,False,usa,indianapolis,IND,47,Gujarat,8,6,6,6,0.1666666666666666,1.5,0.6666666666666666,111.42888888888888,0.1666666666666666,4.833333333333333,1006.75,5493.4,0.75,40-49,2013.5,Not assigned
536675,F,False,False,usa,minneapolis,MSP,28,Minnesota,8,3,3,2,0.3333333333333333,1.0,0.6666666666666666,276.24333333333334,0.0,1.5,791.2225000000001,555.0,0.375,20-29,1582.4450000000002,Not assigned
536691,M,False,False,usa,new york,LGA,39,New York,8,5,5,2,0.6,1.4,0.6,495.11533333333335,1.0,5.0,3414.8005,2040.0,0.625,30-39,6829.601,High Spenders
536695,F,True,False,canada,toronto,YZD,40,,8,6,6,5,0.1666666666666666,1.0,0.5,321.7666666666667,0.6,2.4,1930.6,2667.0,0.75,40-49,3861.2,Not assigned
536791,F,False,False,usa,honolulu,HNL,39,Hawaii,8,3,3,3,0.3333333333333333,1.0,0.3333333333333333,838.8466666666667,0.0,1.6666666666666667,2413.2455,864.0,0.375,30-39,4826.491,High Spenders
536810,F,False,False,usa,jacksonville,NCA,40,Turks and Caicos Islands,9,4,4,4,0.0,1.25,0.75,226.75375,0.25,4.0,1128.93,2954.0,0.4444444444444444,40-49,2257.86,Not assigned
536876,F,False,False,usa,minneapolis,MSP,29,Minnesota,8,1,1,1,0.0,1.0,1.0,190.69,0.0,1.0,190.69,224.0,0.125,20-29,381.38,Indecisive
536893,F,True,False,usa,dallas,DAL,65,Texas,8,2,1,2,0.0,1.0,0.0,69.52,0.5,4.0,69.52,1440.0,0.25,60-69,139.04,Retired
537066,F,False,False,usa,chicago,UGN,38,Illinois,8,6,5,4,0.1666666666666666,1.0,0.2,333.04,0.5,3.25,1665.2,1467.6,0.75,30-39,3330.4,Not assigned
537098,M,True,False,usa,denver,DEN,44,Colorado,8,1,1,1,1.0,2.0,1.0,482.165,0.0,1.0,771.464,254.0,0.125,40-49,1542.928,Indecisive
537177,M,True,True,canada,edmonton,YED,56,,9,1,1,0,1.0,1.0,0.0,562.18,,,534.0709999999999,,0.1111111111111111,50-59,1068.1419999999998,Indecisive
537181,F,False,True,usa,los angeles,LAX,44,California,8,5,4,5,0.2,1.25,0.75,543.24125,0.4,3.4,2842.26,3704.95,0.625,40-49,5684.52,High Spenders
537317,F,False,True,canada,winnipeg,YAV,32,,8,4,3,4,0.0,1.6666666666666667,0.3333333333333333,390.34833333333336,0.25,5.75,1889.02,2474.0,0.5,30-39,3778.04,Family travelers
537373,F,False,True,usa,new york,LGA,37,New York,9,5,5,5,0.4,1.0,0.4,433.75,0.2,2.8,2168.75,2665.1,0.5555555555555556,30-39,4337.5,Not assigned
537393,F,False,False,usa,kansas city,MCI,45,Missouri,8,4,4,3,0.75,1.5,0.5,348.46000000000004,0.0,2.6666666666666665,1875.0,1564.5,0.5,40-49,3750.0,Not assigned
537400,M,False,True,usa,san antonio,SAT,20,Texas,8,2,0,2,0.0,,,,0.0,8.0,,5120.0,0.25,20-29,,Long Stayers
537470,F,True,True,usa,omaha,OFF,24,Nebraska,8,2,0,2,1.0,,,,0.0,4.0,,599.9,0.25,20-29,,Discount buyer
537481,F,True,False,usa,atlanta,ATL,69,Georgia,9,1,0,1,1.0,,,,1.0,4.0,,406.6,0.1111111111111111,60-69,,Indecisive
537507,F,False,False,usa,riverside,RIV,40,California,9,3,1,3,0.0,1.0,0.0,952.48,0.0,11.333333333333334,952.48,4992.0,0.3333333333333333,40-49,1904.96,Long Stayers
537560,F,True,False,usa,nashville,BNA,44,Tennessee,8,6,5,5,0.3333333333333333,1.0,0.8,183.844,0.0,2.2,913.8275,1463.6,0.75,40-49,1827.655,Not assigned
537595,F,False,False,usa,portland,PDX,48,Oregon,8,4,4,3,0.25,1.25,0.25,490.01875,0.6666666666666666,1.3333333333333333,2461.53,777.1,0.5,40-49,4923.06,High Spenders
537671,F,True,False,usa,new york,JFK,44,New York,8,3,3,3,0.3333333333333333,1.0,1.3333333333333333,426.0533333333333,0.6666666666666666,2.6666666666666665,1278.16,1206.2,0.375,40-49,2556.32,Not assigned
537723,M,False,False,usa,new york,LGA,17,New York,8,1,1,1,0.0,1.0,0.0,216.24,0.0,1.0,216.24,200.0,0.125,10-19,432.48,Indecisive
537725,F,True,False,usa,columbus,CMH,31,Ohio,8,2,2,2,1.0,1.0,0.5,174.765,1.0,1.0,336.499,390.5,0.25,30-39,672.998,Discount buyer
537748,F,False,False,usa,oakland,OAK,36,California,8,6,5,5,0.0,1.2,0.6,480.018,0.2,6.0,3188.6,5663.0,0.75,30-39,6377.2,High Spenders
537770,F,True,False,usa,philadelphia,PHL,40,Pennsylvania,8,4,3,4,0.25,1.0,1.0,280.75,0.0,3.0,842.25,1621.6,0.5,40-49,1684.5,Not assigned
537795,M,False,False,canada,montreal,YUL,22,Quebec,8,1,1,1,0.0,2.0,1.0,209.45,0.0,1.0,418.9,190.0,0.125,20-29,837.8,Indecisive
537804,F,False,True,usa,boston,BOS,19,Massachusetts,8,1,1,1,0.0,1.0,0.0,56.9,0.0,2.0,56.9,248.0,0.125,10-19,113.8,Indecisive
537818,F,False,True,usa,minneapolis,MSP,31,Minnesota,8,3,1,3,0.0,2.0,1.0,110.475,0.3333333333333333,3.6666666666666665,220.95,4698.0,0.375,30-39,441.9,Family travelers
537819,F,False,False,usa,chicago,ORD,38,Illinois,8,4,3,4,0.25,1.0,1.0,344.0566666666667,0.5,2.75,1032.17,3174.6,0.5,30-39,2064.34,Not assigned
537861,F,False,True,usa,spokane,SKA,39,Washington,8,3,2,3,0.0,1.0,0.0,545.745,0.3333333333333333,5.666666666666667,1091.49,1490.0,0.375,30-39,2182.98,Not assigned
537975,M,False,False,usa,santa ana,SNA,26,California,8,1,0,1,0.0,,,,1.0,6.0,,360.0,0.125,20-29,,Indecisive
538069,F,False,True,usa,nashville,BNA,49,Tennessee,8,2,2,2,0.0,2.0,0.0,466.18,0.0,3.5,1864.72,2842.0,0.25,40-49,3729.44,Family travelers
538074,F,False,False,canada,calgary,YYC,48,Alberta,8,5,5,5,0.4,1.0,0.2,507.732,0.0,3.4,2484.681,5890.6,0.625,40-49,4969.362,High Spenders
538108,F,False,True,canada,toronto,YTZ,29,Ontario,8,2,2,0,0.5,1.5,1.0,76.83250000000001,,,220.5115,,0.25,20-29,441.023,Only Flight
538134,M,True,False,usa,san antonio,SAT,53,Texas,8,3,3,2,0.0,1.6666666666666667,1.0,187.09555555555556,0.0,4.5,1244.96,3172.0,0.375,50-59,2489.92,Not assigned
538139,F,False,False,canada,london,YXU,17,Ontario,8,1,1,1,1.0,1.0,1.0,577.54,0.0,2.0,577.54,482.4,0.125,10-19,1155.08,Indecisive
538167,F,False,True,canada,toronto,YKZ,52,Ontario,9,3,3,3,0.0,1.3333333333333333,0.6666666666666666,321.2333333333333,0.6666666666666666,2.6666666666666665,1311.59,1354.0,0.3333333333333333,50-59,2623.18,Not assigned
538188,F,True,True,canada,hamilton,YHM,45,Ontario,8,4,3,4,0.25,1.3333333333333333,0.0,440.2666666666667,0.25,3.0,1338.8305,3397.0,0.5,40-49,2677.661,Not assigned
538197,F,False,False,canada,calgary,YYC,44,Alberta,8,4,4,4,0.75,1.0,0.25,500.4225,0.75,2.25,1889.261,888.8,0.5,40-49,3778.522,Not assigned
538214,F,False,True,usa,oakland,OAK,49,California,9,3,2,3,0.0,1.0,0.0,25.92,0.6666666666666666,3.333333333333333,51.84,1136.0,0.3333333333333333,40-49,103.68,Not assigned
538216,F,False,False,canada,calgary,YYC,63,Alberta,8,3,3,3,0.3333333333333333,1.3333333333333333,0.6666666666666666,431.49,0.6666666666666666,1.6666666666666667,1695.9,850.0,0.375,60-69,3391.8,Retired
538306,F,True,True,usa,tucson,DMA,54,Arizona,8,2,2,2,0.0,1.0,0.0,429.15,0.0,1.5,858.3,635.0,0.25,50-59,1716.6,Not assigned
538321,F,False,True,usa,san antonio,SKF,27,Texas,8,2,1,1,0.5,1.0,0.0,433.64,0.0,9.0,368.594,2835.0,0.25,20-29,737.188,Long Stayers
538331,F,False,True,usa,portland,PDX,39,Oregon,8,5,4,4,0.0,1.25,0.75,438.76125,0.25,5.5,1830.41,6509.0,0.625,30-39,3660.82,Not assigned
538388,M,True,False,usa,san diego,NZY,44,California,8,5,5,5,0.2,1.0,1.0,474.392,0.2,2.4,2371.96,1364.15,0.625,40-49,4743.92,High Spenders
538413,F,True,True,usa,new york,JFK,58,New York,9,0,0,0,,,,,,,,,0.0,50-59,,Indecisive
538426,F,True,True,usa,washington,IAD,51,Virginia,8,1,1,1,0.0,1.0,0.0,104.13,0.0,1.0,104.13,39.0,0.125,50-59,208.26,Indecisive
538454,F,True,False,usa,baltimore,BWI,55,Maryland,9,3,2,2,0.3333333333333333,1.0,0.0,99.1,0.0,4.5,198.2,1184.0,0.3333333333333333,50-59,396.4,Not assigned
538457,F,False,False,usa,philadelphia,PHL,28,Pennsylvania,8,3,3,3,0.6666666666666666,1.0,1.0,288.33,0.0,3.333333333333333,864.99,1196.1,0.375,20-29,1729.98,Not assigned
538489,F,False,True,usa,omaha,OFF,34,Nebraska,8,3,2,3,0.3333333333333333,1.5,1.5,315.14750000000004,0.3333333333333333,4.0,924.97,2348.4,0.375,30-39,1849.94,Not assigned
538522,F,False,False,canada,montreal,YMX,33,Quebec,8,4,4,4,0.25,1.25,0.5,238.83625,0.5,3.25,964.367,2633.0,0.5,30-39,1928.734,Not assigned
538638,F,True,False,canada,toronto,YKZ,38,Ontario,8,2,2,2,0.5,2.0,0.5,274.885,0.0,2.0,1270.91,1259.0,0.25,30-39,2541.82,Not assigned
538641,M,True,False,canada,toronto,YYZ,36,Ontario,9,1,1,1,0.0,1.0,0.0,459.44,0.0,2.0,459.44,618.0,0.1111111111111111,30-39,918.88,Indecisive
538677,F,True,False,usa,knoxville,TYS,57,Tennessee,8,1,1,1,0.0,1.0,0.0,171.12,0.0,1.0,171.12,96.0,0.125,50-59,342.24,Indecisive
538681,F,False,False,usa,new york,LGA,17,New York,9,1,1,1,0.0,4.0,2.0,62.8625,0.0,1.0,251.45,608.0,0.1111111111111111,10-19,502.9,Indecisive
538691,F,True,False,canada,montreal,YMX,51,Quebec,8,4,3,4,0.0,1.0,0.6666666666666666,228.06000000000003,0.75,4.0,684.1800000000001,2540.0,0.5,50-59,1368.3600000000001,Not assigned
538696,F,False,True,usa,shreveport,BAD,24,Louisiana,8,2,0,2,0.5,,,,0.5,2.0,,282.0,0.25,20-29,,Only Hotel
538703,M,True,True,usa,el paso,BIF,52,Texas,8,3,3,2,0.3333333333333333,2.333333333333333,0.6666666666666666,481.8077777777778,0.0,1.0,3177.4590000000003,846.0,0.375,50-59,6354.918000000001,High Spenders
538714,F,True,False,usa,norfolk,ORF,38,Virginia,8,3,3,3,0.3333333333333333,2.0,0.3333333333333333,409.20166666666665,0.0,2.6666666666666665,2228.014,1700.0,0.375,30-39,4456.028,High Spenders
538780,F,True,True,usa,los angeles,LAX,46,California,9,3,3,3,0.0,1.0,0.3333333333333333,536.2066666666666,0.0,5.0,1608.62,2236.0,0.3333333333333333,40-49,3217.24,Not assigned
538814,F,True,True,usa,st. petersburg,SPG,46,Florida,8,2,1,1,1.0,1.0,0.0,316.59,1.0,2.0,284.931,55.8,0.25,40-49,569.862,Discount buyer
538883,F,True,False,usa,new york,JFK,37,New York,9,2,2,2,0.0,1.0,0.5,266.97,0.5,4.0,533.9399999999999,816.0,0.2222222222222222,30-39,1067.8799999999999,Not assigned
538915,F,True,False,usa,indianapolis,IND,40,Gujarat,8,4,4,3,0.0,1.0,0.0,367.055,0.6666666666666666,1.0,1468.22,775.0,0.5,40-49,2936.44,Not assigned
538919,F,True,True,usa,riverside,RIV,23,California,8,0,0,0,,,,,,,,,0.0,20-29,,Indecisive
539008,M,False,False,usa,philadelphia,PHL,39,Pennsylvania,8,3,3,3,0.0,1.0,0.0,290.5833333333333,0.3333333333333333,2.0,871.75,1252.0,0.375,30-39,1743.5,Not assigned
539010,F,True,True,usa,san francisco,SFO,40,California,8,3,2,3,0.3333333333333333,1.0,0.5,583.5,0.3333333333333333,4.666666666666667,1167.0,4044.0,0.375,40-49,2334.0,Not assigned
539012,F,True,True,usa,new york,LGA,45,New York,8,3,3,3,0.3333333333333333,1.6666666666666667,1.3333333333333333,409.43666666666667,0.0,2.333333333333333,2175.39,2903.9,0.375,40-49,4350.78,Family travelers
539093,F,True,False,usa,miami,TNT,52,Florida,8,3,3,3,0.3333333333333333,1.0,0.3333333333333333,433.9766666666667,0.0,3.6666666666666665,1301.93,1319.65,0.375,50-59,2603.86,Not assigned
539105,M,True,True,usa,los angeles,LAX,45,California,9,1,1,1,1.0,1.0,1.0,344.83,0.0,1.0,293.1055,64.0,0.1111111111111111,40-49,586.211,Indecisive
539140,F,True,False,usa,riverside,RIV,35,California,9,3,3,3,0.6666666666666666,1.0,0.3333333333333333,648.5433333333334,0.0,1.3333333333333333,1915.179,818.0,0.3333333333333333,30-39,3830.358,Not assigned
539146,F,False,True,usa,tacoma,TCM,35,Washington,8,1,1,1,0.0,1.0,0.0,192.71,0.0,1.0,192.71,404.0,0.125,30-39,385.42,Indecisive
539243,F,False,False,usa,dallas,DAL,20,Texas,8,3,3,3,0.0,1.0,0.3333333333333333,201.3766666666667,0.3333333333333333,7.666666666666667,604.13,2915.0,0.375,20-29,1208.26,Long Stayers
539300,F,False,False,usa,new york,JFK,40,New York,9,3,3,1,0.6666666666666666,1.0,1.0,468.94666666666666,1.0,1.0,1231.05,161.0,0.3333333333333333,40-49,2462.1,Not assigned
539315,F,True,True,canada,vancouver,YVR,54,British Columbia,9,3,3,3,0.0,1.3333333333333333,0.6666666666666666,399.0366666666667,0.3333333333333333,2.333333333333333,1524.48,1530.0,0.3333333333333333,50-59,3048.96,Not assigned
539317,F,False,True,usa,wichita,ICT,38,Kansas,9,5,4,5,0.4,1.25,0.25,286.81625,0.4,3.4,1306.77,3707.7,0.5555555555555556,30-39,2613.54,Not assigned
539384,F,False,False,usa,new york,JFK,31,New York,8,2,2,2,0.0,1.0,0.0,262.935,0.0,1.5,525.87,470.0,0.25,30-39,1051.74,Not assigned
539414,F,True,True,usa,fort worth,FTW,35,Texas,8,3,2,3,0.6666666666666666,1.0,0.0,229.21,0.6666666666666666,4.666666666666667,450.8225,3428.5,0.375,30-39,901.645,Not assigned
539493,F,False,False,usa,richmond,RIC,17,Virginia,9,0,0,0,,,,,,,,,0.0,10-19,,Indecisive
539510,F,False,True,usa,tulsa,TUL,44,Oklahoma,10,4,3,4,0.25,1.0,0.6666666666666666,301.7,0.25,5.5,905.1,2473.4,0.4,40-49,1810.2,Not assigned
539519,F,True,False,usa,corpus christi,CRP,40,Texas,8,3,2,3,0.0,1.0,0.5,458.16,0.3333333333333333,3.333333333333333,916.32,1389.0,0.375,40-49,1832.64,Not assigned
539528,F,True,True,usa,boston,BOS,36,Massachusetts,8,3,3,2,0.3333333333333333,2.0,0.6666666666666666,432.0033333333333,0.0,1.5,2481.336,1532.0,0.375,30-39,4962.672,High Spenders
539558,M,False,True,usa,new york,LGA,38,New York,8,4,4,4,0.25,1.5,0.25,241.45375,0.5,3.5,1165.43,2361.0,0.5,30-39,2330.86,Not assigned
539566,F,True,False,canada,quebec,YQB,65,Quebec,8,2,2,2,0.5,1.5,0.5,1717.66,0.5,4.0,6118.275500000001,800.0,0.25,60-69,12236.551000000001,High Spenders
539611,F,True,False,usa,new york,JFK,38,New York,8,3,3,3,0.0,1.0,0.6666666666666666,330.11,0.0,3.0,990.33,835.0,0.375,30-39,1980.66,Not assigned
539637,M,True,False,usa,indianapolis,IND,59,Gujarat,8,4,2,4,1.0,1.0,0.5,201.295,0.5,5.5,402.59,4902.75,0.5,50-59,805.18,Discount buyer
539656,F,True,False,usa,new orleans,NBG,66,Louisiana,10,1,0,1,1.0,,,,1.0,4.0,,680.0,0.1,60-69,,Indecisive
539669,F,False,False,canada,montreal,YMX,17,Quebec,8,2,1,2,0.5,1.0,0.0,596.67,0.0,1.5,566.8364999999999,914.4,0.25,10-19,1133.6729999999998,Youngs
539671,F,True,False,canada,calgary,YYC,45,Alberta,8,1,1,1,0.0,1.0,1.0,549.43,1.0,3.0,549.43,312.0,0.125,40-49,1098.86,Indecisive
539899,M,False,False,usa,new york,LGA,20,New York,8,1,1,0,1.0,2.0,1.0,51.715,,,103.43,,0.125,20-29,206.86,Indecisive
539917,F,False,False,usa,new york,JFK,45,New York,8,4,4,3,0.0,1.25,0.5,421.725,0.0,2.0,2254.32,1091.0,0.5,40-49,4508.64,High Spenders
539936,F,False,False,usa,seattle,BFI,53,Washington,9,2,2,2,0.0,1.5,0.5,567.695,0.5,2.5,1887.85,901.0,0.2222222222222222,50-59,3775.7,Not assigned
539962,M,False,False,canada,windsor,YQG,16,Ontario,8,0,0,0,,,,,,,,,0.0,10-19,,Indecisive
540014,F,False,True,usa,honolulu,HNL,42,Hawaii,8,3,3,3,0.0,1.0,0.0,958.86,0.3333333333333333,1.0,2876.58,555.0,0.375,40-49,5753.16,High Spenders
540094,F,True,True,usa,chicago,MDW,45,Illinois,8,3,3,2,0.3333333333333333,1.0,1.0,344.26,1.0,1.0,1032.78,274.0,0.375,40-49,2065.56,Not assigned
540150,F,False,True,usa,phoenix,PHX,34,Arizona,8,2,2,2,0.0,1.0,0.5,344.155,0.0,3.0,688.31,924.0,0.25,30-39,1376.62,Not assigned
540226,F,True,False,usa,washington,IAD,77,Virginia,8,0,0,0,,,,,,,,,0.0,70-79,,Indecisive
540252,F,False,False,usa,baltimore,BWI,38,Maryland,8,2,1,2,0.5,1.0,1.0,221.33,0.0,6.0,221.33,2400.0,0.25,30-39,442.66,Not assigned
540253,F,True,False,usa,san francisco,SFO,47,California,8,1,1,1,0.0,1.0,1.0,412.3,0.0,4.0,412.3,568.0,0.125,40-49,824.6,Indecisive
540260,F,True,False,usa,milwaukee,MKE,42,Wisconsin,9,3,3,3,0.0,1.6666666666666667,1.0,223.3488888888889,0.3333333333333333,1.3333333333333333,1040.12,1576.0,0.3333333333333333,40-49,2080.24,Not assigned
540308,M,False,False,usa,nashville,BNA,54,Tennessee,8,1,1,1,0.0,1.0,1.0,130.38,0.0,1.0,130.38,89.0,0.125,50-59,260.76,Indecisive
540415,F,False,False,usa,new york,LGA,52,New York,8,2,2,2,0.0,1.0,0.5,548.145,0.0,3.0,1096.29,785.0,0.25,50-59,2192.58,Not assigned
540444,F,True,False,usa,burlington,BTV,47,Vermont,8,4,3,3,0.25,1.6666666666666667,0.6666666666666666,204.5533333333333,0.3333333333333333,2.6666666666666665,925.98,2727.8,0.5,40-49,1851.96,Not assigned
540475,F,False,False,usa,new york,LGA,35,New York,8,2,1,2,0.5,1.0,1.0,27.99,0.0,7.5,27.99,3880.4,0.25,30-39,55.98,Long Stayers
540572,F,True,True,usa,phoenix,LUF,49,Arizona,8,6,5,6,0.3333333333333333,2.0,1.2,393.93933333333337,0.1666666666666666,4.333333333333333,3157.2760000000003,11597.0,0.75,40-49,6314.552000000001,High Spenders
540597,F,True,False,usa,cincinnati,LUK,51,Ohio,9,2,2,1,0.0,1.0,0.0,89.85499999999999,1.0,2.0,179.70999999999998,416.0,0.2222222222222222,50-59,359.41999999999996,Not assigned
540642,F,True,False,usa,new york,LGA,71,New York,8,1,0,1,0.0,,,,0.0,27.0,,756.0,0.125,70-79,,Long Stayers
540666,M,False,True,usa,san francisco,SFO,29,California,9,2,2,2,0.0,1.0,0.0,385.885,0.0,2.0,771.77,857.0,0.2222222222222222,20-29,1543.54,Not assigned
540698,F,True,False,usa,los angeles,LAX,50,California,8,3,3,3,0.6666666666666666,1.0,0.0,364.2833333333333,0.6666666666666666,2.333333333333333,1092.85,947.05,0.375,50-59,2185.7,Not assigned
540708,F,True,False,usa,boston,BOS,35,Massachusetts,8,4,3,4,0.0,1.0,0.3333333333333333,343.8633333333334,0.25,5.25,1031.59,3111.0,0.5,30-39,2063.18,Not assigned
540733,F,False,False,canada,montreal,YMX,34,Quebec,8,4,3,3,0.25,1.3333333333333333,0.3333333333333333,311.60166666666663,0.3333333333333333,3.0,1034.58,2489.5,0.5,30-39,2069.16,Not assigned
540819,M,False,False,usa,cincinnati,LUK,42,Ohio,9,3,3,3,0.6666666666666666,1.0,0.6666666666666666,417.8433333333333,0.6666666666666666,1.6666666666666667,1167.1,624.5,0.3333333333333333,40-49,2334.2,Not assigned
540941,F,False,True,usa,los angeles,LAX,21,California,8,2,1,1,0.5,1.0,0.0,2569.93,0.0,1.0,2569.93,239.0,0.25,20-29,5139.86,High Spenders
540966,F,True,False,canada,montreal,YUL,57,Quebec,9,0,0,0,,,,,,,,,0.0,50-59,,Indecisive
540973,F,False,False,usa,portland,PDX,31,Oregon,8,3,3,3,0.0,1.0,1.0,511.50666666666666,0.0,1.0,1534.52,699.0,0.375,30-39,3069.04,Not assigned
540974,M,False,False,usa,baton rouge,BTR,32,Louisiana,8,2,1,2,0.0,1.0,1.0,227.72,0.5,3.0,227.72,609.0,0.25,30-39,455.44,Not assigned
541047,F,True,False,usa,madison,MSN,72,Wisconsin,8,1,0,1,0.0,,,,1.0,6.0,,3744.0,0.125,70-79,,Indecisive
541083,F,True,False,usa,san jose,SJC,68,California,8,1,1,1,1.0,2.0,0.0,697.635,0.0,1.0,1395.27,205.7,0.125,60-69,2790.54,Indecisive
541112,F,False,False,usa,detroit,DTW,43,Michigan,8,4,3,4,0.25,1.3333333333333333,1.3333333333333333,135.8766666666667,0.5,3.25,583.202,2108.0,0.5,40-49,1166.404,Not assigned
541132,M,True,True,usa,los angeles,LAX,31,California,8,0,0,0,,,,,,,,,0.0,30-39,,Indecisive
541193,F,True,True,canada,london,YXU,24,Ontario,8,0,0,0,,,,,,,,,0.0,20-29,,Indecisive
541224,F,False,True,canada,montreal,YMX,50,Quebec,8,2,2,2,0.0,1.0,0.5,681.685,0.5,2.0,1363.37,498.0,0.25,50-59,2726.74,Not assigned
541236,M,False,True,usa,burlington,BTV,46,Vermont,8,0,0,0,,,,,,,,,0.0,40-49,,Indecisive
541249,F,True,False,usa,charlotte,CLT,55,North Carolina,8,3,2,3,0.6666666666666666,1.5,0.0,154.195,0.3333333333333333,4.0,399.761,5548.0,0.375,50-59,799.522,Not assigned
541282,F,True,False,usa,honolulu,HNL,46,Hawaii,10,1,0,1,1.0,,,,1.0,16.0,,1232.0,0.1,40-49,,Long Stayers
541352,F,True,True,usa,portland,PWM,43,Maine,8,2,2,2,0.0,1.0,0.5,89.4,0.0,4.0,178.8,2622.0,0.25,40-49,357.6,Not assigned
541357,F,False,False,usa,buffalo,BUF,42,New York,8,4,4,3,0.5,1.0,0.75,474.0625,0.0,2.0,1709.227,1054.4,0.5,40-49,3418.454,Not assigned
541438,F,True,False,usa,new york,LGA,35,New York,9,2,2,2,0.0,1.0,0.5,81.035,0.0,2.0,162.07,520.0,0.2222222222222222,30-39,324.14,Not assigned
541497,F,False,False,usa,los angeles,LAX,26,California,8,0,0,0,,,,,,,,,0.0,20-29,,Indecisive
541516,M,False,False,usa,bakersfield,BFL,53,California,8,3,2,3,0.3333333333333333,1.0,1.0,386.535,0.6666666666666666,3.0,698.478,1760.0,0.375,50-59,1396.956,Not assigned
541539,F,False,False,usa,washington,IAD,17,Virginia,9,0,0,0,,,,,,,,,0.0,10-19,,Indecisive
541612,F,False,True,usa,san jose,SJC,38,California,8,5,5,3,0.2,1.0,0.4,605.706,0.0,2.0,3028.53,746.0,0.625,30-39,6057.06,High Spenders
541700,M,True,False,usa,san diego,SAN,45,California,8,2,2,1,0.5,1.0,1.0,445.285,0.0,6.0,696.0125,1416.0,0.25,40-49,1392.025,Not assigned
541735,F,True,False,usa,charlotte,CLT,43,North Carolina,8,1,0,1,0.0,,,,1.0,4.0,,2624.0,0.125,40-49,,Indecisive
541812,F,True,True,canada,toronto,YZD,47,,9,6,5,5,0.1666666666666666,1.2,0.2,291.729,0.2,3.0,1405.28,4444.0,0.6666666666666666,40-49,2810.56,Not assigned
541901,F,False,False,canada,toronto,YZD,42,,8,6,5,5,0.1666666666666666,1.0,0.8,176.28199999999998,0.2,5.6,881.41,7158.1,0.75,40-49,1762.82,Not assigned
541906,F,True,False,usa,san jose,SJC,51,California,8,3,2,2,0.0,1.0,1.5,410.07,0.5,6.5,820.14,1069.0,0.375,50-59,1640.28,Not assigned
541931,F,False,False,usa,omaha,OFF,39,Nebraska,8,4,2,4,0.0,1.5,0.5,359.7225,0.25,6.75,1036.25,3814.0,0.5,30-39,2072.5,Not assigned
541939,F,True,True,usa,charlotte,CLT,52,North Carolina,8,4,3,3,0.0,1.0,0.0,302.87333333333333,0.0,4.333333333333333,908.62,2628.0,0.5,50-59,1817.24,Not assigned
541967,F,True,False,usa,new york,JFK,41,New York,8,4,4,3,0.25,1.75,1.0,250.26,0.3333333333333333,2.0,1688.79,1959.0,0.5,40-49,3377.58,Not assigned
541972,F,True,True,usa,chicago,ORD,54,Illinois,8,2,2,2,0.0,1.0,1.0,244.65,0.0,5.5,489.3,4514.0,0.25,50-59,978.6,Not assigned
542015,F,True,False,usa,new york,LGA,42,New York,8,6,4,6,0.1666666666666666,1.0,1.0,472.6,0.6666666666666666,5.166666666666667,1890.4,5097.6,0.75,40-49,3780.8,Not assigned
542027,F,False,True,usa,lubbock,LBB,37,Texas,8,4,3,4,0.5,1.0,0.3333333333333333,225.38,0.0,3.0,648.366,2528.0,0.5,30-39,1296.732,Not assigned
542036,F,True,True,usa,long beach,LGB,40,California,8,2,2,2,0.0,1.0,0.5,596.03,0.0,1.5,1192.06,402.0,0.25,40-49,2384.12,Not assigned
542056,F,False,True,usa,long beach,LGB,27,California,8,1,0,1,0.0,,,,0.0,11.0,,2365.0,0.125,20-29,,Long Stayers
542095,F,True,True,usa,minneapolis,MSP,50,Minnesota,8,0,0,0,,,,,,,,,0.0,50-59,,Indecisive
542153,F,False,False,usa,san jose,SJC,48,California,8,2,2,2,0.0,1.0,0.5,517.445,0.0,2.5,1034.89,1123.0,0.25,40-49,2069.78,Not assigned
542189,F,False,False,canada,winnipeg,YAV,23,,9,1,1,1,1.0,1.0,0.0,355.53,0.0,2.0,355.53,268.2,0.1111111111111111,20-29,711.06,Indecisive
542230,F,True,False,usa,philadelphia,PNE,48,Pennsylvania,10,1,1,1,0.0,3.0,0.0,437.32666666666665,0.0,4.0,1311.98,3000.0,0.1,40-49,2623.96,Indecisive
542267,F,True,False,usa,seattle,BFI,23,Washington,8,0,0,0,,,,,,,,,0.0,20-29,,Indecisive
542277,F,False,False,canada,london,YXU,35,Ontario,8,2,2,2,0.5,1.0,1.0,506.3,0.0,3.0,982.94,1478.0,0.25,30-39,1965.88,Not assigned
542303,F,True,True,usa,cleveland,CLE,41,Ohio,8,1,1,1,0.0,2.0,0.0,207.155,0.0,3.0,414.31,828.0,0.125,40-49,828.62,Indecisive
542366,F,True,False,usa,atlanta,ATL,47,Georgia,8,3,3,3,0.3333333333333333,1.0,0.6666666666666666,151.04333333333332,0.6666666666666666,1.6666666666666667,453.13,699.4,0.375,40-49,906.26,Not assigned
542383,M,False,False,usa,dallas,DAL,42,Texas,8,3,3,3,0.0,1.0,0.6666666666666666,344.5566666666667,0.0,1.6666666666666667,1033.67,658.0,0.375,40-49,2067.34,Not assigned
542418,M,False,False,usa,new york,LGA,48,New York,8,3,3,3,0.3333333333333333,2.0,0.3333333333333333,101.30611111111112,0.3333333333333333,1.3333333333333333,601.21,989.2,0.375,40-49,1202.42,Not assigned
542570,F,True,False,usa,austin,AUS,56,Texas,8,1,1,1,0.0,1.0,1.0,327.66,0.0,2.0,327.66,252.0,0.125,50-59,655.32,Indecisive
542585,F,True,True,usa,cleveland,CLE,51,Ohio,8,3,2,2,0.6666666666666666,1.5,0.5,148.99,0.5,5.0,467.03,1674.4,0.375,50-59,934.06,Not assigned
542605,F,True,True,usa,wichita,ICT,38,Kansas,8,1,1,1,0.0,1.0,0.0,367.25,1.0,2.0,367.25,588.0,0.125,30-39,734.5,Indecisive
542658,F,False,False,usa,phoenix,PHX,25,Arizona,8,3,3,1,0.3333333333333333,1.3333333333333333,0.6666666666666666,553.555,1.0,1.0,2154.0185,274.0,0.375,20-29,4308.037,Not assigned
542670,F,False,False,usa,new york,LGA,55,New York,8,3,2,3,0.0,2.0,0.5,330.86,1.0,8.333333333333334,1940.4,21672.0,0.375,50-59,3880.8,Long Stayers
542706,F,False,False,canada,calgary,YYC,17,Alberta,8,1,0,1,0.0,,,,1.0,10.0,,930.0,0.125,10-19,,Long Stayers
542767,F,False,False,usa,phoenix,LUF,40,Arizona,8,2,2,2,0.5,1.0,0.5,1170.435,0.0,8.5,2340.87,1587.9,0.25,40-49,4681.74,Long Stayers
542796,M,False,False,usa,long beach,LGB,47,California,8,4,4,2,0.25,1.75,0.75,496.72,1.0,1.0,3840.555,308.0,0.5,40-49,7681.11,High Spenders
542825,F,False,False,canada,winnipeg,YAV,36,,8,4,4,4,0.25,1.0,0.5,305.295,0.5,2.0,1210.513,1979.0,0.5,30-39,2421.026,Not assigned
542850,F,False,False,usa,columbus,LCK,34,Ohio,8,4,4,3,0.0,1.0,0.25,159.815,1.0,5.666666666666667,639.26,3296.0,0.5,30-39,1278.52,Not assigned
542857,M,False,False,canada,montreal,YUL,20,Quebec,8,0,0,0,,,,,,,,,0.0,20-29,,Indecisive
542937,M,False,False,usa,houston,EFD,36,Texas,8,5,5,5,0.0,1.4,0.4,257.80066666666664,0.2,2.0,2157.63,3707.0,0.625,30-39,4315.26,Not assigned
543008,F,True,True,usa,buffalo,BUF,48,New York,8,1,1,1,0.0,1.0,0.0,90.82,0.0,5.0,90.82,365.0,0.125,40-49,181.64,Indecisive
543052,F,True,False,usa,seattle,SEA,40,Washington,8,5,5,3,0.2,1.4,0.4,450.5393333333333,0.3333333333333333,2.333333333333333,3397.8900000000003,738.0,0.625,40-49,6795.780000000001,High Spenders
543074,F,True,False,usa,jacksonville,NZC,53,Ica,8,1,1,1,1.0,1.0,0.0,290.26,0.0,2.0,275.747,268.0,0.125,50-59,551.494,Indecisive
543075,M,True,True,usa,newark,EWR,51,New Jersey,8,1,1,1,0.0,1.0,1.0,411.4,0.0,2.0,411.4,534.0,0.125,50-59,822.8,Indecisive
543081,F,True,False,usa,louisville,LOU,54,Kentucky,8,4,4,4,0.25,1.75,0.25,288.329375,0.25,2.75,2793.41,6262.6,0.5,50-59,5586.82,High Spenders
543114,F,True,False,usa,new york,JFK,52,New York,8,5,4,5,0.2,1.0,0.5,488.6175,0.2,3.6,1954.47,4240.9,0.625,50-59,3908.94,Not assigned
543126,F,False,False,canada,toronto,YKZ,17,Ontario,8,3,2,3,0.3333333333333333,2.0,1.0,121.54833333333332,0.3333333333333333,4.0,474.37,1369.5,0.375,10-19,948.74,Youngs
543165,F,True,False,usa,washington,DCA,46,Virginia,9,3,3,2,0.6666666666666666,1.0,0.3333333333333333,392.88000000000005,0.0,1.5,1145.9920000000002,324.9,0.3333333333333333,40-49,2291.9840000000004,Not assigned
543240,F,True,False,usa,lubbock,LBB,63,Texas,8,3,1,3,0.3333333333333333,1.0,0.0,287.17,0.6666666666666666,9.333333333333334,287.17,3744.0,0.375,60-69,574.34,Long Stayers
543271,F,False,False,usa,honolulu,HNL,40,Hawaii,9,2,2,2,0.0,1.5,1.0,1442.33,0.5,2.0,4247.17,941.0,0.2222222222222222,40-49,8494.34,High Spenders
543304,F,False,True,usa,st. louis,STL,48,Missouri,8,3,3,3,0.3333333333333333,2.0,1.0,403.8233333333333,0.3333333333333333,2.0,2636.95,2355.3,0.375,40-49,5273.9,High Spenders
543327,M,False,False,usa,houston,HOU,41,Texas,8,4,4,4,0.0,1.0,0.25,387.3125,0.5,2.0,1549.25,1391.0,0.5,40-49,3098.5,Not assigned
543339,F,False,False,canada,montreal,YMX,27,Quebec,8,3,3,3,0.0,1.0,0.3333333333333333,691.02,0.0,6.333333333333333,2073.06,2774.0,0.375,20-29,4146.12,Not assigned
543375,F,False,False,usa,los angeles,LAX,42,California,9,4,4,4,0.25,1.25,0.5,601.40125,0.0,1.25,3237.4715,1716.0,0.4444444444444444,40-49,6474.943,High Spenders
543385,F,False,False,usa,new york,JFK,40,New York,8,6,5,6,0.6666666666666666,1.6,0.4,532.881,0.3333333333333333,2.833333333333333,2721.012,3895.0,0.75,40-49,5442.024,High Spenders
543428,F,False,True,usa,portland,PWM,34,Maine,8,2,0,2,0.5,,,,0.0,7.0,,1839.0,0.25,30-39,,Only Hotel
543437,F,False,False,usa,san diego,SAN,35,California,9,2,1,2,0.5,1.0,0.0,347.33,0.0,1.5,347.33,622.0999999999999,0.2222222222222222,30-39,694.66,Not assigned
543476,F,True,True,usa,oklahoma city,TIK,34,Oklahoma,8,1,0,1,1.0,,,,0.0,8.0,,462.4,0.125,30-39,,Long Stayers
543557,F,False,False,usa,new york,JFK,35,New York,8,2,2,2,0.0,1.0,0.5,129.855,0.5,2.0,259.71,594.0,0.25,30-39,519.42,Not assigned
543559,M,True,True,usa,new orleans,NBG,46,Louisiana,8,2,2,2,0.5,1.0,0.0,402.7000000000001,0.0,2.0,805.4000000000001,562.2,0.25,40-49,1610.8000000000002,Not assigned
543618,M,False,False,usa,seattle,BFI,35,Washington,8,1,1,1,0.0,1.0,1.0,421.73,0.0,1.0,421.73,399.0,0.125,30-39,843.46,Indecisive
543659,F,False,False,usa,los angeles,LAX,33,California,8,5,5,4,0.2,1.0,0.8,384.4740000000001,0.25,2.25,1822.7145,1011.0,0.625,30-39,3645.429,Not assigned
543671,F,True,True,usa,phoenix,LUF,52,Arizona,9,2,1,2,1.0,1.0,0.0,288.21,0.0,2.5,288.21,1348.1999999999998,0.2222222222222222,50-59,576.42,Discount buyer
543716,F,True,True,usa,philadelphia,PNE,40,Pennsylvania,10,4,4,4,0.0,1.25,1.0,493.185,0.5,2.5,2077.04,2525.0,0.4,40-49,4154.08,Not assigned
543778,F,True,True,usa,new york,JFK,55,New York,8,4,3,4,0.75,1.0,0.3333333333333333,419.19,0.5,3.25,1133.5984999999998,1234.8000000000002,0.5,50-59,2267.1969999999997,Not assigned
543810,F,False,False,usa,new york,JFK,32,New York,8,6,5,6,0.5,1.0,0.6,459.328,0.3333333333333333,1.8333333333333333,2224.047,1587.9,0.75,30-39,4448.094,High Spenders
543885,F,True,False,usa,baton rouge,BTR,39,Louisiana,10,1,0,1,0.0,,,,0.0,6.0,,936.0,0.1,30-39,,Indecisive
543928,F,False,False,usa,houston,EFD,17,Texas,8,2,2,2,0.0,1.0,0.5,313.20000000000005,0.0,4.0,626.4000000000001,1090.0,0.25,10-19,1252.8000000000002,Youngs
543952,F,False,False,usa,san jose,SJC,39,California,8,5,5,4,0.4,1.0,0.0,616.5360000000001,0.25,3.0,3056.77,1372.5,0.625,30-39,6113.54,High Spenders
543968,F,False,False,usa,modesto,MOD,35,California,8,6,6,6,0.5,1.0,0.5,599.9783333333334,0.0,2.6666666666666665,3536.079,3565.1,0.75,30-39,7072.158,High Spenders
543976,F,False,False,usa,chicago,MDW,33,Illinois,9,3,2,3,0.0,1.0,1.0,205.31,0.0,2.333333333333333,410.62,1754.0,0.3333333333333333,30-39,821.24,Not assigned
544008,F,False,False,usa,oklahoma city,TIK,37,Oklahoma,8,3,3,2,0.0,1.3333333333333333,0.3333333333333333,224.625,0.5,2.5,1054.21,1495.0,0.375,30-39,2108.42,Not assigned
544012,F,False,True,usa,tulsa,TUL,48,Oklahoma,8,4,3,4,0.25,1.3333333333333333,0.3333333333333333,86.375,0.75,3.0,277.06600000000003,3015.0,0.5,40-49,554.1320000000001,Not assigned
544043,F,False,True,usa,santa ana,SNA,40,California,10,4,3,4,0.25,1.0,0.6666666666666666,197.61,0.0,2.75,592.83,1245.55,0.4,40-49,1185.66,Not assigned
544256,F,True,False,usa,birmingham,BHM,43,Alabama,9,1,1,1,0.0,2.0,1.0,287.515,0.0,3.0,575.03,288.0,0.1111111111111111,40-49,1150.06,Indecisive
544333,F,True,False,usa,santa ana,SNA,61,California,10,0,0,0,,,,,,,,,0.0,60-69,,Indecisive
544364,F,False,False,usa,wichita,ICT,31,Kansas,9,0,0,0,,,,,,,,,0.0,30-39,,Indecisive
544391,M,True,True,usa,phoenix,LUF,43,Arizona,8,3,2,3,0.6666666666666666,1.0,0.5,274.055,0.3333333333333333,4.0,533.2885,3177.8,0.375,40-49,1066.577,Not assigned
544414,F,True,False,usa,el paso,ELP,55,Texas,8,3,3,3,0.0,1.3333333333333333,0.6666666666666666,507.07166666666666,0.0,3.0,1965.34,3496.0,0.375,50-59,3930.68,Not assigned
544444,F,False,False,usa,dallas,DAL,53,Texas,8,2,2,2,0.5,1.5,0.5,146.405,1.0,3.0,329.336,1182.0,0.25,50-59,658.672,Not assigned
544447,M,True,False,canada,edmonton,YEG,42,Alberta,8,2,1,1,0.5,1.0,1.0,316.94,0.0,1.0,316.94,134.9,0.25,40-49,633.88,Not assigned
544449,M,True,True,usa,new york,LGA,44,New York,8,4,2,4,0.5,1.5,0.5,290.0025,0.25,5.25,735.8810000000001,6275.8,0.5,40-49,1471.7620000000002,Not assigned
544469,F,False,True,usa,new york,JFK,40,New York,9,3,3,2,0.3333333333333333,1.3333333333333333,0.6666666666666666,395.02833333333336,0.0,2.5,1356.7285000000002,2116.0,0.3333333333333333,40-49,2713.4570000000003,Not assigned
544476,M,True,True,usa,minneapolis,MSP,46,Minnesota,8,1,1,1,0.0,1.0,2.0,106.04,0.0,1.0,106.04,124.0,0.125,40-49,212.08,Indecisive
544627,F,False,True,usa,chicago,MDW,44,Illinois,8,4,4,3,0.25,1.0,0.75,259.08500000000004,0.6666666666666666,3.6666666666666665,1008.76,1039.0,0.5,40-49,2017.52,Not assigned
544647,F,False,False,canada,edmonton,YEG,25,Alberta,8,1,0,1,0.0,,,,0.0,7.0,,602.0,0.125,20-29,,Indecisive
544685,M,False,True,usa,kansas city,MCI,36,Missouri,8,1,1,1,0.0,2.0,0.0,270.77,0.0,2.0,541.54,348.0,0.125,30-39,1083.08,Indecisive
544694,M,True,False,usa,bakersfield,BFL,52,California,8,2,2,2,0.5,1.0,0.5,368.35,0.0,1.5,736.7,720.7,0.25,50-59,1473.4,Not assigned
544698,F,True,True,usa,new york,LGA,35,New York,8,1,0,1,1.0,,,,1.0,5.0,,635.0,0.125,30-39,,Indecisive
544747,M,False,False,usa,phoenix,PHX,33,Arizona,8,4,3,4,0.75,1.0,1.0,369.1,0.25,4.75,1058.111,2270.5,0.5,30-39,2116.222,Not assigned
544749,M,False,False,usa,colorado springs,COS,43,Colorado,8,1,1,1,0.0,1.0,0.0,463.99,0.0,2.0,463.99,526.0,0.125,40-49,927.98,Indecisive
544868,F,False,False,usa,columbus,CMH,49,Ohio,8,2,2,1,0.0,1.0,0.0,495.22,1.0,2.0,990.44,112.0,0.25,40-49,1980.88,Not assigned
545011,F,True,True,usa,memphis,MEM,54,Tennessee,8,4,4,3,0.5,1.25,1.0,296.6375,0.3333333333333333,3.0,1471.73,3400.7000000000003,0.5,50-59,2943.46,Not assigned
545063,M,True,False,usa,mobile,MOB,82,Alabama,8,0,0,0,,,,,,,,,0.0,80-89,,Indecisive
545132,M,True,True,usa,denver,DEN,26,Colorado,8,1,1,1,1.0,1.0,0.0,255.02,0.0,1.0,242.269,144.9,0.125,20-29,484.538,Indecisive
545208,F,True,False,usa,atlanta,ATL,55,Georgia,9,1,1,1,0.0,2.0,0.0,192.665,0.0,1.0,385.33,256.0,0.1111111111111111,50-59,770.66,Indecisive
545209,F,False,False,canada,edmonton,YEG,36,Alberta,8,2,2,2,0.0,1.0,0.5,495.615,0.0,3.5,991.23,2801.0,0.25,30-39,1982.46,Not assigned
545264,M,False,False,usa,wichita,ICT,25,Kansas,8,0,0,0,,,,,,,,,0.0,20-29,,Indecisive
545272,M,True,False,usa,phoenix,PHX,53,Arizona,8,1,1,1,1.0,1.0,1.0,445.62,0.0,5.0,289.653,2698.0,0.125,50-59,579.306,Indecisive
545290,F,False,True,usa,los angeles,LAX,44,California,8,4,4,3,0.75,1.0,0.25,542.58,0.3333333333333333,1.6666666666666667,2128.505,796.25,0.5,40-49,4257.01,Not assigned
545317,F,False,True,usa,austin,AUS,40,Texas,9,6,6,5,0.1666666666666666,1.1666666666666667,0.5,345.34666666666664,0.0,2.8,2176.417,2644.6,0.6666666666666666,40-49,4352.834,Not assigned
545318,F,True,True,usa,indianapolis,IND,51,Gujarat,8,3,3,3,0.3333333333333333,1.0,0.3333333333333333,340.6933333333333,0.3333333333333333,3.0,944.7685,2660.0,0.375,50-59,1889.537,Not assigned
545327,F,True,True,usa,milwaukee,MKE,28,Wisconsin,8,4,3,4,0.25,1.3333333333333333,0.3333333333333333,134.32000000000002,0.0,1.75,504.8200000000001,903.0,0.5,20-29,1009.6400000000002,Not assigned
545345,F,False,False,usa,reno,RNO,33,Nevada,8,1,1,1,0.0,1.0,1.0,291.71,1.0,2.0,291.71,430.0,0.125,30-39,583.42,Indecisive
545360,M,False,False,usa,oklahoma city,OKC,37,Oklahoma,8,2,1,1,0.0,1.0,0.0,423.1,0.0,4.0,423.1,672.0,0.25,30-39,846.2,Not assigned
545404,F,False,False,usa,houston,IAH,50,Texas,10,5,5,4,0.4,1.2,0.4,343.538,0.25,3.5,2035.204,1499.0,0.5,50-59,4070.408,Not assigned
545465,F,True,True,usa,santa ana,SNA,48,California,8,1,1,1,1.0,1.0,2.0,748.86,0.0,2.0,711.417,210.0,0.125,40-49,1422.834,Indecisive
545518,F,False,True,canada,edmonton,YXD,45,,8,3,3,3,0.3333333333333333,1.3333333333333333,0.0,419.175,0.0,3.0,1826.0775,1847.0,0.375,40-49,3652.155,Not assigned
545551,F,False,True,usa,austin,AUS,47,Texas,8,4,4,4,0.5,1.0,0.5,358.3425,0.5,5.25,1376.666,3539.0,0.5,40-49,2753.332,Not assigned
545577,M,False,False,usa,omaha,OMA,39,Iowa,8,5,5,5,0.2,1.0,0.4,272.614,0.0,2.0,1310.3555,1523.0,0.625,30-39,2620.711,Not assigned
545652,F,False,False,usa,fayetteville,FYV,42,Arkansas,8,3,3,3,0.0,1.0,0.0,312.26,0.3333333333333333,2.333333333333333,936.78,829.0,0.375,40-49,1873.56,Not assigned
545684,F,True,True,usa,chicago,ORD,46,Illinois,8,1,1,1,0.0,2.0,1.0,238.91,0.0,1.0,477.82,178.0,0.125,40-49,955.64,Indecisive
545736,F,False,False,usa,columbus,LCK,22,Ohio,8,2,1,2,0.5,1.0,0.0,95.63,0.5,8.5,95.63,2169.0,0.25,20-29,191.26,Long Stayers
545754,M,False,True,usa,fayetteville,POB,20,North Carolina,8,0,0,0,,,,,,,,,0.0,20-29,,Indecisive
545770,F,True,False,usa,omaha,OMA,43,Iowa,9,4,4,4,0.0,1.0,0.25,248.925,0.0,4.25,995.7,3123.0,0.4444444444444444,40-49,1991.4,Not assigned
545771,F,False,False,usa,fayetteville,FYV,53,Arkansas,8,2,2,2,0.0,1.0,0.0,249.9,0.5,2.5,499.8,450.0,0.25,50-59,999.6,Not assigned
545803,F,False,True,usa,des moines,DSM,53,Iowa,9,3,3,3,0.0,1.0,0.6666666666666666,323.81,0.0,4.0,971.43,1246.0,0.3333333333333333,50-59,1942.86,Not assigned
545805,F,True,True,usa,rochester,ROC,48,New York,8,4,3,4,0.75,1.6666666666666667,0.6666666666666666,457.04333333333335,0.25,6.0,1485.9075,7303.2,0.5,40-49,2971.815,Family travelers
545810,F,False,True,usa,phoenix,LUF,21,Arizona,8,1,0,1,1.0,,,,1.0,7.0,,1236.9,0.125,20-29,,Indecisive
545848,F,True,True,usa,los angeles,LAX,49,California,8,1,0,1,0.0,,,,1.0,6.0,,738.0,0.125,40-49,,Indecisive
545865,F,True,False,usa,newark,EWR,41,New Jersey,8,4,4,3,0.25,1.0,0.75,370.6475,0.0,3.0,1482.59,1753.6,0.5,40-49,2965.18,Not assigned
545939,F,False,False,usa,newport news,PHF,43,Virginia,9,4,4,3,0.0,1.0,0.5,341.61499999999995,0.3333333333333333,1.6666666666666667,1366.4599999999998,1262.0,0.4444444444444444,40-49,2732.9199999999996,Not assigned
545958,F,False,False,usa,houston,IAH,56,Texas,9,1,1,0,1.0,1.0,0.0,230.74,,,230.74,,0.1111111111111111,50-59,461.48,Indecisive
546050,F,True,False,canada,gatineau,YND,51,Quebec,9,2,2,2,0.0,1.5,0.5,466.8325,0.5,1.0,1212.85,244.0,0.2222222222222222,50-59,2425.7,Not assigned
546064,F,True,True,usa,san jose,SJC,53,California,8,5,5,5,0.2,1.0,0.6,564.688,0.4,4.4,2757.4210000000003,4243.0,0.625,50-59,5514.842000000001,High Spenders
546065,M,True,True,usa,omaha,OMA,47,Iowa,8,3,3,3,0.0,1.0,0.3333333333333333,294.75666666666666,0.0,5.333333333333333,884.27,1044.0,0.375,40-49,1768.54,Not assigned
546121,F,False,False,usa,milwaukee,MKE,17,Wisconsin,8,1,1,1,0.0,1.0,0.0,455.84,1.0,1.0,455.84,353.0,0.125,10-19,911.68,Indecisive
546164,F,False,False,canada,winnipeg,YAV,21,,8,1,0,1,0.0,,,,1.0,7.0,,1960.0,0.125,20-29,,Indecisive
546224,F,True,True,usa,phoenix,PHX,44,Arizona,8,2,2,2,0.0,1.0,1.0,240.84500000000003,0.0,1.0,481.69000000000005,275.0,0.25,40-49,963.3800000000001,Not assigned
546280,F,False,False,usa,los angeles,LAX,41,California,9,2,2,2,1.0,1.0,0.5,610.885,0.0,1.0,1221.77,634.05,0.2222222222222222,40-49,2443.54,Discount buyer
546307,F,False,False,usa,portland,PWM,54,Maine,9,4,3,4,0.0,1.0,0.6666666666666666,353.83,0.5,3.0,1061.49,2401.0,0.4444444444444444,50-59,2122.98,Not assigned
546399,F,False,False,usa,el paso,BIF,35,Texas,8,1,1,0,0.0,1.0,0.0,256.53,,,256.53,,0.125,30-39,513.06,Indecisive
546419,F,False,True,usa,san diego,SAN,54,California,8,3,3,2,0.6666666666666666,1.0,0.3333333333333333,564.8133333333334,0.0,1.0,1694.44,921.55,0.375,50-59,3388.88,Not assigned
546462,F,False,False,usa,los angeles,LAX,72,California,8,2,0,2,1.0,,,,0.0,5.5,,2900.2000000000003,0.25,70-79,,Retired
546470,F,True,False,usa,new york,LGA,42,New York,8,1,1,0,1.0,1.0,0.0,592.55,,,592.55,,0.125,40-49,1185.1,Indecisive
546529,F,True,False,usa,las vegas,LAS,47,Nevada,10,3,3,2,0.3333333333333333,1.3333333333333333,1.0,617.8766666666667,0.5,1.0,2465.27,209.0,0.3,40-49,4930.54,High Spenders
546648,F,True,True,usa,san jose,SJC,38,California,8,4,3,3,0.75,1.0,0.6666666666666666,511.19,0.3333333333333333,4.333333333333333,1433.164,3982.0,0.5,30-39,2866.328,Not assigned
546664,F,True,False,usa,shreveport,BAD,32,Louisiana,8,1,1,1,1.0,1.0,1.0,40.69,1.0,6.0,40.69,803.6999999999999,0.125,30-39,81.38,Indecisive
546702,F,True,False,usa,chicago,ORD,45,Illinois,8,3,3,3,0.0,1.3333333333333333,0.0,228.03833333333333,0.0,2.0,878.32,2589.0,0.375,40-49,1756.64,Not assigned
546740,F,False,False,usa,new york,JFK,40,New York,8,2,2,2,0.0,1.0,1.0,573.95,0.5,2.0,1147.9,408.0,0.25,40-49,2295.8,Not assigned
546756,F,False,False,usa,fayetteville,FYV,44,Arkansas,8,2,2,1,0.0,1.5,0.0,364.8325,0.0,4.0,1011.37,1912.0,0.25,40-49,2022.74,Not assigned
546844,F,True,True,canada,edmonton,YED,45,,8,5,5,5,0.2,1.0,0.6,421.652,0.4,1.6,2046.544,1303.0,0.625,40-49,4093.088,Not assigned
546857,F,True,False,usa,kansas city,MCI,66,Missouri,8,1,0,1,0.0,,,,0.0,16.0,,5184.0,0.125,60-69,,Long Stayers
546864,M,True,False,usa,boston,BOS,43,Massachusetts,8,1,1,1,1.0,1.0,0.0,891.92,0.0,7.0,758.132,1155.0,0.125,40-49,1516.264,Indecisive
546881,F,True,True,usa,new york,LGA,41,New York,8,2,2,2,0.0,1.0,0.5,274.595,0.0,2.0,549.19,680.0,0.25,40-49,1098.38,Not assigned
546900,F,False,False,usa,san antonio,SAT,38,Texas,8,3,3,3,0.3333333333333333,1.0,0.6666666666666666,371.0966666666666,0.3333333333333333,4.666666666666667,1068.689,2392.0,0.375,30-39,2137.378,Not assigned
546964,F,True,False,usa,new york,JFK,44,New York,8,6,6,5,0.5,1.1666666666666667,0.3333333333333333,396.9691666666667,0.4,1.8,2707.549,2118.0,0.75,40-49,5415.098,High Spenders
547100,F,False,False,canada,toronto,YZD,49,,8,2,2,2,0.0,1.0,1.0,384.17,0.0,2.5,768.34,1162.0,0.25,40-49,1536.68,Not assigned
547130,F,False,False,usa,new york,LGA,19,New York,8,1,0,1,0.0,,,,1.0,5.0,,590.0,0.125,10-19,,Indecisive
547175,F,False,False,canada,toronto,YZD,17,,8,2,1,2,0.5,1.0,0.0,91.79,0.0,8.5,91.79,1729.5,0.25,10-19,183.58,Long Stayers
547181,F,True,False,usa,tucson,TUS,62,Arizona,8,3,1,3,0.0,2.0,1.0,674.81,0.3333333333333333,3.333333333333333,1349.62,1011.0,0.375,60-69,2699.24,Retired
547320,F,False,False,usa,knoxville,TYS,29,Tennessee,8,1,0,1,1.0,,,,0.0,9.0,,1273.95,0.125,20-29,,Long Stayers
547336,F,True,False,usa,madison,MSN,42,Wisconsin,9,1,1,1,0.0,1.0,0.0,310.5,1.0,1.0,310.5,116.0,0.1111111111111111,40-49,621.0,Indecisive
547342,M,False,False,usa,los angeles,LAX,26,California,8,1,1,1,0.0,1.0,1.0,255.33,0.0,4.0,255.33,700.0,0.125,20-29,510.66,Indecisive
547412,M,False,False,usa,new york,LGA,52,New York,8,2,2,2,0.0,2.0,1.0,144.46833333333333,0.0,3.5,440.31,3532.0,0.25,50-59,880.62,Not assigned
547453,F,False,True,usa,st. louis,STL,28,Missouri,8,3,2,3,0.3333333333333333,1.0,0.5,423.08,0.3333333333333333,2.333333333333333,846.16,1200.5,0.375,20-29,1692.32,Not assigned
547459,F,True,False,usa,los angeles,LAX,59,California,8,4,2,4,0.25,1.5,0.5,295.0275,0.25,8.25,670.8285,8687.2,0.5,50-59,1341.657,Long Stayers
547568,F,False,False,usa,new york,JFK,29,New York,8,2,1,2,1.0,1.0,2.0,383.46,0.5,12.5,364.287,9441.0,0.25,20-29,728.574,Long Stayers
547606,F,True,True,usa,little rock,LIT,55,Arkansas,8,3,3,3,0.3333333333333333,1.3333333333333333,0.3333333333333333,395.8516666666667,0.3333333333333333,2.0,1523.28,906.0,0.375,50-59,3046.56,Not assigned
547617,F,True,False,usa,charlotte,CLT,53,North Carolina,9,3,2,1,0.0,1.0,0.0,338.565,0.0,8.0,677.13,1000.0,0.3333333333333333,50-59,1354.26,Long Stayers
547663,F,False,False,canada,london,YXU,43,Ontario,8,2,2,2,0.5,1.0,0.0,659.3199999999999,0.5,3.5,1318.64,1044.3,0.25,40-49,2637.28,Not assigned
547693,M,False,True,usa,bakersfield,BFL,42,California,8,0,0,0,,,,,,,,,0.0,40-49,,Indecisive
547761,F,False,False,usa,las vegas,LAS,48,Nevada,8,2,2,2,0.5,1.0,0.5,451.0750000000001,0.0,5.0,885.8785,783.0,0.25,40-49,1771.757,Not assigned
547779,F,True,True,usa,los angeles,LAX,41,California,8,3,3,3,0.3333333333333333,1.3333333333333333,1.0,291.78,0.0,4.333333333333333,1173.745,2866.0,0.375,40-49,2347.49,Not assigned
547792,F,False,True,usa,seattle,BFI,38,Washington,8,5,4,3,0.4,1.5,0.5,442.06875,0.0,4.666666666666667,2436.414,2350.0,0.625,30-39,4872.828,High Spenders
547817,F,False,False,usa,newport news,PHF,26,Virginia,8,3,1,3,0.3333333333333333,1.0,0.0,218.66,0.6666666666666666,8.0,218.66,8326.0,0.375,20-29,437.32,Long Stayers
547823,F,True,False,usa,reno,RNO,54,Nevada,8,5,4,5,0.0,1.0,0.25,512.2025,0.2,4.8,2048.81,3579.0,0.625,50-59,4097.62,Not assigned
547825,F,False,False,usa,colorado springs,COS,21,Colorado,8,2,1,2,0.5,1.0,1.0,501.62,0.5,6.0,501.62,1480.3,0.25,20-29,1003.24,Not assigned
547834,F,False,False,usa,providence,PVD,25,Rhode Island,8,0,0,0,,,,,,,,,0.0,20-29,,Indecisive
547857,F,True,True,usa,new york,JFK,64,New York,9,1,1,1,0.0,1.0,1.0,605.2,0.0,2.0,605.2,436.0,0.1111111111111111,60-69,1210.4,Indecisive
547911,F,False,True,usa,san francisco,SFO,39,California,8,2,2,2,0.0,1.0,0.5,500.645,0.0,1.5,1001.29,344.0,0.25,30-39,2002.58,Not assigned
547966,F,True,True,usa,wichita,ICT,43,Kansas,8,2,1,2,0.0,2.0,1.0,167.565,1.0,9.0,335.13,6011.0,0.25,40-49,670.26,Long Stayers
547997,F,True,False,usa,los angeles,LAX,57,California,8,1,1,0,0.0,1.0,1.0,327.48,,,327.48,,0.125,50-59,654.96,Indecisive
548022,F,True,False,usa,san antonio,SAT,46,Texas,8,4,4,4,0.25,1.0,0.75,355.875,0.5,5.5,1395.094,3330.0,0.5,40-49,2790.188,Not assigned
548032,F,False,False,usa,chicago,ORD,41,Illinois,8,3,3,2,0.0,1.6666666666666667,0.6666666666666666,287.9877777777778,0.0,1.5,1109.93,1322.0,0.375,40-49,2219.86,Not assigned
548037,F,True,False,usa,new york,JFK,48,New York,8,2,2,2,0.0,1.0,1.0,576.97,0.5,2.0,1153.94,662.0,0.25,40-49,2307.88,Not assigned
548120,F,False,False,usa,tampa,MCF,46,Florida,9,3,3,2,0.6666666666666666,1.0,1.0,334.02,0.0,1.0,939.494,317.1,0.3333333333333333,40-49,1878.988,Not assigned
548123,M,True,True,canada,edmonton,YEG,47,Alberta,8,0,0,0,,,,,,,,,0.0,40-49,,Indecisive
548185,F,False,False,usa,long beach,LGB,26,California,9,2,0,2,0.0,,,,0.0,8.0,,2916.0,0.2222222222222222,20-29,,Long Stayers
548189,F,False,False,canada,montreal,YUL,29,Quebec,8,3,1,3,0.6666666666666666,3.0,0.0,91.60333333333334,0.3333333333333333,4.666666666666667,261.0695,4467.4,0.375,20-29,522.139,Not assigned
548193,F,False,True,usa,denver,DEN,17,Colorado,8,1,1,0,0.0,1.0,1.0,283.93,,,283.93,,0.125,10-19,567.86,Indecisive
548256,F,True,True,usa,cleveland,CLE,41,Ohio,8,4,3,3,0.0,1.0,0.3333333333333333,281.48,0.0,3.0,844.44,1570.0,0.5,40-49,1688.88,Not assigned
548258,M,False,False,usa,louisville,LOU,44,Kentucky,9,6,6,6,0.3333333333333333,1.0,0.3333333333333333,302.09666666666664,0.1666666666666666,2.1666666666666665,1747.08,2452.4,0.6666666666666666,40-49,3494.16,Not assigned
548272,F,True,True,usa,chicago,MDW,42,Illinois,8,3,3,3,0.3333333333333333,1.0,1.0,227.59333333333333,0.3333333333333333,6.0,640.294,5715.0,0.375,40-49,1280.588,Not assigned
548391,F,True,True,canada,toronto,YKZ,56,Ontario,8,1,1,1,0.0,1.0,1.0,363.18,0.0,2.0,363.18,506.0,0.125,50-59,726.36,Indecisive
548422,F,True,False,usa,tulsa,TUL,38,Oklahoma,8,4,4,4,0.0,1.0,1.0,385.02,0.0,3.25,1540.08,2690.0,0.5,30-39,3080.16,Not assigned
548448,F,False,False,usa,sacramento,SAC,62,California,8,3,1,3,0.0,1.0,0.0,582.82,0.3333333333333333,9.333333333333334,582.82,8465.0,0.375,60-69,1165.64,Long Stayers
548474,F,True,True,usa,anchorage,ANC,32,Alaska,8,3,1,2,0.0,1.0,0.0,689.31,0.0,7.0,689.31,3529.0,0.375,30-39,1378.62,Not assigned
548488,F,False,False,usa,new york,JFK,36,New York,8,3,3,3,0.0,1.3333333333333333,0.6666666666666666,271.1583333333333,0.6666666666666666,1.6666666666666667,902.46,1042.0,0.375,30-39,1804.92,Not assigned
548651,F,True,True,usa,milwaukee,MKE,43,Wisconsin,8,5,5,4,0.8,1.4,0.4,298.522,0.25,2.0,1723.3895,1536.6,0.625,40-49,3446.779,Not assigned
548708,M,True,False,usa,cleveland,CLE,38,Ohio,8,3,2,3,0.3333333333333333,1.0,0.0,227.01,0.0,6.0,454.02,6009.5,0.375,30-39,908.04,Not assigned
548853,F,True,False,canada,quebec,YQB,53,Quebec,8,3,2,2,0.3333333333333333,2.0,1.0,223.46666666666664,0.5,3.0,1107.4264999999998,1554.0,0.375,50-59,2214.8529999999996,Not assigned
548872,F,False,True,usa,chicago,MDW,19,Illinois,8,1,0,1,1.0,,,,0.0,4.0,,664.0,0.125,10-19,,Indecisive
548961,F,False,True,usa,san antonio,RND,39,Texas,8,3,2,2,0.3333333333333333,1.0,0.5,286.645,0.5,5.5,547.6020000000001,2695.0,0.375,30-39,1095.2040000000002,Not assigned
548990,F,False,False,usa,los angeles,LAX,32,California,8,2,1,2,0.5,1.0,1.0,687.54,0.5,4.0,687.54,434.4,0.25,30-39,1375.08,Not assigned
549115,F,False,True,canada,victoria,YYJ,32,British Columbia,8,1,1,1,0.0,1.0,0.0,263.86,0.0,12.0,263.86,4188.0,0.125,30-39,527.72,Long Stayers
549116,F,True,True,usa,columbus,LCK,43,Ohio,8,3,3,3,0.0,1.3333333333333333,0.0,152.20166666666668,0.6666666666666666,5.0,600.65,6773.0,0.375,40-49,1201.3,Not assigned
549121,F,False,False,usa,san antonio,SKF,73,Texas,8,1,1,1,0.0,1.0,1.0,227.99,0.0,3.0,227.99,462.0,0.125,70-79,455.98,Indecisive
549152,F,False,False,canada,quebec,YQB,32,Quebec,8,3,2,3,0.3333333333333333,1.0,0.0,404.9500000000001,0.3333333333333333,4.333333333333333,809.9000000000001,2180.0,0.375,30-39,1619.8000000000002,Not assigned
549154,M,True,True,canada,toronto,YKZ,48,Ontario,8,5,3,5,0.8,1.0,0.3333333333333333,366.05,0.4,5.2,1066.262,4261.6,0.625,40-49,2132.524,Not assigned
549190,F,False,False,canada,montreal,YMX,16,Quebec,8,1,0,1,0.0,,,,1.0,6.0,,738.0,0.125,10-19,,Indecisive
549235,F,True,True,usa,los angeles,LAX,40,California,9,2,0,2,0.5,,,,1.0,7.5,,4042.0,0.2222222222222222,40-49,,Long Stayers
549251,F,False,True,usa,los angeles,LAX,30,California,8,2,2,1,0.0,1.0,0.0,688.78,0.0,3.0,1377.56,492.0,0.25,30-39,2755.12,Not assigned
549290,M,False,False,usa,norfolk,ORF,18,Virginia,8,1,0,1,0.0,,,,0.0,11.0,,1782.0,0.125,10-19,,Long Stayers
549313,F,False,True,usa,corpus christi,CRP,44,Texas,8,2,2,2,0.0,1.0,0.0,163.70000000000002,0.0,1.5,327.40000000000003,469.0,0.25,40-49,654.8000000000001,Not assigned
549320,F,False,True,usa,long beach,LGB,17,California,8,2,0,2,0.0,,,,0.0,4.5,,1704.0,0.25,10-19,,Youngs
549357,F,False,False,usa,new orleans,MSY,45,Louisiana,9,2,2,1,0.5,1.0,1.0,314.83,0.0,5.0,583.501,655.5,0.2222222222222222,40-49,1167.002,Not assigned
549359,F,False,True,usa,colorado springs,COS,35,Colorado,8,3,3,3,0.0,1.0,0.3333333333333333,382.7733333333333,0.0,2.333333333333333,1148.32,2632.0,0.375,30-39,2296.64,Not assigned
549361,F,True,True,usa,new york,JFK,51,New York,8,4,4,4,0.5,1.25,1.0,304.9375,0.25,3.5,1171.7395,1889.0,0.5,50-59,2343.479,Not assigned
549366,M,True,True,usa,new york,JFK,47,New York,8,0,0,0,,,,,,,,,0.0,40-49,,Indecisive
549389,F,False,True,usa,phoenix,LUF,18,Arizona,8,2,0,2,0.5,,,,0.0,6.5,,4572.25,0.25,10-19,,Youngs
549450,F,True,True,usa,richmond,RIC,44,Virginia,8,0,0,0,,,,,,,,,0.0,40-49,,Indecisive
549466,F,True,False,usa,philadelphia,PNE,47,Pennsylvania,8,3,3,2,0.0,1.0,0.3333333333333333,126.96666666666664,0.0,1.0,380.9,573.0,0.375,40-49,761.8,Not assigned
549472,F,False,False,canada,hamilton,YHM,22,Ontario,8,1,1,1,0.0,1.0,0.0,104.51,0.0,1.0,104.51,160.0,0.125,20-29,209.02,Indecisive
549515,F,False,True,canada,ottawa,YOW,43,Ontario,8,5,4,4,0.6,1.25,0.5,351.3475,0.75,2.5,2013.462,2517.4,0.625,40-49,4026.924,Not assigned
549569,F,True,False,usa,minneapolis,MSP,48,Minnesota,8,3,3,2,0.6666666666666666,1.3333333333333333,0.6666666666666666,305.94,0.5,2.5,1257.356,970.8,0.375,40-49,2514.712,Not assigned
549572,F,False,True,usa,new york,LGA,54,New York,8,4,4,4,0.25,1.5,0.5,148.66416666666666,0.25,2.75,1020.91,1938.6,0.5,50-59,2041.82,Not assigned
549579,F,False,False,usa,st. louis,STL,42,Missouri,8,1,1,1,0.0,1.0,0.0,183.7,0.0,2.0,183.7,232.0,0.125,40-49,367.4,Indecisive
549580,F,True,False,usa,dallas,DAL,46,Texas,8,6,6,6,0.1666666666666666,1.1666666666666667,0.1666666666666666,259.5933333333333,0.3333333333333333,2.5,1978.24,2722.4,0.75,40-49,3956.48,Not assigned
549584,F,True,False,usa,san francisco,SFO,43,California,8,2,2,2,0.0,1.5,1.5,638.6775,0.0,6.0,2013.56,1048.0,0.25,40-49,4027.12,Not assigned
549608,F,True,True,usa,columbus,LCK,58,Ohio,9,0,0,0,,,,,,,,,0.0,50-59,,Indecisive
549623,M,False,True,usa,louisville,LOU,38,Kentucky,8,4,4,4,0.25,1.5,0.25,177.18,0.5,1.25,1171.88,1140.2,0.5,30-39,2343.76,Not assigned
549710,F,True,True,usa,los angeles,LAX,37,California,8,5,4,5,0.2,1.0,0.5,555.6800000000001,0.4,4.6,2222.7200000000003,3232.4,0.625,30-39,4445.4400000000005,Not assigned
549733,M,False,False,usa,chicago,ORD,34,Illinois,8,2,2,1,0.0,1.0,0.5,1108.725,1.0,5.0,2217.45,1775.0,0.25,30-39,4434.9,Not assigned
549759,F,True,False,canada,montreal,YHU,66,Quebec,8,0,0,0,,,,,,,,,0.0,60-69,,Indecisive
549777,F,True,True,canada,edmonton,YXD,29,,8,1,1,1,1.0,1.0,0.0,533.85,1.0,2.0,533.85,81.0,0.125,20-29,1067.7,Indecisive
549800,F,True,True,usa,knoxville,TYS,39,Tennessee,8,2,2,1,0.5,1.5,3.5,322.735,0.0,2.0,1204.19,140.0,0.25,30-39,2408.38,Not assigned
549850,F,False,False,canada,winnipeg,YAV,49,,8,4,4,4,0.25,1.0,0.25,316.3175,0.0,5.5,1251.7225,1181.0,0.5,40-49,2503.445,Not assigned
549894,F,True,True,usa,denver,DEN,48,Colorado,9,1,1,0,0.0,1.0,0.0,232.92,,,232.92,,0.1111111111111111,40-49,465.84,Indecisive
549938,F,False,False,usa,los angeles,LAX,37,California,8,2,1,2,0.0,1.0,1.0,315.72,0.0,4.0,315.72,1153.0,0.25,30-39,631.44,Not assigned
549988,F,True,False,usa,los angeles,LAX,49,California,9,1,1,0,0.0,1.0,1.0,658.47,,,658.47,,0.1111111111111111,40-49,1316.94,Indecisive
550022,F,False,False,canada,edmonton,YXD,22,,8,0,0,0,,,,,,,,,0.0,20-29,,Indecisive
550077,M,True,False,canada,montreal,YUL,50,Quebec,8,2,2,2,0.5,1.0,0.0,338.275,0.5,1.0,676.55,209.4,0.25,50-59,1353.1,Not assigned
550110,F,True,False,canada,halifax,YHZ,53,Nova Scotia,9,2,2,2,0.0,1.0,0.5,456.645,0.5,6.5,913.29,1658.0,0.2222222222222222,50-59,1826.58,Not assigned
550229,F,False,False,canada,edmonton,YEG,37,Alberta,8,3,3,3,0.0,1.3333333333333333,0.3333333333333333,484.2266666666667,0.3333333333333333,2.333333333333333,1847.23,899.0,0.375,30-39,3694.46,Not assigned
550298,F,False,False,usa,las vegas,LSV,23,Nevada,8,1,0,1,0.0,,,,1.0,8.0,,528.0,0.125,20-29,,Long Stayers
550400,F,True,False,usa,new york,JFK,72,New York,8,1,1,1,0.0,1.0,0.0,399.62,0.0,7.0,399.62,1449.0,0.125,70-79,799.24,Indecisive
550426,F,True,True,canada,windsor,YQG,49,Ontario,9,4,3,4,0.5,1.0,0.0,101.48333333333332,0.25,7.25,265.353,6433.9,0.4444444444444444,40-49,530.706,Long Stayers
550455,F,True,True,usa,jacksonville,NZC,50,Ica,8,2,1,2,0.0,1.0,0.0,715.94,0.0,5.0,715.94,1660.0,0.25,50-59,1431.88,Not assigned
550460,F,False,False,usa,las vegas,LAS,44,Nevada,8,4,3,4,0.5,1.0,0.0,539.2766666666666,0.0,4.5,1567.862,2395.8,0.5,40-49,3135.724,Not assigned
550482,F,False,True,canada,windsor,YQG,21,Ontario,8,0,0,0,,,,,,,,,0.0,20-29,,Indecisive
550506,F,True,True,usa,montgomery,MXF,39,Alabama,8,2,1,2,0.5,3.0,1.0,282.6033333333333,0.5,5.0,847.81,8595.0,0.25,30-39,1695.62,Family travelers
550579,F,True,True,usa,portland,PDX,45,Oregon,8,5,5,3,0.6,1.4,1.2,736.013,0.0,5.0,5239.138,2885.0,0.625,40-49,10478.276,High Spenders
550703,F,True,False,usa,san jose,SJC,68,California,8,2,0,2,0.0,,,,0.5,10.5,,7762.0,0.25,60-69,,Long Stayers
550711,F,False,False,usa,new york,LGA,16,New York,8,1,1,1,0.0,1.0,0.0,44.93,0.0,1.0,44.93,503.0,0.125,10-19,89.86,Indecisive
550754,F,True,True,usa,tulsa,TUL,51,Oklahoma,10,3,3,3,0.3333333333333333,1.0,0.3333333333333333,186.56000000000003,0.3333333333333333,4.666666666666667,551.704,3476.0,0.3,50-59,1103.408,Not assigned
550804,M,True,True,usa,dallas,DAL,46,Texas,8,1,1,1,0.0,1.0,0.0,435.62,0.0,1.0,435.62,180.0,0.125,40-49,871.24,Indecisive
550830,F,True,False,usa,atlanta,ATL,77,Georgia,8,0,0,0,,,,,,,,,0.0,70-79,,Indecisive
550868,F,True,False,usa,jacksonville,NIP,47,Florida,8,1,1,1,0.0,1.0,0.0,141.38,0.0,1.0,141.38,314.0,0.125,40-49,282.76,Indecisive
550904,F,True,False,usa,new york,JFK,46,New York,9,5,5,5,0.2,1.2,0.4,413.733,0.4,1.8,2715.157,2038.0,0.5555555555555556,40-49,5430.314,High Spenders
550973,F,False,False,usa,detroit,YIP,42,Michigan,10,4,4,4,0.25,1.0,0.75,165.95999999999998,0.25,1.5,630.606,609.0,0.4,40-49,1261.212,Not assigned
550985,F,False,False,usa,laredo,LRD,46,Texas,8,2,2,2,1.0,2.0,0.0,485.0516666666667,0.5,3.0,1910.89,511.65,0.25,40-49,3821.78,Discount buyer
551023,F,False,False,usa,denver,DEN,56,Colorado,8,3,3,2,0.3333333333333333,1.0,0.6666666666666666,390.26,0.0,2.5,1125.5990000000002,904.0,0.375,50-59,2251.1980000000003,Not assigned
551051,F,False,True,canada,london,YXU,48,Ontario,8,1,0,1,1.0,,,,1.0,9.0,,567.0,0.125,40-49,,Long Stayers
551116,F,False,False,canada,ottawa,YOW,39,Ontario,8,2,2,2,0.0,1.0,1.0,553.2249999999999,0.0,5.5,1106.4499999999998,2544.0,0.25,30-39,2212.8999999999996,Not assigned
551237,F,False,False,usa,tulsa,TUL,42,Oklahoma,8,2,2,1,0.0,1.0,0.5,307.395,0.0,1.0,614.79,113.0,0.25,40-49,1229.58,Not assigned
551241,M,False,False,usa,los angeles,LAX,28,California,8,3,2,2,0.0,1.0,0.5,507.5750000000001,0.0,4.0,1015.15,1269.0,0.375,20-29,2030.3,Not assigned
551278,F,True,False,usa,austin,AUS,40,Texas,8,2,2,1,0.0,1.0,0.0,381.185,1.0,1.0,762.37,150.0,0.25,40-49,1524.74,Not assigned
551282,F,True,False,usa,oakland,OAK,54,California,8,4,4,4,0.5,1.0,0.75,194.12,0.5,2.0,757.4014999999999,1047.1,0.5,50-59,1514.8029999999999,Not assigned
551331,F,True,True,canada,winnipeg,YWG,49,Manitoba,8,3,3,3,0.3333333333333333,1.3333333333333333,1.0,330.3333333333333,0.3333333333333333,3.0,1184.6565,2070.2,0.375,40-49,2369.313,Not assigned
551340,F,True,False,usa,portland,PWM,35,Maine,8,2,1,1,0.0,2.0,2.0,85.325,0.0,5.0,170.65,2690.0,0.25,30-39,341.3,Not assigned
551359,F,False,False,usa,denver,DEN,44,Colorado,8,5,3,5,0.0,1.0,1.0,342.1766666666667,0.2,4.8,1026.53,5963.0,0.625,40-49,2053.06,Not assigned
551430,F,False,True,canada,vancouver,YVR,43,British Columbia,8,2,2,2,0.0,1.5,1.0,663.6925,0.0,2.0,1990.99,1021.0,0.25,40-49,3981.98,Not assigned
551431,F,False,False,usa,san diego,SAN,21,California,9,0,0,0,,,,,,,,,0.0,20-29,,Indecisive
551448,F,True,False,usa,grand rapids,GRR,46,Michigan,8,3,3,2,0.3333333333333333,1.3333333333333333,0.3333333333333333,380.4616666666666,0.5,1.0,1438.426,222.1,0.375,40-49,2876.852,Not assigned
551468,F,False,False,usa,oakland,OAK,51,California,8,4,4,4,0.0,1.0,0.5,461.9175,0.25,4.5,1847.67,3514.0,0.5,50-59,3695.34,Not assigned
551486,F,False,True,usa,chicago,ORD,17,Illinois,9,1,1,1,0.0,2.0,0.0,433.42,1.0,1.0,866.84,448.0,0.1111111111111111,10-19,1733.68,Indecisive
551501,F,True,False,usa,shreveport,BAD,66,Louisiana,8,0,0,0,,,,,,,,,0.0,60-69,,Indecisive
551549,F,False,True,canada,toronto,YTZ,58,Ontario,8,3,3,2,0.0,1.0,0.0,227.63,0.0,1.0,682.89,252.0,0.375,50-59,1365.78,Not assigned
551560,F,False,True,usa,minneapolis,MSP,36,Minnesota,8,1,1,1,1.0,1.0,0.0,489.59,1.0,1.0,489.59,146.29999999999998,0.125,30-39,979.18,Indecisive
551567,F,True,False,usa,los angeles,LAX,50,California,8,6,6,6,0.1666666666666666,1.1666666666666667,0.8333333333333334,589.5458333333333,0.3333333333333333,3.333333333333333,4265.1125,4110.0,0.75,50-59,8530.225,High Spenders
551576,F,False,False,usa,tallahassee,TLH,17,Florida,8,1,1,1,0.0,1.0,1.0,198.03,0.0,3.0,198.03,249.0,0.125,10-19,396.06,Indecisive
551600,F,False,False,usa,boston,BOS,17,Massachusetts,8,1,1,1,0.0,2.0,1.0,423.53,0.0,7.0,847.06,5124.0,0.125,10-19,1694.12,Indecisive
551615,F,True,False,usa,omaha,OFF,29,Nebraska,8,2,1,1,0.5,1.0,0.0,235.86,0.0,4.0,235.86,464.0,0.25,20-29,471.72,Not assigned
551620,F,False,False,usa,chicago,UGN,29,Illinois,8,3,2,2,1.0,1.0,0.0,367.325,0.5,3.0,654.655,662.25,0.375,20-29,1309.31,Discount buyer
551622,M,True,False,usa,san antonio,SKF,57,Texas,8,0,0,0,,,,,,,,,0.0,50-59,,Indecisive
551662,F,False,False,usa,san diego,SAN,45,California,8,1,1,1,0.0,1.0,0.0,519.88,0.0,3.0,519.88,297.0,0.125,40-49,1039.76,Indecisive
551671,F,False,True,canada,winnipeg,YAV,23,,8,0,0,0,,,,,,,,,0.0,20-29,,Indecisive
551681,F,False,False,canada,edmonton,YXD,30,,8,2,2,2,0.5,2.0,0.5,480.6283333333333,1.0,1.0,1795.0969999999998,549.0,0.25,30-39,3590.1939999999995,Not assigned
551718,F,False,True,usa,baltimore,BWI,32,Maryland,8,3,2,3,0.0,2.0,0.5,130.21,0.3333333333333333,6.666666666666667,366.58,6297.0,0.375,30-39,733.16,Family travelers
551834,F,True,False,usa,cleveland,CLE,54,Ohio,8,3,2,2,0.0,1.0,0.0,118.16,0.5,4.0,236.32,1881.0,0.375,50-59,472.64,Not assigned
551847,F,True,False,usa,washington,DCA,36,Virginia,8,2,2,2,0.5,1.0,0.5,262.33,0.0,6.5,524.66,2422.0,0.25,30-39,1049.32,Not assigned
551914,F,False,False,canada,calgary,YYC,50,Alberta,8,2,2,2,0.0,1.0,1.0,586.36,0.0,1.0,1172.72,355.0,0.25,50-59,2345.44,Not assigned
551990,F,False,False,usa,washington,IAD,17,Virginia,9,3,2,3,0.0,1.5,0.0,450.9275,0.6666666666666666,6.666666666666667,1255.53,3645.0,0.3333333333333333,10-19,2511.06,Youngs
552088,F,False,False,usa,kansas city,MCI,28,Missouri,8,3,2,3,0.3333333333333333,1.0,0.0,275.155,0.0,3.333333333333333,405.0355,479.0,0.375,20-29,810.071,Not assigned
552165,F,True,True,usa,bakersfield,BFL,56,California,8,0,0,0,,,,,,,,,0.0,50-59,,Indecisive
552192,F,False,False,usa,los angeles,LAX,37,California,8,5,4,5,0.0,1.25,0.75,398.88375,0.0,1.8,2255.51,1059.0,0.625,30-39,4511.02,High Spenders
552209,F,False,False,usa,indianapolis,IND,51,Gujarat,8,1,1,0,1.0,3.0,1.0,139.88333333333333,,,356.7025,,0.125,50-59,713.405,Indecisive
552303,F,True,False,usa,oklahoma city,OKC,55,Oklahoma,8,4,3,4,0.0,1.0,0.6666666666666666,200.03333333333333,0.0,6.0,600.1,3881.0,0.5,50-59,1200.2,Not assigned
552314,F,True,True,usa,san diego,SAN,52,California,8,4,3,2,0.25,1.0,0.3333333333333333,636.8433333333334,0.5,3.0,1814.9965,738.0,0.5,50-59,3629.993,Not assigned
552345,M,True,True,usa,san jose,SJC,40,California,8,3,3,3,0.0,1.3333333333333333,0.3333333333333333,683.7950000000001,0.3333333333333333,1.0,2918.05,844.0,0.375,40-49,5836.1,High Spenders
552363,F,True,False,canada,saskatoon,YXE,31,Saskatchewan,8,3,3,3,0.6666666666666666,1.0,1.0,320.89000000000004,0.6666666666666666,2.6666666666666665,962.67,1408.3000000000002,0.375,30-39,1925.34,Not assigned
552372,F,True,False,canada,ottawa,YOW,48,Ontario,8,2,2,2,0.0,1.0,0.5,239.965,0.0,1.0,479.93,237.0,0.25,40-49,959.86,Not assigned
552414,F,False,False,usa,las vegas,LSV,31,Nevada,8,4,4,4,0.5,1.0,0.25,352.3625,0.75,3.25,1409.45,2291.9,0.5,30-39,2818.9,Not assigned
552432,F,True,False,usa,new york,JFK,48,New York,8,4,4,3,0.0,1.5,0.75,348.065,0.6666666666666666,2.333333333333333,2513.59,2598.0,0.5,40-49,5027.18,High Spenders
552440,F,True,True,usa,san jose,SJC,55,California,8,2,2,2,0.0,1.0,0.5,341.83000000000004,0.0,2.0,683.6600000000001,201.0,0.25,50-59,1367.3200000000002,Not assigned
552473,F,False,False,canada,montreal,YUL,38,Quebec,8,3,3,1,0.0,1.0,0.3333333333333333,729.3633333333333,0.0,1.0,2188.09,80.0,0.375,30-39,4376.18,Not assigned
552487,F,True,False,usa,new orleans,NBG,49,Louisiana,8,2,1,2,0.5,1.0,0.0,476.52,0.5,2.0,476.52,591.1,0.25,40-49,953.04,Not assigned
552532,F,True,True,usa,los angeles,LAX,53,California,8,2,2,2,0.0,2.5,0.5,202.79083333333332,0.0,2.0,869.51,1670.0,0.25,50-59,1739.02,Family travelers
552558,F,True,True,canada,vancouver,YVR,51,British Columbia,8,4,2,4,0.25,1.0,1.0,444.14,0.5,4.25,888.28,2132.2,0.5,50-59,1776.56,Not assigned
552598,F,True,True,usa,san diego,SAN,52,California,9,3,3,2,0.0,1.3333333333333333,0.3333333333333333,358.4266666666667,0.0,1.0,1202.55,238.0,0.3333333333333333,50-59,2405.1,Not assigned
552613,F,False,True,usa,philadelphia,PNE,43,Pennsylvania,8,4,4,4,0.5,1.0,0.0,272.5725,0.25,2.75,1051.999,2247.0,0.5,40-49,2103.998,Not assigned
552623,F,False,True,usa,austin,AUS,17,Texas,8,1,1,1,0.0,2.0,2.0,3026.45,0.0,9.0,6052.9,495.0,0.125,10-19,12105.8,Long Stayers
552642,F,True,False,usa,phoenix,LUF,42,Arizona,8,3,3,3,0.3333333333333333,1.0,0.6666666666666666,317.87333333333333,0.3333333333333333,1.6666666666666667,889.6825,1445.25,0.375,40-49,1779.365,Not assigned
552643,F,True,True,canada,saskatoon,YXE,44,Saskatchewan,8,3,3,3,0.0,1.0,0.0,318.43333333333334,0.6666666666666666,1.6666666666666667,955.3,850.0,0.375,40-49,1910.6,Not assigned
552653,F,True,False,usa,philadelphia,PHL,58,Pennsylvania,9,1,1,1,1.0,1.0,0.0,127.03,1.0,2.0,127.03,180.0,0.1111111111111111,50-59,254.06,Indecisive
552661,F,False,False,usa,dallas,DAL,29,Texas,8,3,3,3,0.6666666666666666,1.0,0.6666666666666666,175.35333333333332,0.0,3.333333333333333,515.447,1136.5,0.375,20-29,1030.894,Not assigned
552726,F,True,True,canada,victoria,YYJ,59,British Columbia,9,1,0,1,1.0,,,,0.0,4.0,,816.0,0.1111111111111111,50-59,,Indecisive
552734,F,False,True,usa,nashville,BNA,51,Tennessee,8,4,4,3,0.0,1.0,1.0,323.5375,0.0,2.6666666666666665,1294.15,978.0,0.5,50-59,2588.3,Not assigned
552763,M,True,False,usa,omaha,OMA,42,Iowa,8,3,3,2,0.0,1.0,1.0,300.52666666666664,0.0,1.0,901.58,183.0,0.375,40-49,1803.16,Not assigned
552775,F,False,False,canada,calgary,YYC,20,Alberta,8,3,2,3,0.0,1.0,1.0,399.83,0.3333333333333333,2.0,799.6600000000001,2528.0,0.375,20-29,1599.3200000000002,Not assigned
552809,F,False,False,usa,nashville,BNA,33,Tennessee,8,4,3,3,0.5,1.0,0.6666666666666666,362.77,0.0,4.0,1088.31,1883.2,0.5,30-39,2176.62,Not assigned
552861,F,True,False,usa,new york,LGA,44,New York,8,1,1,1,0.0,2.0,0.0,355.145,0.0,2.0,710.29,312.0,0.125,40-49,1420.58,Indecisive
552904,F,False,True,usa,new york,JFK,47,New York,8,4,4,4,0.75,1.25,0.5,225.99875,0.5,3.25,963.554,2012.9,0.5,40-49,1927.108,Not assigned
553139,F,False,False,usa,st. louis,STL,40,Missouri,9,4,4,4,0.5,1.75,0.75,399.9920833333333,0.0,2.25,2410.8475,3564.0,0.4444444444444444,40-49,4821.695,High Spenders
553151,F,True,True,usa,omaha,OFF,46,Nebraska,8,4,3,2,0.25,1.0,1.0,360.64,0.0,6.5,1081.92,795.0,0.5,40-49,2163.84,Not assigned
553208,F,False,False,usa,richmond,RIC,24,Virginia,9,1,0,1,0.0,,,,0.0,9.0,,531.0,0.1111111111111111,20-29,,Long Stayers
553220,F,False,True,usa,bakersfield,BFL,57,California,9,3,2,3,0.3333333333333333,1.0,0.0,195.695,0.6666666666666666,3.333333333333333,388.199,2602.0,0.3333333333333333,50-59,776.398,Not assigned
553231,F,True,True,usa,milwaukee,MKE,48,Wisconsin,8,3,3,3,0.3333333333333333,1.6666666666666667,0.6666666666666666,89.40222222222222,0.3333333333333333,2.6666666666666665,715.3,1334.4,0.375,40-49,1430.6,Family travelers
553339,F,False,False,usa,riverside,RIV,42,California,8,4,4,3,0.0,1.0,1.0,377.06,0.6666666666666666,4.666666666666667,1508.24,4782.0,0.5,40-49,3016.48,Not assigned
553456,M,False,False,usa,nashville,BNA,42,Tennessee,8,3,3,2,0.0,1.6666666666666667,0.6666666666666666,269.595,0.5,1.5,1585.31,1494.0,0.375,40-49,3170.62,Not assigned
553533,F,False,True,usa,rochester,ROC,40,New York,9,1,1,1,0.0,1.0,1.0,158.96,1.0,1.0,158.96,87.0,0.1111111111111111,40-49,317.92,Indecisive
553607,F,True,True,usa,omaha,OFF,51,Nebraska,9,3,3,3,0.6666666666666666,1.3333333333333333,0.6666666666666666,288.31666666666666,0.6666666666666666,4.666666666666667,1047.332,3296.55,0.3333333333333333,50-59,2094.664,Not assigned
553645,F,True,False,usa,cleveland,CLE,53,Ohio,8,4,3,3,0.25,1.0,1.0,267.6233333333333,0.0,1.6666666666666667,802.8699999999999,3020.0,0.5,50-59,1605.7399999999998,Not assigned
553664,F,False,False,canada,ottawa,YOW,52,Ontario,8,2,2,2,1.0,1.0,0.5,324.49,0.5,2.5,632.7905,1091.7,0.25,50-59,1265.581,Discount buyer
553690,F,True,False,usa,los angeles,LAX,67,California,8,0,0,0,,,,,,,,,0.0,60-69,,Indecisive
553704,F,False,False,usa,los angeles,LAX,24,California,8,2,1,2,1.0,2.0,1.0,514.995,0.0,4.5,926.991,1362.0,0.25,20-29,1853.982,Discount buyer
553754,F,True,True,usa,shreveport,SHV,47,Louisiana,8,3,3,3,0.0,1.3333333333333333,0.3333333333333333,295.44666666666666,0.0,3.0,1076.84,1142.0,0.375,40-49,2153.68,Not assigned
553783,F,False,False,usa,los angeles,LAX,33,California,8,1,1,1,0.0,1.0,0.0,30.0,0.0,1.0,30.0,351.0,0.125,30-39,60.0,Indecisive
553805,F,True,True,usa,minneapolis,MSP,49,Minnesota,8,2,2,2,0.0,1.5,0.5,308.315,0.0,1.0,917.36,943.0,0.25,40-49,1834.72,Not assigned
553938,F,False,False,usa,oakland,OAK,43,California,8,2,2,2,0.0,1.0,1.0,525.7049999999999,0.5,3.0,1051.41,496.0,0.25,40-49,2102.82,Not assigned
553943,F,False,False,usa,tucson,DMA,46,Arizona,8,4,4,3,0.0,1.5,0.5,353.7375,0.3333333333333333,2.0,2763.07,1317.0,0.5,40-49,5526.14,High Spenders
553967,F,False,True,usa,phoenix,LUF,40,Arizona,8,2,2,1,0.0,1.0,0.0,421.095,0.0,4.0,842.19,496.0,0.25,40-49,1684.38,Not assigned
553985,F,False,False,usa,san jose,SJC,36,California,8,2,2,2,0.0,1.0,0.0,461.7,0.0,3.0,923.4,207.0,0.25,30-39,1846.8,Not assigned
554175,F,True,False,usa,tallahassee,TLH,45,Florida,9,3,3,3,0.0,1.3333333333333333,0.6666666666666666,461.9266666666667,0.0,3.0,2080.3,1543.0,0.3333333333333333,40-49,4160.6,Not assigned
554202,F,False,False,usa,new york,LGA,17,New York,8,2,1,2,1.0,1.0,1.0,810.97,0.5,4.0,770.4215,657.9,0.25,10-19,1540.843,Youngs
554213,F,False,False,usa,memphis,MEM,29,Tennessee,8,2,2,2,0.0,1.0,1.0,325.535,0.5,1.5,651.0699999999999,360.0,0.25,20-29,1302.1399999999999,Not assigned
554217,F,False,False,usa,boston,BOS,24,Massachusetts,8,2,2,1,0.0,1.5,0.5,661.4725000000001,0.0,3.0,1982.45,870.0,0.25,20-29,3964.9,Not assigned
554284,F,True,True,usa,san antonio,SAT,35,Texas,8,2,2,2,0.5,1.0,1.0,185.16,0.5,1.0,365.37,445.0,0.25,30-39,730.74,Not assigned
554289,F,False,False,usa,newark,EWR,21,New Jersey,8,1,0,1,0.0,,,,0.0,9.0,,1296.0,0.125,20-29,,Long Stayers
554299,F,True,False,usa,santa ana,SNA,67,California,8,0,0,0,,,,,,,,,0.0,60-69,,Indecisive
554413,F,False,True,usa,santa ana,SNA,41,California,8,4,4,3,0.25,1.0,0.75,586.11,0.0,5.333333333333333,2218.9125,2776.0,0.5,40-49,4437.825,Not assigned
554450,F,False,False,usa,boston,BOS,24,Massachusetts,9,0,0,0,,,,,,,,,0.0,20-29,,Indecisive
554532,F,False,False,canada,vancouver,YVR,38,British Columbia,8,3,3,3,0.0,1.0,0.3333333333333333,505.8766666666667,0.3333333333333333,3.333333333333333,1517.63,1754.0,0.375,30-39,3035.26,Not assigned
554560,F,False,False,canada,calgary,YYC,19,Alberta,8,1,1,1,1.0,1.0,0.0,586.32,1.0,3.0,469.056,906.3,0.125,10-19,938.112,Indecisive
554670,F,True,False,usa,austin,AUS,53,Texas,8,2,2,1,0.5,1.0,0.5,473.64,0.0,2.0,847.4639999999999,96.0,0.25,50-59,1694.9279999999999,Not assigned
554681,F,True,True,usa,columbus,CMH,23,Ohio,8,1,0,1,0.0,,,,0.0,7.0,,3500.0,0.125,20-29,,Indecisive
554801,F,False,False,canada,toronto,YYZ,51,Ontario,8,3,3,3,0.0,1.0,0.0,1174.76,0.0,3.0,3524.28,2798.0,0.375,50-59,7048.56,High Spenders
554866,F,False,False,usa,akron,AKR,18,Ondo,9,0,0,0,,,,,,,,,0.0,10-19,,Indecisive
554922,F,True,False,usa,winston-salem,INT,39,North Carolina,8,1,1,1,0.0,1.0,0.0,327.51,0.0,4.0,327.51,272.0,0.125,30-39,655.02,Indecisive
554939,F,False,False,usa,phoenix,PHX,23,Arizona,8,0,0,0,,,,,,,,,0.0,20-29,,Indecisive
555030,F,False,False,usa,long beach,LGB,23,California,8,0,0,0,,,,,,,,,0.0,20-29,,Indecisive
555075,F,False,False,usa,memphis,MEM,17,Tennessee,8,0,0,0,,,,,,,,,0.0,10-19,,Indecisive
555083,F,True,True,usa,louisville,LOU,58,Kentucky,8,2,2,2,0.0,1.0,1.0,260.925,1.0,5.5,521.85,4068.0,0.25,50-59,1043.7,Not assigned
555108,F,False,False,usa,fort worth,FTW,38,Texas,8,3,3,2,0.3333333333333333,1.0,0.6666666666666666,276.93,0.0,4.0,830.79,1112.0,0.375,30-39,1661.58,Not assigned
555135,F,False,False,usa,houston,EFD,49,Texas,9,6,3,6,0.5,1.0,0.3333333333333333,283.74666666666667,0.1666666666666666,4.5,851.24,4388.1,0.6666666666666666,40-49,1702.48,Not assigned
555147,F,False,False,usa,denver,DEN,16,Colorado,9,1,1,1,0.0,1.0,1.0,517.59,0.0,1.0,517.59,104.0,0.1111111111111111,10-19,1035.18,Indecisive
555180,F,True,True,usa,houston,IAH,43,Texas,8,2,1,2,0.0,1.0,0.0,386.41,0.0,5.5,386.41,3042.0,0.25,40-49,772.82,Not assigned
555186,F,False,True,usa,portland,PDX,39,Oregon,8,4,4,4,0.25,1.0,0.75,546.4375,0.5,1.75,2185.75,1757.6,0.5,30-39,4371.5,Not assigned
555187,F,True,False,usa,winston-salem,INT,63,North Carolina,8,0,0,0,,,,,,,,,0.0,60-69,,Indecisive
555191,F,True,False,usa,new orleans,NBG,53,Louisiana,9,2,2,2,0.5,1.5,0.5,274.3575,0.5,4.0,1014.77,1557.0,0.2222222222222222,50-59,2029.54,Not assigned
555193,M,True,True,usa,jacksonville,JAX,49,Florida,8,2,2,2,1.0,1.0,0.5,410.23,0.5,2.0,799.2449999999999,264.20000000000005,0.25,40-49,1598.4899999999998,Discount buyer
555203,F,False,False,usa,boston,BOS,63,Massachusetts,9,2,0,2,0.0,,,,0.5,7.5,,3741.0,0.2222222222222222,60-69,,Long Stayers
555257,F,False,True,usa,new york,JFK,27,New York,8,3,3,3,0.3333333333333333,1.0,0.6666666666666666,349.71000000000004,0.3333333333333333,5.0,985.9725,1237.0,0.375,20-29,1971.945,Not assigned
555275,F,False,False,usa,chicago,UGN,59,Illinois,8,2,2,2,0.0,1.0,0.5,247.015,0.0,1.5,494.03,544.0,0.25,50-59,988.06,Not assigned
555301,F,True,True,usa,des moines,DSM,44,Iowa,8,4,3,4,0.0,1.0,0.6666666666666666,247.25666666666663,0.5,2.75,741.77,2409.0,0.5,40-49,1483.54,Not assigned
555418,F,True,False,usa,jacksonville,JAX,75,Florida,8,0,0,0,,,,,,,,,0.0,70-79,,Indecisive
555478,F,False,False,usa,new york,LGA,29,New York,8,3,3,3,0.3333333333333333,1.3333333333333333,0.3333333333333333,471.5183333333334,0.3333333333333333,4.333333333333333,1754.1365,3627.0,0.375,20-29,3508.273,Not assigned
555484,F,False,False,usa,el paso,BIF,39,Texas,8,5,4,5,0.2,1.0,0.75,363.55,0.0,4.6,1454.2,6023.0,0.625,30-39,2908.4,Not assigned
555492,F,False,False,usa,atlanta,ATL,50,Georgia,8,2,2,1,0.0,1.0,1.0,230.05,0.0,1.0,460.1,178.0,0.25,50-59,920.2,Not assigned
555499,F,True,True,canada,montreal,YMX,42,Quebec,8,4,3,4,0.25,1.0,1.3333333333333333,454.1833333333334,0.0,3.25,1362.5500000000002,2315.0,0.5,40-49,2725.1000000000004,Not assigned
555521,F,True,False,usa,tulsa,TUL,49,Oklahoma,9,2,2,2,0.5,1.0,0.5,397.845,0.0,12.5,681.7975,7655.0,0.2222222222222222,40-49,1363.595,Long Stayers
555587,F,True,False,usa,miami,OPF,35,Florida,8,4,3,3,0.25,1.0,0.3333333333333333,600.65,0.3333333333333333,3.333333333333333,1801.95,2522.4,0.5,30-39,3603.9,Not assigned
555648,M,False,False,usa,austin,AUS,40,Texas,9,5,5,5,0.4,1.2,0.4,326.17,0.2,3.0,1868.424,2475.6,0.5555555555555556,40-49,3736.848,Not assigned
555656,F,False,False,usa,new york,JFK,30,New York,8,0,0,0,,,,,,,,,0.0,30-39,,Indecisive
555710,F,True,False,canada,toronto,YZD,46,,10,3,2,3,0.0,2.0,1.0,143.89249999999998,0.0,5.333333333333333,575.5699999999999,4348.0,0.3,40-49,1151.1399999999999,Not assigned
555773,F,False,False,usa,minneapolis,MSP,21,Minnesota,8,0,0,0,,,,,,,,,0.0,20-29,,Indecisive
555784,M,True,True,usa,oklahoma city,TIK,34,Oklahoma,8,3,2,3,0.0,1.5,0.0,312.1925,0.3333333333333333,6.0,876.37,4738.0,0.375,30-39,1752.74,Not assigned
555818,F,False,False,usa,cleveland,CLE,23,Ohio,8,0,0,0,,,,,,,,,0.0,20-29,,Indecisive
555850,F,True,True,usa,memphis,MEM,49,Tennessee,8,2,2,2,0.0,1.0,1.0,169.415,0.5,4.5,338.83,942.0,0.25,40-49,677.66,Not assigned
555894,F,True,False,usa,birmingham,BHM,45,Alabama,9,4,4,3,0.75,1.25,0.75,216.89375,0.3333333333333333,1.6666666666666667,1026.85,817.1,0.4444444444444444,40-49,2053.7,Not assigned
555934,M,False,False,canada,quebec,YQB,34,Quebec,9,3,3,3,0.0,1.0,0.6666666666666666,311.3066666666667,0.3333333333333333,2.0,933.92,1205.0,0.3333333333333333,30-39,1867.84,Not assigned
555960,F,True,False,usa,colorado springs,COS,68,Colorado,8,0,0,0,,,,,,,,,0.0,60-69,,Indecisive
555997,F,False,False,canada,montreal,YUL,41,Quebec,8,7,7,6,0.1428571428571428,1.0,0.2857142857142857,319.09857142857146,0.5,2.333333333333333,2233.69,3852.1,0.875,40-49,4467.38,High Spenders
556019,F,True,False,usa,indianapolis,IND,57,Gujarat,9,3,3,3,0.0,1.0,0.3333333333333333,267.2766666666667,0.0,2.6666666666666665,801.83,1018.0,0.3333333333333333,50-59,1603.66,Not assigned
556138,F,False,False,usa,tulsa,TUL,36,Oklahoma,8,4,3,4,0.0,1.0,0.6666666666666666,260.46,0.0,3.75,781.38,1565.0,0.5,30-39,1562.76,Not assigned
556214,F,False,False,usa,houston,HOU,46,Texas,8,2,2,2,1.0,2.0,0.5,441.8616666666667,0.0,2.5,1823.83,580.5,0.25,40-49,3647.66,Discount buyer
556215,F,False,False,usa,houston,IAH,56,Texas,9,2,2,2,0.0,1.0,1.0,418.71,0.0,5.0,837.4200000000001,480.0,0.2222222222222222,50-59,1674.8400000000001,Not assigned
556395,F,False,False,canada,edmonton,YED,17,,8,0,0,0,,,,,,,,,0.0,10-19,,Indecisive
556417,M,True,True,usa,dallas,DAL,29,Texas,8,0,0,0,,,,,,,,,0.0,20-29,,Indecisive
556621,F,False,False,canada,toronto,YKZ,56,Ontario,8,1,0,1,0.0,,,,0.0,4.0,,2736.0,0.125,50-59,,Indecisive
556622,F,True,False,usa,los angeles,LAX,52,California,8,4,4,2,0.0,1.5,0.5,344.3325,0.0,3.0,2400.91,2172.0,0.5,50-59,4801.82,High Spenders
556623,F,True,False,usa,newark,EWR,38,New Jersey,8,1,1,1,1.0,1.0,1.0,424.46,0.0,3.0,297.122,177.0,0.125,30-39,594.244,Indecisive
556647,F,False,False,canada,ottawa,YOW,45,Ontario,8,2,2,2,1.0,1.0,0.5,491.295,0.5,2.5,884.331,2347.0,0.25,40-49,1768.662,Discount buyer
556714,F,False,False,usa,memphis,MEM,37,Tennessee,8,2,2,2,0.5,1.5,0.0,187.295,1.0,1.0,547.952,441.0,0.25,30-39,1095.904,Not assigned
556830,F,True,False,usa,new york,JFK,50,New York,8,3,1,2,0.3333333333333333,1.0,0.0,168.18,1.0,6.5,168.18,3568.9,0.375,50-59,336.36,Not assigned
556841,F,False,True,canada,toronto,YKZ,33,Ontario,8,3,2,2,0.3333333333333333,1.0,0.0,349.01,0.5,2.5,698.02,396.0,0.375,30-39,1396.04,Not assigned
556900,F,False,False,usa,new york,JFK,17,New York,8,1,0,1,1.0,,,,0.0,2.0,,153.60000000000002,0.125,10-19,,Indecisive
556904,F,True,False,usa,los angeles,LAX,58,California,8,3,3,3,0.3333333333333333,1.0,0.6666666666666666,408.99,0.0,4.0,1157.644,2838.0,0.375,50-59,2315.288,Not assigned
557005,M,False,True,canada,hamilton,YHM,49,Ontario,8,4,3,4,0.25,1.3333333333333333,1.0,853.5233333333334,0.0,6.5,4912.68,5569.0,0.5,40-49,9825.36,High Spenders
557010,F,False,False,usa,salt lake city,SLC,17,Utah,8,0,0,0,,,,,,,,,0.0,10-19,,Indecisive
557033,F,True,False,usa,milwaukee,MKE,55,Wisconsin,8,3,3,3,0.0,1.0,0.6666666666666666,211.45333333333332,0.0,3.0,634.36,2016.0,0.375,50-59,1268.72,Not assigned
557118,F,False,False,usa,dallas,DAL,39,Texas,9,5,5,5,0.4,1.0,0.6,300.144,0.2,2.2,1493.734,1436.2,0.5555555555555556,30-39,2987.468,Not assigned
557134,F,True,False,usa,washington,IAD,56,Virginia,8,5,2,5,0.2,1.0,0.5,122.325,0.4,6.8,244.65,13624.0,0.625,50-59,489.3,Not assigned
557236,F,True,False,usa,los angeles,LAX,53,California,8,4,4,4,0.0,1.25,0.25,573.77125,0.75,1.75,3018.5,1361.0,0.5,50-59,6037.0,High Spenders
557262,F,True,True,usa,los angeles,LAX,26,California,8,3,2,3,0.3333333333333333,1.0,0.0,434.715,0.3333333333333333,7.0,869.43,3094.0,0.375,20-29,1738.86,Not assigned
557298,F,False,False,canada,calgary,YYC,45,Alberta,8,2,2,2,0.0,1.5,0.0,218.065,0.0,3.0,556.27,1056.0,0.25,40-49,1112.54,Not assigned
557307,O,True,True,usa,st. louis,STL,47,Missouri,8,1,1,1,0.0,1.0,0.0,464.45,0.0,2.0,464.45,226.0,0.125,40-49,928.9,Indecisive
557314,F,True,False,usa,houston,IAH,46,Texas,8,4,4,4,0.25,1.5,0.75,329.11333333333334,0.25,2.25,1762.7315,4315.0,0.5,40-49,3525.463,Not assigned
557343,F,False,False,usa,new york,LGA,42,New York,8,1,1,1,1.0,1.0,0.0,95.52,0.0,1.0,95.52,73.95,0.125,40-49,191.04,Indecisive
557449,F,False,False,usa,san antonio,SAT,37,Texas,8,1,1,1,0.0,1.0,1.0,509.96,1.0,1.0,509.96,126.0,0.125,30-39,1019.92,Indecisive
557476,M,False,False,usa,seattle,SEA,47,Washington,8,3,3,3,0.0,1.0,0.3333333333333333,526.1733333333333,0.3333333333333333,5.0,1578.52,2834.0,0.375,40-49,3157.04,Not assigned
557492,M,False,True,usa,chicago,MDW,25,Illinois,8,2,1,2,0.0,1.0,0.0,252.54,0.5,5.0,252.54,7444.0,0.25,20-29,505.08,Not assigned
557508,F,False,False,usa,san jose,SJC,34,California,8,4,4,4,0.75,1.25,0.75,742.7425000000001,0.5,2.0,3665.032,1278.4,0.5,30-39,7330.064,High Spenders
557525,M,False,True,canada,toronto,YYZ,41,Ontario,8,3,3,3,0.0,1.0,0.6666666666666666,269.3233333333333,0.0,1.0,807.97,625.0,0.375,40-49,1615.94,Not assigned
557562,F,True,False,usa,new york,JFK,38,New York,8,5,3,5,0.4,1.0,0.3333333333333333,328.09666666666664,0.0,8.0,984.29,7865.1,0.625,30-39,1968.58,Long Stayers
557643,F,False,False,canada,vancouver,YVR,45,British Columbia,8,3,3,2,0.0,1.0,0.0,461.73,0.5,6.0,1385.19,1882.0,0.375,40-49,2770.38,Not assigned
557726,F,True,False,usa,des moines,DSM,49,Iowa,8,1,1,0,1.0,1.0,0.0,298.28,,,223.71,,0.125,40-49,447.42,Indecisive
557815,F,True,False,usa,louisville,LOU,48,Kentucky,8,3,2,3,0.3333333333333333,1.0,0.5,286.69,0.3333333333333333,4.333333333333333,573.38,2029.1,0.375,40-49,1146.76,Not assigned
557834,F,False,False,usa,los angeles,LAX,17,California,8,1,1,1,0.0,1.0,1.0,98.17,0.0,2.0,98.17,146.0,0.125,10-19,196.34,Indecisive
557851,F,True,False,usa,philadelphia,PHL,46,Pennsylvania,8,4,4,4,0.75,1.75,1.75,298.65708333333333,0.25,3.75,2896.59,4582.05,0.5,40-49,5793.18,High Spenders
557876,F,False,False,usa,grand rapids,GRR,38,Michigan,8,3,3,2,0.3333333333333333,1.3333333333333333,0.0,253.96,0.0,1.0,1088.1,681.5,0.375,30-39,2176.2,Not assigned
557963,F,True,False,usa,newport news,PHF,45,Virginia,8,2,2,2,0.0,1.0,0.0,108.415,0.5,4.0,216.83,551.0,0.25,40-49,433.66,Not assigned
557986,F,False,False,usa,san jose,SJC,17,California,10,2,2,2,0.0,1.0,1.0,334.95000000000005,0.5,3.0,669.9000000000001,1060.0,0.2,10-19,1339.8000000000002,Youngs
558019,F,True,False,canada,london,YXU,38,Ontario,8,2,2,2,0.0,1.0,0.5,263.365,0.0,2.0,526.73,934.0,0.25,30-39,1053.46,Not assigned
558081,M,True,False,usa,austin,AUS,49,Texas,8,3,3,3,0.0,1.0,0.0,303.72,0.3333333333333333,5.333333333333333,911.16,1530.0,0.375,40-49,1822.32,Not assigned
558138,F,False,False,usa,dallas,DAL,35,Texas,8,4,4,4,0.5,1.0,0.75,372.365,0.25,2.25,1407.093,2395.0,0.5,30-39,2814.186,Not assigned
558202,F,False,False,usa,san diego,SAN,17,California,8,3,2,2,0.3333333333333333,2.0,0.0,561.6875,0.5,3.0,1987.2495,4660.0,0.375,10-19,3974.499,Youngs
558300,F,False,True,usa,san diego,SAN,39,California,8,3,3,3,0.0,1.3333333333333333,0.6666666666666666,567.375,0.6666666666666666,1.6666666666666667,2405.23,669.0,0.375,30-39,4810.46,High Spenders
558388,F,True,True,usa,houston,HOU,39,Texas,8,4,3,4,0.5,1.6666666666666667,1.3333333333333333,390.485,0.5,2.75,1877.6315,1577.8,0.5,30-39,3755.263,Family travelers
558394,F,True,False,usa,memphis,MEM,56,Tennessee,9,2,2,2,0.0,1.0,1.0,313.58500000000004,0.5,6.0,627.1700000000001,2178.0,0.2222222222222222,50-59,1254.3400000000001,Not assigned
558506,F,True,True,usa,new york,LGA,54,New York,8,2,2,2,0.5,1.0,0.5,83.88,0.0,1.5,162.405,681.0,0.25,50-59,324.81,Not assigned
558651,F,True,True,usa,philadelphia,PNE,44,Pennsylvania,8,2,2,1,0.5,1.0,1.0,59.245,0.0,1.0,114.206,159.0,0.25,40-49,228.412,Not assigned
558682,F,True,True,usa,laredo,LRD,42,Texas,9,3,2,3,0.3333333333333333,1.0,0.5,491.785,0.3333333333333333,3.0,930.32,947.6,0.3333333333333333,40-49,1860.64,Not assigned
558774,F,True,False,canada,london,YXU,44,Ontario,8,2,2,1,0.0,1.0,0.5,376.665,1.0,1.0,753.3299999999999,153.0,0.25,40-49,1506.6599999999999,Not assigned
558786,F,True,True,usa,houston,EFD,38,Texas,9,3,3,2,0.0,1.0,0.0,331.45,0.0,3.5,994.35,762.0,0.3333333333333333,30-39,1988.7,Not assigned
558852,F,False,True,usa,austin,AUS,58,Texas,9,0,0,0,,,,,,,,,0.0,50-59,,Indecisive
558966,F,True,True,usa,austin,AUS,43,Texas,9,3,3,3,0.6666666666666666,1.3333333333333333,0.3333333333333333,272.9216666666667,0.0,1.6666666666666667,829.3919999999999,641.0,0.3333333333333333,40-49,1658.7839999999999,Not assigned
559094,F,True,True,canada,vancouver,YVR,51,British Columbia,8,1,0,1,0.0,,,,1.0,2.0,,1652.0,0.125,50-59,,Indecisive
559146,F,True,True,canada,montreal,YHU,34,Quebec,8,4,2,3,0.0,1.0,0.5,283.39,0.3333333333333333,5.666666666666667,566.78,2957.0,0.5,30-39,1133.56,Not assigned
559176,F,True,True,usa,columbus,LCK,63,Ohio,8,2,1,2,0.5,1.0,0.0,544.33,0.0,2.5,489.8970000000001,818.0,0.25,60-69,979.7940000000002,Retired
559194,F,True,False,canada,victoria,YYJ,58,British Columbia,8,2,2,2,0.0,1.0,0.5,510.9,0.5,6.0,1021.8,1294.0,0.25,50-59,2043.6,Not assigned
559226,F,True,True,usa,rochester,ROC,38,New York,8,1,1,1,0.0,1.0,0.0,85.06,0.0,1.0,85.06,172.0,0.125,30-39,170.12,Indecisive
559228,M,False,False,usa,chicago,ORD,57,Illinois,8,1,1,1,0.0,1.0,1.0,505.98,0.0,3.0,505.98,504.0,0.125,50-59,1011.96,Indecisive
559345,F,False,False,canada,toronto,YKZ,37,Ontario,8,2,1,1,0.5,1.0,0.0,102.16,0.0,8.0,102.16,5792.0,0.25,30-39,204.32,Long Stayers
559368,F,False,True,usa,atlanta,ATL,47,Georgia,8,3,3,3,0.3333333333333333,1.0,1.3333333333333333,481.39,0.3333333333333333,2.333333333333333,1386.2025,1616.0,0.375,40-49,2772.405,Not assigned
559407,F,True,False,usa,chicago,UGN,53,Illinois,8,4,4,4,0.5,1.25,0.75,189.97250000000005,0.25,4.5,842.5340000000001,2640.4,0.5,50-59,1685.0680000000002,Not assigned
559441,F,True,False,usa,montgomery,MXF,66,Alabama,9,2,1,1,0.0,1.0,1.0,165.17,0.0,3.0,165.17,453.0,0.2222222222222222,60-69,330.34,Retired
559461,F,True,True,usa,new york,JFK,24,New York,8,0,0,0,,,,,,,,,0.0,20-29,,Indecisive
559465,F,False,False,usa,los angeles,LAX,17,California,8,0,0,0,,,,,,,,,0.0,10-19,,Indecisive
559468,F,False,False,usa,des moines,DSM,29,Iowa,8,2,1,2,0.0,1.0,1.0,314.62,0.5,7.0,314.62,2446.0,0.25,20-29,629.24,Not assigned
559473,F,False,False,usa,new york,LGA,41,New York,8,3,3,3,0.3333333333333333,1.0,0.3333333333333333,330.03000000000003,0.0,2.333333333333333,958.458,728.0,0.375,40-49,1916.916,Not assigned
559547,F,True,False,usa,dallas,DAL,68,Texas,9,1,0,1,1.0,,,,1.0,3.0,,184.5,0.1111111111111111,60-69,,Indecisive
559661,F,False,False,canada,toronto,YZD,21,,8,0,0,0,,,,,,,,,0.0,20-29,,Indecisive
559712,F,False,False,canada,toronto,YZD,40,,9,3,3,3,0.3333333333333333,1.0,1.0,312.0833333333333,0.3333333333333333,3.333333333333333,936.25,1767.85,0.3333333333333333,40-49,1872.5,Not assigned
559775,F,True,False,usa,san antonio,RND,46,Texas,9,3,3,3,0.3333333333333333,1.0,1.0,194.5566666666667,0.3333333333333333,3.6666666666666665,583.6700000000001,2302.3,0.3333333333333333,40-49,1167.3400000000001,Not assigned
559787,F,True,False,usa,los angeles,LAX,51,California,9,4,4,2,0.25,1.25,0.75,868.88,0.0,5.0,4907.79,1344.0,0.4444444444444444,50-59,9815.58,High Spenders
559846,F,True,True,usa,los angeles,LAX,56,California,9,1,1,1,1.0,1.0,0.0,728.52,1.0,4.0,619.242,1407.6,0.1111111111111111,50-59,1238.484,Indecisive
560015,F,False,False,usa,boston,BOS,17,Massachusetts,8,1,1,1,1.0,1.0,1.0,615.08,0.0,3.0,615.08,228.0,0.125,10-19,1230.16,Indecisive
560035,F,False,False,usa,san diego,NZY,50,California,8,2,2,2,0.0,1.0,1.0,322.995,0.0,6.0,645.99,1987.0,0.25,50-59,1291.98,Not assigned
560065,F,True,False,usa,san jose,SJC,49,California,10,4,2,4,0.75,1.0,0.5,607.1800000000001,0.0,5.5,1110.314,3355.0,0.4,40-49,2220.628,Not assigned
560078,F,True,False,usa,nashville,BNA,55,Tennessee,8,3,3,2,0.6666666666666666,1.0,1.0,343.29,0.5,1.5,1029.87,302.4,0.375,50-59,2059.74,Not assigned
560085,F,True,True,usa,fresno,FAT,46,California,8,4,4,3,0.0,1.25,0.5,548.04625,0.6666666666666666,5.666666666666667,2534.82,4644.0,0.5,40-49,5069.64,High Spenders
560090,F,False,False,usa,new york,LGA,29,New York,8,3,2,3,0.3333333333333333,1.0,0.5,149.405,0.0,3.0,298.81,1091.0,0.375,20-29,597.62,Not assigned
560279,F,False,False,usa,el paso,ELP,65,Texas,8,0,0,0,,,,,,,,,0.0,60-69,,Indecisive
560374,F,True,False,usa,new york,LGA,44,New York,8,5,4,5,0.4,2.25,0.5,548.7760416666666,0.6,4.0,4462.0405,3142.0,0.625,40-49,8924.081,High Spenders
560495,F,True,False,usa,los angeles,LAX,66,California,8,0,0,0,,,,,,,,,0.0,60-69,,Indecisive
560519,F,False,False,usa,riverside,RAL,51,California,8,2,2,1,0.0,1.0,0.0,348.86,0.0,7.0,697.72,847.0,0.25,50-59,1395.44,Not assigned
560529,F,False,False,usa,san diego,NZY,17,California,8,1,0,1,0.0,,,,0.0,8.0,,1568.0,0.125,10-19,,Long Stayers
560627,F,False,False,usa,bakersfield,BFL,40,California,9,2,2,2,0.5,1.0,1.0,421.46,0.0,5.0,819.0915,910.0,0.2222222222222222,40-49,1638.183,Not assigned
560672,F,False,False,usa,los angeles,LAX,31,California,8,3,3,3,0.3333333333333333,1.0,0.3333333333333333,299.6933333333333,0.3333333333333333,3.333333333333333,899.0799999999999,2437.3,0.375,30-39,1798.1599999999999,Not assigned
560680,F,True,True,usa,washington,IAD,47,Virginia,8,0,0,0,,,,,,,,,0.0,40-49,,Indecisive
560733,F,True,False,usa,indianapolis,IND,52,Gujarat,8,4,3,4,0.25,1.6666666666666667,1.0,244.9988888888889,0.75,2.75,1559.03,2313.0,0.5,50-59,3118.06,Not assigned
560739,F,True,True,usa,columbus,LCK,36,Ohio,8,3,3,3,0.3333333333333333,1.0,0.3333333333333333,216.1,0.3333333333333333,2.6666666666666665,648.3,1483.0,0.375,30-39,1296.6,Not assigned
560747,F,True,False,usa,chicago,MDW,42,Illinois,8,4,4,3,0.25,1.25,0.25,257.83625,0.6666666666666666,1.6666666666666667,1222.66,1657.0,0.5,40-49,2445.32,Not assigned
560796,F,True,False,canada,calgary,YYC,38,Alberta,8,2,2,1,1.0,1.0,1.0,473.02,1.0,9.0,917.933,1208.7,0.25,30-39,1835.866,Long Stayers
560870,M,True,False,usa,spokane,SFF,53,Washington,8,2,2,1,0.5,1.0,0.5,541.76,1.0,4.0,1083.52,532.0,0.25,50-59,2167.04,Not assigned
560897,F,False,False,usa,los angeles,LAX,53,California,8,3,3,3,0.0,1.0,1.0,425.5366666666666,0.3333333333333333,1.3333333333333333,1276.61,433.0,0.375,50-59,2553.22,Not assigned
560929,F,True,True,usa,seattle,SEA,28,Washington,10,2,1,2,0.0,1.0,1.0,495.75,0.5,2.0,495.75,369.0,0.2,20-29,991.5,Not assigned
560948,F,False,False,usa,san diego,NZY,23,California,8,0,0,0,,,,,,,,,0.0,20-29,,Indecisive
560949,F,False,False,usa,lubbock,LBB,38,Texas,8,2,1,2,0.0,3.0,2.0,404.1266666666667,0.0,6.5,1212.38,4209.0,0.25,30-39,2424.76,Not assigned
561013,F,True,False,usa,washington,DCA,42,Virginia,8,3,2,2,0.6666666666666666,1.0,0.5,278.82,0.5,16.0,557.64,7264.0,0.375,40-49,1115.28,Long Stayers
561054,M,False,False,canada,winnipeg,YAV,25,,9,4,3,4,0.5,1.6666666666666667,1.0,371.57,0.0,3.75,1789.15,922.2,0.4444444444444444,20-29,3578.3,Not assigned
561156,F,True,False,usa,seattle,BFI,77,Washington,8,0,0,0,,,,,,,,,0.0,70-79,,Indecisive
561201,F,True,True,canada,montreal,YUL,59,Quebec,8,3,2,2,0.3333333333333333,3.5,3.0,271.68416666666667,0.5,3.0,1073.81,744.0,0.375,50-59,2147.62,Family travelers
561288,F,False,True,usa,laredo,LRD,47,Texas,8,0,0,0,,,,,,,,,0.0,40-49,,Indecisive
561326,F,False,False,usa,new orleans,MSY,37,Louisiana,8,2,1,2,0.5,1.0,1.0,137.14,0.0,6.0,137.14,1537.1999999999998,0.25,30-39,274.28,Not assigned
561367,F,True,False,usa,san diego,NZY,41,California,8,2,2,1,0.0,1.0,0.5,392.895,0.0,3.0,785.79,165.0,0.25,40-49,1571.58,Not assigned
561386,F,False,True,usa,chicago,MDW,48,Illinois,8,4,4,3,0.25,1.0,0.75,258.6925,0.0,4.0,1034.77,2085.35,0.5,40-49,2069.54,Not assigned
561699,F,False,False,usa,new york,JFK,17,New York,8,1,1,1,0.0,1.0,0.0,380.04,0.0,3.0,380.04,963.0,0.125,10-19,760.08,Indecisive
561837,F,True,False,usa,philadelphia,PNE,44,Pennsylvania,8,2,1,2,0.0,1.0,0.0,722.26,0.0,4.0,722.26,852.0,0.25,40-49,1444.52,Not assigned
561908,F,False,False,canada,ottawa,YOW,34,Ontario,9,1,1,1,0.0,2.0,0.0,128.03,0.0,1.0,256.06,812.0,0.1111111111111111,30-39,512.12,Indecisive
561945,F,False,False,canada,toronto,YKZ,26,Ontario,8,1,1,1,1.0,1.0,1.0,515.23,0.0,1.0,463.7070000000001,103.0,0.125,20-29,927.4140000000002,Indecisive
562032,F,False,False,usa,minneapolis,MSP,22,Minnesota,8,2,0,2,1.0,,,,0.0,7.5,,3924.0,0.25,20-29,,Long Stayers
562042,M,True,True,canada,edmonton,YED,42,,8,2,2,2,0.5,1.0,0.5,501.395,0.5,1.0,926.3365,447.0,0.25,40-49,1852.673,Not assigned
562108,F,False,False,usa,chicago,MDW,44,Illinois,8,5,5,5,0.0,1.2,0.2,233.962,0.4,4.0,1394.24,3417.0,0.625,40-49,2788.48,Not assigned
562192,F,True,True,usa,las vegas,LSV,41,Nevada,8,3,3,2,0.0,1.0,1.3333333333333333,290.55,1.0,1.0,871.65,272.0,0.375,40-49,1743.3,Not assigned
562283,F,False,True,usa,anchorage,ANC,26,Alaska,8,1,0,1,1.0,,,,0.0,4.0,,367.2,0.125,20-29,,Indecisive
562334,F,False,False,usa,mobile,BFM,42,Alabama,9,4,3,4,0.0,1.3333333333333333,0.6666666666666666,349.76500000000004,0.75,3.5,1333.78,1794.0,0.4444444444444444,40-49,2667.56,Not assigned
562338,F,True,False,usa,houston,EFD,44,Texas,8,3,1,3,0.3333333333333333,1.0,1.0,245.51,0.3333333333333333,7.333333333333333,245.51,8680.0,0.375,40-49,491.02,Long Stayers
562362,F,False,True,usa,fort worth,FTW,28,Texas,8,2,2,2,0.0,1.0,0.5,398.58,1.0,1.5,797.16,412.0,0.25,20-29,1594.32,Not assigned
562416,F,True,False,usa,dallas,DAL,34,Texas,9,3,2,3,0.6666666666666666,1.0,0.5,395.735,0.3333333333333333,3.6666666666666665,722.444,2243.0,0.3333333333333333,30-39,1444.888,Not assigned
562417,F,True,False,usa,dallas,DAL,55,Texas,8,3,3,3,0.3333333333333333,1.0,0.3333333333333333,284.15000000000003,0.0,4.333333333333333,852.45,2552.15,0.375,50-59,1704.9,Not assigned
562490,F,True,False,usa,new york,JFK,52,New York,8,3,3,1,0.3333333333333333,1.3333333333333333,1.0,843.9433333333333,0.0,1.0,4012.2,73.1,0.375,50-59,8024.4,High Spenders
562516,F,False,False,usa,phoenix,LUF,17,Arizona,8,0,0,0,,,,,,,,,0.0,10-19,,Indecisive
562585,F,False,False,usa,san diego,SAN,43,California,8,1,1,1,1.0,1.0,0.0,692.99,0.0,1.0,658.3405,210.9,0.125,40-49,1316.681,Indecisive
562641,F,False,True,usa,anchorage,EDF,40,Alaska,8,1,1,1,1.0,1.0,0.0,893.08,0.0,2.0,893.08,385.6,0.125,40-49,1786.16,Indecisive
562648,F,False,True,usa,oklahoma city,OKC,42,Oklahoma,8,3,3,3,0.3333333333333333,1.3333333333333333,0.6666666666666666,254.84333333333333,0.3333333333333333,4.0,958.367,1593.0,0.375,40-49,1916.734,Not assigned
562832,F,True,True,usa,bakersfield,BFL,33,California,10,5,4,3,0.4,1.5,0.25,477.9583333333333,0.6666666666666666,3.6666666666666665,2306.0425,7346.0,0.5,30-39,4612.085,High Spenders
562843,M,True,False,usa,san jose,SJC,54,California,8,4,4,3,0.0,1.25,0.75,341.56875,0.3333333333333333,2.6666666666666665,1403.52,4450.0,0.5,50-59,2807.04,Not assigned
562869,F,True,False,usa,new york,JFK,49,New York,8,4,4,4,0.5,1.5,0.75,432.4625,0.25,2.25,2260.3905,1578.0,0.5,40-49,4520.781,High Spenders
562894,M,False,True,usa,miami,MIA,38,Florida,8,2,2,1,0.0,1.0,0.5,562.64,0.0,1.0,1125.28,61.0,0.25,30-39,2250.56,Not assigned
563012,F,False,False,usa,chicago,ORD,24,Illinois,8,1,0,1,1.0,,,,0.0,9.0,,2300.4,0.125,20-29,,Long Stayers
563021,F,True,True,usa,corpus christi,CRP,49,Texas,8,1,1,1,0.0,1.0,0.0,499.4,1.0,1.0,499.4,402.0,0.125,40-49,998.8,Indecisive
563100,F,False,False,usa,memphis,MEM,19,Tennessee,8,2,2,2,0.5,1.5,0.5,199.2375,0.0,3.5,526.51,3562.0,0.25,10-19,1053.02,Youngs
563148,F,False,False,usa,new york,JFK,30,New York,8,3,3,3,0.0,1.0,0.6666666666666666,288.81,0.0,2.6666666666666665,866.43,2260.0,0.375,30-39,1732.86,Not assigned
563165,M,False,False,usa,colorado springs,COS,53,Colorado,9,2,2,2,1.0,1.0,0.5,232.275,0.0,4.5,405.3705,1773.0,0.2222222222222222,50-59,810.741,Discount buyer
563221,F,False,True,usa,riverside,RAL,38,California,8,4,4,4,0.25,1.25,0.25,466.75625,0.0,2.25,2357.19,2921.1,0.5,30-39,4714.38,High Spenders
563253,F,False,False,usa,new york,JFK,31,New York,8,3,2,3,0.6666666666666666,1.0,1.0,274.265,0.3333333333333333,2.6666666666666665,503.88700000000006,2062.5,0.375,30-39,1007.7740000000001,Not assigned
563266,F,False,False,canada,montreal,YMX,19,Quebec,8,2,2,2,0.5,1.0,0.0,365.785,0.5,1.5,725.9525,1423.0,0.25,10-19,1451.905,Youngs
563315,F,True,False,canada,calgary,YYC,47,Alberta,8,3,2,3,0.3333333333333333,1.0,1.0,343.27,0.0,4.333333333333333,686.54,2277.8,0.375,40-49,1373.08,Not assigned
563340,F,True,False,usa,jacksonville,NCA,41,Turks and Caicos Islands,8,2,2,1,0.5,1.0,0.5,512.36,0.0,1.0,969.766,54.0,0.25,40-49,1939.532,Not assigned
563343,F,True,False,usa,riverside,RIV,65,California,8,2,1,2,0.5,1.0,1.0,278.37,0.5,3.0,278.37,953.4,0.25,60-69,556.74,Retired
563375,F,True,True,usa,los angeles,LAX,64,California,9,3,2,2,0.6666666666666666,2.0,0.5,515.5616666666666,0.0,7.0,1664.62,2394.45,0.3333333333333333,60-69,3329.24,Retired
563410,F,True,True,canada,winnipeg,YWG,59,Manitoba,8,2,2,2,0.0,1.0,0.0,303.275,1.0,2.0,606.55,932.0,0.25,50-59,1213.1,Not assigned
563425,F,True,True,usa,el paso,BIF,63,Texas,8,2,1,2,0.5,1.0,0.0,534.77,1.0,5.0,534.77,1844.4,0.25,60-69,1069.54,Retired
563482,F,False,False,usa,new york,JFK,54,New York,9,2,2,2,0.5,1.0,0.0,622.85,0.5,2.5,1245.7,1231.6,0.2222222222222222,50-59,2491.4,Not assigned
563507,F,True,False,usa,san francisco,SFO,37,California,8,4,4,3,0.25,1.25,1.0,538.4075,0.0,2.0,2285.0035,1186.0,0.5,30-39,4570.007,High Spenders
563588,F,True,True,usa,houston,EFD,42,Texas,9,2,2,1,0.5,1.0,0.5,436.175,1.0,14.0,819.535,1263.5,0.2222222222222222,40-49,1639.07,Long Stayers
563592,M,False,False,usa,newark,EWR,36,New Jersey,8,3,2,3,0.3333333333333333,2.0,0.0,541.0733333333333,0.6666666666666666,4.333333333333333,2403.357,2749.0,0.375,30-39,4806.714,High Spenders
563679,F,False,True,usa,san diego,SAN,21,California,9,0,0,0,,,,,,,,,0.0,20-29,,Indecisive
563711,F,True,False,usa,riverside,RIV,44,California,9,3,3,3,0.3333333333333333,1.0,0.6666666666666666,380.9966666666666,0.0,2.0,1110.2615,422.0,0.3333333333333333,40-49,2220.523,Not assigned
563740,F,False,False,canada,winnipeg,YAV,29,,8,3,2,3,0.3333333333333333,1.0,0.5,405.5,0.3333333333333333,2.6666666666666665,787.546,1494.0,0.375,20-29,1575.092,Not assigned
563831,F,True,False,usa,providence,PVD,78,Rhode Island,9,0,0,0,,,,,,,,,0.0,70-79,,Indecisive
563896,M,False,True,usa,jacksonville,NCA,43,Turks and Caicos Islands,8,1,1,1,0.0,1.0,1.0,97.35,1.0,2.0,97.35,154.0,0.125,40-49,194.7,Indecisive
564052,F,False,True,usa,wichita,ICT,49,Kansas,8,3,3,3,0.0,1.3333333333333333,0.6666666666666666,298.3933333333333,1.0,2.0,1047.46,1658.0,0.375,40-49,2094.92,Not assigned
564101,F,False,False,usa,oklahoma city,OKC,16,Oklahoma,8,0,0,0,,,,,,,,,0.0,10-19,,Indecisive
564112,F,False,False,usa,san diego,NZY,36,California,8,3,3,3,0.3333333333333333,1.0,0.3333333333333333,517.0566666666667,0.6666666666666666,2.333333333333333,1475.2235,1424.0,0.375,30-39,2950.447,Not assigned
564182,M,False,False,usa,dallas,DAL,39,Texas,8,3,3,3,0.6666666666666666,1.3333333333333333,0.3333333333333333,351.7250000000001,0.3333333333333333,1.3333333333333333,1301.2800000000002,713.6,0.375,30-39,2602.5600000000004,Not assigned
564204,F,True,False,canada,toronto,YKZ,54,Ontario,8,5,5,4,0.0,1.4,0.6,355.50266666666664,0.25,2.25,1961.04,2210.0,0.625,50-59,3922.08,Not assigned
564234,F,False,False,usa,grand rapids,GRR,44,Michigan,9,2,2,1,0.5,1.0,0.0,232.99,0.0,3.0,447.505,312.0,0.2222222222222222,40-49,895.01,Not assigned
564258,F,False,False,usa,rochester,ROC,16,New York,8,3,1,3,0.6666666666666666,2.0,0.0,408.66,0.3333333333333333,7.666666666666667,817.32,8342.0,0.375,10-19,1634.64,Long Stayers
564306,F,False,False,usa,shreveport,SHV,41,Louisiana,8,4,3,3,0.5,1.0,0.6666666666666666,282.80333333333334,0.6666666666666666,5.0,750.19,2221.25,0.5,40-49,1500.38,Not assigned
564312,F,True,False,usa,new york,LGA,43,New York,8,4,3,4,0.25,1.0,0.3333333333333333,286.24333333333334,0.25,4.25,857.3149999999999,2641.0,0.5,40-49,1714.6299999999999,Not assigned
564364,F,False,True,usa,omaha,OFF,54,Nebraska,8,1,1,1,0.0,2.0,1.0,360.06,0.0,10.0,720.12,3240.0,0.125,50-59,1440.24,Long Stayers
564369,F,True,True,usa,oakland,OAK,53,California,8,0,0,0,,,,,,,,,0.0,50-59,,Indecisive
564434,F,True,True,canada,hamilton,YHM,35,Ontario,8,0,0,0,,,,,,,,,0.0,30-39,,Indecisive
564616,F,True,False,usa,houston,IAH,54,Texas,9,2,2,1,0.5,1.0,0.5,316.32,0.0,3.0,632.64,1050.0,0.2222222222222222,50-59,1265.28,Not assigned
564792,F,True,True,usa,new york,LGA,44,New York,8,2,1,2,0.5,1.0,1.0,433.82,1.0,5.5,433.82,1383.6,0.25,40-49,867.64,Not assigned
564822,F,False,False,usa,miami,OPF,23,Florida,8,0,0,0,,,,,,,,,0.0,20-29,,Indecisive
564842,M,False,True,usa,indianapolis,IND,20,Gujarat,8,2,2,2,0.0,1.0,0.5,196.155,0.5,1.0,392.31,480.0,0.25,20-29,784.62,Not assigned
564854,F,False,False,usa,new york,LGA,39,New York,8,2,1,2,0.0,1.0,1.0,72.53,0.5,2.5,72.53,988.0,0.25,30-39,145.06,Not assigned
565056,F,False,False,usa,houston,IAH,17,Texas,8,0,0,0,,,,,,,,,0.0,10-19,,Indecisive
565131,F,True,False,canada,winnipeg,YAV,37,,8,3,3,3,0.3333333333333333,1.0,0.6666666666666666,238.75,0.6666666666666666,2.333333333333333,692.8720000000001,1619.0,0.375,30-39,1385.7440000000001,Not assigned
565212,F,False,False,usa,nashville,BNA,49,Tennessee,8,4,4,4,0.25,1.25,1.0,274.5125,0.25,3.5,1217.428,2233.0,0.5,40-49,2434.856,Not assigned
565240,F,False,False,canada,vancouver,YVR,39,British Columbia,8,0,0,0,,,,,,,,,0.0,30-39,,Indecisive
565265,M,False,False,canada,quebec,YQB,26,Quebec,8,4,3,4,0.0,1.0,0.3333333333333333,375.4766666666667,0.25,4.25,1126.43,3824.0,0.5,20-29,2252.86,Not assigned
565275,F,True,True,usa,philadelphia,PNE,57,Pennsylvania,8,2,1,1,0.5,1.0,1.0,666.7,0.0,2.0,600.0300000000001,218.0,0.25,50-59,1200.0600000000002,Not assigned
565294,F,False,False,usa,el paso,ELP,45,Texas,8,5,4,5,0.2,1.0,0.75,270.3,0.6,4.6,1027.766,3830.0,0.625,40-49,2055.532,Not assigned
565301,F,False,True,usa,new orleans,MSY,38,Louisiana,8,5,5,5,0.2,1.2,0.4,383.301,0.2,2.2,2448.7485,3608.0,0.625,30-39,4897.497,High Spenders
565348,F,True,False,usa,colorado springs,COS,55,Colorado,8,1,0,1,0.0,,,,0.0,15.0,,2670.0,0.125,50-59,,Long Stayers
565365,M,False,True,usa,memphis,MEM,50,Tennessee,8,1,1,1,0.0,1.0,1.0,234.44,1.0,8.0,234.44,1928.0,0.125,50-59,468.88,Long Stayers
565377,F,False,False,usa,orlando,ORL,42,Florida,8,4,3,4,0.25,1.0,0.6666666666666666,398.6033333333333,0.25,5.5,1156.3515,4339.0,0.5,40-49,2312.703,Not assigned
565387,F,False,False,usa,new york,JFK,20,New York,8,2,2,1,0.0,1.5,0.5,1180.34,1.0,1.0,4602.71,176.0,0.25,20-29,9205.42,High Spenders
565467,F,False,False,usa,las vegas,LAS,26,Nevada,8,3,2,3,0.3333333333333333,1.0,0.0,249.02,0.0,5.0,498.04,2306.0,0.375,20-29,996.08,Not assigned
565487,F,False,False,canada,halifax,YHZ,17,Nova Scotia,8,0,0,0,,,,,,,,,0.0,10-19,,Indecisive
565508,F,False,True,usa,dallas,DAL,45,Texas,8,0,0,0,,,,,,,,,0.0,40-49,,Indecisive
565514,F,False,False,canada,hamilton,YHM,47,Ontario,9,4,4,3,0.25,1.75,0.75,225.3,0.3333333333333333,1.6666666666666667,1297.4,559.0,0.4444444444444444,40-49,2594.8,Not assigned
565565,F,True,True,usa,chicago,MDW,59,Illinois,8,3,2,2,0.3333333333333333,1.0,0.0,247.275,0.0,5.0,457.929,1088.0,0.375,50-59,915.858,Not assigned
565582,F,True,True,usa,anchorage,ANC,26,Alaska,8,2,2,2,0.5,1.0,0.5,769.79,0.5,6.0,1475.9989999999998,1052.0,0.25,20-29,2951.9979999999996,Not assigned
565601,M,True,True,usa,austin,AUS,49,Texas,8,0,0,0,,,,,,,,,0.0,40-49,,Indecisive
565718,F,False,False,usa,san antonio,RND,50,Texas,8,4,3,4,0.0,1.0,1.0,262.2133333333333,0.75,2.75,786.64,1646.0,0.5,50-59,1573.28,Not assigned
565755,M,False,False,usa,newark,EWR,32,New Jersey,8,1,1,1,1.0,1.0,0.0,228.13,1.0,1.0,205.317,456.0,0.125,30-39,410.634,Indecisive
565841,F,True,True,canada,toronto,YYZ,42,Ontario,8,3,2,3,0.3333333333333333,1.0,0.0,448.22,0.0,4.0,896.44,1010.0,0.375,40-49,1792.88,Not assigned
565902,F,False,True,usa,nashville,BNA,22,Tennessee,8,2,2,2,0.0,1.0,0.0,110.645,0.5,3.5,221.29,1298.0,0.25,20-29,442.58,Not assigned
565910,F,False,False,canada,edmonton,YXD,29,,8,2,2,1,0.0,1.0,0.0,486.58,0.0,1.0,973.16,47.0,0.25,20-29,1946.32,Not assigned
565912,F,False,False,usa,philadelphia,PNE,53,Pennsylvania,9,2,1,1,0.5,1.0,0.0,692.45,1.0,4.0,623.205,1008.0,0.2222222222222222,50-59,1246.41,Not assigned
565915,F,False,True,usa,new york,LGA,16,New York,9,1,1,1,0.0,2.0,0.0,411.365,0.0,1.0,822.73,208.0,0.1111111111111111,10-19,1645.46,Indecisive
565949,F,False,True,usa,los angeles,LAX,37,California,8,4,3,4,0.5,1.0,1.0,494.0633333333333,0.25,5.75,1430.1219999999998,3425.0,0.5,30-39,2860.2439999999997,Not assigned
566002,F,True,False,usa,new york,JFK,68,New York,8,0,0,0,,,,,,,,,0.0,60-69,,Indecisive
566044,M,True,True,usa,dallas,DAL,58,Texas,8,0,0,0,,,,,,,,,0.0,50-59,,Indecisive
566097,F,True,False,usa,long beach,LGB,65,California,8,0,0,0,,,,,,,,,0.0,60-69,,Indecisive
566152,F,False,False,usa,phoenix,LUF,40,Arizona,9,4,4,2,0.25,1.5,0.25,499.6358333333333,0.5,4.5,2693.5765,1200.0,0.4444444444444444,40-49,5387.153,High Spenders
566173,F,False,True,usa,san francisco,SFO,45,California,8,2,1,2,0.0,1.0,0.0,727.25,0.5,8.0,727.25,2260.0,0.25,40-49,1454.5,Long Stayers
566174,M,True,True,usa,new york,LGA,47,New York,9,3,3,3,0.0,1.0,0.6666666666666666,334.02666666666664,0.0,4.333333333333333,1002.08,1264.0,0.3333333333333333,40-49,2004.16,Not assigned
566196,M,True,False,usa,shreveport,SHV,49,Louisiana,8,3,2,3,0.3333333333333333,1.0,0.5,181.545,0.0,5.0,334.256,6189.0,0.375,40-49,668.512,Not assigned
566312,F,False,False,canada,vancouver,YVR,17,British Columbia,8,2,1,2,0.5,1.0,1.0,324.65,0.0,4.0,292.185,2142.0,0.25,10-19,584.37,Youngs
566336,F,True,False,canada,edmonton,YED,49,,8,6,6,6,0.1666666666666666,1.8333333333333333,0.1666666666666666,321.3811111111111,0.3333333333333333,1.0,3360.356,1837.0,0.75,40-49,6720.712,High Spenders
566366,M,False,False,usa,grand rapids,GRR,37,Michigan,9,3,2,3,0.0,1.0,0.0,430.375,0.0,3.333333333333333,860.75,1387.0,0.3333333333333333,30-39,1721.5,Not assigned
566424,F,True,False,usa,los angeles,LAX,37,California,8,2,1,2,0.0,1.0,0.0,551.9,1.0,4.0,551.9,1636.0,0.25,30-39,1103.8,Not assigned
566455,F,False,True,usa,new york,LGA,43,New York,8,4,4,4,0.25,1.25,0.75,512.97375,0.25,2.5,2530.31,3590.0,0.5,40-49,5060.62,High Spenders
566456,M,False,True,usa,new york,LGA,32,New York,8,0,0,0,,,,,,,,,0.0,30-39,,Indecisive
566489,M,False,False,usa,phoenix,LUF,49,Arizona,8,3,3,2,0.0,1.0,1.0,232.6833333333333,0.5,4.0,698.05,3704.0,0.375,40-49,1396.1,Not assigned
566533,F,False,False,usa,los angeles,LAX,20,California,8,0,0,0,,,,,,,,,0.0,20-29,,Indecisive
566592,F,True,False,usa,birmingham,BHM,61,Alabama,8,0,0,0,,,,,,,,,0.0,60-69,,Indecisive
566614,F,False,False,usa,new york,JFK,28,New York,8,2,1,2,0.0,1.0,1.0,477.61,0.0,6.0,477.61,1414.0,0.25,20-29,955.22,Not assigned
566625,F,True,True,usa,austin,AUS,48,Texas,9,4,2,4,0.5,1.0,0.0,277.045,0.5,4.0,503.09100000000007,3234.5,0.4444444444444444,40-49,1006.1820000000001,Not assigned
566650,F,False,False,usa,new york,LGA,50,New York,8,2,2,2,0.0,1.0,1.0,207.44,0.5,2.0,414.88,297.0,0.25,50-59,829.76,Not assigned
566682,F,False,True,usa,spokane,GEG,51,Washington,8,3,3,2,0.0,1.0,0.3333333333333333,482.1833333333333,0.5,1.0,1446.55,466.0,0.375,50-59,2893.1,Not assigned
566726,F,True,True,usa,portland,PDX,54,Oregon,8,2,2,2,0.0,1.0,1.0,474.915,0.5,3.0,949.83,615.0,0.25,50-59,1899.66,Not assigned
566749,F,False,False,usa,chicago,MDW,20,Illinois,8,0,0,0,,,,,,,,,0.0,20-29,,Indecisive
566762,F,True,True,usa,mobile,MOB,40,Alabama,9,5,4,5,0.6,1.0,0.25,232.445,0.4,5.0,881.579,4466.9,0.5555555555555556,40-49,1763.158,Not assigned
566861,F,True,True,usa,indianapolis,IND,46,Gujarat,8,5,4,4,0.0,1.0,0.75,358.1225,0.25,4.5,1432.49,13275.0,0.625,40-49,2864.98,Not assigned
566964,M,False,False,usa,new york,JFK,37,New York,8,3,2,3,0.6666666666666666,1.0,0.5,371.155,0.0,8.0,742.31,1058.7,0.375,30-39,1484.62,Long Stayers
566992,F,False,False,canada,ottawa,YOW,36,Ontario,8,5,5,5,0.4,1.2,1.0,264.676,0.0,3.0,1357.45,3393.3,0.625,30-39,2714.9,Not assigned
566996,F,True,True,usa,dallas,DAL,29,Texas,8,1,1,0,0.0,1.0,1.0,384.92,,,384.92,,0.125,20-29,769.84,Indecisive
566999,F,False,False,usa,las vegas,LSV,46,Nevada,9,2,2,0,0.0,1.0,0.0,345.13,,,690.26,,0.2222222222222222,40-49,1380.52,Only Flight
567061,F,True,True,usa,chicago,UGN,33,Illinois,8,1,1,1,0.0,1.0,1.0,258.47,0.0,4.0,258.47,700.0,0.125,30-39,516.94,Indecisive
567114,F,True,False,canada,ottawa,YOW,51,Ontario,8,0,0,0,,,,,,,,,0.0,50-59,,Indecisive
567172,F,True,False,canada,hamilton,YHM,54,Ontario,8,2,2,2,0.0,1.0,1.0,184.185,0.5,4.0,368.37,615.0,0.25,50-59,736.74,Not assigned
567195,F,True,False,usa,corpus christi,CRP,43,Texas,8,2,1,2,0.0,1.0,0.0,356.35,0.0,3.5,356.35,714.0,0.25,40-49,712.7,Not assigned
567211,F,False,False,usa,tampa,MCF,44,Florida,8,2,2,2,0.0,1.0,0.5,318.675,0.0,2.0,637.35,874.0,0.25,40-49,1274.7,Not assigned
567256,F,True,False,canada,montreal,YMX,45,Quebec,9,5,5,4,0.0,2.2,0.6,385.5765,0.25,2.25,3345.41,4172.0,0.5555555555555556,40-49,6690.82,High Spenders
567342,F,False,True,usa,chicago,MDW,29,Illinois,8,1,0,1,0.0,,,,0.0,3.0,,369.0,0.125,20-29,,Indecisive
567390,F,False,False,usa,los angeles,LAX,23,California,8,0,0,0,,,,,,,,,0.0,20-29,,Indecisive
567431,F,False,False,usa,new york,JFK,39,New York,9,1,1,1,0.0,1.0,0.0,62.47,0.0,3.0,62.47,204.0,0.1111111111111111,30-39,124.94,Indecisive
567518,F,False,False,usa,new york,JFK,55,New York,9,3,2,3,0.0,1.0,0.5,161.33499999999998,0.0,4.666666666666667,322.67,4145.0,0.3333333333333333,50-59,645.34,Not assigned
567548,F,True,False,usa,tucson,TUS,45,Arizona,9,1,1,1,0.0,1.0,1.0,404.93,1.0,3.0,404.93,279.0,0.1111111111111111,40-49,809.86,Indecisive
567558,F,False,True,usa,honolulu,HNL,35,Hawaii,8,2,1,2,0.5,1.0,0.0,786.74,0.0,3.5,786.74,815.1,0.25,30-39,1573.48,Not assigned
567563,F,True,False,usa,new york,LGA,44,New York,8,3,3,1,0.3333333333333333,1.0,1.0,307.2633333333333,0.0,1.0,895.23,176.0,0.375,40-49,1790.46,Not assigned
567589,F,False,False,usa,chicago,ORD,27,Illinois,8,1,0,1,0.0,,,,0.0,4.0,,404.0,0.125,20-29,,Indecisive
567682,F,False,False,canada,calgary,YYC,36,Alberta,8,3,3,2,0.3333333333333333,1.0,0.3333333333333333,587.9633333333333,0.0,2.0,1763.89,665.4000000000001,0.375,30-39,3527.78,Not assigned
567824,F,False,True,canada,ottawa,YOW,34,Ontario,8,0,0,0,,,,,,,,,0.0,30-39,,Indecisive
567849,F,True,False,usa,washington,IAD,40,Virginia,8,4,4,4,0.0,1.0,0.5,508.585,0.5,2.25,2034.34,1857.0,0.5,40-49,4068.68,Not assigned
567885,F,False,True,canada,toronto,YZD,38,,8,3,2,3,0.3333333333333333,1.0,1.5,523.07,0.0,3.0,1046.14,1343.35,0.375,30-39,2092.28,Not assigned
567906,F,False,False,usa,new york,JFK,39,New York,9,3,3,2,0.3333333333333333,1.0,0.3333333333333333,280.71333333333337,0.0,3.0,826.1690000000001,1317.0,0.3333333333333333,30-39,1652.3380000000002,Not assigned
567961,F,False,False,usa,philadelphia,PHL,26,Pennsylvania,8,3,3,2,0.0,1.3333333333333333,0.6666666666666666,531.2199999999999,0.0,2.5,2331.8,1151.0,0.375,20-29,4663.6,High Spenders
568013,F,True,False,usa,nashville,BNA,40,Tennessee,9,3,3,3,0.3333333333333333,1.3333333333333333,0.3333333333333333,269.9316666666667,0.0,1.6666666666666667,1016.3505,684.0,0.3333333333333333,40-49,2032.701,Not assigned
568060,F,False,True,usa,laredo,LRD,41,Texas,8,4,2,4,0.75,1.0,0.0,390.985,0.5,5.25,763.965,2434.5,0.5,40-49,1527.93,Not assigned
568093,F,False,False,canada,toronto,YYZ,38,Ontario,8,3,3,3,0.0,1.0,0.3333333333333333,275.76666666666665,0.3333333333333333,2.6666666666666665,827.3,1319.0,0.375,30-39,1654.6,Not assigned
568101,F,True,True,canada,montreal,YUL,53,Quebec,8,4,4,3,0.0,1.0,0.5,597.2275,0.0,1.3333333333333333,2388.91,795.0,0.5,50-59,4777.82,High Spenders
568105,F,False,True,usa,new york,LGA,39,New York,8,4,3,4,0.25,1.0,0.3333333333333333,194.14,0.25,6.0,572.02,6025.0,0.5,30-39,1144.04,Not assigned
568121,M,True,True,usa,chicago,MDW,40,Illinois,8,2,2,2,0.5,2.0,1.5,230.56833333333333,1.0,1.0,773.013,1650.0,0.25,40-49,1546.026,Family travelers
568182,F,False,True,usa,jacksonville,JAX,37,Florida,8,2,1,2,0.0,1.0,1.0,252.9,0.0,4.0,252.9,1738.0,0.25,30-39,505.8,Not assigned
568258,F,False,False,usa,houston,IAH,23,Texas,8,2,0,2,0.5,,,,0.0,13.5,,13438.0,0.25,20-29,,Long Stayers
568325,F,True,False,usa,houston,HOU,66,Texas,8,1,1,1,0.0,1.0,1.0,407.66,0.0,1.0,407.66,123.0,0.125,60-69,815.32,Indecisive
568371,F,False,False,usa,akron,AKR,32,Ondo,8,1,1,1,0.0,1.0,0.0,71.26,0.0,3.0,71.26,189.0,0.125,30-39,142.52,Indecisive
568536,F,True,False,usa,los angeles,LAX,76,California,8,0,0,0,,,,,,,,,0.0,70-79,,Indecisive
568605,F,False,False,usa,new york,LGA,23,New York,8,1,0,1,1.0,,,,0.0,5.0,,1380.0,0.125,20-29,,Indecisive
568641,F,True,False,usa,sacramento,SAC,44,California,8,1,1,1,1.0,1.0,1.0,24.2,0.0,4.0,21.78,440.0,0.125,40-49,43.56,Indecisive
568696,F,True,True,usa,tulsa,TUL,48,Oklahoma,9,3,3,2,0.0,1.0,0.6666666666666666,237.09333333333333,0.5,5.5,711.28,1704.0,0.3333333333333333,40-49,1422.56,Not assigned
568716,F,False,False,usa,kansas city,MCI,41,Missouri,9,5,5,4,0.4,1.4,1.0,261.932,0.5,4.5,1507.411,2272.35,0.5555555555555556,40-49,3014.822,Not assigned
568773,F,True,True,usa,dallas,DAL,44,Texas,10,4,4,4,0.0,1.25,0.5,218.505,0.5,1.25,1253.19,629.0,0.4,40-49,2506.38,Not assigned
568931,F,True,True,usa,detroit,DTW,43,Michigan,8,4,4,3,0.0,1.0,0.5,324.03000000000003,0.3333333333333333,2.0,1296.12,601.0,0.5,40-49,2592.24,Not assigned
568970,F,False,True,usa,las vegas,LAS,44,Nevada,8,2,2,0,0.5,1.0,0.5,200.37,,,400.74,,0.25,40-49,801.48,Only Flight
569031,F,False,False,canada,montreal,YMX,32,Quebec,9,2,2,2,0.5,1.0,0.0,1310.3850000000002,0.0,8.5,2601.6715000000004,6121.0,0.2222222222222222,30-39,5203.343000000001,Long Stayers
569082,F,True,False,canada,montreal,YUL,47,Quebec,8,3,3,2,0.3333333333333333,1.3333333333333333,0.6666666666666666,315.055,0.5,7.0,1568.12,1990.0,0.375,40-49,3136.24,Not assigned
569180,F,False,True,usa,washington,IAD,44,Virginia,8,3,2,2,0.0,1.0,1.5,674.825,0.5,4.0,1349.65,2640.0,0.375,40-49,2699.3,Not assigned
569203,M,False,False,usa,jacksonville,NIP,39,Florida,8,1,1,1,0.0,1.0,0.0,493.22,0.0,2.0,493.22,136.0,0.125,30-39,986.44,Indecisive
569236,F,True,False,usa,philadelphia,PNE,55,Pennsylvania,8,4,3,4,0.0,1.3333333333333333,1.0,224.03333333333333,0.25,7.5,1039.01,3360.0,0.5,50-59,2078.02,Long Stayers
569243,F,False,True,usa,louisville,LOU,37,Kentucky,8,2,2,2,0.5,1.0,0.5,529.91,0.5,7.0,999.689,1374.0,0.25,30-39,1999.378,Not assigned
569300,F,False,False,usa,washington,DCA,66,Virginia,10,4,3,4,0.5,1.3333333333333333,0.0,301.7816666666667,0.25,2.0,1287.2,2021.2,0.4,60-69,2574.4,Retired
569335,F,True,True,usa,chicago,UGN,35,Illinois,8,1,0,1,0.0,,,,0.0,3.0,,1380.0,0.125,30-39,,Indecisive
569364,F,True,True,usa,fort worth,FTW,39,Texas,8,3,2,3,0.3333333333333333,1.5,0.5,139.8975,0.3333333333333333,2.333333333333333,493.48,1412.8,0.375,30-39,986.96,Not assigned
569530,F,True,False,usa,charlotte,CLT,45,North Carolina,8,3,3,3,0.0,1.0,0.6666666666666666,461.15333333333336,0.0,3.6666666666666665,1383.46,5420.0,0.375,40-49,2766.92,Not assigned
569733,F,False,False,usa,dallas,DAL,48,Texas,8,4,4,4,0.0,1.25,0.5,201.81125,0.25,1.75,1000.03,1638.0,0.5,40-49,2000.06,Not assigned
569754,F,True,False,usa,akron,AKR,38,Ondo,8,5,5,3,0.2,1.0,0.6,108.5,0.6666666666666666,2.333333333333333,536.4259999999999,1337.0,0.625,30-39,1072.8519999999999,Not assigned
569779,F,True,False,usa,columbus,CMH,43,Ohio,8,2,2,2,0.0,1.0,0.0,313.625,0.5,8.0,627.25,5229.0,0.25,40-49,1254.5,Long Stayers
569788,M,False,False,usa,atlanta,ATL,37,Georgia,8,2,1,2,0.0,1.0,0.0,283.82,1.0,3.5,283.82,1764.0,0.25,30-39,567.64,Not assigned
569792,F,False,False,usa,tulsa,TUL,35,Oklahoma,8,4,4,4,0.0,1.75,0.5,150.750625,0.25,3.25,803.23,3476.0,0.5,30-39,1606.46,Not assigned
569829,F,True,False,usa,chicago,ORD,38,Illinois,8,5,5,5,0.4,1.0,1.0,328.30600000000004,0.2,1.6,1554.9630000000002,2213.75,0.625,30-39,3109.9260000000004,Not assigned
569832,F,True,False,usa,tacoma,TCM,33,Washington,9,1,1,1,0.0,1.0,1.0,595.15,0.0,7.0,595.15,749.0,0.1111111111111111,30-39,1190.3,Indecisive
569863,F,False,False,usa,new york,LGA,39,New York,8,6,6,5,0.1666666666666666,1.0,0.5,467.0133333333333,0.2,2.0,2662.754,1871.0,0.75,30-39,5325.508,High Spenders
569883,F,True,False,usa,nashville,BNA,50,Tennessee,9,4,3,4,0.25,1.3333333333333333,0.3333333333333333,223.3516666666667,0.0,3.25,864.71,3290.0,0.4444444444444444,50-59,1729.42,Not assigned
569920,F,True,False,usa,new york,LGA,33,New York,8,2,1,2,0.5,1.0,0.0,391.78,0.0,4.5,391.78,2445.0,0.25,30-39,783.56,Not assigned
570215,F,False,False,usa,honolulu,HNL,45,Hawaii,8,3,3,2,0.3333333333333333,1.0,0.3333333333333333,1329.6899999999998,0.0,2.0,3794.4195,649.0,0.375,40-49,7588.839,High Spenders
570242,F,False,False,usa,memphis,MEM,18,Tennessee,8,0,0,0,,,,,,,,,0.0,10-19,,Indecisive
570329,M,False,True,usa,jacksonville,LRF,25,Arkansas,8,0,0,0,,,,,,,,,0.0,20-29,,Indecisive
570330,F,True,False,usa,new york,LGA,54,New York,9,3,2,1,0.0,1.0,0.5,331.975,0.0,16.0,663.95,2384.0,0.3333333333333333,50-59,1327.9,Long Stayers
570418,F,False,False,canada,toronto,YKZ,39,Ontario,9,4,4,3,0.0,1.0,0.5,491.105,0.3333333333333333,3.0,1964.42,1544.0,0.4444444444444444,30-39,3928.84,Not assigned
570436,F,True,False,usa,san diego,SAN,44,California,8,2,2,2,0.0,1.0,0.5,120.285,0.0,1.0,240.57,282.0,0.25,40-49,481.14,Not assigned
570439,F,False,False,usa,san antonio,RND,38,Texas,8,3,3,3,0.3333333333333333,1.0,0.3333333333333333,290.32666666666665,0.3333333333333333,2.6666666666666665,870.98,1332.2,0.375,30-39,1741.96,Not assigned
570600,F,True,False,usa,richmond,RIC,66,Virginia,10,1,1,1,0.0,2.0,1.0,2504.65,0.0,10.0,5009.3,2830.0,0.1,60-69,10018.6,Long Stayers
570625,F,False,True,usa,new york,LGA,22,New York,8,1,1,1,0.0,3.0,0.0,371.5,0.0,1.0,1114.5,222.0,0.125,20-29,2229.0,Indecisive
570626,F,True,False,usa,new york,LGA,48,New York,8,4,4,4,0.0,1.0,0.75,369.5075,0.25,1.75,1478.03,764.0,0.5,40-49,2956.06,Not assigned
570639,F,False,False,usa,new york,JFK,32,New York,9,3,3,2,0.3333333333333333,1.0,0.0,619.1666666666666,0.5,2.5,1857.5,1335.1,0.3333333333333333,30-39,3715.0,Not assigned
570654,F,False,False,usa,el paso,BIF,33,Texas,8,1,1,1,0.0,1.0,0.0,504.45,0.0,1.0,504.45,169.0,0.125,30-39,1008.9,Indecisive
570683,F,False,False,usa,new york,LGA,47,New York,8,4,4,4,0.5,1.25,1.0,543.8475,0.5,2.75,2888.55,2892.4,0.5,40-49,5777.1,High Spenders
570692,F,False,False,usa,washington,IAD,34,Virginia,8,2,2,2,0.0,1.0,0.0,345.855,0.0,2.5,691.71,366.0,0.25,30-39,1383.42,Not assigned
570693,F,False,False,canada,toronto,YTZ,56,Ontario,8,3,2,2,0.0,1.0,0.5,350.23,0.0,7.5,700.46,1735.0,0.375,50-59,1400.92,Long Stayers
570697,M,False,False,canada,calgary,YYC,16,Alberta,8,1,1,1,0.0,1.0,0.0,474.29,1.0,3.0,474.29,237.0,0.125,10-19,948.58,Indecisive
570713,F,False,False,usa,new york,JFK,50,New York,8,2,2,1,0.0,2.0,1.5,735.0833333333333,0.0,1.0,3000.42,153.0,0.25,50-59,6000.84,High Spenders
570746,F,False,False,usa,new york,JFK,41,New York,8,3,2,2,0.6666666666666666,1.0,1.0,416.955,0.0,8.0,816.7199999999999,8364.4,0.375,40-49,1633.4399999999998,Long Stayers
570750,F,False,False,canada,ottawa,YOW,68,Ontario,8,1,1,0,0.0,1.0,1.0,89.81,,,89.81,,0.125,60-69,179.62,Indecisive
570821,F,True,True,usa,miami,TNT,40,Florida,8,3,3,3,0.3333333333333333,1.0,0.6666666666666666,482.6233333333333,0.3333333333333333,2.6666666666666665,1417.189,884.0,0.375,40-49,2834.378,Not assigned
570829,M,True,False,usa,baltimore,BWI,45,Maryland,8,3,3,3,0.3333333333333333,1.6666666666666667,0.6666666666666666,229.92833333333337,0.6666666666666666,3.333333333333333,1359.8935,7291.0,0.375,40-49,2719.787,Not assigned
570837,F,False,False,canada,gatineau,YND,38,Quebec,8,5,5,4,0.0,1.2,0.4,324.242,0.25,2.75,1809.43,2790.0,0.625,30-39,3618.86,Not assigned
570928,F,False,False,usa,fresno,FAT,47,California,8,2,2,2,0.0,1.5,0.5,669.225,0.5,2.5,2037.15,1360.0,0.25,40-49,4074.3,Not assigned
570945,F,True,False,usa,phoenix,PHX,55,Arizona,8,2,2,2,0.0,1.0,0.0,532.4549999999999,0.0,2.5,1064.91,831.0,0.25,50-59,2129.82,Not assigned
571084,F,True,False,usa,san diego,NZY,59,California,9,4,2,4,0.25,1.5,0.5,708.7625,0.25,3.5,2032.5445,3672.0,0.4444444444444444,50-59,4065.089,Not assigned
571208,F,True,True,usa,new york,JFK,34,New York,8,0,0,0,,,,,,,,,0.0,30-39,,Indecisive
571233,F,False,False,usa,houston,HOU,44,Texas,8,1,1,1,1.0,1.0,1.0,396.48,0.0,8.0,376.656,1328.0,0.125,40-49,753.312,Long Stayers
571243,F,False,True,usa,portland,PDX,46,Oregon,9,1,1,0,0.0,1.0,1.0,445.81,,,445.81,,0.1111111111111111,40-49,891.62,Indecisive
571300,M,True,False,usa,new york,JFK,48,New York,8,2,2,2,1.0,1.0,0.5,565.9649999999999,0.5,3.0,1022.931,1225.5,0.25,40-49,2045.862,Discount buyer
571348,F,True,False,usa,philadelphia,PNE,53,Pennsylvania,8,3,1,3,0.3333333333333333,1.0,0.0,352.26,0.3333333333333333,5.0,352.26,4686.0,0.375,50-59,704.52,Not assigned
571454,F,True,False,usa,los angeles,LAX,36,California,8,3,3,3,0.0,1.3333333333333333,0.0,355.00333333333333,0.6666666666666666,3.0,1833.28,4211.0,0.375,30-39,3666.56,Not assigned
571523,F,True,False,usa,dallas,DAL,45,Texas,8,3,3,2,0.6666666666666666,1.0,0.0,380.43,0.5,3.0,1141.29,765.3,0.375,40-49,2282.58,Not assigned
571525,F,False,False,usa,charlotte,CLT,31,North Carolina,8,4,3,4,0.5,1.3333333333333333,0.6666666666666666,243.90666666666667,0.25,2.5,837.696,2053.0,0.5,30-39,1675.392,Not assigned
571553,M,True,True,usa,tucson,TUS,49,Arizona,8,5,4,5,0.2,1.25,0.5,445.90625,0.0,5.4,2285.931,7420.0,0.625,40-49,4571.862,High Spenders
571566,F,False,False,canada,montreal,YUL,56,Quebec,8,6,6,6,0.1666666666666666,1.5,0.6666666666666666,310.6691666666667,0.0,1.6666666666666667,3227.9275,2590.0,0.75,50-59,6455.855,High Spenders
571580,F,False,False,usa,omaha,OMA,28,Iowa,8,2,2,1,0.0,2.0,0.5,236.1433333333333,0.0,6.0,1080.2,2574.0,0.25,20-29,2160.4,Not assigned
571643,F,False,False,usa,houston,EFD,35,Texas,8,3,3,3,0.6666666666666666,1.0,0.6666666666666666,370.15,0.3333333333333333,1.3333333333333333,1086.788,393.3,0.375,30-39,2173.576,Not assigned
571819,F,True,False,usa,los angeles,LAX,49,California,8,3,3,3,0.3333333333333333,1.0,0.3333333333333333,388.4633333333333,0.0,1.6666666666666667,1148.477,607.0,0.375,40-49,2296.954,Not assigned
571876,F,True,False,usa,houston,HOU,56,Texas,8,3,2,3,0.6666666666666666,2.0,0.5,287.5625,0.3333333333333333,3.333333333333333,1121.361,2548.0,0.375,50-59,2242.722,Not assigned
572133,F,True,False,usa,montgomery,MXF,72,Alabama,8,1,0,1,1.0,,,,0.0,7.0,,567.0,0.125,70-79,,Indecisive
572176,M,False,False,usa,boston,BOS,71,Massachusetts,8,1,1,1,0.0,1.0,0.0,121.28,1.0,2.0,121.28,184.0,0.125,70-79,242.56,Indecisive
572214,F,True,False,usa,oakland,OAK,68,California,8,0,0,0,,,,,,,,,0.0,60-69,,Indecisive
572428,F,True,True,usa,omaha,OFF,40,Nebraska,9,2,2,2,0.5,1.0,0.0,297.39,0.5,3.5,594.78,840.0999999999999,0.2222222222222222,40-49,1189.56,Not assigned
572489,F,True,True,usa,los angeles,LAX,45,California,8,2,1,1,0.5,1.0,0.0,363.73,0.0,7.0,236.4245,1988.0,0.25,40-49,472.849,Not assigned
572502,F,True,False,usa,fresno,FAT,57,California,8,3,2,3,0.0,1.0,1.0,407.585,0.6666666666666666,2.0,815.1700000000001,1202.0,0.375,50-59,1630.3400000000001,Not assigned
572529,F,True,False,usa,los angeles,LAX,63,California,8,2,2,2,0.0,1.0,0.0,185.79,0.0,1.5,371.58,274.0,0.25,60-69,743.16,Retired
572554,F,False,False,usa,norfolk,NGU,53,Virginia,9,8,6,6,0.25,1.1666666666666667,0.8333333333333334,234.015,0.1666666666666666,3.333333333333333,1620.551,3759.0,0.8888888888888888,50-59,3241.102,Not assigned
572578,F,False,False,canada,montreal,YUL,39,Quebec,8,2,2,2,0.5,1.0,0.5,184.66,0.5,6.0,348.8225,1391.4,0.25,30-39,697.645,Not assigned
572609,F,True,False,usa,kansas city,MCI,40,Missouri,8,3,2,3,0.3333333333333333,1.0,0.5,353.34000000000003,0.0,2.6666666666666665,686.0315,925.0,0.375,40-49,1372.063,Not assigned
572669,F,True,False,canada,winnipeg,YWG,50,Manitoba,9,2,1,2,0.5,1.0,0.0,192.71,0.5,5.0,192.71,2556.8,0.2222222222222222,50-59,385.42,Not assigned
572728,F,False,True,usa,jacksonville,LRF,55,Arkansas,8,5,4,4,0.4,1.25,1.0,261.35125,0.75,2.75,1373.23,2856.0,0.625,50-59,2746.46,Not assigned
572826,F,True,True,usa,houston,IAH,42,Texas,8,2,1,2,0.5,1.0,0.0,365.0,0.0,3.5,365.0,1665.0,0.25,40-49,730.0,Not assigned
572898,F,True,True,usa,norfolk,NGU,49,Virginia,9,2,1,2,0.5,1.0,0.0,45.66,0.5,2.5,45.66,2381.4,0.2222222222222222,40-49,91.32,Not assigned
572908,F,True,True,usa,new york,JFK,51,New York,8,5,5,4,0.0,1.0,0.8,492.532,0.25,2.75,2462.6600000000003,2110.0,0.625,50-59,4925.320000000001,High Spenders
572992,F,False,False,usa,phoenix,PHX,47,Arizona,9,4,4,4,0.25,1.75,1.0,357.259375,0.0,2.5,2790.364,3799.0,0.4444444444444444,40-49,5580.728,High Spenders
573010,F,False,True,usa,new york,JFK,45,New York,8,2,2,2,0.5,1.5,0.5,367.155,0.5,3.5,731.9060000000001,3618.0,0.25,40-49,1463.8120000000001,Not assigned
573011,F,True,False,usa,san antonio,SKF,42,Texas,8,4,2,4,0.0,2.5,1.0,430.4625,0.25,6.0,2147.39,9608.0,0.5,40-49,4294.78,Not assigned
573040,M,False,False,usa,portland,PDX,46,Oregon,8,3,3,3,0.0,1.0,0.3333333333333333,534.3666666666667,0.0,1.6666666666666667,1603.1,604.0,0.375,40-49,3206.2,Not assigned
573086,F,False,True,usa,new york,LGA,44,New York,8,2,2,2,0.5,1.0,1.0,292.425,1.0,6.5,568.308,2601.0,0.25,40-49,1136.616,Not assigned
573122,F,True,False,usa,new orleans,MSY,50,Louisiana,8,4,4,4,0.0,1.0,0.25,276.9975,0.0,2.5,1107.99,916.0,0.5,50-59,2215.98,Not assigned
573147,F,True,False,usa,chicago,ORD,41,Illinois,8,4,3,4,0.0,1.0,1.3333333333333333,276.8933333333334,0.0,3.5,830.6800000000001,1899.0,0.5,40-49,1661.3600000000001,Not assigned
573153,M,False,False,usa,los angeles,LAX,42,California,8,3,3,2,0.0,1.0,0.6666666666666666,507.3733333333333,0.5,2.0,1522.12,676.0,0.375,40-49,3044.24,Not assigned
573189,F,True,False,usa,santa ana,SNA,51,California,8,4,4,4,0.0,1.0,1.0,618.0550000000001,0.5,3.75,2472.2200000000003,1742.0,0.5,50-59,4944.4400000000005,High Spenders
573191,M,False,False,usa,cleveland,CLE,37,Ohio,8,2,2,2,1.0,1.0,0.5,136.01,1.0,3.0,231.217,1911.6,0.25,30-39,462.434,Discount buyer
573373,F,False,False,usa,madison,MSN,48,Wisconsin,8,2,2,1,0.5,1.0,0.5,233.67,1.0,2.0,430.825,142.0,0.25,40-49,861.65,Not assigned
573423,F,False,False,usa,omaha,OMA,20,Iowa,8,0,0,0,,,,,,,,,0.0,20-29,,Indecisive
573427,F,True,False,usa,winston-salem,INT,54,North Carolina,8,4,3,3,0.75,1.3333333333333333,1.3333333333333333,389.65333333333336,0.3333333333333333,6.0,1254.832,2341.0,0.5,50-59,2509.664,Not assigned
573493,F,True,True,usa,el paso,BIF,48,Texas,9,3,3,3,0.6666666666666666,1.0,0.6666666666666666,360.95,0.3333333333333333,2.6666666666666665,1035.667,644.7,0.3333333333333333,40-49,2071.334,Not assigned
573564,F,False,False,usa,cleveland,CLE,26,Ohio,8,5,5,3,0.0,1.0,0.2,243.72600000000003,0.6666666666666666,4.0,1218.63,1288.0,0.625,20-29,2437.26,Not assigned
573584,M,True,False,usa,oklahoma city,OKC,37,Oklahoma,8,1,1,1,1.0,1.0,0.0,210.1,1.0,3.0,189.09,233.7,0.125,30-39,378.18,Indecisive
573588,F,False,False,canada,vancouver,YVR,39,British Columbia,8,4,4,4,0.25,1.0,0.5,483.5325,0.5,1.5,1934.13,1002.4,0.5,30-39,3868.26,Not assigned
573621,F,True,True,usa,knoxville,TYS,49,Tennessee,9,4,4,4,0.25,1.25,0.25,221.2125,0.5,2.5,995.584,1743.0,0.4444444444444444,40-49,1991.168,Not assigned
573670,F,False,False,usa,phoenix,LUF,31,Arizona,8,5,3,5,0.2,1.0,0.6666666666666666,406.2633333333333,0.4,4.8,1183.797,2701.0,0.625,30-39,2367.594,Not assigned
573720,F,False,False,canada,vancouver,YVR,45,British Columbia,8,3,3,3,0.0,1.0,0.3333333333333333,627.02,0.0,3.0,1881.06,873.0,0.375,40-49,3762.12,Not assigned
573792,F,False,False,usa,denver,DEN,45,Colorado,8,1,1,1,0.0,1.0,2.0,444.44,0.0,1.0,444.44,207.0,0.125,40-49,888.88,Indecisive
573807,F,True,True,usa,milwaukee,MKE,35,Wisconsin,8,2,2,2,0.0,1.0,0.5,346.46,0.5,2.0,692.92,1026.0,0.25,30-39,1385.84,Not assigned
573841,F,True,True,usa,sacramento,MCC,43,California,8,2,1,2,0.0,1.0,0.0,734.88,0.5,4.5,734.88,3575.0,0.25,40-49,1469.76,Not assigned
573926,F,False,True,usa,colorado springs,COS,23,Colorado,8,0,0,0,,,,,,,,,0.0,20-29,,Indecisive
573931,F,False,False,canada,toronto,YZD,16,,8,3,3,3,0.6666666666666666,1.3333333333333333,1.0,346.2133333333333,0.3333333333333333,2.0,1674.82,1328.6,0.375,10-19,3349.64,Youngs
573988,F,True,True,usa,houston,HOU,47,Texas,8,3,3,3,0.0,1.0,0.0,354.7933333333333,0.0,6.666666666666667,1064.38,1688.0,0.375,40-49,2128.76,Not assigned
574150,M,True,False,usa,columbus,LCK,54,Ohio,8,3,3,2,1.0,1.3333333333333333,0.6666666666666666,391.3966666666667,0.0,2.5,1430.478,827.0,0.375,50-59,2860.956,Discount buyer
574206,F,True,True,usa,phoenix,PHX,35,Arizona,8,2,1,2,0.0,1.0,0.0,351.35,0.5,2.5,351.35,1064.0,0.25,30-39,702.7,Not assigned
574465,F,True,False,usa,chicago,MDW,32,Illinois,8,3,3,3,0.0,1.3333333333333333,0.3333333333333333,213.6916666666667,0.6666666666666666,2.0,661.12,2166.0,0.375,30-39,1322.24,Not assigned
574467,M,True,True,usa,san antonio,RND,45,Texas,8,4,4,3,0.25,1.0,0.75,318.165,0.3333333333333333,2.6666666666666665,1272.66,2348.0,0.5,40-49,2545.32,Not assigned
574489,F,True,True,usa,rochester,ROC,51,New York,8,2,2,2,0.0,1.0,1.0,464.045,0.0,2.0,928.09,976.0,0.25,50-59,1856.18,Not assigned
574493,F,True,False,usa,indianapolis,IND,36,Gujarat,9,3,3,3,0.3333333333333333,1.3333333333333333,1.0,136.405,0.3333333333333333,3.6666666666666665,434.082,2006.0,0.3333333333333333,30-39,868.164,Not assigned
574513,F,False,False,usa,houston,HOU,44,Texas,8,4,4,2,0.25,1.0,0.5,442.0275,0.5,4.0,1768.11,1258.0,0.5,40-49,3536.22,Not assigned
574603,F,True,True,usa,indianapolis,IND,41,Gujarat,8,4,3,4,0.5,1.3333333333333333,0.3333333333333333,314.3333333333333,0.25,4.0,1158.92,3264.1,0.5,40-49,2317.84,Not assigned
574625,F,True,False,usa,las vegas,LAS,50,Nevada,8,4,4,3,0.0,1.0,0.5,350.3375,0.3333333333333333,5.333333333333333,1401.35,2876.0,0.5,50-59,2802.7,Not assigned
574680,F,False,False,canada,toronto,YYZ,40,Ontario,8,2,1,2,0.5,1.0,1.0,574.26,0.0,4.0,545.5469999999999,2476.0,0.25,40-49,1091.0939999999998,Not assigned
574885,F,False,False,usa,las vegas,LSV,36,Nevada,8,1,1,1,1.0,1.0,0.0,176.13,1.0,3.0,158.517,243.0,0.125,30-39,317.034,Indecisive
574987,F,True,True,usa,new york,LGA,41,New York,8,1,1,1,1.0,1.0,1.0,50.54,0.0,9.0,40.432,783.0,0.125,40-49,80.864,Long Stayers
575092,F,False,False,canada,london,YXU,24,Ontario,8,1,0,1,0.0,,,,0.0,6.0,,1836.0,0.125,20-29,,Indecisive
575131,F,False,False,canada,windsor,YQG,37,Ontario,8,3,3,3,0.0,1.0,0.6666666666666666,111.82,1.0,1.3333333333333333,335.46000000000004,751.0,0.375,30-39,670.9200000000001,Not assigned
575208,F,False,False,usa,san diego,NZY,39,California,8,1,1,1,0.0,2.0,0.0,296.035,0.0,2.0,592.07,1080.0,0.125,30-39,1184.14,Indecisive
575253,M,True,True,canada,ottawa,YOW,43,Ontario,8,3,3,2,0.3333333333333333,1.0,0.6666666666666666,301.21,0.0,1.5,894.681,424.0,0.375,40-49,1789.362,Not assigned
575433,F,True,False,usa,los angeles,LAX,55,California,8,3,2,3,0.0,1.0,1.0,545.165,0.0,2.6666666666666665,1090.33,3133.0,0.375,50-59,2180.66,Not assigned
575459,F,False,False,usa,laredo,LRD,55,Texas,8,4,4,4,0.25,1.5,0.5,300.53125,0.25,3.75,1601.764,4676.0,0.5,50-59,3203.528,Not assigned
575500,M,False,False,usa,san diego,NZY,51,California,8,2,2,2,0.0,1.0,0.0,609.3199999999999,0.0,1.0,1218.64,473.0,0.25,50-59,2437.28,Not assigned
575528,F,True,False,usa,phoenix,PHX,53,Arizona,9,2,2,2,0.0,1.0,0.0,334.05,0.0,4.0,668.1,3676.0,0.2222222222222222,50-59,1336.2,Not assigned
575677,F,True,False,canada,toronto,YYZ,43,Ontario,9,5,4,5,0.2,1.0,0.25,167.6525,0.4,4.4,669.581,5385.0,0.5555555555555556,40-49,1339.162,Not assigned
575756,F,False,False,usa,colorado springs,COS,38,Colorado,8,2,1,2,0.0,1.0,0.0,349.94,0.5,3.0,349.94,855.0,0.25,30-39,699.88,Not assigned
575823,F,True,False,usa,new york,JFK,41,New York,9,1,1,1,1.0,2.0,0.0,713.82,1.0,1.0,1356.258,242.0,0.1111111111111111,40-49,2712.516,Indecisive
575868,F,True,False,usa,dallas,DAL,65,Texas,8,2,2,1,0.5,1.0,1.0,423.26,0.0,1.0,846.52,86.7,0.25,60-69,1693.04,Retired
575964,F,True,False,usa,kansas city,MCI,58,Missouri,10,0,0,0,,,,,,,,,0.0,50-59,,Indecisive
575971,F,False,False,usa,chicago,MDW,51,Illinois,8,5,5,5,0.6,1.0,0.8,326.824,0.4,4.0,1634.12,3599.9,0.625,50-59,3268.24,Not assigned
576159,F,True,True,usa,new york,LGA,27,New York,9,2,1,2,0.0,1.0,1.0,24.44,0.0,6.0,24.44,1677.0,0.2222222222222222,20-29,48.88,Not assigned
576169,F,False,False,usa,dallas,DAL,38,Texas,8,5,5,4,0.2,1.0,0.8,265.84000000000003,0.25,2.5,1329.2,1619.25,0.625,30-39,2658.4,Not assigned
576231,F,True,True,canada,toronto,YYZ,30,Ontario,8,2,1,2,0.5,1.0,0.0,101.29,0.0,2.5,101.29,1430.65,0.25,30-39,202.58,Not assigned
576272,F,False,True,usa,charlotte,CLT,40,North Carolina,8,4,4,3,0.25,1.0,0.5,313.9275,0.0,2.333333333333333,1240.8585,1815.0,0.5,40-49,2481.717,Not assigned
576370,M,False,False,canada,edmonton,YXD,34,,8,1,1,1,0.0,1.0,1.0,487.34,0.0,5.0,487.34,1065.0,0.125,30-39,974.68,Indecisive
576373,F,False,False,canada,halifax,YHZ,47,Nova Scotia,8,4,2,4,0.25,1.5,1.0,379.85,0.5,6.25,1049.2915,2543.0,0.5,40-49,2098.583,Not assigned
576663,F,True,True,usa,new york,JFK,42,New York,8,1,1,1,0.0,1.0,0.0,13.68,1.0,1.0,13.68,272.0,0.125,40-49,27.36,Indecisive
576668,F,False,False,usa,baton rouge,BTR,17,Louisiana,9,0,0,0,,,,,,,,,0.0,10-19,,Indecisive
576677,F,True,False,canada,toronto,YZD,52,,9,3,3,3,0.3333333333333333,1.0,0.6666666666666666,109.22333333333331,0.3333333333333333,2.0,285.217,997.0,0.3333333333333333,50-59,570.434,Not assigned
576691,F,True,True,canada,winnipeg,YWG,42,Manitoba,8,5,4,4,0.2,1.0,0.75,358.3575,0.0,3.75,1433.43,7093.1,0.625,40-49,2866.86,Not assigned
576712,F,False,False,canada,toronto,YKZ,69,Ontario,8,1,0,1,0.0,,,,0.0,12.0,,1932.0,0.125,60-69,,Long Stayers
576765,F,False,False,canada,calgary,YYC,20,Alberta,8,0,0,0,,,,,,,,,0.0,20-29,,Indecisive
576833,F,False,True,usa,san antonio,SAT,40,Texas,8,4,4,3,0.25,1.0,0.0,467.7125,0.0,1.6666666666666667,1744.1675,572.0,0.5,40-49,3488.335,Not assigned
576846,F,False,True,usa,grand rapids,GRR,19,Michigan,8,1,0,1,0.0,,,,1.0,3.0,,1992.0,0.125,10-19,,Indecisive
576945,M,True,True,usa,orlando,MCO,49,Florida,8,1,1,1,0.0,1.0,1.0,643.99,0.0,1.0,643.99,124.0,0.125,40-49,1287.98,Indecisive
576985,F,True,False,usa,austin,AUS,39,Texas,8,4,3,4,0.25,1.0,0.3333333333333333,359.99333333333334,0.25,10.75,991.7365,9884.0,0.5,30-39,1983.473,Long Stayers
577007,F,True,False,usa,minneapolis,MSP,39,Minnesota,8,3,1,3,0.3333333333333333,1.0,3.0,404.03,0.3333333333333333,5.666666666666667,323.224,2215.0,0.375,30-39,646.448,Not assigned
577044,F,True,True,usa,chicago,UGN,54,Illinois,9,3,3,2,0.3333333333333333,1.3333333333333333,0.3333333333333333,227.59833333333336,0.0,1.0,904.94,536.25,0.3333333333333333,50-59,1809.88,Not assigned
577089,F,True,True,usa,new york,JFK,63,New York,8,3,3,2,0.0,1.0,0.6666666666666666,428.53,0.0,2.0,1285.59,747.0,0.375,60-69,2571.18,Retired
577115,F,False,False,usa,indianapolis,IND,30,Gujarat,8,4,3,4,0.5,1.0,0.0,367.97333333333336,0.5,3.5,1079.4054999999998,3171.5,0.5,30-39,2158.8109999999997,Not assigned
577208,F,False,True,usa,tallahassee,TLH,43,Florida,8,2,1,2,0.0,1.0,0.0,170.97,0.0,3.0,170.97,377.0,0.25,40-49,341.94,Not assigned
577215,F,False,False,usa,jacksonville,NIP,31,Florida,9,1,1,1,0.0,1.0,0.0,291.0,0.0,2.0,291.0,488.0,0.1111111111111111,30-39,582.0,Indecisive
577216,F,True,True,usa,tucson,TUS,46,Arizona,8,4,2,4,0.75,1.0,1.0,313.86,0.25,3.0,627.72,2793.5,0.5,40-49,1255.44,Not assigned
577225,F,True,False,usa,amarillo,AMA,45,Texas,8,2,2,2,0.0,1.5,1.5,222.5975,1.0,2.0,697.39,1179.0,0.25,40-49,1394.78,Not assigned
577386,F,False,False,usa,houston,EFD,52,Texas,8,2,2,1,0.0,1.5,0.5,430.46,0.0,3.0,1223.17,534.0,0.25,50-59,2446.34,Not assigned
577410,F,True,True,usa,milwaukee,MKE,35,Wisconsin,8,5,3,5,0.2,1.0,1.0,154.06666666666666,0.4,3.8,462.2,2152.4,0.625,30-39,924.4,Not assigned
577541,F,False,False,usa,baltimore,BWI,33,Maryland,8,2,2,2,0.5,1.0,1.0,199.485,0.5,2.5,382.17,586.8,0.25,30-39,764.34,Not assigned
577598,F,False,False,usa,new york,JFK,52,New York,8,3,3,3,0.0,1.0,0.3333333333333333,320.95,0.3333333333333333,3.333333333333333,962.85,1572.0,0.375,50-59,1925.7,Not assigned
577626,F,True,True,usa,indianapolis,IND,44,Gujarat,9,4,4,4,0.75,1.0,0.5,245.81,0.25,2.75,971.3505,1836.2,0.4444444444444444,40-49,1942.701,Not assigned
577643,F,False,False,usa,madison,MSN,19,Wisconsin,8,0,0,0,,,,,,,,,0.0,10-19,,Indecisive
577667,F,True,False,usa,minneapolis,MSP,37,Minnesota,8,1,1,0,0.0,1.0,0.0,242.14,,,242.14,,0.125,30-39,484.28,Indecisive
577682,M,False,False,usa,newport news,PHF,17,Virginia,8,1,1,1,0.0,1.0,1.0,394.76,0.0,1.0,394.76,62.0,0.125,10-19,789.52,Indecisive
577851,F,True,True,usa,santa ana,SNA,27,California,8,1,1,1,0.0,1.0,0.0,687.02,0.0,1.0,687.02,93.0,0.125,20-29,1374.04,Indecisive
577915,M,True,False,usa,chicago,UGN,44,Illinois,8,4,4,4,0.25,1.0,1.0,329.52750000000003,0.25,4.75,1299.8715,5026.0,0.5,40-49,2599.743,Not assigned
577930,F,True,False,usa,columbus,LCK,45,Ohio,8,4,3,4,0.25,1.0,0.3333333333333333,179.8033333333333,0.25,2.25,539.41,1758.25,0.5,40-49,1078.82,Not assigned
578058,F,False,False,usa,wichita,IAB,30,Kansas,8,1,1,1,0.0,1.0,1.0,379.88,1.0,1.0,379.88,140.0,0.125,30-39,759.76,Indecisive
578088,F,False,False,usa,houston,HOU,41,Texas,8,3,3,2,0.3333333333333333,1.0,0.0,275.8566666666667,0.0,2.0,827.57,1118.0,0.375,40-49,1655.14,Not assigned
578120,F,True,False,usa,las vegas,LSV,59,Nevada,8,3,2,3,0.0,1.0,1.0,512.4,0.6666666666666666,3.0,1024.8,1500.0,0.375,50-59,2049.6,Not assigned
578459,F,False,False,usa,san jose,SJC,38,California,8,3,3,1,0.0,1.0,0.6666666666666666,426.78,1.0,2.0,1280.34,224.0,0.375,30-39,2560.68,Not assigned
578488,F,False,False,usa,chicago,ORD,51,Illinois,8,2,2,2,0.5,1.0,1.0,95.01,0.0,1.5,158.7625,615.0,0.25,50-59,317.525,Not assigned
578511,F,True,True,usa,buffalo,BUF,53,New York,9,1,1,1,0.0,2.0,0.0,660.625,0.0,2.0,1321.25,300.0,0.1111111111111111,50-59,2642.5,Indecisive
578824,M,False,False,usa,phoenix,PHX,33,Arizona,8,5,5,5,0.0,1.0,0.4,373.024,0.2,2.4,1865.12,1835.0,0.625,30-39,3730.24,Not assigned
578872,F,False,False,usa,grand rapids,GRR,33,Michigan,8,2,2,2,0.5,1.0,0.5,126.54,0.5,2.0,220.9605,942.0,0.25,30-39,441.921,Not assigned
578886,F,True,True,usa,new york,JFK,25,New York,9,2,1,1,0.0,2.0,1.0,396.525,0.0,2.0,793.05,348.0,0.2222222222222222,20-29,1586.1,Family travelers
578993,F,False,True,usa,houston,HOU,28,Texas,8,2,2,2,0.0,1.0,0.0,516.03,0.0,1.0,1032.06,222.0,0.25,20-29,2064.12,Not assigned
579040,F,True,False,canada,london,YXU,46,Ontario,9,0,0,0,,,,,,,,,0.0,40-49,,Indecisive
579307,F,True,True,usa,nashville,BNA,54,Tennessee,9,4,4,3,0.0,1.0,0.75,175.4725,0.3333333333333333,1.3333333333333333,701.89,513.0,0.4444444444444444,50-59,1403.78,Not assigned
579503,F,True,False,usa,tucson,TUS,72,Arizona,8,0,0,0,,,,,,,,,0.0,70-79,,Indecisive
579792,F,True,False,canada,toronto,YZD,46,,8,5,4,5,0.4,1.25,0.25,271.64,0.4,5.0,1038.0575,3357.3,0.625,40-49,2076.115,Not assigned
579804,F,True,False,usa,baton rouge,BTR,54,Louisiana,8,3,2,3,0.3333333333333333,1.0,1.0,152.025,0.3333333333333333,4.0,304.05,5853.5,0.375,50-59,608.1,Not assigned
579950,F,False,True,usa,baltimore,BWI,35,Maryland,9,5,4,5,0.2,1.0,0.5,529.5,0.2,5.2,2053.6220000000003,4451.0,0.5555555555555556,30-39,4107.244000000001,Not assigned
579971,F,True,False,usa,baltimore,BWI,77,Maryland,8,0,0,0,,,,,,,,,0.0,70-79,,Indecisive
580211,F,False,False,usa,oklahoma city,TIK,38,Oklahoma,8,6,6,6,0.3333333333333333,1.0,0.8333333333333334,290.40833333333336,0.3333333333333333,3.8333333333333335,1716.289,4159.6,0.75,30-39,3432.578,Not assigned
580212,F,False,False,usa,baltimore,BWI,45,Maryland,8,4,3,4,0.5,1.0,0.3333333333333333,300.96666666666664,0.0,2.75,893.4449999999999,2541.0,0.5,40-49,1786.8899999999999,Not assigned
580402,F,False,False,usa,las vegas,LAS,40,Nevada,8,5,4,4,0.0,1.25,1.0,374.7925,0.5,4.25,2002.06,1720.0,0.625,40-49,4004.12,Not assigned
580515,F,False,False,usa,corpus christi,CRP,47,Texas,9,3,3,3,0.6666666666666666,2.0,0.6666666666666666,443.6841666666666,1.0,3.6666666666666665,2591.1135,2614.0,0.3333333333333333,40-49,5182.227,High Spenders
580611,F,False,False,usa,new york,JFK,37,New York,8,4,4,3,0.25,1.0,0.25,401.2975,0.6666666666666666,2.6666666666666665,1605.19,890.4000000000001,0.5,30-39,3210.38,Not assigned
580622,F,True,False,canada,london,YXU,67,Ontario,8,0,0,0,,,,,,,,,0.0,60-69,,Indecisive
580658,F,False,False,canada,windsor,YQG,46,Ontario,8,3,3,3,0.3333333333333333,1.0,0.3333333333333333,218.53666666666663,0.0,2.333333333333333,655.61,789.1,0.375,40-49,1311.22,Not assigned
580895,F,True,False,usa,austin,AUS,71,Texas,8,2,0,2,0.5,,,,0.5,5.0,,1970.0,0.25,70-79,,Retired
580902,F,True,False,usa,philadelphia,PHL,53,Pennsylvania,9,2,2,2,0.0,1.0,0.0,28.555,0.0,3.5,57.11,1452.0,0.2222222222222222,50-59,114.22,Not assigned
581005,F,False,False,usa,el paso,ELP,44,Texas,8,5,5,4,0.0,1.0,0.6,405.566,0.5,4.25,2027.83,2873.0,0.625,40-49,4055.66,Not assigned
581086,F,False,False,usa,los angeles,LAX,42,California,8,1,1,1,1.0,3.0,0.0,732.87,0.0,2.0,1978.7490000000005,777.6,0.125,40-49,3957.498000000001,Indecisive
581120,F,False,False,canada,quebec,YQB,40,Quebec,8,2,2,2,0.0,1.0,1.0,469.21,0.0,2.5,938.42,442.0,0.25,40-49,1876.84,Not assigned
581239,M,False,True,usa,chicago,UGN,36,Illinois,8,2,2,1,0.0,1.0,1.0,266.145,1.0,5.0,532.29,225.0,0.25,30-39,1064.58,Not assigned
581343,F,False,False,canada,halifax,YAW,24,,8,1,1,1,0.0,1.0,1.0,878.09,0.0,3.0,878.09,924.0,0.125,20-29,1756.18,Indecisive
581385,F,True,True,canada,calgary,YYC,50,Alberta,8,1,0,1,1.0,,,,1.0,4.0,,932.0,0.125,50-59,,Indecisive
581491,F,False,False,usa,kansas city,MCI,17,Missouri,9,2,1,2,0.0,1.0,0.0,380.41,0.5,5.0,380.41,1830.0,0.2222222222222222,10-19,760.82,Youngs
581577,M,True,False,usa,portland,PWM,37,Maine,8,2,2,2,0.0,1.0,0.5,440.155,0.0,1.0,880.3100000000001,297.0,0.25,30-39,1760.6200000000001,Not assigned
581595,F,False,True,canada,edmonton,YEG,17,Alberta,9,0,0,0,,,,,,,,,0.0,10-19,,Indecisive
582038,F,False,False,usa,norfolk,NGU,28,Virginia,9,2,2,2,0.0,2.0,2.5,593.6300000000001,0.5,3.5,2372.36,2172.0,0.2222222222222222,20-29,4744.72,High Spenders
582190,F,True,False,usa,new york,JFK,68,New York,8,0,0,0,,,,,,,,,0.0,60-69,,Indecisive
582254,F,False,False,usa,indianapolis,IND,49,Gujarat,8,4,4,3,0.0,1.0,0.5,222.56,0.3333333333333333,4.0,890.24,3978.0,0.5,40-49,1780.48,Not assigned
582319,F,False,False,usa,denver,DEN,55,Colorado,8,4,4,4,0.25,1.25,0.75,820.8262500000001,0.25,4.25,5376.9400000000005,3102.2,0.5,50-59,10753.880000000001,High Spenders
582320,F,True,False,canada,ottawa,YOW,57,Ontario,9,2,1,2,0.0,1.0,0.0,653.76,0.0,3.5,653.76,1224.0,0.2222222222222222,50-59,1307.52,Not assigned
582326,F,True,False,usa,baltimore,BWI,44,Maryland,8,4,4,4,0.0,1.0,1.25,212.7025,0.25,2.0,850.8100000000001,1345.0,0.5,40-49,1701.6200000000001,Not assigned
582333,F,True,False,usa,san antonio,SKF,42,Texas,8,4,3,3,0.25,1.3333333333333333,0.6666666666666666,305.48,0.6666666666666666,4.0,980.19,2490.5,0.5,40-49,1960.38,Not assigned
582343,F,False,False,usa,tampa,MCF,35,Florida,8,2,2,2,0.0,1.0,1.0,489.575,0.0,1.5,979.15,539.0,0.25,30-39,1958.3,Not assigned
582446,F,False,True,usa,rochester,ROC,33,New York,8,2,1,2,0.5,1.0,1.0,387.75,0.0,3.0,387.75,801.5,0.25,30-39,775.5,Not assigned
582586,F,True,False,usa,chicago,ORD,88,Illinois,8,0,0,0,,,,,,,,,0.0,80-89,,Indecisive
582664,F,True,True,usa,anchorage,MRI,53,Alaska,8,1,1,1,0.0,1.0,0.0,933.5,0.0,3.0,933.5,1029.0,0.125,50-59,1867.0,Indecisive
582723,F,True,True,usa,new york,LGA,47,New York,9,4,4,4,0.5,1.25,0.25,680.605,0.75,4.25,3450.1330000000003,5615.8,0.4444444444444444,40-49,6900.2660000000005,High Spenders
582729,F,True,True,usa,kansas city,MCI,62,Missouri,8,0,0,0,,,,,,,,,0.0,60-69,,Indecisive
582768,F,True,False,usa,chicago,ORD,42,Illinois,8,5,5,4,0.0,1.2,0.4,517.325,0.75,4.5,4354.62,9485.0,0.625,40-49,8709.24,High Spenders
582785,F,False,True,usa,stockton,SCK,53,California,8,6,6,6,0.1666666666666666,1.0,0.3333333333333333,459.8516666666667,0.5,2.1666666666666665,2729.9495,1723.0,0.75,50-59,5459.899,High Spenders
582796,F,False,False,canada,toronto,YKZ,24,Ontario,9,1,0,1,0.0,,,,0.0,21.0,,5838.0,0.1111111111111111,20-29,,Long Stayers
582801,F,True,False,usa,milwaukee,MKE,51,Wisconsin,8,2,2,2,0.5,1.0,0.5,195.83,0.0,4.0,365.953,1738.0,0.25,50-59,731.906,Not assigned
582828,F,False,False,usa,san antonio,SAT,30,Texas,8,3,3,1,0.3333333333333333,1.0,0.6666666666666666,410.6666666666667,1.0,2.0,1232.0,1497.6,0.375,30-39,2464.0,Not assigned
582833,F,False,False,usa,detroit,YIP,43,Michigan,8,2,2,1,0.0,4.0,0.5,104.625,0.0,1.0,837.0,668.0,0.25,40-49,1674.0,Not assigned
582979,F,False,False,usa,reno,RNO,46,Nevada,9,6,6,5,0.3333333333333333,1.0,0.5,445.3466666666666,0.2,2.8,2604.426,1749.0,0.6666666666666666,40-49,5208.852,High Spenders
583023,F,True,False,usa,cleveland,CLE,53,Ohio,8,3,2,3,0.3333333333333333,1.0,0.5,103.315,0.6666666666666666,3.6666666666666665,206.63,13425.45,0.375,50-59,413.26,Not assigned
583038,M,True,False,usa,chicago,MDW,44,Illinois,8,3,3,2,0.6666666666666666,1.0,0.6666666666666666,161.35,0.0,2.5,445.514,783.0,0.375,40-49,891.028,Not assigned
583052,F,False,False,usa,miami,MIA,41,Florida,8,4,4,4,0.75,1.25,0.75,332.5975,0.0,3.25,1560.5385,1897.5,0.5,40-49,3121.077,Not assigned
583070,F,False,True,usa,new york,LGA,25,New York,8,3,3,1,0.3333333333333333,1.3333333333333333,0.6666666666666666,414.83166666666665,0.0,2.0,1678.41,1050.0,0.375,20-29,3356.82,Not assigned
583166,F,False,True,usa,columbus,CMH,20,Ohio,9,0,0,0,,,,,,,,,0.0,20-29,,Indecisive
583335,F,False,True,usa,san jose,SJC,18,California,8,2,2,2,0.5,1.5,0.5,494.785,0.5,1.5,1419.69,618.3,0.25,10-19,2839.38,Youngs
583342,F,False,False,usa,riverside,RIV,65,California,8,2,0,2,0.5,,,,0.0,7.0,,1430.6,0.25,60-69,,Retired
583446,F,False,False,usa,los angeles,LAX,33,California,8,4,3,4,0.25,1.6666666666666667,0.6666666666666666,639.6316666666667,0.5,3.5,2926.619,5982.0,0.5,30-39,5853.238,High Spenders
583454,F,False,True,usa,montgomery,MXF,21,Alabama,8,1,1,1,0.0,1.0,1.0,232.56,0.0,1.0,232.56,123.0,0.125,20-29,465.12,Indecisive
583490,M,False,False,usa,los angeles,LAX,24,California,8,1,0,1,0.0,,,,0.0,6.0,,1290.0,0.125,20-29,,Indecisive
583499,F,False,False,canada,ottawa,YOW,48,Ontario,8,3,3,3,0.6666666666666666,2.0,1.6666666666666667,405.895,0.6666666666666666,2.6666666666666665,2067.877,1215.0,0.375,40-49,4135.754,Not assigned
583664,F,True,False,usa,detroit,DET,47,Michigan,9,2,2,2,0.0,1.0,0.5,164.66500000000002,0.5,1.0,329.33000000000004,240.0,0.2222222222222222,40-49,658.6600000000001,Not assigned
583759,F,False,True,usa,akron,AKR,36,Ondo,8,2,1,2,0.0,1.0,0.0,115.02,0.0,5.0,115.02,1810.0,0.25,30-39,230.04,Not assigned
583931,M,False,False,usa,newark,EWR,48,New Jersey,8,3,2,3,0.3333333333333333,1.0,0.5,50.535,0.3333333333333333,3.333333333333333,101.07,934.0,0.375,40-49,202.14,Not assigned
583955,F,False,False,usa,new york,LGA,27,New York,8,0,0,0,,,,,,,,,0.0,20-29,,Indecisive
584001,F,False,False,canada,calgary,YYC,16,Alberta,8,1,1,1,0.0,2.0,1.0,391.325,0.0,1.0,782.65,556.0,0.125,10-19,1565.3,Indecisive
584012,F,True,True,usa,milwaukee,MKE,46,Wisconsin,8,2,2,2,0.0,1.0,1.0,265.9,0.5,3.0,531.8,642.0,0.25,40-49,1063.6,Not assigned
584030,F,True,True,usa,chicago,ORD,52,Illinois,8,4,4,4,0.25,1.0,0.5,332.505,0.75,1.25,1272.125,933.0,0.5,50-59,2544.25,Not assigned
584034,F,False,False,usa,new york,JFK,38,New York,8,3,3,3,0.3333333333333333,1.0,1.0,377.0733333333333,0.0,1.6666666666666667,1131.22,1165.6999999999998,0.375,30-39,2262.44,Not assigned
584115,F,False,True,usa,houston,IAH,35,Texas,8,2,0,2,0.5,,,,1.0,3.5,,1166.0,0.25,30-39,,Only Hotel
584241,F,False,True,usa,charlotte,CLT,55,North Carolina,8,2,0,2,0.0,,,,0.0,3.0,,1960.0,0.25,50-59,,Only Hotel
584288,F,False,False,usa,tallahassee,TLH,37,Florida,9,5,5,5,0.4,1.2,0.8,313.439,0.0,2.6,1709.654,2006.2,0.5555555555555556,30-39,3419.308,Not assigned
584525,F,False,False,usa,new york,LGA,49,New York,8,7,6,5,0.2857142857142857,1.1666666666666667,0.5,219.4283333333333,0.4,8.6,1717.749,5412.0,0.875,40-49,3435.498,Long Stayers
584537,F,True,False,usa,el paso,BIF,49,Texas,8,5,4,4,0.2,1.0,0.5,215.765,0.0,1.5,863.06,890.6,0.625,40-49,1726.12,Not assigned
584787,F,True,False,usa,los angeles,LAX,65,California,9,2,0,2,0.5,,,,0.5,9.5,,3876.0,0.2222222222222222,60-69,,Long Stayers
584875,F,True,False,usa,las vegas,LAS,39,Nevada,8,3,3,3,0.0,1.3333333333333333,0.6666666666666666,572.7116666666667,0.0,3.6666666666666665,2233.14,4238.0,0.375,30-39,4466.28,High Spenders
584912,F,False,False,usa,tucson,DMA,36,Arizona,8,4,4,3,0.25,1.0,0.5,458.2625,0.6666666666666666,2.0,1833.05,1471.0,0.5,30-39,3666.1,Not assigned
584977,M,False,False,usa,fort worth,FTW,45,Texas,8,3,3,3,0.3333333333333333,1.3333333333333333,0.3333333333333333,299.78333333333336,0.3333333333333333,3.0,1285.0035,4180.0,0.375,40-49,2570.007,Not assigned
584998,F,True,False,usa,lincoln,LNK,55,Nebraska,8,4,2,4,0.5,1.0,1.5,313.195,0.0,6.0,626.39,2804.4,0.5,50-59,1252.78,Not assigned
585169,M,True,True,usa,los angeles,LAX,34,California,8,0,0,0,,,,,,,,,0.0,30-39,,Indecisive
585187,F,True,False,usa,philadelphia,PHL,56,Pennsylvania,8,3,3,3,0.3333333333333333,1.0,1.0,337.59,0.0,1.6666666666666667,917.133,474.6,0.375,50-59,1834.266,Not assigned
585231,M,False,False,usa,new york,LGA,48,New York,8,0,0,0,,,,,,,,,0.0,40-49,,Indecisive
585248,F,True,True,usa,el paso,ELP,47,Texas,8,1,1,1,0.0,1.0,0.0,394.55,0.0,1.0,394.55,121.0,0.125,40-49,789.1,Indecisive
585250,F,False,False,usa,new york,JFK,46,New York,8,0,0,0,,,,,,,,,0.0,40-49,,Indecisive
585310,F,False,False,canada,toronto,YZD,34,,8,3,3,3,0.0,1.0,0.6666666666666666,375.5033333333333,0.3333333333333333,2.0,1126.51,1976.0,0.375,30-39,2253.02,Not assigned
585361,F,False,True,usa,new york,LGA,22,New York,8,0,0,0,,,,,,,,,0.0,20-29,,Indecisive
585492,F,False,False,usa,new york,LGA,44,New York,8,1,1,1,1.0,1.0,0.0,682.21,0.0,2.0,613.989,120.0,0.125,40-49,1227.978,Indecisive
585522,M,True,False,usa,phoenix,LUF,67,Arizona,8,0,0,0,,,,,,,,,0.0,60-69,,Indecisive
585583,F,False,True,usa,milwaukee,MKE,37,Wisconsin,9,2,2,2,0.0,1.5,0.0,156.61,0.5,2.0,435.02,577.0,0.2222222222222222,30-39,870.04,Not assigned
585650,F,False,False,usa,portland,PDX,31,Oregon,8,2,1,2,0.5,1.0,0.0,161.59,0.5,4.5,161.59,3270.0,0.25,30-39,323.18,Not assigned
585717,M,False,False,usa,houston,HOU,19,Texas,8,2,2,1,0.5,1.0,0.0,394.845,1.0,3.0,789.69,300.0,0.25,10-19,1579.38,Youngs
585768,F,False,True,usa,san francisco,SFO,43,California,8,1,1,1,0.0,1.0,1.0,742.71,1.0,2.0,742.71,544.0,0.125,40-49,1485.42,Indecisive
585832,F,False,False,canada,hamilton,YHM,49,Ontario,8,2,2,2,0.0,1.0,1.0,264.41,0.0,2.0,528.82,533.0,0.25,40-49,1057.64,Not assigned
585915,F,True,False,usa,los angeles,LAX,46,California,8,3,3,1,0.0,1.3333333333333333,1.0,249.4983333333333,0.0,4.0,846.14,1544.0,0.375,40-49,1692.28,Not assigned
585946,F,True,False,usa,akron,AKR,47,Ondo,8,2,1,2,0.5,1.0,0.0,222.77,0.5,3.0,200.493,1548.0,0.25,40-49,400.986,Not assigned
586096,F,True,False,usa,chicago,ORD,46,Illinois,8,4,3,4,0.5,1.0,0.3333333333333333,363.29333333333335,0.0,2.5,1089.88,1296.3,0.5,40-49,2179.76,Not assigned
586257,M,False,False,usa,norfolk,NGU,19,Virginia,8,0,0,0,,,,,,,,,0.0,10-19,,Indecisive
586270,F,False,True,usa,boston,BOS,35,Massachusetts,9,2,1,2,0.5,1.0,0.0,92.54,0.5,4.0,92.54,951.0,0.2222222222222222,30-39,185.08,Not assigned
586272,F,False,False,usa,colorado springs,COS,17,Colorado,8,1,1,1,0.0,1.0,0.0,367.45,0.0,2.0,367.45,272.0,0.125,10-19,734.9,Indecisive
586344,F,False,False,canada,edmonton,YED,17,,8,1,0,1,0.0,,,,1.0,16.0,,736.0,0.125,10-19,,Long Stayers
586357,F,False,False,usa,san diego,SAN,21,California,8,0,0,0,,,,,,,,,0.0,20-29,,Indecisive
586384,F,False,False,canada,toronto,YTZ,33,Ontario,8,6,4,5,0.5,1.25,0.5,232.79875,0.6,5.2,843.006,4597.950000000001,0.75,30-39,1686.012,Not assigned
586458,F,True,False,usa,el paso,BIF,69,Texas,8,0,0,0,,,,,,,,,0.0,60-69,,Indecisive
586471,F,False,False,usa,philadelphia,PNE,47,Pennsylvania,8,1,1,1,1.0,1.0,1.0,23.25,0.0,1.0,23.25,152.0,0.125,40-49,46.5,Indecisive
586637,F,True,False,usa,chicago,MDW,46,Illinois,8,4,3,4,0.5,1.6666666666666667,0.3333333333333333,225.51888888888888,0.25,4.0,811.51,5874.5,0.5,40-49,1623.02,Not assigned
586644,F,True,False,usa,philadelphia,PNE,50,Pennsylvania,8,3,2,3,0.0,1.0,0.0,304.705,0.0,3.0,609.41,1318.0,0.375,50-59,1218.82,Not assigned
586656,F,True,False,canada,toronto,YTZ,45,Ontario,9,1,1,1,0.0,1.0,0.0,91.45,0.0,6.0,91.45,966.0,0.1111111111111111,40-49,182.9,Indecisive
586762,F,False,False,canada,montreal,YUL,36,Quebec,8,3,3,3,0.3333333333333333,1.3333333333333333,0.3333333333333333,529.8966666666666,0.3333333333333333,6.333333333333333,1752.51,5819.0,0.375,30-39,3505.02,Not assigned
586774,F,True,True,usa,new york,LGA,39,New York,8,3,3,3,0.3333333333333333,1.3333333333333333,0.3333333333333333,283.97,0.3333333333333333,2.0,942.044,1031.0,0.375,30-39,1884.088,Not assigned
586811,F,False,True,usa,baltimore,BWI,42,Maryland,9,4,4,2,0.0,1.0,0.5,172.67000000000002,0.0,2.0,690.6800000000001,575.0,0.4444444444444444,40-49,1381.3600000000001,Not assigned
586820,F,True,False,canada,toronto,YYZ,42,Ontario,8,4,4,3,0.75,1.75,0.25,216.5175,0.0,7.0,1104.876,8383.099999999999,0.5,40-49,2209.752,Not assigned
586829,F,False,False,usa,los angeles,LAX,16,California,8,0,0,0,,,,,,,,,0.0,10-19,,Indecisive
586850,F,False,False,canada,hamilton,YHM,44,Ontario,8,4,4,4,0.0,1.0,0.5,303.425,0.75,1.5,1213.7,1248.0,0.5,40-49,2427.4,Not assigned
586876,F,False,True,canada,toronto,YZD,34,,8,4,3,4,0.25,1.0,0.6666666666666666,118.9,0.5,5.25,336.504,4780.0,0.5,30-39,673.008,Not assigned
586953,F,False,True,usa,memphis,MEM,39,Tennessee,8,4,3,3,0.25,1.0,0.6666666666666666,307.56,0.0,4.0,922.68,1712.0,0.5,30-39,1845.36,Not assigned
587470,F,True,True,usa,indianapolis,IND,55,Gujarat,8,1,1,1,1.0,1.0,0.0,198.72,0.0,6.0,198.72,598.5,0.125,50-59,397.44,Indecisive
587483,F,False,False,usa,miami,MIA,47,Florida,8,4,3,3,0.5,1.0,0.3333333333333333,305.21666666666664,0.3333333333333333,4.0,915.65,2511.5,0.5,40-49,1831.3,Not assigned
587538,F,False,True,usa,kansas city,MCI,40,Missouri,9,3,2,2,0.3333333333333333,1.5,0.0,250.275,0.5,3.5,564.6419999999999,3398.0,0.3333333333333333,40-49,1129.2839999999999,Not assigned
587577,F,True,False,canada,toronto,YTZ,50,Ontario,8,2,1,2,0.0,1.0,0.0,508.6,1.0,3.5,508.6,1839.0,0.25,50-59,1017.2,Not assigned
587642,F,False,False,usa,fresno,FAT,70,California,8,0,0,0,,,,,,,,,0.0,70-79,,Indecisive
587675,F,False,False,usa,atlanta,ATL,42,Georgia,8,1,1,1,0.0,1.0,1.0,70.84,0.0,7.0,70.84,2002.0,0.125,40-49,141.68,Indecisive
587698,F,False,False,usa,salt lake city,SLC,20,Utah,9,1,1,1,0.0,1.0,0.0,470.7,0.0,2.0,470.7,250.0,0.1111111111111111,20-29,941.4,Indecisive
588013,M,False,False,canada,hamilton,YHM,27,Ontario,8,1,1,1,0.0,1.0,0.0,680.76,0.0,6.0,680.76,2526.0,0.125,20-29,1361.52,Indecisive
588048,F,True,False,usa,san antonio,SKF,43,Texas,8,3,3,1,0.3333333333333333,1.0,1.3333333333333333,403.0533333333333,0.0,2.0,1209.16,476.0,0.375,40-49,2418.32,Not assigned
588103,F,True,False,usa,san jose,SJC,48,California,8,6,6,5,0.1666666666666666,1.1666666666666667,1.0,452.9533333333333,0.0,1.6,3098.845,1094.0,0.75,40-49,6197.69,High Spenders
588497,F,False,True,usa,san jose,SJC,19,California,8,1,1,1,0.0,1.0,0.0,467.71,1.0,5.0,467.71,850.0,0.125,10-19,935.42,Indecisive
588507,F,False,False,usa,st. petersburg,PIE,49,Florida,8,3,2,3,0.3333333333333333,1.5,0.5,1300.6925,0.6666666666666666,11.666666666666666,4825.03,2968.0,0.375,40-49,9650.06,Long Stayers
588677,F,True,True,usa,atlanta,ATL,33,Georgia,8,3,3,3,0.3333333333333333,1.0,0.3333333333333333,326.7033333333333,0.3333333333333333,1.3333333333333333,980.11,615.05,0.375,30-39,1960.22,Not assigned
588732,F,False,False,usa,lincoln,LNK,37,Nebraska,8,3,3,2,0.6666666666666666,1.0,0.3333333333333333,281.4533333333333,0.0,2.0,736.9080000000001,1373.0,0.375,30-39,1473.8160000000003,Not assigned
588893,F,False,False,usa,phoenix,LUF,42,Arizona,8,2,2,2,1.0,1.0,0.5,270.26,0.0,2.0,526.1890000000001,1271.6,0.25,40-49,1052.3780000000002,Discount buyer
588919,F,True,True,usa,fort worth,FTW,53,Texas,8,2,1,2,0.5,1.0,2.0,218.05,0.0,5.0,218.05,1206.4499999999998,0.25,50-59,436.1,Not assigned
589121,F,False,False,usa,madison,MSN,21,Wisconsin,9,3,2,3,0.3333333333333333,1.0,1.0,62.03,0.0,1.6666666666666667,124.06,1059.0,0.3333333333333333,20-29,248.12,Not assigned
589140,F,False,True,usa,los angeles,LAX,29,California,8,1,1,1,0.0,1.0,0.0,780.45,0.0,1.0,780.45,458.0,0.125,20-29,1560.9,Indecisive
589162,F,False,True,usa,sacramento,SMF,49,California,9,3,3,3,0.3333333333333333,1.0,0.0,502.43666666666667,0.0,4.333333333333333,1507.31,1802.8,0.3333333333333333,40-49,3014.62,Not assigned
589171,F,True,True,usa,los angeles,LAX,35,California,10,1,1,1,0.0,1.0,0.0,695.01,0.0,5.0,695.01,280.0,0.1,30-39,1390.02,Indecisive
589228,M,True,False,usa,los angeles,LAX,50,California,8,3,3,3,0.6666666666666666,1.0,0.0,492.4066666666667,0.3333333333333333,2.333333333333333,1201.9920000000002,1592.0,0.375,50-59,2403.9840000000004,Not assigned
589259,M,True,True,usa,los angeles,LAX,37,California,8,2,1,2,0.0,1.0,2.0,736.89,0.5,4.0,736.89,1676.0,0.25,30-39,1473.78,Not assigned
589311,F,True,True,usa,portland,PWM,41,Maine,8,4,2,3,0.25,1.0,0.5,464.68,0.3333333333333333,5.333333333333333,929.36,3492.0,0.5,40-49,1858.72,Not assigned
589414,F,True,True,usa,omaha,OMA,45,Iowa,8,1,1,1,1.0,1.0,1.0,405.82,1.0,1.0,344.947,171.0,0.125,40-49,689.894,Indecisive
589822,F,False,False,usa,columbus,CMH,20,Ohio,8,0,0,0,,,,,,,,,0.0,20-29,,Indecisive
589995,F,True,False,usa,nashville,BNA,49,Tennessee,8,3,3,2,0.6666666666666666,1.3333333333333333,1.0,259.53833333333336,0.5,1.0,951.139,471.0,0.375,40-49,1902.278,Not assigned
590014,F,False,False,canada,toronto,YKZ,19,Ontario,8,1,1,1,1.0,1.0,0.0,627.22,0.0,1.0,627.22,71.39999999999999,0.125,10-19,1254.44,Indecisive
590095,F,False,False,usa,providence,PVD,37,Rhode Island,8,1,1,1,0.0,1.0,1.0,41.28,0.0,8.0,41.28,4024.0,0.125,30-39,82.56,Long Stayers
590103,F,True,False,usa,philadelphia,PNE,48,Pennsylvania,9,3,3,3,0.0,1.0,0.3333333333333333,227.1933333333333,0.6666666666666666,2.0,681.5799999999999,1094.0,0.3333333333333333,40-49,1363.1599999999999,Not assigned
590130,F,False,False,usa,austin,AUS,58,Texas,8,2,2,2,0.5,1.0,0.0,506.66,0.5,1.0,960.649,285.35,0.25,50-59,1921.298,Not assigned
590230,F,False,False,usa,new york,JFK,27,New York,8,2,2,2,0.0,1.0,1.0,423.335,0.0,2.5,846.6700000000001,1393.0,0.25,20-29,1693.3400000000001,Not assigned
590394,F,True,True,usa,san francisco,SFO,41,California,8,2,1,2,0.5,1.0,0.0,107.13,0.0,2.5,107.13,1164.0,0.25,40-49,214.26,Not assigned
590400,F,True,False,canada,montreal,YMX,44,Quebec,8,4,3,4,0.5,1.0,1.0,107.76666666666668,0.0,3.5,307.547,3339.2,0.5,40-49,615.094,Not assigned
590404,F,True,True,usa,san antonio,RND,51,Texas,8,4,4,4,0.5,1.25,0.5,360.59375,0.75,3.25,1970.231,1819.0,0.5,50-59,3940.462,Not assigned
590429,F,False,False,usa,louisville,LOU,56,Kentucky,8,3,3,1,0.3333333333333333,1.3333333333333333,0.3333333333333333,168.295,0.0,2.0,697.97,768.0,0.375,50-59,1395.94,Not assigned
590434,M,False,False,usa,riverside,RIV,53,California,8,3,3,2,0.0,1.0,1.0,409.4333333333333,0.5,2.5,1228.3,2186.0,0.375,50-59,2456.6,Not assigned
590442,F,True,False,usa,rochester,ROC,44,New York,8,4,4,4,0.0,1.0,0.0,313.475,0.5,2.75,1253.9,970.0,0.5,40-49,2507.8,Not assigned
590558,F,True,False,usa,milwaukee,MKE,26,Wisconsin,9,3,1,3,0.6666666666666666,1.0,1.0,130.01,0.0,5.0,130.01,5268.400000000001,0.3333333333333333,20-29,260.02,Not assigned
590744,F,False,False,usa,los angeles,LAX,20,California,8,1,1,1,0.0,1.0,0.0,543.25,1.0,3.0,543.25,486.0,0.125,20-29,1086.5,Indecisive
590829,F,False,False,usa,minneapolis,MSP,43,Minnesota,8,3,2,3,0.0,1.0,1.0,276.005,0.0,3.0,552.01,1243.0,0.375,40-49,1104.02,Not assigned
590905,F,True,False,usa,houston,EFD,41,Texas,8,4,3,4,0.5,1.6666666666666667,0.6666666666666666,211.23555555555552,0.0,3.0,836.362,2559.6,0.5,40-49,1672.724,Not assigned
590922,F,False,False,canada,montreal,YUL,65,Quebec,9,3,3,3,0.3333333333333333,1.0,0.0,400.2766666666666,0.0,4.666666666666667,1166.1105,2274.0,0.3333333333333333,60-69,2332.221,Retired
590967,F,False,True,usa,houston,HOU,45,Texas,9,5,5,5,0.2,1.0,0.4,387.422,0.2,4.2,1895.517,2477.0,0.5555555555555556,40-49,3791.034,Not assigned
591003,F,False,True,usa,philadelphia,PNE,46,Pennsylvania,8,4,4,3,0.25,1.0,0.75,305.5975,0.6666666666666666,4.0,1222.39,1952.1,0.5,40-49,2444.78,Not assigned
591155,M,True,False,canada,windsor,YQG,40,Ontario,8,2,1,2,1.0,1.0,1.0,546.35,0.5,3.5,546.35,853.9,0.25,40-49,1092.7,Discount buyer
591255,F,False,False,usa,omaha,OMA,27,Iowa,8,1,1,1,0.0,1.0,1.0,253.11,1.0,3.0,253.11,468.0,0.125,20-29,506.22,Indecisive
591271,F,True,False,canada,halifax,YAW,46,,9,0,0,0,,,,,,,,,0.0,40-49,,Indecisive
591433,F,False,False,usa,dallas,DAL,35,Texas,8,5,5,5,0.2,1.2,0.8,302.02200000000005,0.2,3.2,1789.8625,1946.0,0.625,30-39,3579.725,Not assigned
591478,F,False,False,usa,new york,JFK,19,New York,8,2,0,2,0.5,,,,0.0,8.5,,2951.0,0.25,10-19,,Long Stayers
591582,M,True,False,canada,montreal,YUL,30,Quebec,8,3,3,3,0.3333333333333333,1.6666666666666667,0.6666666666666666,560.9311111111111,0.0,4.0,2027.292,1654.0,0.375,30-39,4054.584,Not assigned
591593,F,False,False,usa,long beach,LGB,24,California,8,2,2,2,1.0,1.5,0.5,587.4525,0.5,2.5,2034.99,517.5,0.25,20-29,4069.98,Discount buyer
591599,F,False,True,usa,lincoln,LNK,54,Nebraska,8,2,2,2,0.5,1.0,1.0,313.005,0.0,2.5,598.043,462.0,0.25,50-59,1196.086,Not assigned
591746,F,False,False,usa,san antonio,RND,38,Texas,8,3,3,3,0.3333333333333333,1.0,0.6666666666666666,268.32,0.6666666666666666,1.3333333333333333,804.96,1076.7,0.375,30-39,1609.92,Not assigned
591835,F,False,False,usa,reno,RNO,75,Nevada,9,1,0,1,0.0,,,,0.0,3.0,,756.0,0.1111111111111111,70-79,,Indecisive
592035,F,False,True,usa,jacksonville,LRF,43,Arkansas,9,2,2,1,0.0,2.0,0.5,149.73250000000002,0.0,3.0,598.9300000000001,126.0,0.2222222222222222,40-49,1197.8600000000001,Family travelers
592082,F,True,False,usa,boston,BOS,58,Massachusetts,9,2,2,2,0.0,1.0,0.0,329.265,0.5,2.5,658.53,650.0,0.2222222222222222,50-59,1317.06,Not assigned
592118,F,False,False,usa,san jose,SJC,17,California,8,0,0,0,,,,,,,,,0.0,10-19,,Indecisive
592158,F,True,True,usa,washington,IAD,43,Virginia,8,2,2,2,0.0,1.0,0.0,688.37,0.0,1.5,1376.74,329.0,0.25,40-49,2753.48,Not assigned
592221,F,False,False,usa,bakersfield,BFL,36,California,8,3,3,3,0.0,1.6666666666666667,0.6666666666666666,542.0755555555555,0.6666666666666666,1.6666666666666667,3058.28,1252.0,0.375,30-39,6116.56,High Spenders
592372,M,False,False,usa,charlotte,CLT,16,North Carolina,8,2,2,1,0.5,2.0,1.0,1299.4133333333334,0.0,1.0,7539.38,394.0,0.25,10-19,15078.76,High Spenders
592399,F,False,False,canada,toronto,YKZ,31,Ontario,8,4,4,4,0.25,1.0,0.75,371.6875,1.0,2.0,1422.5120000000002,830.0,0.5,30-39,2845.0240000000003,Not assigned
592445,M,False,True,usa,new york,JFK,36,New York,8,3,2,3,0.0,2.0,0.5,343.1333333333333,0.0,4.0,2010.96,1896.0,0.375,30-39,4021.92,Family travelers
592491,F,True,False,usa,rochester,ROC,38,New York,8,4,3,4,0.25,1.6666666666666667,1.3333333333333333,397.9855555555556,0.0,3.75,1346.75,6064.2,0.5,30-39,2693.5,Not assigned
592598,F,True,True,usa,fresno,FAT,49,California,8,5,5,4,0.0,1.8,1.8,490.6576,0.25,5.75,4961.76,1921.0,0.625,40-49,9923.52,High Spenders
592707,F,True,False,usa,boston,BOS,23,Massachusetts,8,1,1,1,0.0,1.0,1.0,653.08,0.0,2.0,653.08,386.0,0.125,20-29,1306.16,Indecisive
592792,F,False,True,canada,montreal,YUL,46,Quebec,9,3,3,3,0.0,1.3333333333333333,0.3333333333333333,328.1616666666667,0.6666666666666666,1.3333333333333333,1282.81,1292.0,0.3333333333333333,40-49,2565.62,Not assigned
592833,F,False,True,usa,chicago,MDW,39,Illinois,8,3,3,3,0.6666666666666666,1.3333333333333333,0.6666666666666666,244.8183333333333,0.3333333333333333,3.333333333333333,900.67,2323.2,0.375,30-39,1801.34,Not assigned
592958,F,False,False,usa,chicago,ORD,17,Illinois,8,1,0,1,0.0,,,,0.0,3.0,,1566.0,0.125,10-19,,Indecisive
593020,F,False,False,usa,oakland,OAK,37,California,8,3,3,3,0.3333333333333333,1.3333333333333333,0.3333333333333333,271.6766666666667,0.3333333333333333,2.6666666666666665,974.44,627.5999999999999,0.375,30-39,1948.88,Not assigned
593047,F,True,True,usa,dallas,DAL,59,Texas,10,0,0,0,,,,,,,,,0.0,50-59,,Indecisive
593244,F,False,False,usa,columbus,LCK,29,Ohio,8,3,3,2,0.3333333333333333,1.0,0.6666666666666666,328.13666666666666,0.0,3.5,984.41,1024.0,0.375,20-29,1968.82,Not assigned
593386,F,False,False,usa,sacramento,SMF,37,California,8,3,2,3,0.0,1.0,0.0,472.185,0.0,7.0,944.37,2750.0,0.375,30-39,1888.74,Not assigned
593632,F,True,True,usa,dallas,DAL,54,Texas,9,4,4,2,0.5,1.0,0.75,358.3575,0.0,5.0,1358.6685,1077.6,0.4444444444444444,50-59,2717.337,Not assigned
593719,M,False,True,usa,houston,HOU,36,Texas,8,1,1,1,0.0,1.0,1.0,505.27,1.0,6.0,505.27,330.0,0.125,30-39,1010.54,Indecisive
593786,F,False,True,canada,vancouver,YVR,44,British Columbia,8,2,2,2,0.5,1.0,1.0,431.295,0.0,5.5,835.9,1588.0,0.25,40-49,1671.8,Not assigned
593804,F,True,False,canada,victoria,YYJ,29,British Columbia,8,1,1,0,0.0,1.0,1.0,601.44,,,601.44,,0.125,20-29,1202.88,Indecisive
593910,M,True,False,canada,winnipeg,YAV,55,,8,2,2,2,0.5,1.0,1.5,291.4,0.0,3.5,563.3465,2664.0,0.25,50-59,1126.693,Not assigned
594103,F,False,True,usa,tampa,TPA,35,Florida,8,3,2,3,0.0,1.0,0.0,214.02,0.0,4.333333333333333,428.04,7574.0,0.375,30-39,856.08,Not assigned
594123,F,False,True,canada,quebec,YQB,46,Quebec,8,2,1,2,0.5,1.0,1.0,114.9,0.0,4.0,114.9,5052.0,0.25,40-49,229.8,Not assigned
594188,F,False,True,usa,oakland,OAK,53,California,8,2,2,2,0.0,2.0,0.5,400.365,0.5,3.0,2320.9700000000003,837.0,0.25,50-59,4641.9400000000005,High Spenders
594238,F,True,True,usa,amarillo,AMA,54,Texas,8,2,2,2,0.5,1.0,0.5,427.97,0.0,1.5,810.682,767.0,0.25,50-59,1621.364,Not assigned
594240,F,False,True,usa,austin,AUS,42,Texas,8,1,1,1,1.0,1.0,0.0,44.28,1.0,1.0,30.996,86.45,0.125,40-49,61.992,Indecisive
594446,F,False,True,canada,montreal,YUL,25,Quebec,8,3,2,2,0.3333333333333333,1.5,1.0,1565.2225,0.5,7.5,4877.970499999999,2307.0,0.375,20-29,9755.940999999999,Long Stayers
594503,F,False,False,usa,los angeles,LAX,22,California,8,2,1,2,0.0,1.0,1.0,340.28,0.0,5.5,340.28,1112.0,0.25,20-29,680.56,Not assigned
594601,F,True,False,usa,honolulu,HNL,34,Hawaii,8,1,1,1,0.0,1.0,0.0,722.45,0.0,1.0,722.45,258.0,0.125,30-39,1444.9,Indecisive
594695,F,True,False,usa,denver,DEN,55,Colorado,8,4,3,3,0.25,1.0,1.0,412.1166666666666,0.0,10.333333333333334,1236.35,6747.0,0.5,50-59,2472.7,Long Stayers
594737,F,True,True,usa,los angeles,LAX,33,California,8,3,2,3,0.6666666666666666,1.0,0.5,569.005,0.0,2.333333333333333,1138.01,940.4,0.375,30-39,2276.02,Not assigned
594892,F,True,False,usa,san antonio,SKF,51,Texas,8,2,2,2,0.5,1.0,0.0,478.355,0.0,2.0,956.71,1200.75,0.25,50-59,1913.42,Not assigned
594914,F,False,False,canada,halifax,YHZ,42,Nova Scotia,8,3,3,3,0.6666666666666666,1.0,0.3333333333333333,510.64,0.3333333333333333,5.0,1477.5434999999998,1518.4,0.375,40-49,2955.0869999999995,Not assigned
594948,F,False,False,canada,edmonton,YXD,64,,8,1,1,1,0.0,1.0,1.0,344.54,0.0,4.0,344.54,480.0,0.125,60-69,689.08,Indecisive
594985,F,False,False,canada,toronto,YKZ,41,Ontario,8,3,3,3,0.3333333333333333,1.0,0.3333333333333333,150.07666666666668,0.6666666666666666,3.6666666666666665,428.914,1792.0,0.375,40-49,857.828,Not assigned
595026,F,False,False,canada,montreal,YMX,46,Quebec,8,3,1,3,0.0,1.0,1.0,427.97,0.3333333333333333,4.333333333333333,427.97,4778.0,0.375,40-49,855.94,Not assigned
595087,F,False,False,usa,los angeles,LAX,41,California,8,5,4,5,0.4,1.0,0.75,486.41,0.4,4.2,1872.923,3993.0,0.625,40-49,3745.846,Not assigned
595122,F,True,False,canada,toronto,YZD,57,,8,2,2,2,0.5,1.5,0.5,1016.105,0.0,8.5,3760.0565,1704.0,0.25,50-59,7520.113,Long Stayers
595126,F,False,False,canada,gatineau,YND,32,Quebec,9,2,1,2,1.0,2.0,1.0,1001.99,0.0,8.0,1703.383,2723.0,0.2222222222222222,30-39,3406.766,Long Stayers
595184,F,False,False,canada,toronto,YYZ,49,Ontario,8,5,4,4,0.4,1.0,0.75,258.63,0.25,1.5,1034.52,700.25,0.625,40-49,2069.04,Not assigned
595284,F,True,False,usa,new york,LGA,51,New York,8,4,4,4,0.5,1.25,0.25,332.5675,0.0,4.25,1341.474,4248.1,0.5,50-59,2682.948,Not assigned
595414,F,True,False,usa,dallas,DAL,48,Texas,8,4,4,4,0.0,1.0,0.75,298.48,0.0,3.75,1193.92,2140.0,0.5,40-49,2387.84,Not assigned
595431,F,False,False,usa,new york,LGA,36,New York,8,3,3,3,0.0,1.0,0.3333333333333333,319.95666666666665,0.3333333333333333,4.333333333333333,959.87,2277.0,0.375,30-39,1919.74,Not assigned
595624,F,False,False,usa,anchorage,ANC,35,Alaska,9,1,1,1,0.0,1.0,0.0,944.73,0.0,3.0,944.73,1092.0,0.1111111111111111,30-39,1889.46,Indecisive
595626,F,False,False,usa,los angeles,LAX,45,California,8,4,4,3,0.5,1.5,0.5,364.935,0.0,2.6666666666666665,2048.817,1159.0,0.5,40-49,4097.634,Not assigned
595740,F,True,True,usa,san diego,NZY,57,California,8,2,2,2,0.5,1.5,0.0,491.9075,0.5,1.5,1684.87,503.8,0.25,50-59,3369.74,Not assigned
595852,F,False,False,canada,montreal,YMX,53,Quebec,9,3,3,3,0.0,1.0,1.0,212.5233333333333,0.0,1.3333333333333333,637.5699999999999,567.0,0.3333333333333333,50-59,1275.1399999999999,Not assigned
595861,F,False,False,usa,new york,LGA,40,New York,8,1,1,1,0.0,1.0,0.0,833.72,0.0,1.0,833.72,383.0,0.125,40-49,1667.44,Indecisive
595958,F,True,False,usa,sacramento,MCC,50,California,8,3,2,3,0.3333333333333333,1.0,0.5,431.52,0.0,2.333333333333333,848.193,518.0,0.375,50-59,1696.386,Not assigned
596329,F,False,False,usa,phoenix,PHX,20,Arizona,9,0,0,0,,,,,,,,,0.0,20-29,,Indecisive
596335,M,True,False,canada,hamilton,YHM,38,Ontario,8,2,2,2,0.0,1.5,0.5,368.275,0.5,5.0,860.73,1960.0,0.25,30-39,1721.46,Not assigned
596442,O,False,False,usa,omaha,OMA,17,Iowa,8,1,0,1,1.0,,,,0.0,6.0,,997.5,0.125,10-19,,Indecisive
596559,F,False,False,canada,edmonton,YEG,18,Alberta,8,0,0,0,,,,,,,,,0.0,10-19,,Indecisive
596611,M,False,False,canada,halifax,YAW,22,,8,0,0,0,,,,,,,,,0.0,20-29,,Indecisive
596856,F,False,True,canada,quebec,YQB,29,Quebec,8,3,1,3,0.3333333333333333,1.0,1.0,263.24,0.0,6.666666666666667,263.24,3231.0,0.375,20-29,526.48,Not assigned
597003,F,True,False,usa,stockton,SCK,43,California,9,2,2,2,0.0,1.0,0.0,496.685,0.0,1.5,993.37,679.0,0.2222222222222222,40-49,1986.74,Not assigned
597010,F,True,False,canada,edmonton,YXD,39,,8,4,4,3,0.25,1.75,0.25,332.95916666666665,0.0,3.333333333333333,2228.503,1272.0,0.5,30-39,4457.006,High Spenders
597410,M,False,False,usa,new york,JFK,47,New York,8,3,2,3,0.0,1.0,0.0,416.8,0.3333333333333333,9.333333333333334,833.6,5413.0,0.375,40-49,1667.2,Long Stayers
597498,M,True,False,canada,london,YXU,58,Ontario,8,5,5,4,0.0,1.2,0.0,340.788,0.5,3.0,1830.1,1169.0,0.625,50-59,3660.2,Not assigned
597510,F,False,True,canada,montreal,YHU,52,Quebec,8,3,3,3,0.3333333333333333,1.0,0.6666666666666666,313.3333333333333,0.3333333333333333,2.6666666666666665,940.0,2419.2,0.375,50-59,1880.0,Not assigned
597662,F,False,True,canada,ottawa,YOW,17,Ontario,8,0,0,0,,,,,,,,,0.0,10-19,,Indecisive
597948,M,False,True,canada,montreal,YHU,18,Quebec,8,0,0,0,,,,,,,,,0.0,10-19,,Indecisive
597954,F,True,False,usa,new york,JFK,40,New York,8,4,4,4,0.5,1.25,0.5,232.5825,0.5,2.5,909.476,2277.05,0.5,40-49,1818.952,Not assigned
598069,F,False,False,usa,tampa,TPA,30,Florida,8,3,2,2,0.3333333333333333,1.0,0.5,277.665,0.0,6.5,452.478,2182.0,0.375,30-39,904.956,Not assigned
598185,F,True,True,usa,cleveland,CLE,34,Ohio,8,2,1,2,0.0,5.0,4.0,138.772,0.0,6.0,693.86,6246.0,0.25,30-39,1387.72,Family travelers
598276,F,True,False,usa,mobile,BFM,45,Alabama,9,2,2,2,0.0,1.0,0.0,196.23,0.5,4.0,392.46,639.0,0.2222222222222222,40-49,784.92,Not assigned
598306,F,True,False,usa,miami,TNT,48,Florida,8,2,2,2,0.0,1.5,2.5,421.94,0.5,4.0,1536.41,2782.0,0.25,40-49,3072.82,Not assigned
598687,M,False,False,usa,modesto,MOD,39,California,8,3,3,3,0.0,1.0,1.0,292.8933333333334,0.3333333333333333,3.333333333333333,878.6800000000001,1585.0,0.375,30-39,1757.3600000000001,Not assigned
598691,F,False,False,canada,ottawa,YOW,36,Ontario,8,2,2,2,0.5,1.0,0.5,92.495,0.0,6.0,179.95499999999998,1320.0,0.25,30-39,359.90999999999997,Not assigned
598832,F,True,True,usa,louisville,LOU,51,Kentucky,8,1,0,1,0.0,,,,0.0,3.0,,1014.0,0.125,50-59,,Indecisive
599065,M,False,True,usa,new york,LGA,39,New York,8,2,2,2,0.0,1.5,0.5,473.075,0.0,2.5,1319.92,848.0,0.25,30-39,2639.84,Not assigned
599239,F,False,True,usa,nashville,BNA,38,Tennessee,10,2,1,2,0.0,1.0,0.0,464.9,0.0,4.5,464.9,1445.0,0.2,30-39,929.8,Not assigned
599311,F,False,True,canada,quebec,YQB,38,Quebec,8,3,2,2,0.6666666666666666,1.0,0.5,159.70000000000002,0.5,2.5,316.5385,1154.0,0.375,30-39,633.077,Not assigned
599348,F,False,False,usa,san antonio,RND,39,Texas,8,5,5,3,0.0,1.0,0.4,363.732,0.3333333333333333,3.333333333333333,1818.66,975.0,0.625,30-39,3637.32,Not assigned
599649,F,True,True,usa,new york,JFK,55,New York,8,3,3,3,0.6666666666666666,2.0,1.0,546.86,0.3333333333333333,3.6666666666666665,3259.15,5608.5,0.375,50-59,6518.3,High Spenders
599651,F,True,False,usa,shreveport,SHV,42,Louisiana,9,0,0,0,,,,,,,,,0.0,40-49,,Indecisive
599657,F,True,False,canada,london,YXU,48,Ontario,8,1,1,1,1.0,1.0,0.0,108.37,0.0,1.0,86.69600000000001,141.0,0.125,40-49,173.39200000000002,Indecisive
599765,F,False,False,usa,los angeles,LAX,53,California,8,1,1,1,1.0,1.0,0.0,640.68,1.0,8.0,512.544,728.0,0.125,50-59,1025.088,Long Stayers
599790,F,False,False,usa,new york,JFK,56,New York,8,0,0,0,,,,,,,,,0.0,50-59,,Indecisive
599927,F,False,False,usa,los angeles,LAX,42,California,8,4,4,4,0.25,1.0,0.5,468.14,0.25,2.25,1795.7645000000002,2966.0,0.5,40-49,3591.5290000000005,Not assigned
599999,F,False,False,canada,victoria,YYJ,66,British Columbia,8,0,0,0,,,,,,,,,0.0,60-69,,Indecisive
600011,F,False,False,usa,new york,JFK,44,New York,8,3,3,2,0.0,1.3333333333333333,0.0,588.8283333333333,0.5,2.0,2137.88,973.0,0.375,40-49,4275.76,Not assigned
600163,M,True,True,usa,minneapolis,MSP,54,Minnesota,8,1,0,1,0.0,,,,0.0,5.0,,660.0,0.125,50-59,,Indecisive
600265,F,False,True,canada,victoria,YYJ,34,British Columbia,8,1,1,1,0.0,1.0,0.0,460.28,1.0,17.0,460.28,1445.0,0.125,30-39,920.56,Long Stayers
600395,F,True,False,usa,houston,HOU,53,Texas,8,4,3,4,0.25,1.3333333333333333,0.6666666666666666,318.915,0.5,2.0,1116.84,990.2,0.5,50-59,2233.68,Not assigned
600444,F,True,False,canada,edmonton,YXD,52,,8,5,5,5,0.4,1.0,0.4,369.636,0.0,1.6,1789.3449999999998,859.4,0.625,50-59,3578.6899999999996,Not assigned
600515,F,True,False,canada,toronto,YZD,35,,9,3,3,3,0.3333333333333333,1.0,1.0,425.61,0.3333333333333333,2.6666666666666665,1276.83,1419.6999999999998,0.3333333333333333,30-39,2553.66,Not assigned
600605,F,True,False,usa,oakland,OAK,55,California,8,3,2,3,0.3333333333333333,1.0,0.0,546.65,0.3333333333333333,6.0,986.065,2027.0,0.375,50-59,1972.13,Not assigned
600796,F,True,False,canada,vancouver,YVR,79,British Columbia,8,1,0,1,1.0,,,,1.0,6.0,,2106.0,0.125,70-79,,Indecisive
600833,F,True,False,usa,san diego,SAN,71,California,8,1,0,1,0.0,,,,0.0,9.0,,2484.0,0.125,70-79,,Long Stayers
600926,M,True,True,usa,kansas city,MCI,47,Missouri,8,2,2,2,0.5,1.0,0.0,239.985,0.0,2.5,479.97,822.6,0.25,40-49,959.94,Not assigned
600930,F,True,True,usa,sacramento,SAC,56,California,8,2,2,1,0.5,1.5,0.5,505.0925,0.0,1.0,1280.7800000000002,80.0,0.25,50-59,2561.5600000000004,Not assigned
601094,M,False,False,usa,chicago,ORD,17,Illinois,8,0,0,0,,,,,,,,,0.0,10-19,,Indecisive
601104,F,True,False,usa,santa ana,SNA,54,California,8,2,1,2,0.5,1.0,1.0,10.84,0.0,10.0,10.84,6257.0,0.25,50-59,21.68,Long Stayers
601158,F,False,False,usa,new york,LGA,30,New York,8,2,2,1,0.5,1.0,0.5,658.45,1.0,3.0,1283.55,603.0,0.25,30-39,2567.1,Not assigned
601582,M,False,True,usa,sacramento,SMF,52,California,8,2,1,2,0.0,1.0,0.0,188.89,0.5,9.5,188.89,3317.0,0.25,50-59,377.78,Long Stayers
601882,F,True,False,usa,omaha,OFF,46,Nebraska,9,3,3,2,0.0,1.0,0.0,338.9866666666667,0.0,2.5,1016.96,746.0,0.3333333333333333,40-49,2033.92,Not assigned
602120,F,False,False,canada,montreal,YMX,42,Quebec,8,4,4,4,0.5,1.0,0.5,302.4125,0.25,3.5,1204.972,1539.7,0.5,40-49,2409.944,Not assigned
602323,F,False,True,usa,dallas,DAL,18,Texas,9,2,1,2,0.5,2.0,0.0,235.265,1.0,2.0,423.477,890.0,0.2222222222222222,10-19,846.954,Youngs
602433,F,False,False,usa,madison,MSN,52,Wisconsin,8,3,3,3,0.3333333333333333,1.0,0.6666666666666666,439.5333333333333,0.0,1.3333333333333333,1270.962,806.8,0.375,50-59,2541.924,Not assigned
602476,F,False,False,canada,edmonton,YED,35,,8,4,3,4,0.5,1.0,0.0,358.6766666666667,0.25,4.0,1067.369,3560.2,0.5,30-39,2134.738,Not assigned
602598,F,True,True,usa,new york,LGA,31,New York,8,4,3,4,0.25,1.6666666666666667,0.6666666666666666,212.46444444444444,0.25,3.5,933.048,1734.0,0.5,30-39,1866.096,Family travelers
602734,F,False,False,usa,chicago,UGN,36,Illinois,8,0,0,0,,,,,,,,,0.0,30-39,,Indecisive
602748,M,True,False,usa,oklahoma city,TIK,42,Oklahoma,8,4,4,3,0.25,1.25,0.5,884.985,0.3333333333333333,2.0,6395.740000000001,1400.7,0.5,40-49,12791.480000000001,High Spenders
602793,F,False,True,usa,miami,OPF,36,Florida,8,2,1,2,0.0,1.0,1.0,352.75,0.0,3.0,352.75,676.0,0.25,30-39,705.5,Not assigned
602827,F,True,True,usa,san jose,SJC,56,California,8,5,5,5,0.4,1.0,0.6,671.268,0.2,2.0,3356.34,1715.6999999999998,0.625,50-59,6712.68,High Spenders
602918,F,True,False,canada,winnipeg,YWG,44,Manitoba,8,3,2,1,0.3333333333333333,1.0,1.0,327.415,0.0,6.0,654.83,522.0,0.375,40-49,1309.66,Not assigned
602953,F,False,False,usa,memphis,MEM,40,Tennessee,10,4,4,3,0.0,1.0,0.75,321.205,0.3333333333333333,3.0,1284.82,2108.0,0.4,40-49,2569.64,Not assigned
602962,F,True,True,canada,ottawa,YOW,40,Ontario,8,3,3,3,0.3333333333333333,1.0,0.6666666666666666,238.1966666666667,0.3333333333333333,3.6666666666666665,695.7,1615.0,0.375,40-49,1391.4,Not assigned
603160,F,False,False,usa,los angeles,LAX,36,California,8,6,6,5,0.3333333333333333,1.0,0.6666666666666666,487.1066666666666,0.6,2.2,2922.64,2304.0,0.75,30-39,5845.28,High Spenders
603278,F,True,False,canada,calgary,YYC,33,Alberta,8,3,3,3,0.6666666666666666,1.0,1.0,463.0933333333333,0.3333333333333333,1.3333333333333333,1369.042,235.75,0.375,30-39,2738.084,Not assigned
603296,F,False,False,canada,halifax,YHZ,41,Nova Scotia,8,3,3,1,0.6666666666666666,1.0,1.0,272.0133333333333,0.0,1.0,731.5875,192.0,0.375,40-49,1463.175,Not assigned
603345,F,True,True,canada,saskatoon,YXE,51,Saskatchewan,8,2,2,2,0.0,1.0,1.0,274.315,0.0,1.5,548.63,451.0,0.25,50-59,1097.26,Not assigned
603440,F,False,False,usa,colorado springs,COS,42,Colorado,8,3,2,3,0.0,1.0,0.0,270.23,0.0,4.333333333333333,540.46,1857.0,0.375,40-49,1080.92,Not assigned
603515,M,False,False,usa,san diego,NZY,37,California,8,3,2,3,0.0,1.0,0.5,172.305,0.3333333333333333,4.0,344.61,3272.0,0.375,30-39,689.22,Not assigned
603592,F,False,False,usa,oklahoma city,OKC,37,Oklahoma,8,2,2,2,0.0,1.0,0.5,381.395,0.0,4.0,762.79,1856.0,0.25,30-39,1525.58,Not assigned
603635,F,True,False,canada,hamilton,YHM,64,Ontario,8,2,2,2,0.5,1.0,1.0,503.13,0.5,5.5,1006.26,1696.6,0.25,60-69,2012.52,Retired
603715,F,True,False,usa,phoenix,LUF,45,Arizona,8,3,2,3,0.3333333333333333,1.0,0.0,574.115,0.0,3.333333333333333,1148.23,2471.8,0.375,40-49,2296.46,Not assigned
603883,F,True,False,usa,baltimore,BWI,59,Maryland,8,3,2,3,0.3333333333333333,1.0,0.5,226.56,0.6666666666666666,2.0,453.12,1388.1,0.375,50-59,906.24,Not assigned
604136,F,True,False,canada,toronto,YKZ,38,Ontario,8,3,2,1,0.3333333333333333,1.5,0.0,101.225,1.0,7.0,304.78,553.0,0.375,30-39,609.56,Not assigned
604355,F,False,False,usa,houston,EFD,31,Texas,8,3,2,3,0.6666666666666666,1.0,1.5,155.97,0.3333333333333333,3.0,272.649,2412.0,0.375,30-39,545.298,Not assigned
604617,F,True,False,usa,new orleans,NBG,52,Louisiana,8,2,1,1,0.0,1.0,1.0,570.16,1.0,10.0,570.16,1150.0,0.25,50-59,1140.32,Long Stayers
604688,F,True,True,usa,san francisco,SFO,39,California,8,3,3,3,0.3333333333333333,1.0,0.6666666666666666,469.8433333333333,0.6666666666666666,3.0,1409.53,1401.0,0.375,30-39,2819.06,Not assigned
604804,F,True,True,usa,new york,LGA,48,New York,8,2,2,1,0.0,1.0,0.5,203.995,0.0,1.0,407.99,52.0,0.25,40-49,815.98,Not assigned
604840,F,False,False,usa,tampa,TPA,37,Florida,8,3,3,3,0.0,1.6666666666666667,0.3333333333333333,606.4150000000001,0.3333333333333333,2.0,2943.92,2464.0,0.375,30-39,5887.84,High Spenders
604916,F,False,True,usa,new york,JFK,25,New York,8,0,0,0,,,,,,,,,0.0,20-29,,Indecisive
605004,F,True,False,usa,buffalo,BUF,41,New York,8,3,3,3,0.0,1.6666666666666667,0.6666666666666666,319.3855555555555,0.3333333333333333,2.333333333333333,1420.43,978.0,0.375,40-49,2840.86,Not assigned
605096,M,True,True,usa,dallas,DAL,52,Texas,8,3,3,3,0.0,1.0,1.3333333333333333,236.49,0.3333333333333333,2.0,709.47,1306.0,0.375,50-59,1418.94,Not assigned
605308,F,True,False,usa,houston,EFD,68,Texas,8,0,0,0,,,,,,,,,0.0,60-69,,Indecisive
605311,F,False,True,usa,cleveland,CLE,44,Ohio,8,3,3,3,0.0,1.3333333333333333,0.6666666666666666,215.08,0.6666666666666666,3.0,679.35,2152.0,0.375,40-49,1358.7,Not assigned
605578,F,False,False,usa,honolulu,HNL,32,Hawaii,8,1,0,1,0.0,,,,0.0,8.0,,1040.0,0.125,30-39,,Long Stayers
605619,F,True,True,usa,miami,OPF,43,Florida,8,2,2,2,0.0,1.0,2.0,503.19000000000005,0.5,3.0,1006.38,714.0,0.25,40-49,2012.76,Not assigned
605878,F,True,False,usa,brownsville,BRO,41,Texas,8,2,2,2,0.5,1.0,0.5,335.495,0.0,3.5,670.99,699.45,0.25,40-49,1341.98,Not assigned
606094,F,True,False,usa,new orleans,NBG,53,Louisiana,8,4,4,4,0.25,1.0,0.0,252.97,0.5,2.25,1011.88,1152.5,0.5,50-59,2023.76,Not assigned
606290,F,True,False,usa,new york,JFK,37,New York,10,4,3,4,0.0,1.0,1.0,603.17,0.5,2.75,1809.51,3392.0,0.4,30-39,3619.02,Not assigned
606362,F,True,False,usa,new york,LGA,50,New York,8,1,1,1,0.0,1.0,0.0,201.33,0.0,5.0,201.33,3450.0,0.125,50-59,402.66,Indecisive
606568,M,False,False,usa,los angeles,LAX,46,California,8,2,1,2,0.5,1.0,0.0,393.97,0.5,3.5,393.97,1723.2,0.25,40-49,787.94,Not assigned
606635,F,False,False,usa,reno,RNO,45,Nevada,8,2,2,2,0.5,1.0,0.0,433.025,0.0,4.5,851.5585,2816.0,0.25,40-49,1703.117,Not assigned
606862,F,False,False,canada,calgary,YYC,38,Alberta,8,2,2,2,1.0,1.0,1.0,455.29,0.0,3.5,825.706,802.6,0.25,30-39,1651.412,Discount buyer
606930,F,False,False,usa,charlotte,CLT,40,North Carolina,9,4,4,4,0.5,1.5,1.0,451.9983333333333,0.5,2.5,2257.6435,2148.0,0.4444444444444444,40-49,4515.287,High Spenders
607017,F,False,False,usa,sacramento,MCC,42,California,8,4,3,3,0.75,1.0,0.3333333333333333,183.58,0.3333333333333333,7.333333333333333,514.017,3618.0,0.5,40-49,1028.034,Long Stayers
607028,F,False,False,usa,seattle,BFI,48,Washington,8,4,4,4,0.25,1.25,0.75,366.2425,0.25,3.75,1669.364,3779.0,0.5,40-49,3338.728,Not assigned
607197,F,False,True,usa,dallas,DAL,17,Texas,8,0,0,0,,,,,,,,,0.0,10-19,,Indecisive
607270,F,True,False,usa,columbus,CMH,42,Ohio,8,1,1,1,0.0,1.0,1.0,533.64,1.0,4.0,533.64,1308.0,0.125,40-49,1067.28,Indecisive
607524,F,True,False,usa,miami,MIA,64,Florida,8,1,0,1,1.0,,,,1.0,20.0,,5060.0,0.125,60-69,,Long Stayers
607799,F,False,True,usa,los angeles,LAX,35,California,8,1,1,1,0.0,1.0,1.0,118.05,0.0,1.0,118.05,177.0,0.125,30-39,236.1,Indecisive
607931,F,False,False,canada,edmonton,YED,28,,8,3,3,2,0.3333333333333333,1.0,0.3333333333333333,490.82666666666665,0.0,2.0,1386.4875,1019.0,0.375,20-29,2772.975,Not assigned
607949,F,False,False,usa,new york,JFK,17,New York,8,2,1,1,0.0,1.0,0.0,572.0,1.0,12.0,572.0,2664.0,0.25,10-19,1144.0,Long Stayers
607998,F,False,False,usa,new york,JFK,39,New York,8,3,3,2,0.3333333333333333,1.0,0.0,512.1033333333334,0.0,2.0,1536.31,650.0,0.375,30-39,3072.62,Not assigned
608343,F,True,False,usa,new orleans,MSY,43,Louisiana,8,1,1,1,0.0,1.0,1.0,133.37,0.0,4.0,133.37,420.0,0.125,40-49,266.74,Indecisive
608520,F,True,False,usa,new orleans,MSY,50,Louisiana,8,4,2,4,0.5,1.5,1.0,518.56,0.5,3.5,1329.52,1920.45,0.5,50-59,2659.04,Not assigned
608725,F,True,True,usa,tacoma,TCM,46,Washington,8,2,1,2,0.0,1.0,1.0,594.22,0.0,3.0,594.22,620.0,0.25,40-49,1188.44,Not assigned
608727,F,False,True,canada,hamilton,YHM,54,Ontario,8,4,2,4,0.25,1.0,0.0,328.685,0.5,7.5,630.727,4826.0,0.5,50-59,1261.454,Long Stayers
608823,F,False,False,canada,windsor,YQG,17,Ontario,8,1,1,1,0.0,1.0,0.0,623.83,1.0,7.0,623.83,756.0,0.125,10-19,1247.66,Indecisive
608860,F,False,False,usa,san antonio,RND,43,Texas,8,2,2,2,0.0,1.0,0.5,333.505,0.0,6.0,667.01,3790.0,0.25,40-49,1334.02,Not assigned
609102,F,False,True,usa,new york,LGA,41,New York,8,1,1,1,0.0,1.0,2.0,198.24,0.0,4.0,198.24,824.0,0.125,40-49,396.48,Indecisive
609167,F,False,False,usa,omaha,OMA,38,Iowa,8,4,4,4,0.5,1.25,0.75,246.5125,0.25,3.0,1099.464,2010.0,0.5,30-39,2198.928,Not assigned
609221,F,False,False,usa,oakland,OAK,30,California,8,1,1,0,0.0,1.0,1.0,686.5,,,686.5,,0.125,30-39,1373.0,Indecisive
609228,F,True,False,usa,los angeles,LAX,55,California,8,3,3,3,0.3333333333333333,1.0,0.0,595.5933333333334,0.0,4.333333333333333,1786.78,1617.95,0.375,50-59,3573.56,Not assigned
609230,F,False,False,usa,austin,AUS,29,Texas,8,2,2,1,1.0,1.5,0.0,287.1625,1.0,1.0,721.8699999999999,155.20000000000002,0.25,20-29,1443.7399999999998,Discount buyer
609236,F,False,False,usa,milwaukee,MKE,40,Wisconsin,8,4,3,4,0.5,1.0,0.6666666666666666,216.14,0.25,5.0,526.088,3478.0,0.5,40-49,1052.176,Not assigned
609240,F,False,True,canada,toronto,YYZ,53,Ontario,8,3,3,3,0.3333333333333333,1.0,1.3333333333333333,302.7,0.3333333333333333,2.0,908.1,583.8,0.375,50-59,1816.2,Not assigned
609393,M,False,False,canada,ottawa,YOW,38,Ontario,9,3,3,2,0.3333333333333333,1.3333333333333333,0.6666666666666666,181.47833333333327,0.5,6.0,612.26,1648.8000000000002,0.3333333333333333,30-39,1224.52,Not assigned
609413,F,False,True,canada,quebec,YQB,51,Quebec,8,3,3,3,0.3333333333333333,1.0,0.6666666666666666,113.5,0.3333333333333333,2.0,336.154,1010.0,0.375,50-59,672.308,Not assigned
609683,F,False,False,usa,memphis,MEM,16,Tennessee,8,0,0,0,,,,,,,,,0.0,10-19,,Indecisive
609720,F,False,True,usa,phoenix,PHX,37,Arizona,8,2,2,1,0.0,1.0,0.5,630.775,0.0,2.0,1261.55,178.0,0.25,30-39,2523.1,Not assigned
609763,F,False,True,canada,vancouver,YVR,17,British Columbia,8,1,0,1,0.0,,,,0.0,2.0,,186.0,0.125,10-19,,Indecisive
609800,F,True,True,canada,ottawa,YOW,47,Ontario,9,2,2,2,0.5,1.0,1.0,329.485,0.0,1.5,649.9795,217.0,0.2222222222222222,40-49,1299.959,Not assigned
609817,F,False,False,usa,bakersfield,BFL,52,California,8,4,4,3,0.25,1.0,0.5,300.0525,0.3333333333333333,2.0,1174.926,841.0,0.5,50-59,2349.852,Not assigned
609838,F,True,False,usa,buffalo,BUF,66,New York,8,0,0,0,,,,,,,,,0.0,60-69,,Indecisive
609868,F,True,True,canada,halifax,YAW,54,,8,4,4,4,0.25,1.0,0.25,430.3825,0.0,1.5,1721.53,626.1,0.5,50-59,3443.06,Not assigned
610144,F,False,False,usa,los angeles,LAX,45,California,8,6,6,6,0.1666666666666666,1.0,0.6666666666666666,526.255,0.0,2.5,3157.53,3135.0,0.75,40-49,6315.06,High Spenders
610226,F,False,True,usa,houston,IAH,57,Texas,8,1,1,1,0.0,1.0,1.0,248.2,1.0,5.0,248.2,1860.0,0.125,50-59,496.4,Indecisive
610280,F,True,True,canada,toronto,YKZ,57,Ontario,9,2,0,2,0.0,,,,0.5,9.0,,2418.0,0.2222222222222222,50-59,,Long Stayers
610474,F,True,False,usa,indianapolis,IND,52,Gujarat,8,3,3,3,0.0,1.0,0.3333333333333333,156.73000000000002,0.3333333333333333,5.333333333333333,470.19000000000005,2522.0,0.375,50-59,940.3800000000001,Not assigned
610482,F,False,False,usa,winston-salem,INT,35,North Carolina,8,5,3,5,0.2,1.0,0.6666666666666666,378.9766666666667,0.4,3.0,1136.93,4698.4,0.625,30-39,2273.86,Not assigned
610492,F,False,True,canada,calgary,YYC,19,Alberta,8,1,0,1,1.0,,,,0.0,2.0,,696.6,0.125,10-19,,Indecisive
610530,F,False,False,usa,oklahoma city,TIK,24,Oklahoma,8,0,0,0,,,,,,,,,0.0,20-29,,Indecisive
610670,F,False,True,canada,toronto,YTZ,35,Ontario,8,3,3,3,0.0,1.0,0.6666666666666666,363.0133333333333,0.6666666666666666,2.0,1089.04,441.0,0.375,30-39,2178.08,Not assigned
610763,F,False,True,usa,milwaukee,MKE,24,Wisconsin,8,1,1,1,0.0,1.0,1.0,249.61,0.0,2.0,249.61,314.0,0.125,20-29,499.22,Indecisive
610793,F,False,True,usa,dallas,DAL,34,Texas,8,2,2,2,0.0,1.0,0.5,395.93,0.5,2.5,791.86,926.0,0.25,30-39,1583.72,Not assigned
610806,F,True,False,usa,laredo,LRD,47,Texas,8,4,4,3,0.25,1.25,0.5,309.83625,0.6666666666666666,6.0,1584.38,2665.4,0.5,40-49,3168.76,Not assigned
611065,F,False,False,usa,los angeles,LAX,42,California,8,4,4,4,0.0,1.5,0.75,593.9658333333333,0.5,1.5,3572.77,1681.0,0.5,40-49,7145.54,High Spenders
611251,F,False,False,canada,ottawa,YOW,48,Ontario,8,3,3,3,0.0,1.6666666666666667,0.3333333333333333,457.21222222222224,0.3333333333333333,1.6666666666666667,1490.03,635.0,0.375,40-49,2980.06,Not assigned
611371,F,False,False,canada,calgary,YYC,34,Alberta,8,5,4,4,0.6,1.0,0.75,468.265,0.5,3.25,1873.06,4001.65,0.625,30-39,3746.12,Not assigned
611583,M,False,True,usa,jacksonville,JAX,37,Florida,8,3,3,2,0.0,1.0,1.0,246.6833333333333,0.0,1.5,740.05,398.0,0.375,30-39,1480.1,Not assigned
611887,F,False,False,usa,philadelphia,PNE,31,Pennsylvania,8,3,3,1,0.6666666666666666,1.0,0.6666666666666666,299.5933333333333,1.0,5.0,898.78,492.0,0.375,30-39,1797.56,Not assigned
611954,F,False,False,usa,st. louis,STL,42,Missouri,8,4,4,4,0.5,1.0,0.75,187.13,0.75,2.0,724.595,1608.15,0.5,40-49,1449.19,Not assigned
612002,F,False,True,usa,los angeles,LAX,43,California,9,3,2,3,0.0,1.0,0.5,619.89,0.3333333333333333,8.0,1239.78,2376.0,0.3333333333333333,40-49,2479.56,Long Stayers
612128,M,True,True,usa,phoenix,PHX,44,Arizona,8,2,1,2,0.5,1.0,2.0,263.56,0.5,3.5,263.56,2394.8,0.25,40-49,527.12,Not assigned
612175,F,True,True,usa,little rock,LIT,37,Arkansas,8,3,2,3,0.0,1.0,1.5,304.755,0.0,4.333333333333333,609.51,4360.0,0.375,30-39,1219.02,Not assigned
612797,F,True,True,usa,phoenix,LUF,53,Arizona,8,1,1,1,1.0,1.0,0.0,170.91,0.0,1.0,170.91,487.8,0.125,50-59,341.82,Indecisive
612812,M,True,False,usa,orlando,MCO,68,Florida,8,1,0,1,1.0,,,,0.0,14.0,,932.4,0.125,60-69,,Long Stayers
612976,F,False,False,usa,tucson,TUS,25,Arizona,8,0,0,0,,,,,,,,,0.0,20-29,,Indecisive
613252,F,False,False,usa,austin,AUS,21,Texas,8,0,0,0,,,,,,,,,0.0,20-29,,Indecisive
613386,F,False,True,usa,chicago,UGN,17,Illinois,8,0,0,0,,,,,,,,,0.0,10-19,,Indecisive
613442,M,False,False,usa,fresno,FAT,35,California,8,4,3,4,0.5,1.0,1.0,372.5533333333333,0.5,1.75,1117.66,1696.2,0.5,30-39,2235.32,Not assigned
613655,F,False,False,canada,calgary,YYC,58,Alberta,8,2,2,2,0.5,1.0,0.5,518.005,0.5,1.5,1003.9585,470.0,0.25,50-59,2007.917,Not assigned
613921,F,False,False,usa,milwaukee,MKE,30,Wisconsin,9,1,1,1,0.0,1.0,1.0,127.84,0.0,1.0,127.84,242.0,0.1111111111111111,30-39,255.68,Indecisive
613941,F,True,False,usa,new york,LGA,43,New York,8,3,1,3,0.6666666666666666,2.0,0.0,379.365,0.6666666666666666,5.666666666666667,758.73,3089.75,0.375,40-49,1517.46,Not assigned
614111,M,False,False,usa,tampa,MCF,33,Florida,8,3,2,3,0.3333333333333333,1.5,0.0,172.71,0.0,9.0,637.8,6219.8,0.375,30-39,1275.6,Long Stayers
614165,F,False,False,usa,columbus,CMH,27,Ohio,8,4,4,4,0.0,1.0,0.75,274.165,0.0,3.0,1096.66,4302.0,0.5,20-29,2193.32,Not assigned
614311,F,True,False,usa,memphis,MEM,49,Tennessee,8,1,1,1,0.0,1.0,1.0,305.05,0.0,2.0,305.05,88.0,0.125,40-49,610.1,Indecisive
614549,F,False,False,usa,el paso,BIF,27,Texas,8,3,2,3,0.3333333333333333,1.5,1.0,559.355,0.3333333333333333,2.0,1700.71,756.2,0.375,20-29,3401.42,Not assigned
614595,F,True,True,usa,santa ana,SNA,49,California,8,0,0,0,,,,,,,,,0.0,40-49,,Indecisive
614814,F,True,False,usa,montgomery,MXF,68,Alabama,8,1,0,1,0.0,,,,0.0,7.0,,2023.0,0.125,60-69,,Indecisive
614918,F,False,False,canada,toronto,YKZ,38,Ontario,8,5,5,5,0.4,1.0,0.6,198.8,0.0,1.2,985.0045,1115.8,0.625,30-39,1970.009,Not assigned
614933,F,True,False,usa,indianapolis,IND,54,Gujarat,8,2,2,2,0.0,1.0,0.5,410.755,0.0,4.0,821.51,1710.0,0.25,50-59,1643.02,Not assigned
615006,F,False,False,usa,columbus,CMH,49,Ohio,8,1,1,1,1.0,1.0,0.0,577.02,0.0,4.0,548.169,660.0,0.125,40-49,1096.338,Indecisive
615489,F,True,True,usa,montgomery,MXF,56,Alabama,8,1,1,1,0.0,2.0,0.0,198.09,1.0,1.0,396.18,216.0,0.125,50-59,792.36,Indecisive
615749,F,False,False,usa,san francisco,SFO,48,California,8,4,4,4,0.0,1.25,0.0,473.77375,0.5,1.5,1988.86,1557.0,0.5,40-49,3977.72,Not assigned
615881,F,False,False,usa,riverside,RIV,64,California,8,0,0,0,,,,,,,,,0.0,60-69,,Indecisive
616222,F,True,True,canada,quebec,YQB,47,Quebec,9,2,2,2,0.5,1.5,0.5,528.2825,0.5,2.5,1789.2054999999998,1274.4,0.2222222222222222,40-49,3578.4109999999996,Not assigned
616491,F,False,True,usa,nashville,BNA,49,Tennessee,8,3,3,3,0.0,1.0,0.3333333333333333,106.18333333333332,0.0,3.0,318.54999999999995,2940.0,0.375,40-49,637.0999999999999,Not assigned
616518,F,False,False,usa,new york,LGA,44,New York,9,2,2,2,0.0,1.0,1.0,369.88,0.5,1.5,739.76,243.0,0.2222222222222222,40-49,1479.52,Not assigned
616718,F,True,False,canada,hamilton,YHM,45,Ontario,9,3,3,3,0.3333333333333333,1.3333333333333333,0.0,547.3449999999999,0.3333333333333333,3.333333333333333,2109.716,1552.0,0.3333333333333333,40-49,4219.432,Not assigned
616752,F,False,True,usa,honolulu,HNL,17,Hawaii,9,2,1,2,0.5,1.0,1.0,1046.34,0.5,6.0,1046.34,2964.0,0.2222222222222222,10-19,2092.68,Youngs
616802,F,True,False,usa,montgomery,MXF,43,Alabama,8,3,3,2,0.0,1.0,0.6666666666666666,258.82,0.5,1.5,776.46,628.0,0.375,40-49,1552.92,Not assigned
617052,F,True,True,usa,laredo,LRD,47,Texas,9,3,3,3,0.3333333333333333,1.3333333333333333,0.6666666666666666,278.97,0.3333333333333333,2.0,1060.6205,1004.8,0.3333333333333333,40-49,2121.241,Not assigned
617199,M,True,False,usa,kansas city,MCI,51,Missouri,9,5,3,5,0.2,1.3333333333333333,0.6666666666666666,345.39000000000004,0.2,7.6,1294.79,13186.0,0.5555555555555556,50-59,2589.58,Long Stayers
617458,F,True,True,canada,montreal,YMX,29,Quebec,8,3,3,2,0.0,1.0,0.6666666666666666,81.98,0.5,2.5,245.94,637.0,0.375,20-29,491.88,Not assigned
617964,F,False,True,usa,miami,OPF,31,Florida,8,1,0,1,1.0,,,,1.0,3.0,,171.0,0.125,30-39,,Indecisive
618230,F,True,False,usa,omaha,OMA,27,Iowa,8,0,0,0,,,,,,,,,0.0,20-29,,Indecisive
618266,F,False,True,usa,miami,OPF,42,Florida,8,1,1,1,1.0,1.0,1.0,309.68,1.0,3.0,309.68,990.9,0.125,40-49,619.36,Indecisive
618308,F,True,True,usa,memphis,MEM,58,Tennessee,10,2,2,2,0.5,1.0,1.0,230.505,0.0,2.0,428.978,655.5,0.2,50-59,857.956,Not assigned
618343,M,True,True,usa,new york,LGA,39,New York,8,1,0,1,0.0,,,,1.0,6.0,,1056.0,0.125,30-39,,Indecisive
618418,F,False,False,canada,toronto,YKZ,44,Ontario,8,5,5,5,0.2,1.0,0.4,334.764,0.2,3.2,1616.108,2800.8,0.625,40-49,3232.216,Not assigned
618429,M,False,True,usa,philadelphia,PHL,46,Pennsylvania,8,3,3,3,0.3333333333333333,1.0,1.0,390.3633333333333,0.3333333333333333,3.0,1171.09,1242.6,0.375,40-49,2342.18,Not assigned
618642,F,True,False,usa,honolulu,HNL,39,Hawaii,8,2,2,0,0.0,1.0,1.0,1164.45,,,2328.9,,0.25,30-39,4657.8,High Spenders
618759,F,False,True,usa,san diego,SAN,23,California,8,2,1,1,0.5,1.0,1.0,117.77,0.0,16.0,117.77,2310.4,0.25,20-29,235.54,Long Stayers
618780,F,False,True,usa,new york,JFK,34,New York,8,3,3,3,0.0,1.0,0.6666666666666666,358.5566666666667,0.6666666666666666,3.0,1075.67,1288.0,0.375,30-39,2151.34,Not assigned
618815,F,False,True,usa,san francisco,SFO,31,California,8,1,0,1,0.0,,,,0.0,8.0,,832.0,0.125,30-39,,Long Stayers
619109,F,False,False,usa,portland,PWM,39,Maine,8,1,1,1,0.0,1.0,0.0,76.67,0.0,6.0,76.67,420.0,0.125,30-39,153.34,Indecisive
619218,F,True,False,usa,orlando,MCO,42,Florida,8,1,1,1,0.0,1.0,0.0,710.51,0.0,3.0,710.51,567.0,0.125,40-49,1421.02,Indecisive
619362,F,True,False,usa,san francisco,SFO,46,California,8,4,4,4,0.0,1.25,0.5,580.21625,0.5,2.25,2988.85,1703.0,0.5,40-49,5977.7,High Spenders
619520,F,True,False,canada,ottawa,YOW,36,Ontario,9,2,2,2,0.0,1.5,0.5,316.485,0.5,1.0,780.52,236.0,0.2222222222222222,30-39,1561.04,Not assigned
619615,F,False,False,usa,nashville,BNA,48,Tennessee,8,4,4,4,0.0,1.0,0.25,384.925,0.75,2.0,1539.7,1950.0,0.5,40-49,3079.4,Not assigned
619938,F,False,False,usa,houston,IAH,25,Texas,9,0,0,0,,,,,,,,,0.0,20-29,,Indecisive
619971,F,True,False,usa,san diego,NZY,38,California,8,1,0,1,0.0,,,,0.0,2.0,,274.0,0.125,30-39,,Indecisive
619988,F,False,False,usa,providence,PVD,16,Rhode Island,8,0,0,0,,,,,,,,,0.0,10-19,,Indecisive
620274,F,True,False,usa,tucson,DMA,63,Arizona,8,3,3,3,0.6666666666666666,1.0,0.6666666666666666,458.24,0.0,2.0,1284.1999999999998,968.0,0.375,60-69,2568.3999999999996,Retired
620300,F,True,True,usa,houston,IAH,48,Texas,8,3,3,3,0.0,1.3333333333333333,0.6666666666666666,431.8466666666666,0.6666666666666666,1.3333333333333333,1668.41,507.0,0.375,40-49,3336.82,Not assigned
620382,F,False,True,usa,st. louis,STL,17,Missouri,8,2,1,2,0.5,1.0,0.0,201.37,0.0,4.5,181.233,1163.15,0.25,10-19,362.466,Youngs
620453,F,True,True,usa,richmond,RIC,48,Virginia,8,1,1,1,1.0,2.0,1.0,311.245,0.0,2.0,622.49,363.6,0.125,40-49,1244.98,Indecisive
620884,F,False,False,usa,chicago,MDW,33,Illinois,8,3,3,2,0.3333333333333333,1.0,0.3333333333333333,173.22000000000003,0.5,3.0,519.6600000000001,1020.45,0.375,30-39,1039.3200000000002,Not assigned
620972,M,False,False,usa,kansas city,MCI,38,Missouri,8,3,3,3,0.3333333333333333,1.3333333333333333,0.3333333333333333,240.1733333333333,0.3333333333333333,2.0,984.15,1286.6,0.375,30-39,1968.3,Not assigned
621072,F,True,True,usa,providence,PVD,54,Rhode Island,8,1,1,1,0.0,1.0,0.0,460.17,0.0,4.0,460.17,356.0,0.125,50-59,920.34,Indecisive
621085,F,False,False,usa,minneapolis,MSP,48,Minnesota,8,1,0,1,0.0,,,,1.0,7.0,,735.0,0.125,40-49,,Indecisive
621113,F,False,False,usa,new york,LGA,28,New York,8,0,0,0,,,,,,,,,0.0,20-29,,Indecisive
621150,F,False,True,usa,phoenix,LUF,17,Arizona,8,0,0,0,,,,,,,,,0.0,10-19,,Indecisive
621291,F,True,False,usa,indianapolis,IND,52,Gujarat,8,5,4,4,0.0,2.25,0.25,166.18229166666666,0.0,5.75,1717.81,5212.0,0.625,50-59,3435.62,Not assigned
621607,F,False,True,canada,ottawa,YOW,32,Ontario,8,2,2,2,0.5,1.0,0.0,218.315,0.5,3.5,386.173,1075.0,0.25,30-39,772.346,Not assigned
621665,F,False,True,usa,chicago,MDW,46,Illinois,9,4,4,3,0.5,1.25,0.75,355.13875,0.0,1.6666666666666667,1459.91,799.0,0.4444444444444444,40-49,2919.82,Not assigned
621811,F,True,True,usa,norfolk,NGU,40,Virginia,8,2,2,1,0.0,1.0,0.0,341.64,0.0,3.0,683.28,489.0,0.25,40-49,1366.56,Not assigned
621922,F,False,False,usa,milwaukee,MKE,21,Wisconsin,8,1,1,1,0.0,1.0,0.0,263.71,0.0,3.0,263.71,294.0,0.125,20-29,527.42,Indecisive
622149,F,True,False,usa,santa ana,SNA,45,California,8,1,1,1,1.0,1.0,0.0,453.63,0.0,1.0,408.267,154.0,0.125,40-49,816.534,Indecisive
622293,F,False,False,usa,las vegas,LAS,28,Nevada,10,3,3,1,0.6666666666666666,1.6666666666666667,0.6666666666666666,718.5666666666666,0.0,3.0,3361.425,1356.0,0.3,20-29,6722.85,High Spenders
622343,F,False,False,usa,chicago,ORD,46,Illinois,8,1,1,1,0.0,1.0,1.0,420.14,0.0,2.0,420.14,492.0,0.125,40-49,840.28,Indecisive
623077,M,False,False,usa,miami,TNT,34,Florida,8,4,2,4,0.25,1.0,0.5,348.67499999999995,0.0,5.5,647.9594999999999,3290.0,0.5,30-39,1295.9189999999999,Not assigned
623087,F,False,False,usa,new york,LGA,47,New York,9,3,3,3,0.0,1.0,0.0,390.3766666666667,0.3333333333333333,2.6666666666666665,1171.13,2507.0,0.3333333333333333,40-49,2342.26,Not assigned
623417,F,True,True,usa,sacramento,MHR,54,California,8,0,0,0,,,,,,,,,0.0,50-59,,Indecisive
623691,F,False,False,usa,detroit,YIP,24,Michigan,8,1,1,1,1.0,1.0,0.0,474.78,0.0,8.0,474.78,712.8000000000001,0.125,20-29,949.56,Long Stayers
623815,F,False,False,canada,calgary,YYC,31,Alberta,8,3,3,3,0.3333333333333333,1.0,0.3333333333333333,282.2033333333333,0.6666666666666666,1.6666666666666667,826.6914999999999,570.0,0.375,30-39,1653.3829999999998,Not assigned
623935,F,True,True,usa,new york,LGA,58,New York,9,2,1,1,0.0,2.0,1.0,2344.355,1.0,8.0,4688.71,2232.0,0.2222222222222222,50-59,9377.42,Long Stayers
624215,F,False,True,usa,austin,AUS,38,Texas,8,4,4,4,0.25,1.25,0.75,342.525,0.0,1.25,1546.004,845.0,0.5,30-39,3092.008,Not assigned
624258,F,True,False,canada,calgary,YYC,39,Alberta,8,1,1,1,0.0,1.0,0.0,428.87,0.0,3.0,428.87,843.0,0.125,30-39,857.74,Indecisive
624497,F,False,True,canada,edmonton,YXD,27,,8,1,1,1,0.0,3.0,3.0,408.8066666666667,0.0,1.0,1226.42,423.0,0.125,20-29,2452.84,Indecisive
624593,M,True,True,usa,new york,JFK,39,New York,8,2,2,2,0.0,1.0,1.0,310.96000000000004,0.5,4.5,621.9200000000001,719.0,0.25,30-39,1243.8400000000001,Not assigned
624636,F,True,False,usa,jacksonville,NIP,43,Florida,8,3,3,3,0.0,1.0,0.6666666666666666,579.37,0.3333333333333333,2.333333333333333,1738.11,752.0,0.375,40-49,3476.22,Not assigned
624913,M,False,True,canada,halifax,YAW,40,,8,3,3,3,0.3333333333333333,1.0,1.0,466.0733333333333,0.3333333333333333,1.3333333333333333,1348.0555,889.8,0.375,40-49,2696.111,Not assigned
625030,F,False,False,usa,oklahoma city,OKC,40,Oklahoma,8,5,4,4,0.2,1.0,0.5,374.2225,0.25,3.5,1476.2095,3954.0,0.625,40-49,2952.419,Not assigned
625703,F,False,False,canada,ottawa,YOW,33,Ontario,8,2,2,2,0.0,1.0,0.5,133.57,0.0,1.5,267.14,305.0,0.25,30-39,534.28,Not assigned
625984,F,True,False,usa,new york,JFK,49,New York,8,3,3,3,0.6666666666666666,1.3333333333333333,0.6666666666666666,495.9166666666667,0.3333333333333333,2.6666666666666665,1543.83,879.5999999999999,0.375,40-49,3087.66,Not assigned
626037,F,False,False,usa,anchorage,ANC,25,Alaska,8,0,0,0,,,,,,,,,0.0,20-29,,Indecisive
626067,F,False,False,usa,long beach,LGB,19,California,8,0,0,0,,,,,,,,,0.0,10-19,,Indecisive
626249,F,False,False,canada,gatineau,YND,29,Quebec,8,0,0,0,,,,,,,,,0.0,20-29,,Indecisive
626318,F,True,False,usa,new york,JFK,54,New York,9,3,2,2,0.6666666666666666,1.0,0.5,112.47,0.0,3.5,224.94,965.2,0.3333333333333333,50-59,449.88,Not assigned
626329,F,False,False,usa,little rock,LIT,44,Arkansas,8,1,1,1,0.0,1.0,1.0,165.84,0.0,2.0,165.84,406.0,0.125,40-49,331.68,Indecisive
626558,F,False,False,usa,st. petersburg,PIE,32,Florida,8,0,0,0,,,,,,,,,0.0,30-39,,Indecisive
626587,M,False,False,usa,lincoln,LNK,17,Nebraska,8,1,0,1,0.0,,,,1.0,9.0,,693.0,0.125,10-19,,Long Stayers
627041,F,False,False,canada,gatineau,YND,41,Quebec,8,2,2,1,0.0,1.0,0.0,260.57500000000005,1.0,2.0,521.1500000000001,126.0,0.25,40-49,1042.3000000000002,Not assigned
627158,M,True,True,usa,houston,IAH,48,Texas,8,3,3,1,0.3333333333333333,1.0,0.6666666666666666,415.8333333333333,0.0,1.0,1247.5,142.0,0.375,40-49,2495.0,Not assigned
627176,F,False,False,usa,indianapolis,IND,48,Gujarat,8,2,2,2,0.0,1.0,0.5,85.215,0.5,1.5,170.43,527.0,0.25,40-49,340.86,Not assigned
627475,F,False,False,canada,calgary,YYC,16,Alberta,8,0,0,0,,,,,,,,,0.0,10-19,,Indecisive
627518,F,False,True,usa,anchorage,ANC,17,Alaska,8,1,1,1,1.0,1.0,1.0,1035.3,0.0,3.0,983.535,477.0,0.125,10-19,1967.07,Indecisive
627617,F,True,False,usa,laredo,LRD,20,Texas,8,2,1,2,0.5,1.0,0.0,286.96,0.0,3.0,258.264,1120.0,0.25,20-29,516.528,Not assigned
627729,F,False,True,canada,toronto,YKZ,23,Ontario,8,0,0,0,,,,,,,,,0.0,20-29,,Indecisive
628023,F,True,False,usa,el paso,BIF,47,Texas,8,3,3,2,0.0,1.0,0.3333333333333333,534.7633333333333,0.0,1.0,1604.29,924.0,0.375,40-49,3208.58,Not assigned
628033,M,True,True,usa,st. petersburg,PIE,33,Florida,8,4,3,3,0.5,1.0,0.0,414.9666666666667,0.3333333333333333,5.333333333333333,1133.9205,9831.0,0.5,30-39,2267.841,Not assigned
628671,F,False,True,usa,new york,JFK,35,New York,8,2,2,2,0.5,1.5,1.0,290.555,0.0,2.5,924.658,514.0,0.25,30-39,1849.316,Not assigned
629345,F,False,False,usa,new orleans,NBG,17,Louisiana,9,1,0,1,0.0,,,,1.0,12.0,,6588.0,0.1111111111111111,10-19,,Long Stayers
629725,F,False,False,usa,atlanta,ATL,45,Georgia,8,3,3,1,0.3333333333333333,1.0,0.3333333333333333,216.7933333333333,0.0,1.0,584.5360000000001,185.0,0.375,40-49,1169.0720000000001,Not assigned
629747,F,False,False,usa,milwaukee,MKE,18,Wisconsin,8,0,0,0,,,,,,,,,0.0,10-19,,Indecisive
629803,M,False,True,usa,tulsa,TUL,40,Oklahoma,8,3,3,2,0.6666666666666666,1.3333333333333333,1.0,333.03000000000003,0.0,2.5,1345.987,1206.9,0.375,40-49,2691.974,Not assigned
629877,F,True,False,canada,halifax,YHZ,44,Nova Scotia,8,2,2,2,0.0,1.5,0.5,237.855,0.5,9.5,601.16,3959.0,0.25,40-49,1202.32,Long Stayers
629952,F,False,False,usa,cincinnati,CVG,45,Kentucky,8,3,3,3,0.0,1.3333333333333333,0.6666666666666666,255.70333333333332,0.6666666666666666,1.6666666666666667,1214.37,1429.0,0.375,40-49,2428.74,Not assigned
630039,F,False,False,usa,los angeles,LAX,39,California,8,1,1,1,0.0,1.0,0.0,182.36,0.0,3.0,182.36,1002.0,0.125,30-39,364.72,Indecisive
630097,F,True,False,usa,santa ana,SNA,44,California,8,3,2,3,0.0,1.0,1.0,587.7,0.3333333333333333,3.333333333333333,1175.4,2399.0,0.375,40-49,2350.8,Not assigned
630176,F,True,True,usa,montgomery,MXF,51,Alabama,8,1,1,1,0.0,1.0,0.0,597.57,0.0,1.0,597.57,108.0,0.125,50-59,1195.14,Indecisive
630607,F,False,False,usa,seattle,BFI,26,Washington,8,0,0,0,,,,,,,,,0.0,20-29,,Indecisive
630738,F,False,False,usa,birmingham,BHM,42,Alabama,9,3,3,2,0.3333333333333333,1.0,0.3333333333333333,172.63333333333335,0.5,4.0,493.0585,723.5,0.3333333333333333,40-49,986.117,Not assigned
630992,F,True,True,usa,montgomery,MXF,58,Alabama,8,1,0,1,0.0,,,,0.0,6.0,,546.0,0.125,50-59,,Indecisive
631319,F,True,False,canada,montreal,YMX,49,Quebec,8,2,2,2,0.0,1.0,0.5,225.955,0.0,3.0,451.91,1826.0,0.25,40-49,903.82,Not assigned
631384,F,True,False,usa,richmond,RIC,54,Virginia,8,0,0,0,,,,,,,,,0.0,50-59,,Indecisive
631448,F,True,True,usa,cincinnati,CVG,39,Kentucky,8,2,0,2,0.5,,,,1.0,3.5,,1690.0,0.25,30-39,,Only Hotel
631477,F,True,True,usa,riverside,RAL,59,California,9,1,1,1,0.0,1.0,1.0,691.17,0.0,3.0,691.17,132.0,0.1111111111111111,50-59,1382.34,Indecisive
631970,F,False,False,usa,memphis,MEM,53,Tennessee,8,3,3,3,0.0,1.0,0.3333333333333333,287.6233333333334,0.3333333333333333,1.0,862.8700000000001,491.0,0.375,50-59,1725.7400000000002,Not assigned
631975,F,False,False,canada,montreal,YMX,38,Quebec,8,1,1,0,0.0,1.0,1.0,100.99,,,100.99,,0.125,30-39,201.98,Indecisive
631993,F,True,True,canada,ottawa,YOW,47,Ontario,8,2,2,2,0.5,1.0,0.5,618.965,0.5,1.5,1237.93,486.2,0.25,40-49,2475.86,Not assigned
632239,F,True,False,usa,los angeles,LAX,54,California,8,1,1,1,1.0,1.0,0.0,27.52,1.0,1.0,24.768,141.0,0.125,50-59,49.536,Indecisive
632475,F,True,False,canada,ottawa,YOW,67,Ontario,8,1,0,1,0.0,,,,0.0,3.0,,468.0,0.125,60-69,,Indecisive
632665,F,False,False,usa,dallas,DAL,35,Texas,8,1,1,1,1.0,1.0,3.0,341.97,1.0,4.0,341.97,1007.0,0.125,30-39,683.94,Indecisive
632866,F,True,False,usa,austin,AUS,47,Texas,8,0,0,0,,,,,,,,,0.0,40-49,,Indecisive
633183,F,False,False,usa,new york,LGA,39,New York,8,3,3,2,0.6666666666666666,1.0,0.6666666666666666,341.46333333333337,0.0,2.0,964.6935,1321.5,0.375,30-39,1929.387,Not assigned
633195,F,False,False,canada,winnipeg,YAV,30,,8,2,2,1,0.0,1.0,1.0,370.825,0.0,1.0,741.65,316.0,0.25,30-39,1483.3,Not assigned
633725,F,True,False,canada,hamilton,YHM,47,Ontario,8,6,6,6,0.5,1.0,0.6666666666666666,137.79999999999998,0.0,1.6666666666666667,814.372,1674.6,0.75,40-49,1628.744,Not assigned
633972,F,True,False,usa,richmond,RIC,71,Virginia,8,0,0,0,,,,,,,,,0.0,70-79,,Indecisive
634130,F,True,False,usa,new york,JFK,49,New York,8,4,2,4,0.0,1.0,1.0,540.085,0.0,3.75,1080.17,5496.0,0.5,40-49,2160.34,Not assigned
634795,F,True,True,usa,houston,HOU,45,Texas,8,2,1,2,0.5,1.0,0.0,203.68,0.0,3.0,162.94400000000002,465.0,0.25,40-49,325.88800000000003,Not assigned
634824,F,True,False,usa,new york,LGA,37,New York,8,2,2,2,0.0,1.0,0.5,117.58,0.5,1.5,235.16,269.0,0.25,30-39,470.32,Not assigned
635300,F,True,False,usa,chicago,ORD,44,Illinois,8,6,5,5,0.6666666666666666,1.2,1.6,248.04,0.4,2.8,1217.311,3728.1,0.75,40-49,2434.622,Not assigned
635303,F,False,True,usa,los angeles,LAX,42,California,8,4,4,3,0.0,2.0,1.0,501.9441666666667,1.0,2.333333333333333,4148.16,5694.0,0.5,40-49,8296.32,High Spenders
635375,F,False,False,usa,fayetteville,FYV,16,Arkansas,8,1,0,1,0.0,,,,1.0,21.0,,1932.0,0.125,10-19,,Long Stayers
635576,F,True,False,canada,toronto,YKZ,39,Ontario,9,4,4,3,0.0,1.25,0.25,378.22,0.6666666666666666,1.3333333333333333,2167.4700000000003,777.0,0.4444444444444444,30-39,4334.9400000000005,Not assigned
635790,F,False,False,usa,boston,BOS,48,Massachusetts,8,4,4,2,0.25,1.0,0.75,519.5450000000001,0.5,1.5,2072.801,522.0,0.5,40-49,4145.602,Not assigned
636251,F,True,False,usa,louisville,LOU,67,Kentucky,8,1,0,1,0.0,,,,0.0,5.0,,1890.0,0.125,60-69,,Indecisive
636873,F,False,False,usa,chicago,ORD,43,Illinois,8,5,5,5,0.2,1.2,0.8,237.096,0.4,4.0,1647.66,2715.4,0.625,40-49,3295.32,Not assigned
636874,F,False,False,usa,reno,RNO,48,Nevada,8,3,3,3,0.3333333333333333,1.0,0.3333333333333333,525.7433333333333,0.0,3.333333333333333,1513.046,1383.0,0.375,40-49,3026.092,Not assigned
637421,F,True,True,usa,new york,LGA,30,New York,8,3,2,3,0.0,1.5,0.5,270.8575,0.0,2.0,708.24,1320.0,0.375,30-39,1416.48,Not assigned
638237,F,False,True,canada,toronto,YZD,22,,9,0,0,0,,,,,,,,,0.0,20-29,,Indecisive
638565,F,True,True,usa,chicago,MDW,47,Illinois,8,3,3,2,0.0,1.0,0.3333333333333333,165.46,0.0,4.0,496.38,471.0,0.375,40-49,992.76,Not assigned
638576,F,False,True,usa,phoenix,PHX,37,Arizona,8,3,3,2,0.6666666666666666,1.0,0.6666666666666666,585.5466666666667,0.5,4.5,1707.706,1317.0,0.375,30-39,3415.412,Not assigned
638580,F,False,False,canada,victoria,YYJ,42,British Columbia,8,2,0,2,0.0,,,,0.5,5.5,,2017.0,0.25,40-49,,Only Hotel
638598,F,False,False,usa,dallas,DAL,17,Texas,8,1,1,1,0.0,1.0,1.0,413.52,0.0,3.0,413.52,219.0,0.125,10-19,827.04,Indecisive
638600,F,False,False,canada,winnipeg,YWG,73,Manitoba,8,0,0,0,,,,,,,,,0.0,70-79,,Indecisive
639009,F,False,False,usa,oklahoma city,OKC,35,Oklahoma,8,3,3,3,0.3333333333333333,1.6666666666666667,1.6666666666666667,268.92555555555555,0.0,1.3333333333333333,1365.897,773.0,0.375,30-39,2731.794,Not assigned
639168,F,False,True,canada,montreal,YUL,41,Quebec,8,2,2,2,0.5,1.0,0.5,448.635,0.5,6.5,897.27,3567.7,0.25,40-49,1794.54,Not assigned
639458,F,False,False,usa,stockton,SCK,42,California,8,3,3,3,0.3333333333333333,1.0,0.3333333333333333,443.82,0.6666666666666666,1.6666666666666667,1267.155,901.0,0.375,40-49,2534.31,Not assigned
639510,F,True,False,usa,san diego,NZY,56,California,9,2,2,2,1.0,1.0,0.0,459.245,0.0,2.5,818.5640000000001,815.0,0.2222222222222222,50-59,1637.1280000000002,Discount buyer
639554,F,False,False,usa,los angeles,LAX,17,California,8,2,2,2,0.0,1.0,0.5,451.345,0.5,2.5,902.69,1340.0,0.25,10-19,1805.38,Youngs
639894,F,True,True,usa,brownsville,BRO,43,Texas,8,2,1,2,0.0,1.0,0.0,653.32,0.0,9.5,653.32,5671.0,0.25,40-49,1306.64,Long Stayers
640580,F,True,False,canada,montreal,YMX,53,Quebec,8,3,3,3,0.3333333333333333,1.0,0.3333333333333333,266.85,0.6666666666666666,3.6666666666666665,796.3805000000001,2466.4,0.375,50-59,1592.7610000000002,Not assigned
640689,F,False,False,usa,omaha,OFF,50,Nebraska,10,3,3,3,0.3333333333333333,1.0,0.6666666666666666,374.3633333333334,0.3333333333333333,2.0,1093.249,1069.0,0.3,50-59,2186.498,Not assigned
640867,F,False,True,canada,montreal,YHU,50,Quebec,9,2,2,2,0.0,1.5,0.5,236.7525,0.5,2.0,693.44,1037.0,0.2222222222222222,50-59,1386.88,Not assigned
640968,F,True,False,usa,indianapolis,IND,54,Gujarat,8,2,2,1,0.5,1.0,1.0,220.27,0.0,3.0,403.0235,981.0,0.25,50-59,806.047,Not assigned
641364,F,False,False,usa,las vegas,LSV,29,Nevada,8,5,5,4,0.4,1.0,0.8,304.118,0.0,1.75,1520.59,1002.1,0.625,20-29,3041.18,Not assigned
642578,F,True,True,usa,new york,LGA,63,New York,8,3,2,2,0.3333333333333333,1.0,1.0,344.03,0.5,3.0,688.06,415.5,0.375,60-69,1376.12,Retired
642786,F,False,False,usa,charlotte,CLT,41,North Carolina,8,3,2,3,0.3333333333333333,1.0,1.0,75.24,0.6666666666666666,7.333333333333333,141.8865,4396.0,0.375,40-49,283.773,Long Stayers
642820,F,True,True,usa,las vegas,LAS,47,Nevada,8,2,2,2,0.0,1.0,0.0,357.715,0.0,3.0,715.43,1172.0,0.25,40-49,1430.86,Not assigned
643359,M,False,False,usa,santa ana,SNA,25,California,8,1,1,1,1.0,1.0,0.0,524.85,1.0,2.0,472.365,258.0,0.125,20-29,944.73,Indecisive
643469,F,True,False,usa,new york,LGA,42,New York,8,3,1,3,0.3333333333333333,1.0,0.0,27.93,0.6666666666666666,11.0,23.7405,4530.0,0.375,40-49,47.481,Long Stayers
643929,F,True,False,usa,new york,LGA,40,New York,8,2,1,2,0.0,2.0,1.0,470.995,0.0,3.5,941.99,2994.0,0.25,40-49,1883.98,Not assigned
644467,F,False,True,usa,detroit,DTW,32,Michigan,8,3,3,3,0.3333333333333333,2.333333333333333,1.0,279.05916666666667,0.0,2.0,1606.26,1525.2,0.375,30-39,3212.52,Family travelers
644639,F,True,True,usa,santa ana,SNA,58,California,8,0,0,0,,,,,,,,,0.0,50-59,,Indecisive
644870,F,False,False,usa,bakersfield,BFL,47,California,9,5,3,4,0.4,1.0,1.3333333333333333,513.1166666666667,0.5,4.25,1539.35,2186.5,0.5555555555555556,40-49,3078.7,Not assigned
645022,F,False,False,usa,corpus christi,CRP,17,Texas,8,1,0,1,0.0,,,,0.0,5.0,,445.0,0.125,10-19,,Indecisive
645168,F,True,False,usa,baton rouge,BTR,37,Louisiana,8,3,3,2,0.6666666666666666,1.3333333333333333,0.3333333333333333,1155.405,0.0,2.0,5592.9710000000005,667.8,0.375,30-39,11185.942000000001,High Spenders
645685,M,False,False,usa,orlando,MCO,50,Florida,8,4,4,4,0.25,1.0,0.75,336.645,0.25,1.75,1346.58,897.25,0.5,50-59,2693.16,Not assigned
645933,F,True,False,usa,fresno,FAT,37,California,9,2,2,2,0.0,1.5,0.0,382.335,0.0,4.0,855.6,1190.0,0.2222222222222222,30-39,1711.2,Not assigned
645939,F,True,True,usa,austin,AUS,51,Texas,8,0,0,0,,,,,,,,,0.0,50-59,,Indecisive
646127,F,False,True,usa,shreveport,SHV,22,Louisiana,8,0,0,0,,,,,,,,,0.0,20-29,,Indecisive
646197,F,False,False,usa,los angeles,LAX,22,California,8,0,0,0,,,,,,,,,0.0,20-29,,Indecisive
646257,F,False,False,usa,indianapolis,IND,36,Gujarat,8,1,1,1,0.0,1.0,1.0,77.63,0.0,3.0,77.63,639.0,0.125,30-39,155.26,Indecisive
646259,F,True,True,usa,new york,JFK,23,New York,8,2,0,2,0.0,,,,0.5,4.5,,1999.0,0.25,20-29,,Only Hotel
646424,F,True,False,canada,montreal,YMX,43,Quebec,8,2,1,2,0.5,2.0,0.0,290.425,0.0,7.0,580.85,4671.6,0.25,40-49,1161.7,Not assigned
646455,F,True,False,usa,houston,IAH,51,Texas,8,4,4,3,0.25,1.25,1.0,426.0575,0.0,4.333333333333333,2071.052,3609.0,0.5,50-59,4142.104,Not assigned
646937,F,False,True,usa,mobile,MOB,45,Alabama,9,3,3,3,0.0,2.0,1.0,402.5441666666666,0.0,2.0,2285.57,1687.0,0.3333333333333333,40-49,4571.14,High Spenders
647555,M,True,False,usa,cleveland,CLE,57,Ohio,8,1,1,1,0.0,1.0,1.0,101.75,0.0,2.0,101.75,232.0,0.125,50-59,203.5,Indecisive
647638,F,False,False,canada,winnipeg,YAV,17,,8,1,0,1,0.0,,,,0.0,3.0,,315.0,0.125,10-19,,Indecisive
647674,F,False,True,usa,chicago,ORD,36,Illinois,8,4,3,4,0.25,1.0,0.6666666666666666,361.6666666666667,0.75,1.75,1085.0,1296.0,0.5,30-39,2170.0,Not assigned
648201,F,False,False,usa,anchorage,ANC,17,Alaska,8,0,0,0,,,,,,,,,0.0,10-19,,Indecisive
648379,M,True,True,canada,montreal,YMX,39,Quebec,8,1,1,1,0.0,1.0,0.0,710.38,0.0,4.0,710.38,980.0,0.125,30-39,1420.76,Indecisive
648990,F,True,False,usa,san jose,SJC,47,California,9,3,3,3,0.3333333333333333,1.3333333333333333,0.6666666666666666,210.925,0.3333333333333333,5.333333333333333,754.4,2255.0,0.3333333333333333,40-49,1508.8,Not assigned
649080,F,False,True,usa,houston,IAH,37,Texas,8,2,1,2,0.5,1.0,1.0,376.9,0.0,3.0,376.9,888.0,0.25,30-39,753.8,Not assigned
649081,F,False,False,usa,nashville,BNA,43,Tennessee,8,4,4,3,0.25,1.0,0.5,186.4875,0.0,2.333333333333333,745.95,900.0,0.5,40-49,1491.9,Not assigned
649208,F,False,True,usa,el paso,BIF,33,Texas,8,1,1,1,0.0,1.0,0.0,417.01,0.0,6.0,417.01,1008.0,0.125,30-39,834.02,Indecisive
649935,F,False,False,usa,stockton,SCK,22,California,8,0,0,0,,,,,,,,,0.0,20-29,,Indecisive
650049,F,False,True,canada,gatineau,YND,23,Quebec,8,1,1,1,0.0,3.0,2.0,34.36666666666667,0.0,8.0,103.1,2928.0,0.125,20-29,206.2,Long Stayers
650055,F,True,False,usa,new york,LGA,33,New York,8,2,2,2,0.0,1.0,0.5,435.885,0.0,1.0,871.77,549.0,0.25,30-39,1743.54,Not assigned
650079,F,True,False,usa,san antonio,SKF,41,Texas,8,2,2,1,0.0,1.0,1.0,442.445,0.0,7.0,884.89,1190.0,0.25,40-49,1769.78,Not assigned
650606,F,False,False,canada,quebec,YQB,18,Quebec,8,0,0,0,,,,,,,,,0.0,10-19,,Indecisive
651390,F,False,True,usa,stockton,SCK,29,California,8,1,1,1,0.0,1.0,1.0,767.08,1.0,1.0,767.08,283.0,0.125,20-29,1534.16,Indecisive
651675,F,False,True,usa,tulsa,TUL,54,Oklahoma,8,3,3,3,0.6666666666666666,1.0,1.3333333333333333,374.6233333333333,0.6666666666666666,2.0,1123.87,768.4,0.375,50-59,2247.74,Not assigned
651805,M,True,True,usa,new york,JFK,47,New York,8,2,2,2,0.0,1.0,0.5,582.73,0.5,2.0,1165.46,712.0,0.25,40-49,2330.92,Not assigned
651828,F,True,True,usa,phoenix,PHX,41,Arizona,9,2,1,2,0.0,3.0,0.0,693.9266666666667,0.0,4.5,2081.78,1258.0,0.2222222222222222,40-49,4163.56,Family travelers
652003,F,True,True,canada,toronto,YYZ,47,Ontario,8,0,0,0,,,,,,,,,0.0,40-49,,Indecisive
652040,F,False,False,canada,calgary,YYC,53,Alberta,8,3,3,3,1.0,1.3333333333333333,1.0,409.5583333333334,0.0,2.333333333333333,1462.6375,1534.0500000000002,0.375,50-59,2925.275,Discount buyer
652190,F,False,True,usa,los angeles,LAX,18,California,8,0,0,0,,,,,,,,,0.0,10-19,,Indecisive
652527,F,False,False,usa,akron,AKR,28,Ondo,8,1,1,1,0.0,1.0,1.0,93.89,1.0,1.0,93.89,193.0,0.125,20-29,187.78,Indecisive
653332,F,True,True,usa,new york,LGA,52,New York,9,1,1,1,0.0,1.0,0.0,408.33,1.0,3.0,408.33,600.0,0.1111111111111111,50-59,816.66,Indecisive
653852,F,False,False,usa,new york,JFK,48,New York,8,1,1,1,0.0,1.0,1.0,191.1,1.0,1.0,191.1,331.0,0.125,40-49,382.2,Indecisive
654233,F,False,False,usa,memphis,MEM,38,Tennessee,8,4,4,4,0.25,1.0,0.5,189.2675,0.25,3.0,757.0699999999999,1774.1999999999998,0.5,30-39,1514.1399999999999,Not assigned
654259,F,True,False,usa,san diego,SAN,45,California,8,5,5,5,0.0,1.4,0.8,459.447,0.6,3.4,3289.85,4196.0,0.625,40-49,6579.7,High Spenders
655300,F,False,False,usa,new orleans,NBG,51,Louisiana,8,2,2,2,1.0,1.0,1.0,253.435,0.0,2.5,476.13,1044.5,0.25,50-59,952.26,Discount buyer
655499,F,False,False,usa,baltimore,BWI,66,Maryland,8,2,1,2,1.0,2.0,0.0,656.94,0.0,4.0,1182.4920000000002,965.6,0.25,60-69,2364.9840000000004,Retired
656150,F,True,True,usa,st. louis,STL,46,Missouri,8,1,1,1,0.0,1.0,0.0,117.67,0.0,3.0,117.67,801.0,0.125,40-49,235.34,Indecisive
656346,F,True,True,usa,chicago,UGN,47,Illinois,8,2,2,2,0.0,1.0,1.0,377.065,0.0,8.5,754.13,1986.0,0.25,40-49,1508.26,Long Stayers
656422,F,False,False,canada,quebec,YQB,36,Quebec,8,4,4,3,0.0,1.75,1.0,563.4025,0.3333333333333333,1.3333333333333333,3230.64,1400.0,0.5,30-39,6461.28,High Spenders
656471,F,False,True,usa,new york,JFK,28,New York,8,1,1,1,0.0,2.0,1.0,54.335,0.0,2.0,108.67,544.0,0.125,20-29,217.34,Indecisive
656560,F,True,True,canada,london,YXU,39,Ontario,8,1,1,1,0.0,1.0,2.0,246.88,1.0,8.0,246.88,464.0,0.125,30-39,493.76,Long Stayers
656708,F,True,True,canada,edmonton,YXD,52,,8,2,2,2,0.0,1.0,1.0,611.495,0.0,2.0,1222.99,586.0,0.25,50-59,2445.98,Not assigned
656850,F,False,False,usa,new york,LGA,23,New York,8,0,0,0,,,,,,,,,0.0,20-29,,Indecisive
656873,F,False,False,canada,ottawa,YOW,46,Ontario,8,3,3,2,0.3333333333333333,1.0,0.0,368.7633333333333,0.5,2.5,1106.29,609.0,0.375,40-49,2212.58,Not assigned
656920,F,True,False,usa,jacksonville,NIP,36,Florida,8,3,2,1,0.3333333333333333,2.5,0.5,256.475,0.0,2.0,1080.934,1464.0,0.375,30-39,2161.868,Not assigned
657122,F,True,True,canada,toronto,YTZ,58,Ontario,9,2,1,2,0.0,1.0,0.0,171.08,0.5,5.0,171.08,915.0,0.2222222222222222,50-59,342.16,Not assigned
657343,F,True,False,usa,corpus christi,CRP,56,Texas,8,0,0,0,,,,,,,,,0.0,50-59,,Indecisive
657514,F,True,False,usa,tulsa,TUL,42,Oklahoma,8,0,0,0,,,,,,,,,0.0,40-49,,Indecisive
657629,M,False,False,usa,phoenix,LUF,28,Arizona,8,4,3,3,0.25,1.6666666666666667,0.3333333333333333,381.48333333333335,0.6666666666666666,5.0,1957.65,2095.7,0.5,20-29,3915.3,Not assigned
658234,F,False,True,usa,tacoma,TCM,39,Washington,8,1,1,0,0.0,1.0,1.0,286.51,,,286.51,,0.125,30-39,573.02,Indecisive
658528,F,True,True,usa,sacramento,SAC,48,California,8,1,1,1,0.0,1.0,1.0,68.55,1.0,1.0,68.55,359.0,0.125,40-49,137.1,Indecisive
659128,F,True,True,usa,new york,JFK,48,New York,8,5,5,5,0.6,1.0,1.2,518.5260000000001,0.0,2.4,2568.473,1666.0,0.625,40-49,5136.946,High Spenders
659161,F,False,False,usa,new york,LGA,39,New York,8,5,5,4,0.0,1.6,0.4,273.976,0.25,2.25,2874.32,2251.0,0.625,30-39,5748.64,High Spenders
659832,F,True,False,usa,los angeles,LAX,43,California,8,4,4,3,0.25,1.25,0.25,441.5925,0.0,1.6666666666666667,2412.17,787.8,0.5,40-49,4824.34,High Spenders
660110,F,False,False,usa,dallas,DAL,24,Texas,8,2,2,2,0.0,1.0,0.5,470.345,0.5,2.0,940.69,962.0,0.25,20-29,1881.38,Not assigned
660903,F,False,True,usa,philadelphia,PNE,17,Pennsylvania,8,0,0,0,,,,,,,,,0.0,10-19,,Indecisive
662010,F,True,False,usa,denver,DEN,41,Colorado,8,4,4,4,0.25,1.75,0.5,306.0425,0.5,2.5,1901.92,4031.0,0.5,40-49,3803.84,Not assigned
662535,F,False,False,usa,kansas city,MCI,41,Missouri,8,1,1,1,0.0,1.0,1.0,116.49,0.0,1.0,116.49,238.0,0.125,40-49,232.98,Indecisive
662596,F,False,False,usa,nashville,BNA,19,Tennessee,8,1,1,0,0.0,1.0,1.0,226.09,,,226.09,,0.125,10-19,452.18,Indecisive
662750,F,True,True,usa,dallas,DAL,48,Texas,9,0,0,0,,,,,,,,,0.0,40-49,,Indecisive
663017,M,True,False,usa,houston,HOU,40,Texas,9,4,4,4,0.5,1.5,1.0,343.7325,0.25,3.75,2044.871,3784.35,0.4444444444444444,40-49,4089.742,Not assigned
663565,F,False,False,usa,san antonio,SKF,40,Texas,8,4,3,4,0.25,1.3333333333333333,0.6666666666666666,388.8366666666666,0.25,6.25,1362.4005,15824.0,0.5,40-49,2724.801,Not assigned
664084,F,False,False,usa,new york,JFK,35,New York,8,1,1,1,0.0,1.0,1.0,199.32,1.0,2.0,199.32,218.0,0.125,30-39,398.64,Indecisive
664119,F,True,False,usa,st. petersburg,SPG,55,Florida,8,1,0,1,1.0,,,,0.0,8.0,,1893.6,0.125,50-59,,Long Stayers
664401,F,False,False,usa,columbus,LCK,41,Ohio,8,2,2,2,0.5,1.0,0.0,291.96000000000004,1.0,1.5,516.6675,741.0,0.25,40-49,1033.335,Not assigned
664405,F,True,True,canada,montreal,YHU,53,Quebec,8,1,1,1,1.0,1.0,0.0,212.82,0.0,1.0,212.82,95.95,0.125,50-59,425.64,Indecisive
664998,F,True,False,usa,houston,EFD,48,Texas,8,2,2,1,0.5,2.0,1.0,272.81166666666667,0.0,1.0,703.829,240.0,0.25,40-49,1407.658,Not assigned
665746,F,True,False,usa,boston,BOS,46,Massachusetts,8,1,1,0,1.0,2.0,1.0,459.67,,,919.34,,0.125,40-49,1838.68,Indecisive
665892,F,False,True,usa,knoxville,TYS,31,Tennessee,8,5,4,5,0.4,1.0,0.5,308.2075,0.6,3.4,1206.742,3280.4,0.625,30-39,2413.484,Not assigned
666174,M,True,False,canada,toronto,YKZ,41,Ontario,8,1,1,1,0.0,1.0,1.0,548.74,0.0,2.0,548.74,604.0,0.125,40-49,1097.48,Indecisive
666718,F,True,False,usa,memphis,MEM,45,Tennessee,8,2,2,1,0.5,1.0,0.5,297.865,0.0,2.0,595.73,209.00000000000003,0.25,40-49,1191.46,Not assigned
667299,F,True,False,usa,los angeles,LAX,68,California,9,0,0,0,,,,,,,,,0.0,60-69,,Indecisive
667536,F,False,False,usa,portland,PDX,24,Oregon,8,2,2,2,0.0,1.0,1.5,630.1700000000001,0.0,1.0,1260.34,255.0,0.25,20-29,2520.68,Not assigned
667718,F,False,False,usa,nashville,BNA,37,Tennessee,8,2,2,2,0.5,1.5,0.5,391.5925,0.5,2.5,978.5515,522.0,0.25,30-39,1957.103,Not assigned
667916,F,False,False,canada,vancouver,YVR,47,British Columbia,9,3,3,2,0.0,1.0,0.3333333333333333,639.8833333333333,0.0,3.0,1919.65,657.0,0.3333333333333333,40-49,3839.3,Not assigned
667929,F,False,False,usa,new york,LGA,35,New York,8,1,1,0,1.0,1.0,1.0,108.19,,,108.19,,0.125,30-39,216.38,Indecisive
667981,F,True,False,usa,san antonio,RND,47,Texas,8,3,3,3,0.0,1.0,0.0,317.12666666666667,0.3333333333333333,6.333333333333333,951.38,3540.0,0.375,40-49,1902.76,Not assigned
668083,M,False,False,canada,montreal,YUL,21,Quebec,8,2,1,1,0.0,1.0,0.0,320.63,0.0,5.0,320.63,220.0,0.25,20-29,641.26,Not assigned
668172,F,False,False,usa,san francisco,SFO,32,California,8,3,3,2,0.3333333333333333,1.3333333333333333,0.6666666666666666,662.4633333333333,0.5,1.5,2590.769,1027.0,0.375,30-39,5181.538,High Spenders
668677,F,False,False,usa,new york,LGA,29,New York,8,2,2,2,0.0,1.5,0.0,235.2,0.0,1.5,525.7,870.0,0.25,20-29,1051.4,Not assigned
668776,F,True,True,usa,sacramento,SMF,37,California,8,3,2,3,0.6666666666666666,1.0,0.5,294.545,0.0,5.666666666666667,534.98,4535.0,0.375,30-39,1069.96,Not assigned
669140,F,True,True,usa,detroit,YIP,63,Michigan,9,2,1,2,0.5,1.0,2.0,228.64,0.5,2.5,194.344,288.0,0.2222222222222222,60-69,388.688,Retired
669155,F,False,True,usa,new york,LGA,19,New York,8,1,0,1,1.0,,,,1.0,17.0,,1550.4,0.125,10-19,,Long Stayers
669329,F,False,False,canada,vancouver,YVR,31,British Columbia,8,2,1,2,0.0,3.0,0.0,322.87333333333333,0.0,9.0,968.62,22356.0,0.25,30-39,1937.24,Long Stayers
669348,F,True,False,usa,bakersfield,BFL,39,California,8,2,2,2,0.0,1.0,0.5,581.73,0.0,3.5,1163.46,532.0,0.25,30-39,2326.92,Not assigned
670471,F,True,True,usa,louisville,LOU,39,Kentucky,8,2,2,2,0.0,1.0,0.5,193.53,0.5,2.0,387.06,916.0,0.25,30-39,774.12,Not assigned
670971,F,False,False,usa,st. louis,STL,40,Missouri,8,1,1,1,0.0,1.0,0.0,190.49,0.0,1.0,190.49,146.0,0.125,40-49,380.98,Indecisive
671066,F,True,True,usa,providence,PVD,48,Rhode Island,8,1,1,1,0.0,1.0,0.0,97.51,0.0,6.0,97.51,552.0,0.125,40-49,195.02,Indecisive
671151,F,True,False,usa,milwaukee,MKE,50,Wisconsin,8,3,3,3,0.3333333333333333,1.0,0.3333333333333333,323.2033333333334,0.0,3.333333333333333,960.726,1270.0,0.375,50-59,1921.452,Not assigned
671999,F,False,True,usa,los angeles,LAX,16,California,8,0,0,0,,,,,,,,,0.0,10-19,,Indecisive
672009,F,True,False,usa,indianapolis,IND,50,Gujarat,8,2,2,2,0.5,3.0,0.0,479.415,0.0,1.0,2359.5885,828.0,0.25,50-59,4719.177,High Spenders
672112,F,True,True,usa,madison,MSN,49,Wisconsin,8,4,2,3,0.5,1.0,0.5,245.42,0.3333333333333333,5.0,400.96,1692.0,0.5,40-49,801.92,Not assigned
673076,F,False,False,usa,new york,JFK,20,New York,9,1,1,1,1.0,1.0,2.0,97.44,0.0,2.0,87.696,346.0,0.1111111111111111,20-29,175.392,Indecisive
674375,F,True,False,usa,sacramento,SMF,45,California,8,2,1,2,0.5,1.0,1.0,444.2,0.5,7.0,444.2,1090.9,0.25,40-49,888.4,Not assigned
675201,M,False,True,usa,phoenix,PHX,44,Arizona,8,6,5,6,0.5,1.0,0.6,531.346,0.3333333333333333,3.333333333333333,2572.6025,3223.45,0.75,40-49,5145.205,High Spenders
676043,F,True,False,usa,wichita,IAB,62,Kansas,8,0,0,0,,,,,,,,,0.0,60-69,,Indecisive
676373,F,True,True,usa,new york,LGA,34,New York,8,2,1,2,0.0,1.0,1.0,508.72,0.0,7.0,508.72,2424.0,0.25,30-39,1017.44,Not assigned
677209,F,False,False,canada,toronto,YTZ,39,Ontario,8,1,1,1,0.0,1.0,0.0,96.3,0.0,2.0,96.3,216.0,0.125,30-39,192.6,Indecisive
677896,F,True,True,usa,denver,DEN,64,Colorado,8,2,1,2,0.5,1.0,0.0,314.7,0.5,4.5,283.23,852.0,0.25,60-69,566.46,Retired
678536,F,True,False,usa,milwaukee,MKE,31,Wisconsin,8,1,0,1,0.0,,,,0.0,17.0,,901.0,0.125,30-39,,Long Stayers
678547,F,False,False,canada,toronto,YKZ,30,Ontario,8,2,1,1,0.5,1.0,1.0,274.58,0.0,10.0,274.58,3834.0,0.25,30-39,549.16,Long Stayers
679047,F,False,False,usa,riverside,RAL,37,California,8,2,1,2,0.5,1.0,1.0,116.92,0.5,5.0,116.92,1320.0,0.25,30-39,233.84,Not assigned
679066,F,True,False,usa,montgomery,MXF,45,Alabama,8,3,3,3,0.0,1.3333333333333333,0.6666666666666666,221.2433333333333,0.0,4.333333333333333,954.7,2241.0,0.375,40-49,1909.4,Not assigned
679442,M,True,False,usa,winston-salem,INT,42,North Carolina,8,1,1,1,0.0,2.0,1.0,165.61,0.0,1.0,331.22,332.0,0.125,40-49,662.44,Indecisive
680424,F,True,True,usa,new york,LGA,49,New York,8,3,2,3,0.0,1.0,0.0,187.32,0.6666666666666666,3.6666666666666665,374.64,1927.0,0.375,40-49,749.28,Not assigned
681050,F,False,False,usa,orlando,ORL,50,Florida,8,2,2,1,0.0,1.5,0.5,322.9775,0.0,5.0,1060.13,420.0,0.25,50-59,2120.26,Not assigned
681720,M,False,True,usa,new york,LGA,38,New York,8,4,4,2,0.25,1.0,0.25,303.85,1.0,1.5,1215.4,908.0,0.5,30-39,2430.8,Not assigned
682005,F,False,False,usa,los angeles,LAX,30,California,9,2,0,2,0.5,,,,0.0,4.5,,1054.0,0.2222222222222222,30-39,,Only Hotel
683663,F,True,False,usa,austin,AUS,65,Texas,8,1,0,1,0.0,,,,0.0,3.0,,564.0,0.125,60-69,,Indecisive
683976,F,False,True,usa,los angeles,LAX,22,California,8,1,0,1,0.0,,,,0.0,5.0,,280.0,0.125,20-29,,Indecisive
683978,F,True,True,usa,columbus,CMH,53,Ohio,8,3,3,3,0.0,1.0,0.6666666666666666,249.81666666666663,0.6666666666666666,2.333333333333333,749.4499999999999,1091.0,0.375,50-59,1498.8999999999999,Not assigned
684510,F,False,True,usa,corpus christi,CRP,35,Texas,8,3,1,3,0.0,1.0,0.0,37.12,0.0,5.666666666666667,37.12,8092.0,0.375,30-39,74.24,Not assigned
684806,F,False,True,usa,dallas,DAL,27,Texas,8,4,4,4,0.0,1.5,0.0,317.7266666666667,0.25,3.5,1931.56,1319.0,0.5,20-29,3863.12,Not assigned
685604,F,True,False,usa,new york,LGA,55,New York,8,1,1,1,0.0,1.0,1.0,441.23,1.0,6.0,441.23,2340.0,0.125,50-59,882.46,Indecisive
686920,F,True,False,usa,richmond,RIC,54,Virginia,8,2,2,2,0.5,1.0,1.0,406.705,0.5,5.0,770.2160000000001,2310.0,0.25,50-59,1540.4320000000002,Not assigned
688312,F,True,False,usa,fort worth,FTW,27,Texas,8,0,0,0,,,,,,,,,0.0,20-29,,Indecisive
689374,F,True,True,usa,san jose,SJC,55,California,8,1,1,1,0.0,1.0,0.0,670.38,1.0,3.0,670.38,258.0,0.125,50-59,1340.76,Indecisive
689624,F,False,True,canada,toronto,YYZ,28,Ontario,8,3,3,2,0.3333333333333333,1.0,0.6666666666666666,458.69,0.5,8.0,1376.07,2594.5,0.375,20-29,2752.14,Long Stayers
689984,F,False,True,usa,philadelphia,PHL,20,Pennsylvania,8,3,2,3,0.3333333333333333,1.0,0.5,269.075,0.0,4.333333333333333,510.58,1286.0,0.375,20-29,1021.16,Not assigned
690420,F,True,True,usa,st. petersburg,PIE,54,Florida,8,3,3,3,0.3333333333333333,1.0,0.0,548.16,0.6666666666666666,2.6666666666666665,1644.48,736.2,0.375,50-59,3288.96,Not assigned
690422,F,False,False,usa,new york,LGA,44,New York,8,3,3,3,0.0,1.0,0.6666666666666666,423.3933333333334,0.3333333333333333,2.333333333333333,1270.18,1657.0,0.375,40-49,2540.36,Not assigned
691334,F,False,True,usa,new york,JFK,48,New York,8,3,3,3,0.0,1.0,0.6666666666666666,623.4466666666667,0.6666666666666666,2.6666666666666665,1870.34,1558.0,0.375,40-49,3740.68,Not assigned
691546,F,False,True,usa,portland,PWM,46,Maine,8,5,5,5,0.2,1.0,0.6,314.122,0.2,2.2,1570.61,1720.4,0.625,40-49,3141.22,Not assigned
693301,F,False,False,usa,el paso,ELP,73,Texas,9,2,1,2,0.0,1.0,1.0,209.88,0.0,1.5,209.88,464.0,0.2222222222222222,70-79,419.76,Retired
693729,F,True,True,usa,dallas,DAL,28,Texas,8,2,2,2,0.0,1.0,1.0,217.47000000000003,0.5,2.0,434.94000000000005,683.0,0.25,20-29,869.8800000000001,Not assigned
694265,F,True,True,usa,des moines,DSM,29,Iowa,8,0,0,0,,,,,,,,,0.0,20-29,,Indecisive
695094,F,True,False,usa,san diego,SAN,41,California,8,1,1,1,0.0,1.0,0.0,29.52,0.0,2.0,29.52,392.0,0.125,40-49,59.04,Indecisive
695132,F,True,True,usa,san antonio,SAT,48,Texas,8,2,2,2,0.5,1.0,0.5,402.67,0.5,1.0,805.3399999999999,545.8,0.25,40-49,1610.6799999999998,Not assigned
695557,F,False,False,usa,san diego,SAN,30,California,8,4,4,4,0.25,1.25,0.75,444.80125,0.25,2.5,2338.9175,2663.6,0.5,30-39,4677.835,High Spenders
698291,F,False,False,usa,corpus christi,CRP,26,Texas,8,3,3,3,0.0,1.3333333333333333,0.6666666666666666,349.7266666666667,0.3333333333333333,3.6666666666666665,1150.25,1752.0,0.375,20-29,2300.5,Not assigned
699040,F,False,False,usa,kansas city,MCI,35,Missouri,8,1,1,0,1.0,1.0,0.0,135.85,,,129.05749999999998,,0.125,30-39,258.11499999999995,Indecisive
700289,F,True,False,usa,new york,JFK,70,New York,8,1,0,1,1.0,,,,0.0,4.0,,1447.2,0.125,70-79,,Indecisive
700666,F,True,True,usa,portland,PDX,58,Oregon,8,1,0,1,0.0,,,,1.0,14.0,,7700.0,0.125,50-59,,Long Stayers
701565,F,True,True,usa,charlotte,CLT,52,North Carolina,8,3,3,3,0.3333333333333333,1.0,0.3333333333333333,442.0833333333333,0.6666666666666666,1.3333333333333333,1326.25,727.6,0.375,50-59,2652.5,Not assigned
702595,F,False,True,usa,fort worth,FTW,40,Texas,8,3,3,3,0.3333333333333333,1.0,0.3333333333333333,319.0966666666667,0.3333333333333333,2.0,957.29,779.0,0.375,40-49,1914.58,Not assigned
703333,F,False,True,usa,boston,BOS,42,Massachusetts,9,1,1,1,1.0,1.0,0.0,729.6,0.0,4.0,656.64,452.0,0.1111111111111111,40-49,1313.28,Indecisive
704652,F,False,True,usa,new york,JFK,49,New York,8,3,3,3,0.0,1.3333333333333333,0.6666666666666666,425.8766666666667,0.3333333333333333,1.6666666666666667,1376.95,1034.0,0.375,40-49,2753.9,Not assigned
707525,F,True,True,usa,indianapolis,IND,44,Gujarat,8,3,3,3,0.0,1.6666666666666667,1.0,175.77999999999997,0.6666666666666666,7.0,777.92,4526.0,0.375,40-49,1555.84,Family travelers
708887,F,False,False,usa,rochester,ROC,22,New York,8,2,0,2,0.0,,,,0.0,13.5,,7824.0,0.25,20-29,,Long Stayers
710489,F,False,False,usa,buffalo,BUF,36,New York,8,3,3,2,0.0,1.3333333333333333,0.6666666666666666,189.7983333333333,0.0,2.0,579.28,1239.0,0.375,30-39,1158.56,Not assigned
710523,F,False,False,canada,london,YXU,17,Ontario,8,0,0,0,,,,,,,,,0.0,10-19,,Indecisive
713557,F,True,False,usa,minneapolis,MSP,57,Minnesota,8,2,2,2,0.0,1.5,1.0,338.93,0.0,3.5,1013.93,1074.0,0.25,50-59,2027.86,Not assigned
714420,F,True,True,usa,nashville,BNA,42,Tennessee,9,2,2,2,0.5,1.5,1.0,143.60750000000002,0.0,2.5,424.4165,1596.7,0.2222222222222222,40-49,848.833,Not assigned
714504,F,False,False,usa,san antonio,SAT,45,Texas,8,2,2,2,0.5,1.0,1.0,386.52,0.5,2.5,773.04,631.2,0.25,40-49,1546.08,Not assigned
715059,F,False,False,usa,houston,IAH,41,Texas,8,3,3,3,0.3333333333333333,1.0,0.3333333333333333,350.0366666666667,0.3333333333333333,1.3333333333333333,1050.11,640.6,0.375,40-49,2100.22,Not assigned
716337,F,True,False,usa,indianapolis,IND,35,Gujarat,9,2,1,2,0.0,1.0,0.0,517.85,1.0,6.0,517.85,1256.0,0.2222222222222222,30-39,1035.7,Not assigned
716801,F,True,False,usa,sacramento,SAC,67,California,8,1,0,1,0.0,,,,0.0,2.0,,138.0,0.125,60-69,,Indecisive
717149,F,True,False,canada,ottawa,YOW,31,Ontario,9,1,1,1,1.0,1.0,1.0,640.53,0.0,1.0,480.3975,77.0,0.1111111111111111,30-39,960.795,Indecisive
717546,F,True,False,usa,new orleans,NBG,65,Louisiana,8,2,2,2,0.5,1.0,0.5,124.94,0.0,2.5,218.386,558.0,0.25,60-69,436.772,Retired
720860,F,False,True,usa,long beach,LGB,37,California,8,4,4,4,0.0,1.5,0.75,230.32833333333332,0.5,2.5,1880.12,2247.0,0.5,30-39,3760.24,Not assigned
721496,F,True,True,usa,chicago,MDW,49,Illinois,8,2,1,2,1.0,1.0,0.0,64.27,0.5,8.0,61.05649999999999,2275.6,0.25,40-49,122.11299999999999,Long Stayers
721570,F,False,False,usa,newark,EWR,43,New Jersey,8,1,0,1,0.0,,,,1.0,17.0,,1258.0,0.125,40-49,,Long Stayers
725357,F,True,False,usa,cincinnati,CVG,44,Kentucky,8,0,0,0,,,,,,,,,0.0,40-49,,Indecisive
727886,F,True,False,usa,san francisco,SFO,45,California,8,2,2,2,0.0,1.0,0.0,490.93,0.0,1.0,981.86,309.0,0.25,40-49,1963.72,Not assigned
728820,M,False,True,usa,houston,HOU,38,Texas,8,1,0,1,1.0,,,,0.0,5.0,,450.0,0.125,30-39,,Indecisive
733654,F,True,False,usa,portland,PWM,67,Maine,8,0,0,0,,,,,,,,,0.0,60-69,,Indecisive
734565,F,True,False,usa,honolulu,HNL,57,Hawaii,8,2,2,2,0.5,1.0,0.5,1377.1,0.5,2.5,2633.894,713.0,0.25,50-59,5267.788,High Spenders
741190,F,False,True,canada,toronto,YTZ,20,Ontario,8,0,0,0,,,,,,,,,0.0,20-29,,Indecisive
741902,F,True,True,canada,halifax,YAW,47,,8,1,1,1,0.0,1.0,1.0,432.76,0.0,1.0,432.76,276.0,0.125,40-49,865.52,Indecisive
743151,F,False,True,usa,seattle,BFI,33,Washington,8,0,0,0,,,,,,,,,0.0,30-39,,Indecisive
752933,F,True,False,usa,fresno,FAT,67,California,8,1,0,1,1.0,,,,0.0,7.0,,3298.4,0.125,60-69,,Indecisive
756434,F,False,True,usa,omaha,OFF,41,Nebraska,8,2,1,2,0.0,1.0,0.0,359.14,0.0,2.5,359.14,1255.0,0.25,40-49,718.28,Not assigned
757930,F,False,False,usa,las vegas,LAS,45,Nevada,8,4,3,3,0.25,1.0,0.3333333333333333,314.55,0.6666666666666666,4.0,802.375,2180.0,0.5,40-49,1604.75,Not assigned
760793,F,True,False,usa,modesto,MOD,40,California,8,3,2,3,0.3333333333333333,1.0,0.5,412.63,0.3333333333333333,4.666666666666667,825.26,2664.0,0.375,40-49,1650.52,Not assigned
767426,F,True,True,usa,fayetteville,FYV,36,Arkansas,8,4,2,3,0.25,2.0,0.5,239.99666666666667,0.3333333333333333,3.6666666666666665,1140.12,3052.0,0.5,30-39,2280.24,Family travelers
770252,F,False,False,usa,oakland,OAK,24,California,8,0,0,0,,,,,,,,,0.0,20-29,,Indecisive
774666,F,True,False,usa,minneapolis,MSP,44,Minnesota,8,2,2,1,0.5,1.0,1.5,316.845,0.0,5.0,633.69,585.0,0.25,40-49,1267.38,Not assigned
777366,F,False,False,usa,new york,JFK,48,New York,8,1,1,1,0.0,1.0,0.0,108.73,0.0,2.0,108.73,628.0,0.125,40-49,217.46,Indecisive
780167,F,True,True,usa,los angeles,LAX,49,California,8,2,2,1,0.5,1.5,0.0,448.535,0.0,1.0,1122.106,220.0,0.25,40-49,2244.212,Not assigned
785186,F,True,True,usa,little rock,LIT,44,Arkansas,8,2,2,2,0.0,1.0,0.0,176.675,1.0,1.0,353.35,291.0,0.25,40-49,706.7,Not assigned
792549,F,False,False,usa,kansas city,MCI,45,Missouri,8,4,4,1,0.0,1.0,0.5,259.7925,1.0,4.0,1039.17,144.0,0.5,40-49,2078.34,Not assigned
811077,F,True,True,usa,knoxville,TYS,44,Tennessee,8,1,1,1,0.0,1.0,0.0,579.79,0.0,6.0,579.79,852.0,0.125,40-49,1159.58,Indecisive
844489,M,False,True,usa,el paso,BIF,23,Texas,8,0,0,0,,,,,,,,,0.0,20-29,,Indecisive
