user_id,birthdate,gender,married,has_children,home_country,home_city,home_airport,home_airport_lat,home_airport_lon,sign_up_date,age
94883,1972-03-16,F,True,False,usa,kansas city,MCI,39.297,-94.714,2022-02-07,54
101486,1972-12-07,F,True,True,usa,tacoma,TCM,47.138,-122.476,2022-02-17,53
101961,1980-09-14,F,True,False,usa,boston,BOS,42.364,-71.005,2022-02-17,46
106907,1978-11-17,F,True,True,usa,miami,TNT,25.862,-80.897,2022-02-24,47
118043,1972-05-04,F,False,True,usa,los angeles,LAX,33.942,-118.408,2022-03-10,54
149058,1973-01-22,F,False,True,usa,birmingham,BHM,33.563,-86.753,2022-04-14,53
153982,1978-08-15,F,False,True,canada,toronto,YKZ,43.862,-79.37,2022-04-19,48
167852,2006-02-16,F,False,False,usa,tampa,MCF,27.849,-82.521,2022-05-03,20
174997,1991-11-01,F,False,False,usa,grand rapids,GRR,42.881,-85.523,2022-05-10,34
181157,1970-08-10,F,True,False,usa,houston,HOU,29.645,-95.279,2022-05-15,56
190866,1986-09-24,F,False,False,usa,tallahassee,TLH,30.396,-84.35,2022-05-24,40
204997,1985-08-26,F,True,False,usa,kansas city,MCI,39.297,-94.714,2022-06-06,41
217114,2004-05-28,O,True,True,usa,long beach,LGB,33.818,-118.151,2022-06-17,22
228195,1997-02-26,F,False,True,usa,los angeles,LAX,33.942,-118.408,2022-06-26,29
229009,2006-08-27,F,False,False,usa,stockton,SCK,37.894,-121.239,2022-06-27,20
252835,1986-01-20,F,False,True,usa,chicago,ORD,41.979,-87.904,2022-07-18,40
281952,1987-01-23,F,False,False,usa,louisville,LOU,38.228,-85.664,2022-08-11,39
283325,1973-05-15,F,True,False,usa,dallas,DAL,32.847,-96.852,2022-08-12,53
298253,1977-08-01,F,True,True,usa,los angeles,LAX,33.942,-118.408,2022-08-24,49
299476,1985-05-19,F,True,False,usa,atlanta,ATL,33.64,-84.427,2022-08-25,41
306165,2003-04-13,F,False,False,usa,cleveland,CLE,41.412,-81.85,2022-08-31,23
312488,1993-06-27,M,True,False,usa,new york,JFK,40.64,-73.779,2022-09-05,33
316527,1982-07-17,F,True,True,canada,winnipeg,YWG,49.91,-97.234,2022-09-08,44
330764,1985-02-06,F,False,False,usa,detroit,DET,42.409,-83.01,2022-09-20,41
330893,1980-12-16,F,True,True,usa,oklahoma city,OKC,35.393,-97.601,2022-09-20,45
337227,1989-06-25,F,True,False,usa,santa ana,SNA,33.676,-117.868,2022-09-25,37
338086,1983-12-13,F,False,True,usa,washington,IAD,38.944,-77.456,2022-09-25,42
340166,1973-05-17,M,True,True,usa,san francisco,SFO,37.619,-122.375,2022-09-27,53
347778,1974-07-20,F,False,False,usa,las vegas,LSV,36.236,-115.034,2022-10-03,52
348863,1957-01-13,F,True,False,usa,san antonio,SKF,29.384,-98.581,2022-10-04,69
350648,2006-03-02,F,False,False,usa,lincoln,LNK,40.851,-96.759,2022-10-05,20
353271,1997-09-05,F,False,True,usa,milwaukee,MKE,42.947,-87.896,2022-10-07,29
353694,1984-06-17,F,False,True,usa,new york,LGA,40.777,-73.872,2022-10-07,42
354050,1974-05-28,F,False,False,usa,detroit,DET,42.409,-83.01,2022-10-07,52
354260,1974-09-27,F,False,False,usa,providence,PVD,41.724,-71.428,2022-10-07,52
354311,1978-07-12,F,True,False,usa,tucson,DMA,32.166,-110.883,2022-10-08,48
357737,1982-10-04,F,True,True,usa,san diego,SAN,32.733,-117.189,2022-10-10,43
359072,1972-12-09,F,True,True,canada,montreal,YUL,45.468,-73.741,2022-10-11,53
359080,1982-05-09,F,True,False,usa,new york,JFK,40.64,-73.779,2022-10-11,44
361459,1982-09-16,F,True,True,usa,houston,EFD,29.607,-95.159,2022-10-13,44
365825,1979-05-10,F,False,False,usa,los angeles,LAX,33.942,-118.408,2022-10-16,47
372970,1990-04-01,F,False,False,usa,charlotte,CLT,35.214,-80.943,2022-10-21,36
373489,1986-12-08,F,True,True,usa,wichita,ICT,37.65,-97.433,2022-10-21,39
374331,1981-12-01,M,False,False,usa,milwaukee,MKE,42.947,-87.896,2022-10-22,44
374341,1998-07-15,F,False,False,usa,detroit,YIP,42.238,-83.53,2022-10-22,28
375160,2003-11-23,F,False,False,usa,houston,EFD,29.607,-95.159,2022-10-22,22
375729,1971-04-12,F,False,False,usa,atlanta,ATL,33.64,-84.427,2022-10-23,55
375751,1974-02-09,F,True,False,usa,cleveland,CLE,41.412,-81.85,2022-10-23,52
376159,1982-01-24,F,False,False,usa,long beach,LGB,33.818,-118.151,2022-10-23,44
377411,1986-05-24,F,True,False,canada,montreal,YMX,45.68,-74.039,2022-10-24,40
378565,1983-09-27,F,True,True,usa,nashville,BNA,36.124,-86.678,2022-10-25,43
380434,1974-07-02,F,True,True,usa,oklahoma city,TIK,35.415,-97.386,2022-10-26,52
380757,1977-12-19,F,False,True,usa,los angeles,LAX,33.942,-118.408,2022-10-26,48
380949,1978-02-03,F,False,False,usa,san antonio,SAT,29.534,-98.47,2022-10-26,48
382181,1987-12-26,F,True,False,canada,halifax,YHZ,44.881,-63.509,2022-10-27,38
382384,1967-06-15,F,True,False,usa,st. petersburg,PIE,27.911,-82.687,2022-10-27,59
382533,2006-04-14,F,False,False,usa,long beach,LGB,33.818,-118.151,2022-10-27,20
385689,1974-10-08,F,False,True,usa,nashville,BNA,36.124,-86.678,2022-10-29,51
386255,1992-04-05,F,False,True,usa,mobile,BFM,30.626,-88.068,2022-10-30,34
386469,2006-10-16,F,False,False,usa,stockton,SCK,37.894,-121.239,2022-10-30,19
388328,1973-11-28,F,True,True,canada,toronto,YYZ,43.677,-79.631,2022-10-31,52
388767,1979-09-13,F,True,True,usa,tallahassee,TLH,30.396,-84.35,2022-10-31,47
388947,1983-11-06,M,False,False,usa,new york,LGA,40.777,-73.872,2022-10-31,42
389434,1982-05-03,F,False,False,usa,new york,LGA,40.777,-73.872,2022-11-01,44
389662,1985-08-09,F,False,False,usa,fresno,FAT,36.776,-119.718,2022-11-01,41
389759,1991-06-02,F,False,True,usa,anchorage,ANC,61.174,-149.996,2022-11-01,35
390811,1983-07-26,F,False,False,usa,los angeles,LAX,33.942,-118.408,2022-11-01,43
392453,1966-06-11,F,False,False,usa,el paso,ELP,31.807,-106.378,2022-11-02,60
395981,1972-08-17,F,True,False,canada,vancouver,YVR,49.195,-123.182,2022-11-04,54
399218,1980-05-25,F,True,True,usa,fort worth,FTW,32.82,-97.362,2022-11-07,46
400275,1968-05-27,F,True,True,usa,phoenix,LUF,33.535,-112.383,2022-11-07,58
401245,1996-01-15,F,False,False,usa,omaha,OFF,41.118,-95.913,2022-11-08,30
402332,1992-01-10,F,False,False,usa,sacramento,MCC,38.667,-121.401,2022-11-08,34
403881,1980-04-03,F,False,False,usa,san diego,NZY,32.699,-117.215,2022-11-09,46
404879,1985-06-18,F,True,False,usa,newark,EWR,40.692,-74.169,2022-11-10,41
407250,1987-07-25,F,False,False,usa,laredo,LRD,27.544,-99.461,2022-11-11,39
407275,1982-03-28,F,False,False,usa,philadelphia,PNE,40.082,-75.011,2022-11-11,44
408551,1980-10-24,F,True,True,usa,chicago,UGN,42.422,-87.868,2022-11-12,45
409073,1981-09-06,F,True,False,usa,sacramento,MCC,38.667,-121.401,2022-11-12,45
413340,1976-09-06,F,True,True,usa,nashville,BNA,36.124,-86.678,2022-11-15,50
413658,1972-09-04,F,True,True,usa,philadelphia,PNE,40.082,-75.011,2022-11-15,54
415381,1978-03-13,F,True,False,usa,chicago,UGN,42.422,-87.868,2022-11-16,48
416319,1969-01-02,F,True,False,usa,new york,LGA,40.777,-73.872,2022-11-16,57
418692,1984-10-09,F,False,False,usa,fort worth,FTW,32.82,-97.362,2022-11-17,41
420669,1973-02-04,F,True,True,canada,calgary,YYC,51.114,-114.02,2022-11-18,53
421870,1994-06-25,M,True,True,usa,little rock,LIT,34.729,-92.224,2022-11-19,32
422668,2006-05-18,F,False,False,usa,houston,HOU,29.645,-95.279,2022-11-20,20
424553,1975-01-14,F,True,False,usa,oklahoma city,TIK,35.415,-97.386,2022-11-21,51
425632,1978-10-14,F,True,False,usa,tampa,MCF,27.849,-82.521,2022-11-21,47
425953,1986-04-24,F,True,False,usa,nashville,BNA,36.124,-86.678,2022-11-22,40
425966,1968-02-05,F,True,False,usa,las vegas,LAS,36.08,-115.152,2022-11-22,58
428552,1987-03-04,F,True,False,usa,new york,LGA,40.777,-73.872,2022-11-23,39
428858,2003-03-13,F,False,False,usa,san diego,NZY,32.699,-117.215,2022-11-23,23
429345,1958-02-05,M,True,True,usa,tallahassee,TLH,30.396,-84.35,2022-11-23,68
429375,1990-04-18,F,False,False,usa,new york,LGA,40.777,-73.872,2022-11-23,36
430722,1995-11-11,M,False,False,usa,mobile,BFM,30.626,-88.068,2022-11-24,30
431746,1983-08-10,F,False,False,usa,des moines,DSM,41.534,-93.663,2022-11-25,43
431899,1980-04-23,F,True,False,usa,seattle,SEA,47.449,-122.309,2022-11-25,46
431912,1988-08-27,F,False,True,usa,detroit,DET,42.409,-83.01,2022-11-25,38
432333,1974-06-23,F,True,True,usa,milwaukee,MKE,42.947,-87.896,2022-11-25,52
433080,1980-02-18,F,True,False,usa,colorado springs,COS,38.806,-104.7,2022-11-26,46
433339,1998-06-10,F,False,True,usa,detroit,DET,42.409,-83.01,2022-11-26,28
435596,1970-11-28,F,False,False,usa,houston,EFD,29.607,-95.159,2022-11-27,55
435882,1972-11-19,F,True,False,usa,washington,DCA,38.852,-77.037,2022-11-27,53
436320,1974-08-09,F,True,True,usa,milwaukee,MKE,42.947,-87.896,2022-11-27,52
436894,1982-04-26,F,True,False,usa,louisville,LOU,38.228,-85.664,2022-11-28,44
437069,1981-02-02,F,False,False,usa,tucson,DMA,32.166,-110.883,2022-11-28,45
437162,1993-07-23,F,False,False,usa,madison,MSN,43.14,-89.337,2022-11-28,33
437251,1980-09-28,F,False,False,canada,london,YXU,43.036,-81.154,2022-11-28,46
438189,1987-10-07,F,True,False,usa,fort worth,FTW,32.82,-97.362,2022-11-28,38
438839,1974-05-09,F,False,True,usa,new york,JFK,40.64,-73.779,2022-11-29,52
438937,1986-08-28,F,False,False,usa,sacramento,SMF,38.695,-121.591,2022-11-29,40
438985,1994-03-18,F,False,False,usa,new york,JFK,40.64,-73.779,2022-11-29,32
440212,1984-12-08,F,True,True,usa,winston-salem,INT,36.134,-80.222,2022-11-29,41
441205,1977-06-12,F,True,True,usa,san antonio,RND,29.529,-98.279,2022-11-30,49
441982,1976-11-26,F,False,False,usa,new york,JFK,40.64,-73.779,2022-11-30,49
442484,1980-09-28,F,True,False,usa,houston,EFD,29.607,-95.159,2022-12-01,46
442718,1975-06-05,F,True,True,usa,new york,JFK,40.64,-73.779,2022-12-01,51
442833,1984-09-21,F,True,False,canada,calgary,YYC,51.114,-114.02,2022-12-01,42
443305,2002-10-27,F,False,False,usa,chicago,ORD,41.979,-87.904,2022-12-01,23
444885,1991-04-20,F,True,False,usa,amarillo,AMA,35.219,-101.706,2022-12-02,35
446138,1984-10-02,F,True,False,usa,houston,IAH,29.98,-95.34,2022-12-02,42
447737,1981-12-25,F,False,False,canada,calgary,YYC,51.114,-114.02,2022-12-03,44
447951,1981-09-21,F,False,False,usa,columbus,LCK,39.814,-82.928,2022-12-03,45
448025,1994-09-27,F,False,False,canada,montreal,YHU,45.517,-73.417,2022-12-03,32
448154,1968-07-26,F,False,False,usa,los angeles,LAX,33.942,-118.408,2022-12-04,58
448295,1972-09-19,M,True,False,usa,lubbock,LBB,33.664,-101.823,2022-12-04,54
449326,1985-04-09,F,False,False,canada,halifax,YAW,44.64,-63.499,2022-12-04,41
449980,2006-01-25,F,False,False,canada,winnipeg,YAV,50.056,-97.032,2022-12-05,20
450164,1987-02-03,F,True,False,usa,phoenix,PHX,33.434,-112.008,2022-12-05,39
450193,1989-03-08,F,False,False,canada,montreal,YUL,45.468,-73.741,2022-12-05,37
451291,1969-10-02,F,True,False,usa,st. louis,STL,38.748,-90.36,2022-12-05,57
452034,1974-07-25,F,False,False,usa,cleveland,CLE,41.412,-81.85,2022-12-06,52
452532,1991-06-05,F,False,False,usa,el paso,ELP,31.807,-106.378,2022-12-06,35
452594,1980-01-14,F,False,True,usa,las vegas,LSV,36.236,-115.034,2022-12-06,46
452612,1981-05-05,F,True,True,usa,rochester,ROC,43.119,-77.672,2022-12-06,45
453168,1977-11-23,F,True,False,usa,new york,LGA,40.777,-73.872,2022-12-06,48
454934,1982-01-04,F,True,False,usa,tacoma,TCM,47.138,-122.476,2022-12-07,44
456318,1993-11-22,F,False,False,usa,los angeles,LAX,33.942,-118.408,2022-12-08,32
456663,1986-08-03,F,True,True,usa,new york,LGA,40.777,-73.872,2022-12-08,40
456671,1986-05-02,F,False,False,usa,san antonio,SAT,29.534,-98.47,2022-12-08,40
457468,1983-08-12,F,True,False,usa,phoenix,LUF,33.535,-112.383,2022-12-08,43
458479,1978-12-08,F,False,False,usa,chicago,UGN,42.422,-87.868,2022-12-09,47
458725,2006-09-06,F,False,False,usa,montgomery,MXF,32.379,-86.362,2022-12-09,20
458762,1984-05-04,F,True,True,canada,montreal,YHU,45.517,-73.417,2022-12-09,42
458814,1991-10-28,F,False,False,usa,oklahoma city,OKC,35.393,-97.601,2022-12-09,34
458855,1993-11-26,F,True,True,usa,tucson,TUS,32.116,-110.941,2022-12-09,32
458919,1987-07-14,F,False,False,usa,fresno,FAT,36.776,-119.718,2022-12-09,39
459229,1982-06-20,F,True,False,usa,new york,LGA,40.777,-73.872,2022-12-09,44
460072,1974-12-26,M,False,False,usa,kansas city,MCI,39.297,-94.714,2022-12-10,51
460553,1969-06-09,F,True,True,usa,laredo,LRD,27.544,-99.461,2022-12-10,57
461559,1991-10-27,F,False,False,canada,victoria,YYJ,48.647,-123.426,2022-12-10,34
462894,1972-12-06,F,False,False,usa,columbus,LCK,39.814,-82.928,2022-12-11,53
463783,1973-12-14,F,False,False,usa,st. louis,STL,38.748,-90.36,2022-12-12,52
463867,1992-11-14,F,False,False,usa,detroit,DTW,42.212,-83.353,2022-12-12,33
464080,1953-05-27,F,True,False,canada,quebec,YQB,46.788,-71.398,2022-12-12,73
464239,1975-01-18,F,False,False,usa,columbus,CMH,39.998,-82.892,2022-12-12,51
465138,1986-12-15,F,False,False,usa,birmingham,BHM,33.563,-86.753,2022-12-12,39
465343,1971-07-12,F,True,True,usa,los angeles,LAX,33.942,-118.408,2022-12-12,55
465531,1990-03-25,F,True,False,usa,newark,EWR,40.692,-74.169,2022-12-12,36
465568,1974-06-22,F,True,True,usa,el paso,BIF,31.849,-106.38,2022-12-12,52
465731,1968-01-13,F,False,False,usa,phoenix,LUF,33.535,-112.383,2022-12-13,58
467092,2006-04-07,F,False,True,usa,los angeles,LAX,33.942,-118.408,2022-12-13,20
467339,1981-06-20,F,False,True,usa,san diego,SAN,32.733,-117.189,2022-12-13,45
467809,1977-04-21,F,False,True,usa,reno,RNO,39.498,-119.768,2022-12-14,49
467892,1992-07-17,F,False,False,usa,new york,JFK,40.64,-73.779,2022-12-14,34
468409,1974-08-10,F,True,False,usa,jacksonville,NZC,30.219,-81.876,2022-12-14,52
468832,1986-08-17,F,True,False,canada,montreal,YMX,45.68,-74.039,2022-12-14,40
469440,1979-10-20,F,True,True,usa,los angeles,LAX,33.942,-118.408,2022-12-14,46
469464,1977-11-16,F,True,False,usa,mobile,BFM,30.626,-88.068,2022-12-14,48
469699,1969-08-04,F,True,True,usa,new york,LGA,40.777,-73.872,2022-12-15,57
469824,1972-08-24,F,False,False,usa,los angeles,LAX,33.942,-118.408,2022-12-15,54
471161,1983-05-25,F,False,False,usa,houston,EFD,29.607,-95.159,2022-12-15,43
471186,1974-04-10,F,True,False,usa,los angeles,LAX,33.942,-118.408,2022-12-15,52
471649,1976-07-26,F,True,True,usa,fort worth,FTW,32.82,-97.362,2022-12-16,50
471687,1983-04-07,F,True,False,usa,los angeles,LAX,33.942,-118.408,2022-12-16,43
471935,1976-03-11,F,True,False,usa,laredo,LRD,27.544,-99.461,2022-12-16,50
471946,1979-04-07,F,True,True,usa,santa ana,SNA,33.676,-117.868,2022-12-16,47
472394,1981-11-09,F,False,False,usa,tucson,TUS,32.116,-110.941,2022-12-16,44
472446,2006-10-01,F,False,False,canada,toronto,YZD,43.742,-79.466,2022-12-16,19
473847,1992-08-04,F,False,True,usa,chicago,MDW,41.786,-87.752,2022-12-17,34
474007,2006-05-13,F,False,False,usa,chicago,ORD,41.979,-87.904,2022-12-17,20
474120,1980-11-17,M,False,True,canada,quebec,YQB,46.788,-71.398,2022-12-17,45
474239,1998-11-22,F,True,True,usa,el paso,BIF,31.849,-106.38,2022-12-17,27
474261,1990-05-04,F,False,False,canada,toronto,YZD,43.742,-79.466,2022-12-17,36
474278,1999-05-12,F,False,False,usa,portland,PWM,43.646,-70.309,2022-12-17,27
474464,1967-04-18,F,True,False,usa,new york,LGA,40.777,-73.872,2022-12-17,59
475060,1992-11-08,F,False,False,usa,new york,LGA,40.777,-73.872,2022-12-17,33
475467,1988-08-09,F,False,False,usa,san antonio,SAT,29.534,-98.47,2022-12-17,38
475531,1986-04-26,F,False,False,usa,detroit,YIP,42.238,-83.53,2022-12-17,40
476104,1974-01-04,F,False,True,usa,san jose,SJC,37.362,-121.929,2022-12-18,52
476124,1989-04-17,F,False,False,canada,edmonton,YED,53.667,-113.467,2022-12-18,37
476270,1973-05-09,M,False,False,canada,edmonton,YXD,53.573,-113.521,2022-12-18,53
476535,1975-08-19,F,False,True,canada,vancouver,YVR,49.195,-123.182,2022-12-18,51
476742,1975-07-28,M,False,True,usa,orlando,ORL,28.545,-81.333,2022-12-18,51
476956,1996-04-16,F,False,False,canada,montreal,YUL,45.468,-73.741,2022-12-18,30
477285,1972-05-01,F,True,False,usa,akron,AKR,41.038,-81.467,2022-12-18,54
477597,1976-09-08,F,True,True,usa,san diego,SAN,32.733,-117.189,2022-12-19,50
477730,1978-11-01,F,False,False,usa,san diego,SAN,32.733,-117.189,2022-12-19,47
477805,1990-11-05,F,False,False,usa,nashville,BNA,36.124,-86.678,2022-12-19,35
478291,1977-04-24,F,True,True,usa,new york,LGA,40.777,-73.872,2022-12-19,49
478533,1976-04-05,F,True,False,usa,phoenix,PHX,33.434,-112.008,2022-12-19,50
478801,1974-07-13,F,True,False,usa,wichita,ICT,37.65,-97.433,2022-12-19,52
478834,1983-08-03,M,False,True,usa,st. petersburg,SPG,27.765,-82.627,2022-12-19,43
479078,2006-05-03,M,False,False,usa,san francisco,SFO,37.619,-122.375,2022-12-19,20
480186,2000-03-09,F,False,False,usa,san jose,SJC,37.362,-121.929,2022-12-20,26
480690,1976-12-27,F,False,False,usa,louisville,LOU,38.228,-85.664,2022-12-20,49
480877,1976-01-17,F,True,False,usa,columbus,LCK,39.814,-82.928,2022-12-20,50
480895,1982-04-07,F,False,False,usa,san antonio,SKF,29.384,-98.581,2022-12-20,44
480975,1953-06-05,F,True,False,canada,montreal,YMX,45.68,-74.039,2022-12-20,73
481358,2006-02-02,F,False,False,usa,dallas,DAL,32.847,-96.852,2022-12-20,20
481622,1982-02-09,F,True,False,canada,london,YXU,43.036,-81.154,2022-12-21,44
481772,1990-07-10,F,False,False,usa,oakland,OAK,37.721,-122.221,2022-12-21,36
481781,1949-02-21,F,False,False,usa,los angeles,LAX,33.942,-118.408,2022-12-21,77
482335,1981-11-08,F,False,False,usa,houston,HOU,29.645,-95.279,2022-12-21,44
482424,1984-02-11,F,False,False,usa,portland,PDX,45.589,-122.597,2022-12-21,42
482548,1995-06-04,F,False,True,usa,houston,HOU,29.645,-95.279,2022-12-21,31
482602,1979-09-23,F,False,False,usa,chicago,MDW,41.786,-87.752,2022-12-21,47
482621,1976-09-28,F,True,True,usa,new york,LGA,40.777,-73.872,2022-12-21,50
483345,1979-07-13,F,True,True,usa,new york,LGA,40.777,-73.872,2022-12-22,47
483483,1978-06-18,F,True,True,canada,hamilton,YHM,43.173,-79.935,2022-12-22,48
483525,1978-07-13,F,True,True,canada,edmonton,YED,53.667,-113.467,2022-12-22,48
483982,2006-02-17,F,False,False,usa,oklahoma city,OKC,35.393,-97.601,2022-12-22,20
484418,1987-01-07,F,True,False,usa,new york,JFK,40.64,-73.779,2022-12-22,39
485393,1997-09-24,F,False,False,usa,new york,LGA,40.777,-73.872,2022-12-22,29
485505,1996-06-19,F,False,False,usa,phoenix,PHX,33.434,-112.008,2022-12-23,30
485658,1992-03-03,F,False,False,usa,los angeles,LAX,33.942,-118.408,2022-12-23,34
485780,1984-05-22,F,False,True,usa,el paso,BIF,31.849,-106.38,2022-12-23,42
485785,1993-04-08,F,False,False,usa,anchorage,EDF,61.251,-149.806,2022-12-23,33
485891,1991-01-12,F,False,True,usa,knoxville,TYS,35.812,-83.993,2022-12-23,35
486113,1975-09-07,F,True,False,canada,halifax,YHZ,44.881,-63.509,2022-12-23,51
486261,1986-08-07,F,False,False,usa,kansas city,MCI,39.297,-94.714,2022-12-23,40
486366,1976-08-12,F,True,False,usa,miami,TNT,25.862,-80.897,2022-12-23,50
486454,1978-07-26,M,True,True,usa,new york,LGA,40.777,-73.872,2022-12-23,48
486605,1994-04-19,F,False,False,usa,new york,LGA,40.777,-73.872,2022-12-23,32
486751,1974-09-04,F,True,False,usa,los angeles,LAX,33.942,-118.408,2022-12-23,52
487002,2004-03-03,F,False,False,usa,wichita,ICT,37.65,-97.433,2022-12-23,22
487352,2006-05-11,F,False,True,usa,phoenix,PHX,33.434,-112.008,2022-12-23,20
487453,1981-11-28,F,False,False,usa,houston,HOU,29.645,-95.279,2022-12-24,44
487637,1972-07-02,M,False,True,usa,austin,AUS,30.194,-97.67,2022-12-24,54
488099,2006-12-28,F,False,False,usa,new york,LGA,40.777,-73.872,2022-12-24,19
488480,1982-06-04,M,True,False,canada,victoria,YYJ,48.647,-123.426,2022-12-24,44
488672,1974-10-08,F,True,False,usa,chicago,MDW,41.786,-87.752,2022-12-24,51
488827,1987-07-27,F,False,False,usa,san antonio,SKF,29.384,-98.581,2022-12-24,39
488865,1988-07-07,F,False,False,canada,hamilton,YHM,43.173,-79.935,2022-12-24,38
488870,1966-02-23,F,True,True,usa,new york,LGA,40.777,-73.872,2022-12-24,60
488918,1976-09-14,F,False,False,usa,san diego,SAN,32.733,-117.189,2022-12-24,50
489096,1985-06-12,F,False,False,usa,los angeles,LAX,33.942,-118.408,2022-12-24,41
489131,2000-05-24,F,False,False,usa,new york,JFK,40.64,-73.779,2022-12-24,26
489575,1979-02-02,F,True,True,canada,hamilton,YHM,43.173,-79.935,2022-12-25,47
489730,1981-02-19,F,False,False,usa,el paso,BIF,31.849,-106.38,2022-12-25,45
489785,1986-09-16,F,True,True,usa,atlanta,ATL,33.64,-84.427,2022-12-25,40
489949,1976-04-04,F,False,True,usa,tampa,TPA,27.975,-82.533,2022-12-25,50
489992,1995-03-19,M,False,False,usa,bakersfield,BFL,35.433,-119.057,2022-12-25,31
490201,1982-03-24,F,False,True,usa,columbus,LCK,39.814,-82.928,2022-12-25,44
490348,1986-04-03,F,False,False,usa,lincoln,LNK,40.851,-96.759,2022-12-25,40
490517,1972-10-24,F,True,True,usa,charlotte,CLT,35.214,-80.943,2022-12-25,53
490576,1967-07-05,M,True,False,usa,san jose,SJC,37.362,-121.929,2022-12-25,59
490608,1988-12-14,F,False,False,usa,new york,LGA,40.777,-73.872,2022-12-25,37
490629,1986-10-28,F,False,True,usa,new york,LGA,40.777,-73.872,2022-12-25,39
491141,1974-04-16,F,False,False,usa,omaha,OFF,41.118,-95.913,2022-12-25,52
491175,1967-12-28,F,True,True,usa,houston,HOU,29.645,-95.279,2022-12-25,58
491182,1977-07-01,F,False,False,canada,montreal,YUL,45.468,-73.741,2022-12-25,49
491241,1973-07-16,F,True,True,usa,new york,JFK,40.64,-73.779,2022-12-25,53
491617,1970-10-12,F,False,False,canada,hamilton,YHM,43.173,-79.935,2022-12-26,55
491930,1982-07-26,F,False,False,usa,mobile,MOB,30.691,-88.243,2022-12-26,44
491995,2006-08-05,M,False,False,usa,new orleans,NBG,29.825,-90.035,2022-12-26,20
492371,1980-12-16,M,True,False,usa,dallas,DAL,32.847,-96.852,2022-12-26,45
492497,1983-03-14,F,True,False,usa,boston,BOS,42.364,-71.005,2022-12-26,43
493177,1977-08-27,F,True,False,usa,chicago,ORD,41.979,-87.904,2022-12-26,49
493476,1982-02-28,F,False,True,usa,detroit,YIP,42.238,-83.53,2022-12-27,44
493718,1970-06-10,F,True,True,usa,san antonio,SAT,29.534,-98.47,2022-12-27,56
494294,1984-10-08,F,True,False,usa,miami,TNT,25.862,-80.897,2022-12-27,41
494374,1976-08-15,F,False,False,canada,halifax,YHZ,44.881,-63.509,2022-12-27,50
494463,1988-11-02,F,False,True,usa,washington,IAD,38.944,-77.456,2022-12-27,37
494484,2006-02-10,F,False,False,usa,amarillo,AMA,35.219,-101.706,2022-12-27,20
494630,2006-03-03,F,False,False,usa,modesto,MOD,37.626,-120.954,2022-12-27,20
494985,1975-04-26,F,False,False,canada,winnipeg,YWG,49.91,-97.234,2022-12-27,51
495029,1979-08-20,F,True,False,usa,houston,EFD,29.607,-95.159,2022-12-27,47
495386,1969-05-12,F,True,True,canada,edmonton,YED,53.667,-113.467,2022-12-27,57
495592,1969-04-02,M,True,True,usa,fort worth,FTW,32.82,-97.362,2022-12-28,57
495727,1975-12-18,F,True,False,usa,san diego,NZY,32.699,-117.215,2022-12-28,50
496016,1981-05-14,F,True,False,usa,new york,JFK,40.64,-73.779,2022-12-28,45
496332,1978-01-13,F,False,False,usa,new york,LGA,40.777,-73.872,2022-12-28,48
496566,1977-04-25,F,False,False,canada,montreal,YHU,45.517,-73.417,2022-12-28,49
496899,2001-01-11,F,False,False,usa,new york,LGA,40.777,-73.872,2022-12-28,25
496972,1989-10-25,F,False,False,usa,dallas,DAL,32.847,-96.852,2022-12-28,36
497077,1981-05-17,F,False,False,usa,san jose,SJC,37.362,-121.929,2022-12-28,45
497225,1976-01-04,F,True,False,usa,phoenix,LUF,33.535,-112.383,2022-12-28,50
497678,1981-07-02,F,True,False,usa,houston,IAH,29.98,-95.34,2022-12-29,45
497829,1968-04-13,M,False,True,usa,baltimore,BWI,39.175,-76.668,2022-12-29,58
497915,1984-12-26,F,True,False,usa,tucson,DMA,32.166,-110.883,2022-12-29,41
498287,1982-03-09,M,False,False,usa,san francisco,SFO,37.619,-122.375,2022-12-29,44
498357,1979-05-25,F,False,False,usa,new york,LGA,40.777,-73.872,2022-12-29,47
498574,1986-07-24,F,True,False,usa,columbus,LCK,39.814,-82.928,2022-12-29,40
498607,1981-02-07,F,True,False,canada,winnipeg,YWG,49.91,-97.234,2022-12-29,45
499028,1987-02-28,F,True,False,usa,indianapolis,IND,39.717,-86.294,2022-12-29,39
499252,1984-07-08,F,True,False,usa,chicago,ORD,41.979,-87.904,2022-12-30,42
499313,1978-06-07,F,False,False,usa,new york,LGA,40.777,-73.872,2022-12-30,48
499366,1976-01-04,F,False,False,canada,quebec,YQB,46.788,-71.398,2022-12-30,50
499375,1981-01-12,F,False,False,canada,winnipeg,YAV,50.056,-97.032,2022-12-30,45
499461,1973-03-08,F,False,False,usa,amarillo,AMA,35.219,-101.706,2022-12-30,53
499475,1985-11-20,F,True,False,usa,oakland,OAK,37.721,-122.221,2022-12-30,40
499633,1992-11-03,F,False,False,usa,dallas,DAL,32.847,-96.852,2022-12-30,33
499634,1988-11-05,F,False,True,usa,amarillo,AMA,35.219,-101.706,2022-12-30,37
499659,1965-10-23,F,True,True,usa,san diego,NZY,32.699,-117.215,2022-12-30,60
499669,1992-05-04,F,True,True,usa,corpus christi,CRP,27.77,-97.501,2022-12-30,34
499780,1987-02-13,F,False,True,canada,toronto,YYZ,43.677,-79.631,2022-12-30,39
499847,1974-05-23,F,True,True,usa,oklahoma city,OKC,35.393,-97.601,2022-12-30,52
499979,1974-08-11,F,True,False,canada,toronto,YYZ,43.677,-79.631,2022-12-30,52
500288,2006-02-23,F,False,True,usa,st. petersburg,SPG,27.765,-82.627,2022-12-30,20
500299,2004-10-26,F,False,False,usa,san antonio,RND,29.529,-98.279,2022-12-30,21
500745,1995-09-01,F,False,False,canada,toronto,YYZ,43.677,-79.631,2022-12-30,31
500773,1996-10-19,F,False,False,canada,winnipeg,YWG,49.91,-97.234,2022-12-30,29
500791,1951-03-24,F,True,False,canada,quebec,YQB,46.788,-71.398,2022-12-30,75
500828,1978-08-26,F,True,False,usa,rochester,ROC,43.119,-77.672,2022-12-30,48
500972,1982-07-24,F,True,True,usa,boston,BOS,42.364,-71.005,2022-12-30,44
500974,1982-04-15,F,False,False,usa,san jose,SJC,37.362,-121.929,2022-12-30,44
501087,1967-02-20,F,True,False,usa,los angeles,LAX,33.942,-118.408,2022-12-30,59
501125,1977-12-20,M,True,True,usa,kansas city,MCI,39.297,-94.714,2022-12-30,48
501184,1968-06-25,F,True,True,usa,reno,RNO,39.498,-119.768,2022-12-31,58
501512,1989-03-16,F,True,True,usa,fort worth,FTW,32.82,-97.362,2022-12-31,37
501764,1976-09-15,F,True,False,canada,saskatoon,YXE,52.171,-106.7,2022-12-31,50
501830,1990-01-12,F,True,True,canada,toronto,YYZ,43.677,-79.631,2022-12-31,36
501897,1979-10-14,F,True,True,usa,new york,LGA,40.777,-73.872,2022-12-31,46
501947,1971-11-02,F,True,True,canada,toronto,YKZ,43.862,-79.37,2022-12-31,54
502063,1974-10-11,F,True,False,usa,new york,JFK,40.64,-73.779,2022-12-31,51
502212,1999-04-01,F,False,False,usa,san diego,NZY,32.699,-117.215,2022-12-31,27
502412,1968-10-02,F,True,True,usa,new york,JFK,40.64,-73.779,2022-12-31,58
502435,1984-04-03,F,True,True,usa,oklahoma city,TIK,35.415,-97.386,2022-12-31,42
502444,1989-05-22,F,False,False,canada,ottawa,YOW,45.323,-75.669,2022-12-31,37
502609,1973-12-24,F,True,False,usa,dallas,DAL,32.847,-96.852,2022-12-31,52
502626,1986-02-06,F,True,True,canada,toronto,YYZ,43.677,-79.631,2022-12-31,40
502799,1977-04-05,F,True,False,usa,nashville,BNA,36.124,-86.678,2022-12-31,49
502819,1987-10-16,F,True,False,usa,knoxville,TYS,35.812,-83.993,2022-12-31,38
502826,1976-05-04,F,True,True,usa,los angeles,LAX,33.942,-118.408,2022-12-31,50
502850,1982-08-03,F,False,True,usa,riverside,RAL,33.952,-117.445,2022-12-31,44
502875,1978-02-27,F,True,True,canada,montreal,YUL,45.468,-73.741,2022-12-31,48
503042,1998-03-05,F,False,False,usa,montgomery,MXF,32.379,-86.362,2023-01-01,28
503058,1997-11-22,F,False,False,canada,edmonton,YXD,53.573,-113.521,2023-01-01,28
503161,1976-12-19,F,True,False,canada,halifax,YAW,44.64,-63.499,2023-01-01,49
503483,2004-04-14,F,False,True,usa,los angeles,LAX,33.942,-118.408,2023-01-01,22
503621,1982-09-27,F,True,False,usa,corpus christi,CRP,27.77,-97.501,2023-01-01,44
503918,1997-09-08,F,False,False,usa,new york,JFK,40.64,-73.779,2023-01-01,29
503973,1979-02-13,F,False,False,canada,toronto,YYZ,43.677,-79.631,2023-01-01,47
504240,1979-06-03,F,False,False,usa,los angeles,LAX,33.942,-118.408,2023-01-01,47
504435,1979-07-18,F,False,False,usa,long beach,LGB,33.818,-118.151,2023-01-01,47
504473,1990-11-17,F,False,False,usa,richmond,RIC,37.505,-77.319,2023-01-01,35
504610,1960-10-25,F,True,False,usa,philadelphia,PNE,40.082,-75.011,2023-01-02,65
504665,1991-11-13,F,False,False,usa,charlotte,CLT,35.214,-80.943,2023-01-02,34
504786,1975-07-15,F,True,True,usa,omaha,OMA,41.302,-95.894,2023-01-02,51
504892,1993-07-02,F,False,False,usa,dallas,DAL,32.847,-96.852,2023-01-02,33
504916,1988-03-05,M,False,True,usa,memphis,MEM,35.042,-89.977,2023-01-02,38
504936,1966-01-16,F,True,False,usa,houston,IAH,29.98,-95.34,2023-01-02,60
505062,1987-01-21,F,False,True,usa,philadelphia,PHL,39.872,-75.241,2023-01-02,39
505172,1993-01-05,M,True,True,usa,tampa,MCF,27.849,-82.521,2023-01-02,33
505285,1980-05-16,F,False,True,usa,new york,LGA,40.777,-73.872,2023-01-02,46
505414,1976-06-16,F,True,False,usa,boston,BOS,42.364,-71.005,2023-01-02,50
505498,1987-05-06,M,False,True,usa,houston,IAH,29.98,-95.34,2023-01-02,39
505713,1979-06-14,F,True,False,canada,montreal,YHU,45.517,-73.417,2023-01-02,47
505747,1985-11-18,F,False,False,usa,los angeles,LAX,33.942,-118.408,2023-01-02,40
505771,1968-05-27,F,True,True,canada,montreal,YUL,45.468,-73.741,2023-01-02,58
505933,1976-06-01,F,True,False,usa,houston,IAH,29.98,-95.34,2023-01-02,50
505941,1973-06-07,F,True,True,usa,new york,LGA,40.777,-73.872,2023-01-02,53
506013,1983-09-20,F,False,False,canada,vancouver,YVR,49.195,-123.182,2023-01-02,43
506186,1998-06-17,F,False,False,usa,detroit,DTW,42.212,-83.353,2023-01-02,28
506234,1985-10-07,F,True,False,usa,riverside,RIV,33.881,-117.259,2023-01-02,40
506250,1980-04-09,F,False,True,usa,lincoln,LNK,40.851,-96.759,2023-01-02,46
506347,2006-07-12,F,False,False,usa,los angeles,LAX,33.942,-118.408,2023-01-02,20
506652,1971-06-12,F,True,True,usa,kansas city,MCI,39.297,-94.714,2023-01-02,55
506675,1975-11-14,F,False,True,usa,detroit,DTW,42.212,-83.353,2023-01-02,50
506704,1968-07-02,F,True,False,canada,montreal,YUL,45.468,-73.741,2023-01-03,58
506777,1964-03-10,F,True,False,usa,tulsa,TUL,36.198,-95.888,2023-01-03,62
506807,1981-07-06,F,True,False,usa,los angeles,LAX,33.942,-118.408,2023-01-03,45
506858,1977-07-07,F,False,True,usa,houston,EFD,29.607,-95.159,2023-01-03,49
506990,1998-07-01,F,False,False,usa,lubbock,LBB,33.664,-101.823,2023-01-03,28
507036,1987-12-11,F,False,False,usa,minneapolis,MSP,44.88,-93.217,2023-01-03,38
507376,1989-01-10,F,True,False,usa,honolulu,HNL,21.316,-157.927,2023-01-03,37
507395,1977-10-19,F,True,True,usa,winston-salem,INT,36.134,-80.222,2023-01-03,48
507431,1987-08-24,F,False,False,canada,toronto,YYZ,43.677,-79.631,2023-01-03,39
507505,1974-05-19,F,True,True,usa,newark,EWR,40.692,-74.169,2023-01-03,52
507513,2006-07-24,F,False,False,usa,sacramento,MHR,38.554,-121.297,2023-01-03,20
507531,1999-10-01,F,False,False,usa,oakland,OAK,37.721,-122.221,2023-01-03,26
507617,1975-09-28,F,True,False,canada,montreal,YUL,45.468,-73.741,2023-01-03,51
507732,1978-07-10,M,False,False,usa,new york,JFK,40.64,-73.779,2023-01-03,48
507773,1984-09-26,F,False,False,usa,little rock,LIT,34.729,-92.224,2023-01-03,42
508240,1995-04-01,F,False,False,usa,san antonio,SKF,29.384,-98.581,2023-01-03,31
508360,1987-06-22,F,False,False,usa,new york,JFK,40.64,-73.779,2023-01-03,39
508512,1956-03-12,F,True,False,usa,providence,PVD,41.724,-71.428,2023-01-03,70
508625,1980-09-21,F,False,False,usa,new york,JFK,40.64,-73.779,2023-01-03,46
508693,1969-02-25,F,True,False,canada,halifax,YAW,44.64,-63.499,2023-01-03,57
508848,1970-12-05,F,True,True,usa,st. louis,STL,38.748,-90.36,2023-01-04,55
508857,1980-05-15,F,True,False,canada,ottawa,YOW,45.323,-75.669,2023-01-04,46
508860,1996-01-19,M,True,False,usa,los angeles,LAX,33.942,-118.408,2023-01-04,30
508866,1993-06-07,F,False,False,usa,el paso,BIF,31.849,-106.38,2023-01-04,33
508877,1971-09-26,F,True,True,usa,phoenix,PHX,33.434,-112.008,2023-01-04,55
508912,1980-06-13,M,False,False,usa,tallahassee,TLH,30.396,-84.35,2023-01-04,46
508938,1981-07-21,F,True,False,usa,atlanta,ATL,33.64,-84.427,2023-01-04,45
508940,1984-03-16,M,False,False,usa,grand rapids,GRR,42.881,-85.523,2023-01-04,42
508946,1997-01-10,M,False,False,usa,louisville,LOU,38.228,-85.664,2023-01-04,29
508973,1988-01-24,F,False,False,usa,modesto,MOD,37.626,-120.954,2023-01-04,38
509036,1983-11-02,F,False,True,usa,new york,JFK,40.64,-73.779,2023-01-04,42
509069,1979-03-03,F,True,False,usa,new york,JFK,40.64,-73.779,2023-01-04,47
509098,1980-07-12,F,False,False,usa,los angeles,LAX,33.942,-118.408,2023-01-04,46
509160,1969-11-01,M,False,True,usa,new orleans,NBG,29.825,-90.035,2023-01-04,56
509162,1977-08-21,F,False,False,usa,new york,JFK,40.64,-73.779,2023-01-04,49
509221,1985-01-12,F,False,False,usa,kansas city,MCI,39.297,-94.714,2023-01-04,41
509242,1981-04-13,M,False,False,usa,st. petersburg,PIE,27.911,-82.687,2023-01-04,45
509272,2003-08-14,F,False,True,usa,dallas,DAL,32.847,-96.852,2023-01-04,23
509341,2000-03-14,F,False,False,canada,vancouver,YVR,49.195,-123.182,2023-01-04,26
509353,1993-12-08,F,False,False,usa,dallas,DAL,32.847,-96.852,2023-01-04,32
509359,1980-11-03,F,False,False,usa,oakland,OAK,37.721,-122.221,2023-01-04,45
509411,1981-03-21,F,True,False,usa,salt lake city,SLC,40.788,-111.978,2023-01-04,45
509419,1982-08-23,F,False,False,usa,philadelphia,PNE,40.082,-75.011,2023-01-04,44
509445,1984-06-04,F,True,False,usa,san francisco,SFO,37.619,-122.375,2023-01-04,42
509454,1984-01-24,F,False,True,usa,tampa,MCF,27.849,-82.521,2023-01-04,42
509467,1996-03-09,M,False,False,usa,seattle,SEA,47.449,-122.309,2023-01-04,30
509516,1978-06-24,F,False,False,usa,colorado springs,COS,38.806,-104.7,2023-01-04,48
509552,2006-01-16,F,False,False,usa,los angeles,LAX,33.942,-118.408,2023-01-04,20
509626,1972-05-15,F,False,True,usa,brownsville,BRO,25.907,-97.426,2023-01-04,54
509635,1986-12-13,M,True,False,usa,austin,AUS,30.194,-97.67,2023-01-04,39
509638,1977-01-14,F,True,True,usa,reno,RNO,39.498,-119.768,2023-01-04,49
509645,1970-06-10,M,True,False,usa,riverside,RAL,33.952,-117.445,2023-01-04,56
509681,1981-05-12,F,False,True,usa,milwaukee,MKE,42.947,-87.896,2023-01-04,45
509713,1989-05-21,F,True,True,usa,dallas,DAL,32.847,-96.852,2023-01-04,37
509717,1980-04-15,F,False,False,usa,new york,JFK,40.64,-73.779,2023-01-04,46
509749,1982-07-21,M,False,False,usa,new york,JFK,40.64,-73.779,2023-01-04,44
509763,1974-02-07,F,True,False,usa,los angeles,LAX,33.942,-118.408,2023-01-04,52
509765,1994-01-12,F,False,False,usa,los angeles,LAX,33.942,-118.408,2023-01-04,32
509822,1985-06-23,M,False,False,usa,charlotte,CLT,35.214,-80.943,2023-01-04,41
509826,1960-03-07,F,True,True,usa,miami,TNT,25.862,-80.897,2023-01-04,66
509876,1955-09-04,F,True,False,usa,baltimore,BWI,39.175,-76.668,2023-01-04,71
509892,1956-09-26,M,True,False,usa,san jose,SJC,37.362,-121.929,2023-01-04,70
509903,1982-12-24,F,False,False,usa,long beach,LGB,33.818,-118.151,2023-01-04,43
509919,1977-06-15,M,True,False,usa,tampa,TPA,27.975,-82.533,2023-01-04,49
509990,1983-03-21,M,False,False,usa,minneapolis,MSP,44.88,-93.217,2023-01-04,43
510003,1977-10-09,F,True,True,usa,tulsa,TUL,36.198,-95.888,2023-01-04,48
510044,1977-01-12,M,False,False,usa,santa ana,SNA,33.676,-117.868,2023-01-04,49
510078,1987-05-16,F,True,False,usa,grand rapids,GRR,42.881,-85.523,2023-01-04,39
510079,1994-05-21,F,False,False,usa,new york,LGA,40.777,-73.872,2023-01-04,32
510094,1978-07-08,F,False,False,usa,long beach,LGB,33.818,-118.151,2023-01-04,48
510104,1987-05-26,F,False,True,canada,montreal,YHU,45.517,-73.417,2023-01-04,39
510108,1972-01-06,F,True,False,usa,colorado springs,COS,38.806,-104.7,2023-01-04,54
510114,1983-01-14,M,False,False,usa,omaha,OMA,41.302,-95.894,2023-01-04,43
510134,1976-03-27,F,False,False,usa,newark,EWR,40.692,-74.169,2023-01-04,50
510155,1979-04-02,M,True,True,usa,dallas,DAL,32.847,-96.852,2023-01-04,47
510156,1981-09-25,M,False,False,usa,seattle,SEA,47.449,-122.309,2023-01-04,45
510170,1997-03-10,F,False,False,canada,ottawa,YOW,45.323,-75.669,2023-01-04,29
510185,1979-07-28,F,True,False,usa,houston,HOU,29.645,-95.279,2023-01-04,47
510195,1970-02-09,M,True,False,usa,houston,IAH,29.98,-95.34,2023-01-04,56
510215,1994-09-24,F,True,False,usa,mobile,MOB,30.691,-88.243,2023-01-04,32
510219,1980-02-02,M,True,False,canada,montreal,YUL,45.468,-73.741,2023-01-04,46
510227,1991-06-12,M,False,False,usa,tulsa,TUL,36.198,-95.888,2023-01-04,35
510257,1974-11-16,F,True,False,usa,las vegas,LSV,36.236,-115.034,2023-01-04,51
510270,1977-04-11,F,True,True,usa,columbus,LCK,39.814,-82.928,2023-01-04,49
510315,1980-05-23,F,False,False,usa,norfolk,NGU,36.938,-76.289,2023-01-04,46
510316,2006-07-13,F,False,True,usa,phoenix,PHX,33.434,-112.008,2023-01-04,20
510326,1981-12-18,M,False,False,canada,quebec,YQB,46.788,-71.398,2023-01-04,44
510328,1987-06-28,F,False,False,usa,detroit,DET,42.409,-83.01,2023-01-04,39
510343,1985-05-22,F,True,True,usa,oklahoma city,OKC,35.393,-97.601,2023-01-04,41
510356,1972-08-19,F,True,False,usa,wichita,ICT,37.65,-97.433,2023-01-04,54
510365,1978-05-16,F,False,False,usa,boston,BOS,42.364,-71.005,2023-01-04,48
510369,1974-10-17,F,False,False,usa,bakersfield,BFL,35.433,-119.057,2023-01-04,51
510393,1974-02-15,M,False,False,canada,calgary,YYC,51.114,-114.02,2023-01-04,52
510418,1988-03-13,F,True,True,usa,dallas,DAL,32.847,-96.852,2023-01-04,38
510423,1971-08-10,M,True,True,usa,oakland,OAK,37.721,-122.221,2023-01-04,55
510449,1971-09-16,F,False,True,usa,charlotte,CLT,35.214,-80.943,2023-01-04,55
510459,1993-09-07,M,False,False,canada,ottawa,YOW,45.323,-75.669,2023-01-04,33
510494,1976-09-18,F,True,False,usa,kansas city,MCI,39.297,-94.714,2023-01-04,50
510537,1976-01-19,F,True,True,usa,austin,AUS,30.194,-97.67,2023-01-04,50
510543,2004-03-17,M,False,True,canada,toronto,YYZ,43.677,-79.631,2023-01-04,22
510545,1965-05-17,F,False,False,usa,los angeles,LAX,33.942,-118.408,2023-01-04,61
510558,2000-09-28,M,False,True,usa,newark,EWR,40.692,-74.169,2023-01-04,26
510575,2001-09-10,F,False,True,usa,los angeles,LAX,33.942,-118.408,2023-01-04,25
510610,1989-01-27,F,True,False,usa,new york,LGA,40.777,-73.872,2023-01-04,37
510676,1974-12-28,F,True,True,usa,new york,LGA,40.777,-73.872,2023-01-05,51
510686,1988-02-27,F,True,False,usa,st. petersburg,PIE,27.911,-82.687,2023-01-05,38
510707,1983-06-09,F,False,True,canada,toronto,YKZ,43.862,-79.37,2023-01-05,43
510779,1983-02-16,F,False,False,canada,montreal,YHU,45.517,-73.417,2023-01-05,43
510828,2002-11-26,F,False,False,usa,new york,LGA,40.777,-73.872,2023-01-05,23
510836,1983-01-12,F,False,False,usa,nashville,BNA,36.124,-86.678,2023-01-05,43
510841,1986-09-19,M,False,False,canada,montreal,YMX,45.68,-74.039,2023-01-05,40
510890,1990-09-22,F,False,False,usa,dallas,DAL,32.847,-96.852,2023-01-05,36
510899,1969-04-26,F,True,False,usa,kansas city,MCI,39.297,-94.714,2023-01-05,57
510946,1977-05-13,F,True,False,canada,london,YXU,43.036,-81.154,2023-01-05,49
510960,1985-06-04,F,False,False,usa,tallahassee,TLH,30.396,-84.35,2023-01-05,41
510972,1996-07-24,F,True,True,usa,tucson,TUS,32.116,-110.941,2023-01-05,30
511055,1989-01-09,F,False,False,usa,des moines,DSM,41.534,-93.663,2023-01-05,37
511093,1986-02-11,F,False,True,usa,milwaukee,MKE,42.947,-87.896,2023-01-05,40
511122,1976-10-11,F,True,False,canada,montreal,YHU,45.517,-73.417,2023-01-05,49
511126,1995-12-20,F,False,False,usa,boston,BOS,42.364,-71.005,2023-01-05,30
511140,1983-10-08,F,False,False,usa,san diego,NZY,32.699,-117.215,2023-01-05,42
511142,1982-08-06,F,True,True,usa,new york,JFK,40.64,-73.779,2023-01-05,44
511195,1970-12-19,F,True,False,usa,tallahassee,TLH,30.396,-84.35,2023-01-05,55
511219,2006-04-05,F,False,False,usa,phoenix,PHX,33.434,-112.008,2023-01-05,20
511298,1989-08-21,F,False,False,usa,new york,JFK,40.64,-73.779,2023-01-05,37
511331,1976-08-16,F,False,True,canada,calgary,YYC,51.114,-114.02,2023-01-05,50
511377,1959-03-11,F,True,False,canada,gatineau,YND,45.521,-75.564,2023-01-05,67
511397,1987-06-11,F,False,True,usa,new york,LGA,40.777,-73.872,2023-01-05,39
511399,1975-12-23,F,True,True,usa,san diego,NZY,32.699,-117.215,2023-01-05,50
511418,1971-12-07,F,True,True,usa,new york,JFK,40.64,-73.779,2023-01-05,54
511433,1974-01-07,F,True,False,usa,orlando,MCO,28.429,-81.316,2023-01-05,52
511469,1967-04-14,F,False,False,usa,los angeles,LAX,33.942,-118.408,2023-01-05,59
511489,1981-06-03,F,True,False,usa,louisville,LOU,38.228,-85.664,2023-01-05,45
511502,1977-06-27,M,True,True,usa,milwaukee,MKE,42.947,-87.896,2023-01-05,49
511504,1990-01-15,F,False,False,usa,washington,IAD,38.944,-77.456,2023-01-05,36
511535,1972-05-22,F,True,True,usa,chicago,ORD,41.979,-87.904,2023-01-05,54
511549,1972-06-07,F,True,True,canada,hamilton,YHM,43.173,-79.935,2023-01-05,54
511552,2005-08-21,M,False,True,usa,minneapolis,MSP,44.88,-93.217,2023-01-05,21
511560,1985-09-26,F,False,True,usa,wichita,IAB,37.623,-97.267,2023-01-05,41
511568,2003-04-04,F,False,False,usa,baltimore,BWI,39.175,-76.668,2023-01-05,23
511577,1981-05-18,F,True,False,usa,fresno,FAT,36.776,-119.718,2023-01-05,45
511587,1971-04-09,F,True,True,canada,toronto,YTZ,43.627,-79.396,2023-01-05,55
511613,1981-09-22,F,False,False,usa,miami,TNT,25.862,-80.897,2023-01-05,45
511638,1989-07-01,F,False,True,usa,fresno,FAT,36.776,-119.718,2023-01-05,37
511665,1977-08-17,M,False,True,usa,nashville,BNA,36.124,-86.678,2023-01-05,49
511680,1996-03-22,F,False,False,usa,jacksonville,JAX,30.494,-81.688,2023-01-05,30
511712,1995-07-20,F,False,False,usa,buffalo,BUF,42.94,-78.732,2023-01-05,31
511764,1969-03-06,M,True,True,usa,long beach,LGB,33.818,-118.151,2023-01-05,57
511772,1995-10-03,F,False,False,usa,chicago,UGN,42.422,-87.868,2023-01-05,30
511783,1976-04-16,F,True,False,usa,riverside,RAL,33.952,-117.445,2023-01-05,50
511784,1988-07-09,F,False,False,usa,bakersfield,BFL,35.433,-119.057,2023-01-05,38
511800,1975-07-28,F,False,False,usa,san jose,SJC,37.362,-121.929,2023-01-05,51
511803,1986-08-23,F,True,True,usa,detroit,YIP,42.238,-83.53,2023-01-05,40
511805,1985-05-21,F,False,False,usa,los angeles,LAX,33.942,-118.408,2023-01-05,41
511809,1982-06-08,M,False,False,usa,fort worth,FTW,32.82,-97.362,2023-01-05,44
511811,1988-02-15,F,False,False,usa,dallas,DAL,32.847,-96.852,2023-01-05,38
511860,1983-10-09,F,False,True,usa,detroit,YIP,42.238,-83.53,2023-01-05,42
511878,2006-10-07,F,False,True,usa,san francisco,SFO,37.619,-122.375,2023-01-05,19
511884,1981-07-21,F,False,False,usa,los angeles,LAX,33.942,-118.408,2023-01-05,45
511902,1971-12-02,F,True,True,canada,montreal,YMX,45.68,-74.039,2023-01-05,54
511910,2006-05-16,F,False,True,usa,los angeles,LAX,33.942,-118.408,2023-01-05,20
511936,1986-05-06,F,False,False,usa,san antonio,RND,29.529,-98.279,2023-01-05,40
511977,1981-06-23,F,True,False,usa,fresno,FAT,36.776,-119.718,2023-01-05,45
511998,1982-05-28,F,False,False,usa,milwaukee,MKE,42.947,-87.896,2023-01-05,44
512009,1979-10-27,M,False,True,usa,new york,JFK,40.64,-73.779,2023-01-05,46
512028,1980-06-15,F,False,False,usa,new york,LGA,40.777,-73.872,2023-01-05,46
512063,1978-09-20,F,True,False,usa,long beach,LGB,33.818,-118.151,2023-01-05,48
512078,1993-04-07,F,False,False,usa,santa ana,SNA,33.676,-117.868,2023-01-05,33
512147,1979-04-24,M,False,False,canada,calgary,YYC,51.114,-114.02,2023-01-05,47
512148,2002-09-14,F,False,False,usa,indianapolis,IND,39.717,-86.294,2023-01-05,24
512173,1975-08-24,M,True,False,usa,san francisco,SFO,37.619,-122.375,2023-01-05,51
512201,1971-09-28,F,True,False,usa,san jose,SJC,37.362,-121.929,2023-01-05,55
512204,1969-02-15,F,False,False,usa,jacksonville,NZC,30.219,-81.876,2023-01-05,57
512243,1986-10-26,F,True,True,usa,charlotte,CLT,35.214,-80.943,2023-01-05,39
512289,1958-11-19,F,False,False,usa,charlotte,CLT,35.214,-80.943,2023-01-05,67
512294,1971-03-27,F,True,True,usa,houston,IAH,29.98,-95.34,2023-01-05,55
512295,1980-04-01,F,False,False,usa,las vegas,LAS,36.08,-115.152,2023-01-05,46
512301,1981-03-27,F,False,False,usa,columbus,LCK,39.814,-82.928,2023-01-05,45
512305,1999-04-14,F,False,False,usa,san jose,SJC,37.362,-121.929,2023-01-05,27
512362,1992-05-13,F,False,False,usa,chicago,UGN,42.422,-87.868,2023-01-05,34
512397,2006-12-15,F,False,True,usa,brownsville,BRO,25.907,-97.426,2023-01-05,19
512402,1979-04-10,F,False,True,canada,london,YXU,43.036,-81.154,2023-01-05,47
512419,1969-04-11,F,True,True,canada,ottawa,YOW,45.323,-75.669,2023-01-05,57
512440,1989-12-15,F,True,False,usa,columbus,CMH,39.998,-82.892,2023-01-05,36
512447,2003-01-08,F,False,False,usa,stockton,SCK,37.894,-121.239,2023-01-05,23
512463,1986-02-07,M,False,False,usa,lincoln,LNK,40.851,-96.759,2023-01-05,40
512495,1985-02-06,F,False,False,usa,louisville,LOU,38.228,-85.664,2023-01-05,41
512529,1983-07-22,F,True,True,usa,miami,TNT,25.862,-80.897,2023-01-05,43
512536,1970-11-15,F,True,True,usa,los angeles,LAX,33.942,-118.408,2023-01-05,55
512587,1986-05-06,F,False,False,usa,oakland,OAK,37.721,-122.221,2023-01-05,40
512628,1989-03-02,F,False,False,canada,winnipeg,YAV,50.056,-97.032,2023-01-05,37
512655,1980-06-25,F,False,False,usa,nashville,BNA,36.124,-86.678,2023-01-05,46
512680,1959-11-03,F,True,True,canada,montreal,YMX,45.68,-74.039,2023-01-05,66
512691,1991-07-25,F,False,True,usa,new york,LGA,40.777,-73.872,2023-01-05,35
512696,2006-10-10,F,False,False,usa,buffalo,BUF,42.94,-78.732,2023-01-06,19
512704,1993-09-02,F,True,True,usa,san antonio,SAT,29.534,-98.47,2023-01-06,33
512780,1980-11-04,F,False,False,canada,vancouver,YVR,49.195,-123.182,2023-01-06,45
512791,1990-02-13,F,False,True,usa,atlanta,ATL,33.64,-84.427,2023-01-06,36
512826,1983-07-03,F,True,False,usa,richmond,RIC,37.505,-77.319,2023-01-06,43
512846,1986-06-02,F,True,True,canada,montreal,YUL,45.468,-73.741,2023-01-06,40
512848,1988-06-04,F,False,False,usa,houston,EFD,29.607,-95.159,2023-01-06,38
512887,1984-11-07,M,False,False,usa,san diego,SAN,32.733,-117.189,2023-01-06,41
512888,1986-09-13,F,True,False,usa,chicago,MDW,41.786,-87.752,2023-01-06,40
512922,1990-01-14,F,False,True,usa,tucson,TUS,32.116,-110.941,2023-01-06,36
512943,1977-07-26,F,True,True,canada,toronto,YKZ,43.862,-79.37,2023-01-06,49
512945,1999-03-08,F,False,False,usa,los angeles,LAX,33.942,-118.408,2023-01-06,27
512999,1989-09-23,F,True,False,usa,new york,JFK,40.64,-73.779,2023-01-06,37
513006,1966-01-27,F,True,False,usa,st. petersburg,SPG,27.765,-82.627,2023-01-06,60
513026,1983-03-27,F,True,False,usa,chicago,MDW,41.786,-87.752,2023-01-06,43
513030,1985-08-14,F,False,False,usa,san jose,SJC,37.362,-121.929,2023-01-06,41
513031,1977-07-19,F,True,True,usa,detroit,DTW,42.212,-83.353,2023-01-06,49
513058,1972-05-07,F,False,True,usa,new york,JFK,40.64,-73.779,2023-01-06,54
513089,1985-02-09,F,True,False,usa,sacramento,SMF,38.695,-121.591,2023-01-06,41
513103,1992-03-13,F,False,True,usa,philadelphia,PHL,39.872,-75.241,2023-01-06,34
513138,2006-12-04,F,False,True,usa,seattle,BFI,47.53,-122.302,2023-01-06,19
513164,1981-07-21,F,False,False,usa,mobile,BFM,30.626,-88.068,2023-01-06,45
513220,1978-10-28,F,False,False,usa,indianapolis,IND,39.717,-86.294,2023-01-06,47
513221,1992-11-13,F,False,False,usa,kansas city,MCI,39.297,-94.714,2023-01-06,33
513237,1987-10-22,F,True,True,canada,toronto,YZD,43.742,-79.466,2023-01-06,38
513241,1987-09-14,F,False,True,usa,las vegas,LAS,36.08,-115.152,2023-01-06,39
513261,1964-07-05,F,True,True,usa,new york,JFK,40.64,-73.779,2023-01-06,62
513289,1989-03-07,F,False,False,canada,calgary,YYC,51.114,-114.02,2023-01-06,37
513322,1973-01-04,F,False,False,usa,new york,LGA,40.777,-73.872,2023-01-06,53
513347,1974-10-08,F,True,True,usa,los angeles,LAX,33.942,-118.408,2023-01-06,51
513381,1973-02-03,F,True,True,usa,akron,AKR,41.038,-81.467,2023-01-06,53
513387,1974-11-28,F,True,True,usa,chicago,ORD,41.979,-87.904,2023-01-06,51
513397,1970-08-20,F,False,False,usa,new york,JFK,40.64,-73.779,2023-01-06,56
513408,1992-05-28,M,False,True,usa,modesto,MOD,37.626,-120.954,2023-01-06,34
513425,1974-06-03,F,True,True,usa,burlington,BTV,44.472,-73.153,2023-01-06,52
513438,1972-10-02,F,True,True,usa,san antonio,RND,29.529,-98.279,2023-01-06,54
513441,1988-09-06,F,False,True,usa,madison,MSN,43.14,-89.337,2023-01-06,38
513495,1993-03-13,F,False,False,usa,san diego,SAN,32.733,-117.189,2023-01-06,33
513497,1979-09-12,F,False,False,usa,las vegas,LSV,36.236,-115.034,2023-01-06,47
513546,1979-03-04,F,False,False,usa,louisville,LOU,38.228,-85.664,2023-01-06,47
513569,2006-01-09,F,False,False,usa,boston,BOS,42.364,-71.005,2023-01-06,20
513582,1975-02-14,F,True,False,usa,los angeles,LAX,33.942,-118.408,2023-01-06,51
513602,1997-06-21,F,False,False,usa,new york,JFK,40.64,-73.779,2023-01-06,29
513611,1975-06-09,F,False,False,usa,washington,DCA,38.852,-77.037,2023-01-06,51
513613,1977-02-16,M,False,False,usa,orlando,MCO,28.429,-81.316,2023-01-06,49
513625,1995-09-25,F,False,True,usa,kansas city,MCI,39.297,-94.714,2023-01-06,31
513627,1965-11-05,F,True,False,usa,atlanta,ATL,33.64,-84.427,2023-01-06,60
513659,1982-07-13,F,False,False,usa,honolulu,HNL,21.316,-157.927,2023-01-06,44
513742,1992-08-26,F,False,True,usa,louisville,LOU,38.228,-85.664,2023-01-06,34
513761,1985-02-26,F,False,False,usa,los angeles,LAX,33.942,-118.408,2023-01-06,41
513787,1981-05-28,M,True,False,usa,memphis,MEM,35.042,-89.977,2023-01-06,45
513791,1985-08-23,F,False,False,canada,toronto,YTZ,43.627,-79.396,2023-01-06,41
513796,1978-12-07,F,True,False,usa,tacoma,TCM,47.138,-122.476,2023-01-06,47
513826,1981-02-10,F,False,False,usa,el paso,BIF,31.849,-106.38,2023-01-06,45
513844,1987-09-28,M,True,False,usa,oklahoma city,TIK,35.415,-97.386,2023-01-06,39
513856,1987-06-06,M,False,False,canada,london,YXU,43.036,-81.154,2023-01-06,39
513875,1989-07-20,F,True,True,usa,orlando,MCO,28.429,-81.316,2023-01-06,37
513953,1984-08-20,F,True,False,usa,tacoma,TCM,47.138,-122.476,2023-01-06,42
513964,1974-12-08,F,False,False,usa,colorado springs,COS,38.806,-104.7,2023-01-06,51
514002,1985-02-14,F,False,False,usa,los angeles,LAX,33.942,-118.408,2023-01-06,41
514021,1947-06-01,F,False,False,usa,nashville,BNA,36.124,-86.678,2023-01-06,79
514023,1979-11-19,M,False,True,usa,los angeles,LAX,33.942,-118.408,2023-01-06,46
514053,1981-04-15,F,True,True,canada,victoria,YYJ,48.647,-123.426,2023-01-06,45
514132,1986-07-18,F,False,True,usa,san antonio,RND,29.529,-98.279,2023-01-06,40
514133,1981-11-28,F,True,False,usa,portland,PDX,45.589,-122.597,2023-01-06,44
514164,1977-03-07,F,True,False,usa,bakersfield,BFL,35.433,-119.057,2023-01-06,49
514167,1972-07-17,F,False,False,usa,phoenix,PHX,33.434,-112.008,2023-01-06,54
514210,1981-06-08,F,False,False,canada,toronto,YZD,43.742,-79.466,2023-01-06,45
514235,1994-02-16,F,False,True,usa,oakland,OAK,37.721,-122.221,2023-01-06,32
514261,1992-01-10,F,False,False,canada,toronto,YTZ,43.627,-79.396,2023-01-06,34
514289,1972-09-12,F,True,True,canada,montreal,YUL,45.468,-73.741,2023-01-06,54
514300,1983-11-08,M,False,False,usa,oklahoma city,TIK,35.415,-97.386,2023-01-06,42
514315,2001-02-17,F,False,False,canada,winnipeg,YAV,50.056,-97.032,2023-01-06,25
514318,1971-07-27,F,True,True,usa,seattle,SEA,47.449,-122.309,2023-01-06,55
514337,1977-06-25,F,False,False,usa,chicago,ORD,41.979,-87.904,2023-01-06,49
514342,1981-11-02,F,False,False,usa,baltimore,BWI,39.175,-76.668,2023-01-06,44
514370,1980-12-23,F,False,False,usa,new york,JFK,40.64,-73.779,2023-01-06,45
514384,1980-06-12,F,False,False,canada,toronto,YKZ,43.862,-79.37,2023-01-06,46
514457,1982-07-06,F,False,False,usa,modesto,MOD,37.626,-120.954,2023-01-06,44
514460,1986-06-19,F,True,False,usa,san jose,SJC,37.362,-121.929,2023-01-06,40
514503,2001-10-04,F,False,False,usa,lubbock,LBB,33.664,-101.823,2023-01-06,24
514515,1985-05-23,F,False,False,canada,vancouver,YVR,49.195,-123.182,2023-01-06,41
514586,1980-06-20,F,False,False,usa,chicago,ORD,41.979,-87.904,2023-01-06,46
514589,1976-07-05,F,True,False,usa,los angeles,LAX,33.942,-118.408,2023-01-06,50
514623,1985-11-28,F,True,True,usa,sacramento,SMF,38.695,-121.591,2023-01-06,40
514638,1984-02-11,F,True,True,usa,montgomery,MXF,32.379,-86.362,2023-01-06,42
514660,1983-05-03,F,True,True,usa,phoenix,PHX,33.434,-112.008,2023-01-06,43
514675,1972-11-07,F,True,False,usa,chicago,UGN,42.422,-87.868,2023-01-06,53
514737,1967-12-10,F,True,True,usa,washington,IAD,38.944,-77.456,2023-01-07,58
514830,1970-07-01,F,False,False,usa,los angeles,LAX,33.942,-118.408,2023-01-07,56
514867,1979-09-09,F,True,True,usa,denver,DEN,39.858,-104.667,2023-01-07,47
514892,1985-01-04,F,False,False,usa,phoenix,PHX,33.434,-112.008,2023-01-07,41
514893,1955-09-08,F,True,False,usa,rochester,ROC,43.119,-77.672,2023-01-07,71
514931,2006-09-01,F,False,False,usa,baton rouge,BTR,30.533,-91.149,2023-01-07,20
514944,1975-03-04,M,True,True,usa,los angeles,LAX,33.942,-118.408,2023-01-07,51
514980,1985-03-28,M,False,False,usa,indianapolis,IND,39.717,-86.294,2023-01-07,41
514981,1975-12-15,F,True,False,usa,long beach,LGB,33.818,-118.151,2023-01-07,50
515004,1973-04-19,F,True,True,usa,sacramento,MHR,38.554,-121.297,2023-01-07,53
515013,1975-08-17,F,False,False,usa,milwaukee,MKE,42.947,-87.896,2023-01-07,51
515051,1977-09-21,F,True,False,canada,calgary,YYC,51.114,-114.02,2023-01-07,49
515161,1976-02-18,F,True,True,usa,santa ana,SNA,33.676,-117.868,2023-01-07,50
515182,1985-03-28,F,False,False,usa,dallas,DAL,32.847,-96.852,2023-01-07,41
515200,1989-06-26,F,True,False,usa,mobile,BFM,30.626,-88.068,2023-01-07,37
515202,1948-08-06,F,True,False,usa,chicago,MDW,41.786,-87.752,2023-01-07,78
515229,1971-09-10,F,True,True,usa,los angeles,LAX,33.942,-118.408,2023-01-07,55
515240,1980-03-08,F,True,True,usa,indianapolis,IND,39.717,-86.294,2023-01-07,46
515271,1967-04-25,F,False,True,canada,montreal,YHU,45.517,-73.417,2023-01-07,59
515306,1974-10-12,F,True,False,usa,modesto,MOD,37.626,-120.954,2023-01-07,51
515330,1975-07-22,F,False,False,usa,houston,IAH,29.98,-95.34,2023-01-07,51
515344,1976-01-09,M,False,False,usa,new york,LGA,40.777,-73.872,2023-01-07,50
515409,1979-04-09,F,True,True,usa,new york,JFK,40.64,-73.779,2023-01-07,47
515423,1968-02-01,F,True,False,canada,victoria,YYJ,48.647,-123.426,2023-01-07,58
515478,1992-11-06,F,True,True,usa,winston-salem,INT,36.134,-80.222,2023-01-07,33
515502,1990-09-17,F,False,True,usa,phoenix,PHX,33.434,-112.008,2023-01-07,36
515516,1990-01-05,M,True,False,usa,houston,EFD,29.607,-95.159,2023-01-07,36
515523,2000-12-21,M,False,False,usa,las vegas,LAS,36.08,-115.152,2023-01-07,25
515530,2005-09-14,F,False,True,canada,calgary,YYC,51.114,-114.02,2023-01-07,21
515580,1979-04-21,F,False,False,usa,indianapolis,IND,39.717,-86.294,2023-01-07,47
515586,1969-07-04,F,False,False,usa,san diego,SAN,32.733,-117.189,2023-01-07,57
515610,1991-01-10,M,True,True,canada,vancouver,YVR,49.195,-123.182,2023-01-07,35
515634,2006-09-25,F,False,False,usa,austin,AUS,30.194,-97.67,2023-01-07,20
515639,1984-05-27,F,False,False,usa,los angeles,LAX,33.942,-118.408,2023-01-07,42
515645,1987-11-09,F,True,False,usa,new york,LGA,40.777,-73.872,2023-01-07,38
515666,1984-12-01,F,True,False,usa,columbus,LCK,39.814,-82.928,2023-01-07,41
515684,1969-11-28,F,False,False,usa,new york,LGA,40.777,-73.872,2023-01-07,56
515727,1985-08-02,F,True,False,usa,laredo,LRD,27.544,-99.461,2023-01-07,41
515735,1960-07-23,F,True,True,usa,chicago,MDW,41.786,-87.752,2023-01-07,66
515751,1981-07-09,F,True,True,usa,new york,JFK,40.64,-73.779,2023-01-07,45
515778,1971-10-05,F,True,False,usa,milwaukee,MKE,42.947,-87.896,2023-01-07,55
515818,1957-06-20,M,False,False,usa,chicago,ORD,41.979,-87.904,2023-01-07,69
515831,1991-10-07,F,False,True,usa,indianapolis,IND,39.717,-86.294,2023-01-07,34
515854,1957-03-04,F,True,False,usa,reno,RNO,39.498,-119.768,2023-01-07,69
515874,1956-04-18,F,True,False,usa,anchorage,ANC,61.174,-149.996,2023-01-07,70
515891,1983-03-27,F,False,False,usa,indianapolis,IND,39.717,-86.294,2023-01-07,43
515901,1988-05-12,F,False,False,usa,phoenix,PHX,33.434,-112.008,2023-01-07,38
515974,2000-12-09,M,False,True,usa,dallas,DAL,32.847,-96.852,2023-01-07,25
515985,1981-05-20,F,True,False,canada,ottawa,YOW,45.323,-75.669,2023-01-07,45
516001,1992-01-01,F,True,False,usa,anchorage,EDF,61.251,-149.806,2023-01-07,34
516006,1975-10-09,F,True,False,usa,san antonio,RND,29.529,-98.279,2023-01-07,50
516053,1981-09-15,F,False,True,usa,los angeles,LAX,33.942,-118.408,2023-01-07,45
516057,1985-10-14,F,False,False,usa,houston,HOU,29.645,-95.279,2023-01-07,40
516076,1953-06-20,F,True,False,usa,riverside,RAL,33.952,-117.445,2023-01-07,73
516086,2006-06-02,F,False,True,usa,new york,LGA,40.777,-73.872,2023-01-07,20
516105,1973-09-10,F,True,True,usa,austin,AUS,30.194,-97.67,2023-01-07,53
516117,1976-11-06,F,False,True,usa,charlotte,CLT,35.214,-80.943,2023-01-07,49
516127,1993-03-14,F,True,False,usa,denver,DEN,39.858,-104.667,2023-01-07,33
516132,1975-02-07,F,False,True,usa,dallas,DAL,32.847,-96.852,2023-01-07,51
516152,1987-10-22,F,False,False,usa,madison,MSN,43.14,-89.337,2023-01-07,38
516211,1982-11-24,M,True,False,usa,philadelphia,PHL,39.872,-75.241,2023-01-07,43
516216,1986-05-26,F,False,False,usa,philadelphia,PHL,39.872,-75.241,2023-01-07,40
516217,1979-05-19,M,True,False,canada,edmonton,YEG,53.31,-113.58,2023-01-07,47
516243,1991-03-08,F,False,True,usa,buffalo,BUF,42.94,-78.732,2023-01-07,35
516273,1982-07-26,F,False,True,usa,tampa,TPA,27.975,-82.533,2023-01-07,44
516283,1999-10-13,M,True,True,usa,phoenix,PHX,33.434,-112.008,2023-01-07,26
516290,1978-10-10,M,False,False,usa,omaha,OMA,41.302,-95.894,2023-01-07,47
516296,1983-09-22,F,False,False,usa,fort worth,FTW,32.82,-97.362,2023-01-07,43
516301,1996-12-01,F,False,False,usa,los angeles,LAX,33.942,-118.408,2023-01-07,29
516340,2006-07-03,F,False,False,usa,omaha,OFF,41.118,-95.913,2023-01-07,20
516351,1982-03-27,F,False,False,usa,omaha,OFF,41.118,-95.913,2023-01-07,44
516368,1976-12-26,F,True,True,usa,denver,DEN,39.858,-104.667,2023-01-07,49
516433,2006-01-05,F,False,False,usa,phoenix,PHX,33.434,-112.008,2023-01-07,20
516516,1964-01-13,M,True,False,usa,shreveport,SHV,32.446,-93.826,2023-01-07,62
516543,1973-10-28,M,True,False,usa,madison,MSN,43.14,-89.337,2023-01-07,52
516556,1987-03-08,F,False,True,usa,kansas city,MCI,39.297,-94.714,2023-01-07,39
516561,1975-10-04,F,True,False,usa,dallas,DAL,32.847,-96.852,2023-01-07,51
516578,1984-03-03,F,False,False,canada,winnipeg,YWG,49.91,-97.234,2023-01-07,42
516583,1977-11-13,F,False,True,usa,providence,PVD,41.724,-71.428,2023-01-07,48
516594,1969-12-02,F,False,False,usa,louisville,LOU,38.228,-85.664,2023-01-07,56
516616,1970-04-19,F,False,True,usa,new york,LGA,40.777,-73.872,2023-01-07,56
516620,1958-01-11,M,False,False,usa,salt lake city,SLC,40.788,-111.978,2023-01-07,68
516647,1980-10-17,F,True,False,usa,san antonio,RND,29.529,-98.279,2023-01-07,45
516682,1997-12-25,F,False,False,usa,buffalo,BUF,42.94,-78.732,2023-01-08,28
516694,1971-09-16,F,True,True,usa,norfolk,NGU,36.938,-76.289,2023-01-08,55
516732,1984-12-11,F,True,True,usa,new york,LGA,40.777,-73.872,2023-01-08,41
516765,1997-05-05,F,False,True,usa,los angeles,LAX,33.942,-118.408,2023-01-08,29
516798,1982-05-09,F,True,False,usa,san jose,SJC,37.362,-121.929,2023-01-08,44
516806,1982-09-07,F,False,False,usa,washington,DCA,38.852,-77.037,2023-01-08,44
516827,1971-09-21,F,False,False,usa,las vegas,LSV,36.236,-115.034,2023-01-08,55
516841,2004-09-12,M,False,True,usa,fresno,FAT,36.776,-119.718,2023-01-08,22
516862,1956-01-02,F,True,False,usa,new york,LGA,40.777,-73.872,2023-01-08,70
516939,1994-06-20,F,True,True,canada,gatineau,YND,45.521,-75.564,2023-01-08,32
516967,1998-02-11,M,False,True,usa,fresno,FAT,36.776,-119.718,2023-01-08,28
516972,1980-12-22,F,True,True,usa,new york,JFK,40.64,-73.779,2023-01-08,45
517033,2002-09-28,F,False,False,canada,calgary,YYC,51.114,-114.02,2023-01-08,24
517061,1969-12-09,F,True,True,usa,jacksonville,NIP,30.236,-81.681,2023-01-08,56
517064,2006-01-15,F,False,True,usa,dallas,DAL,32.847,-96.852,2023-01-08,20
517076,1985-06-28,F,False,False,usa,charlotte,CLT,35.214,-80.943,2023-01-08,41
517105,1976-01-10,F,False,False,usa,santa ana,SNA,33.676,-117.868,2023-01-08,50
517119,1977-12-13,F,False,True,usa,columbus,CMH,39.998,-82.892,2023-01-08,48
517143,1998-03-17,F,False,False,usa,kansas city,MCI,39.297,-94.714,2023-01-08,28
517150,1986-08-24,M,False,False,usa,columbus,CMH,39.998,-82.892,2023-01-08,40
517158,1970-10-27,M,True,True,usa,montgomery,MXF,32.379,-86.362,2023-01-08,55
517330,1953-11-21,M,True,False,usa,newark,EWR,40.692,-74.169,2023-01-08,72
517467,1987-04-24,F,False,False,usa,lincoln,LNK,40.851,-96.759,2023-01-08,39
517486,1977-05-18,F,True,False,usa,columbus,LCK,39.814,-82.928,2023-01-08,49
517491,1968-05-12,F,False,False,usa,nashville,BNA,36.124,-86.678,2023-01-08,58
517543,1979-07-22,F,True,False,canada,vancouver,YVR,49.195,-123.182,2023-01-08,47
517549,1973-01-04,F,False,False,usa,salt lake city,SLC,40.788,-111.978,2023-01-08,53
517571,1979-02-19,M,False,False,usa,phoenix,LUF,33.535,-112.383,2023-01-08,47
517581,1987-11-13,F,False,False,usa,san antonio,SKF,29.384,-98.581,2023-01-08,38
517674,1993-07-06,F,False,False,usa,los angeles,LAX,33.942,-118.408,2023-01-08,33
517675,1994-05-10,F,True,False,canada,toronto,YTZ,43.627,-79.396,2023-01-08,32
517739,1997-10-22,F,True,True,usa,chicago,MDW,41.786,-87.752,2023-01-08,28
517787,1990-10-11,F,False,False,usa,madison,MSN,43.14,-89.337,2023-01-08,35
517803,1976-03-09,M,True,False,usa,los angeles,LAX,33.942,-118.408,2023-01-08,50
517819,1990-09-14,F,False,False,canada,vancouver,YVR,49.195,-123.182,2023-01-08,36
517847,1975-01-16,F,True,False,usa,denver,DEN,39.858,-104.667,2023-01-08,51
517871,1997-01-27,F,False,True,usa,boston,BOS,42.364,-71.005,2023-01-08,29
517931,1987-06-28,F,False,False,usa,philadelphia,PHL,39.872,-75.241,2023-01-08,39
517961,1962-06-08,F,True,True,canada,montreal,YUL,45.468,-73.741,2023-01-08,64
518015,1983-06-19,F,False,True,usa,austin,AUS,30.194,-97.67,2023-01-08,43
518041,2004-08-26,F,False,False,usa,new york,LGA,40.777,-73.872,2023-01-08,22
518044,1970-01-14,F,True,True,usa,cincinnati,LUK,39.103,-84.419,2023-01-08,56
518074,1993-11-18,F,False,False,usa,milwaukee,MKE,42.947,-87.896,2023-01-08,32
518092,1979-03-10,F,False,False,usa,new york,JFK,40.64,-73.779,2023-01-08,47
518121,1991-12-13,F,False,False,canada,vancouver,YVR,49.195,-123.182,2023-01-08,34
518135,1988-09-21,F,False,False,usa,new york,JFK,40.64,-73.779,2023-01-08,38
518191,1977-11-11,F,True,False,usa,detroit,YIP,42.238,-83.53,2023-01-08,48
518196,1968-01-07,F,True,True,usa,san jose,SJC,37.362,-121.929,2023-01-08,58
518281,1970-04-14,F,True,True,canada,montreal,YMX,45.68,-74.039,2023-01-08,56
518334,1991-08-25,F,True,True,usa,mobile,BFM,30.626,-88.068,2023-01-08,35
518338,1987-11-14,F,False,True,usa,fort worth,FTW,32.82,-97.362,2023-01-08,38
518347,1969-02-14,F,True,True,usa,boston,BOS,42.364,-71.005,2023-01-08,57
518372,1993-09-25,F,False,False,usa,riverside,RAL,33.952,-117.445,2023-01-08,33
518406,1972-08-10,F,True,False,usa,new york,JFK,40.64,-73.779,2023-01-08,54
518450,1961-01-19,F,True,True,usa,cincinnati,LUK,39.103,-84.419,2023-01-08,65
518480,1979-06-10,F,True,True,usa,lubbock,LBB,33.664,-101.823,2023-01-08,47
518495,2000-05-18,F,False,False,canada,montreal,YMX,45.68,-74.039,2023-01-08,26
518526,1969-12-18,M,False,False,usa,new york,JFK,40.64,-73.779,2023-01-08,56
518535,1978-10-07,M,True,False,usa,houston,HOU,29.645,-95.279,2023-01-08,47
518567,2006-03-01,F,False,False,usa,chicago,UGN,42.422,-87.868,2023-01-08,20
518579,1982-03-24,M,False,False,usa,seattle,SEA,47.449,-122.309,2023-01-08,44
518585,1980-09-09,F,True,True,usa,chicago,UGN,42.422,-87.868,2023-01-08,46
518645,2001-02-26,F,True,False,usa,newark,EWR,40.692,-74.169,2023-01-09,25
518694,1983-06-06,F,False,False,usa,los angeles,LAX,33.942,-118.408,2023-01-09,43
518711,1979-08-27,F,True,False,usa,salt lake city,SLC,40.788,-111.978,2023-01-09,47
518735,1995-06-19,F,False,True,usa,san francisco,SFO,37.619,-122.375,2023-01-09,31
518743,1989-09-13,F,False,False,usa,washington,DCA,38.852,-77.037,2023-01-09,37
518747,1973-11-05,F,True,True,usa,los angeles,LAX,33.942,-118.408,2023-01-09,52
518751,1991-01-17,F,False,False,usa,indianapolis,IND,39.717,-86.294,2023-01-09,35
518756,1972-01-01,F,False,False,usa,boston,BOS,42.364,-71.005,2023-01-09,54
518826,1985-05-22,F,False,True,canada,montreal,YUL,45.468,-73.741,2023-01-09,41
518827,1974-09-07,M,True,True,usa,los angeles,LAX,33.942,-118.408,2023-01-09,52
518865,1996-09-23,F,False,True,usa,long beach,LGB,33.818,-118.151,2023-01-09,30
518866,1969-04-09,F,True,False,usa,los angeles,LAX,33.942,-118.408,2023-01-09,57
518870,1986-05-25,F,False,False,usa,los angeles,LAX,33.942,-118.408,2023-01-09,40
518896,1967-02-03,F,True,False,usa,chicago,MDW,41.786,-87.752,2023-01-09,59
518922,1940-06-01,F,True,False,usa,sacramento,SAC,38.513,-121.493,2023-01-09,86
518956,1975-11-24,F,True,False,usa,houston,IAH,29.98,-95.34,2023-01-09,50
518971,1984-09-09,F,False,False,canada,quebec,YQB,46.788,-71.398,2023-01-09,42
519059,1997-05-18,F,False,True,canada,victoria,YYJ,48.647,-123.426,2023-01-09,29
519079,1974-05-11,F,False,False,usa,phoenix,PHX,33.434,-112.008,2023-01-09,52
519091,1970-02-26,F,True,False,usa,san francisco,SFO,37.619,-122.375,2023-01-09,56
519205,1979-10-05,F,True,False,usa,santa ana,SNA,33.676,-117.868,2023-01-09,46
519248,1997-07-04,F,True,True,usa,richmond,RIC,37.505,-77.319,2023-01-09,29
519254,1993-03-07,F,False,False,usa,tucson,TUS,32.116,-110.941,2023-01-09,33
519285,1993-08-08,F,False,False,usa,portland,PDX,45.589,-122.597,2023-01-09,33
519313,2000-06-17,M,False,True,usa,san diego,NZY,32.699,-117.215,2023-01-09,26
519335,1959-11-26,F,True,True,usa,tucson,TUS,32.116,-110.941,2023-01-09,66
519348,1978-06-28,M,False,False,usa,new york,LGA,40.777,-73.872,2023-01-09,48
519368,2004-03-16,F,False,True,usa,atlanta,ATL,33.64,-84.427,2023-01-09,22
519393,1974-04-19,F,False,True,usa,chicago,MDW,41.786,-87.752,2023-01-09,52
519406,2000-08-11,F,False,False,canada,halifax,YHZ,44.881,-63.509,2023-01-09,26
519446,1976-01-05,F,True,False,usa,los angeles,LAX,33.942,-118.408,2023-01-09,50
519469,1989-02-12,M,False,False,usa,nashville,BNA,36.124,-86.678,2023-01-09,37
519532,1979-12-13,F,False,False,canada,quebec,YQB,46.788,-71.398,2023-01-09,46
519541,1976-06-23,M,True,False,usa,san francisco,SFO,37.619,-122.375,2023-01-09,50
519561,1952-06-07,F,True,False,usa,new york,LGA,40.777,-73.872,2023-01-09,74
519595,1981-11-01,M,False,False,usa,los angeles,LAX,33.942,-118.408,2023-01-09,44
519596,1983-04-15,F,True,True,usa,fayetteville,POB,35.171,-79.014,2023-01-09,43
519604,1969-06-22,F,False,False,usa,burlington,BTV,44.472,-73.153,2023-01-09,57
519687,1999-03-27,F,True,True,usa,laredo,LRD,27.544,-99.461,2023-01-09,27
519694,1991-04-01,F,False,False,canada,ottawa,YOW,45.323,-75.669,2023-01-09,35
519706,1961-08-05,F,False,True,canada,victoria,YYJ,48.647,-123.426,2023-01-09,65
519726,1980-08-11,F,True,False,usa,milwaukee,MKE,42.947,-87.896,2023-01-09,46
519747,1978-12-10,M,True,False,usa,columbus,LCK,39.814,-82.928,2023-01-09,47
519769,1982-12-27,O,True,True,usa,atlanta,ATL,33.64,-84.427,2023-01-09,43
519787,2006-06-22,F,False,True,canada,edmonton,YEG,53.31,-113.58,2023-01-09,20
519799,1986-09-28,F,False,True,usa,bakersfield,BFL,35.433,-119.057,2023-01-09,40
519846,1966-10-26,F,False,True,usa,brownsville,BRO,25.907,-97.426,2023-01-09,59
519848,1980-10-23,F,False,False,usa,los angeles,LAX,33.942,-118.408,2023-01-09,45
519853,1982-03-07,F,False,True,usa,new york,LGA,40.777,-73.872,2023-01-09,44
519888,1984-11-10,F,False,False,usa,las vegas,LSV,36.236,-115.034,2023-01-09,41
519896,1976-11-02,F,True,False,usa,miami,OPF,25.907,-80.278,2023-01-09,49
519897,2006-02-03,F,False,False,usa,tulsa,TUL,36.198,-95.888,2023-01-09,20
519905,1982-09-06,F,True,False,canada,montreal,YUL,45.468,-73.741,2023-01-09,44
519911,1984-03-07,F,False,False,canada,toronto,YYZ,43.677,-79.631,2023-01-09,42
519961,1993-05-25,F,False,False,usa,new york,LGA,40.777,-73.872,2023-01-09,33
519965,1985-09-07,M,False,True,usa,oakland,OAK,37.721,-122.221,2023-01-09,41
519982,2002-09-08,F,False,True,usa,memphis,MEM,35.042,-89.977,2023-01-09,24
520054,1989-01-04,F,False,True,usa,fort worth,FTW,32.82,-97.362,2023-01-09,37
520063,1986-09-18,F,False,True,usa,san antonio,SKF,29.384,-98.581,2023-01-09,40
520097,1972-01-20,F,True,False,usa,louisville,LOU,38.228,-85.664,2023-01-09,54
520141,1980-12-15,F,False,False,usa,new york,JFK,40.64,-73.779,2023-01-09,45
520152,1976-10-25,F,True,True,usa,phoenix,PHX,33.434,-112.008,2023-01-09,49
520193,1974-08-17,F,False,False,usa,el paso,BIF,31.849,-106.38,2023-01-09,52
520225,1981-08-13,F,False,True,usa,san jose,SJC,37.362,-121.929,2023-01-09,45
520265,1981-11-03,F,True,True,usa,fresno,FAT,36.776,-119.718,2023-01-09,44
520277,1984-12-19,F,False,False,usa,omaha,OFF,41.118,-95.913,2023-01-09,41
520291,1987-09-08,M,True,False,usa,los angeles,LAX,33.942,-118.408,2023-01-09,39
520311,1975-12-14,F,True,True,usa,milwaukee,MKE,42.947,-87.896,2023-01-09,50
520397,1980-01-01,F,True,False,usa,austin,AUS,30.194,-97.67,2023-01-09,46
520411,1984-08-09,F,True,False,usa,detroit,DTW,42.212,-83.353,2023-01-09,42
520429,1972-09-04,M,True,True,usa,winston-salem,INT,36.134,-80.222,2023-01-09,54
520436,1977-05-18,F,True,False,usa,chicago,MDW,41.786,-87.752,2023-01-09,49
520440,1988-07-15,F,True,False,usa,new york,JFK,40.64,-73.779,2023-01-09,38
520480,1985-11-26,F,False,False,canada,vancouver,YVR,49.195,-123.182,2023-01-09,40
520532,1976-10-07,F,True,False,usa,washington,DCA,38.852,-77.037,2023-01-09,49
520539,1972-02-11,F,True,True,usa,little rock,LIT,34.729,-92.224,2023-01-09,54
520556,1989-11-18,F,False,True,usa,austin,AUS,30.194,-97.67,2023-01-09,36
520558,1988-01-08,F,False,False,usa,rochester,ROC,43.119,-77.672,2023-01-09,38
520603,1999-02-12,F,False,False,usa,milwaukee,MKE,42.947,-87.896,2023-01-09,27
520680,1980-11-11,F,True,False,usa,winston-salem,INT,36.134,-80.222,2023-01-09,45
520719,1999-03-05,M,False,False,usa,new york,JFK,40.64,-73.779,2023-01-09,27
520733,1983-01-10,F,True,False,usa,honolulu,HNL,21.316,-157.927,2023-01-09,43
520762,1995-01-04,F,False,False,usa,baton rouge,BTR,30.533,-91.149,2023-01-09,31
520770,1984-01-01,F,False,False,usa,sacramento,SAC,38.513,-121.493,2023-01-09,42
520771,1965-12-23,F,True,True,usa,laredo,LRD,27.544,-99.461,2023-01-09,60
520780,1953-12-11,F,False,False,usa,new york,JFK,40.64,-73.779,2023-01-09,72
520819,1974-05-12,F,True,True,usa,jacksonville,NZC,30.219,-81.876,2023-01-09,52
520821,1982-01-13,F,False,False,usa,boston,BOS,42.364,-71.005,2023-01-09,44
520844,2003-10-24,F,False,True,usa,long beach,LGB,33.818,-118.151,2023-01-09,22
520851,1970-07-21,F,True,True,usa,san antonio,RND,29.529,-98.279,2023-01-09,56
520898,1981-10-22,F,True,True,usa,santa ana,SNA,33.676,-117.868,2023-01-10,44
520902,1985-03-01,F,False,False,usa,kansas city,MCI,39.297,-94.714,2023-01-10,41
520959,1974-12-07,F,False,False,usa,new york,LGA,40.777,-73.872,2023-01-10,51
521000,1977-01-25,F,True,False,usa,charlotte,CLT,35.214,-80.943,2023-01-10,49
521009,1956-04-20,F,True,False,usa,new york,LGA,40.777,-73.872,2023-01-10,70
521031,1980-08-03,F,False,False,canada,hamilton,YHM,43.173,-79.935,2023-01-10,46
521033,1981-06-24,M,True,True,usa,chicago,ORD,41.979,-87.904,2023-01-10,45
521060,1984-07-02,F,False,False,usa,burlington,BTV,44.472,-73.153,2023-01-10,42
521065,1979-11-14,F,True,True,usa,new york,LGA,40.777,-73.872,2023-01-10,46
521127,1982-06-15,F,True,False,usa,chicago,MDW,41.786,-87.752,2023-01-10,44
521152,1979-01-16,F,True,False,canada,winnipeg,YWG,49.91,-97.234,2023-01-10,47
521185,1977-10-01,F,True,True,usa,los angeles,LAX,33.942,-118.408,2023-01-10,49
521186,1970-10-24,F,False,False,usa,boston,BOS,42.364,-71.005,2023-01-10,55
521187,1949-08-03,F,True,False,usa,orlando,ORL,28.545,-81.333,2023-01-10,77
521212,1982-06-10,M,True,True,usa,dallas,DAL,32.847,-96.852,2023-01-10,44
521259,1988-09-06,F,False,False,usa,knoxville,TYS,35.812,-83.993,2023-01-10,38
521282,1991-04-08,F,False,False,usa,columbus,CMH,39.998,-82.892,2023-01-10,35
521295,1983-03-08,F,False,True,usa,baton rouge,BTR,30.533,-91.149,2023-01-10,43
521298,1986-02-28,F,False,False,usa,san jose,SJC,37.362,-121.929,2023-01-10,40
521309,1973-08-19,F,False,True,usa,detroit,YIP,42.238,-83.53,2023-01-10,53
521316,1980-03-21,F,False,False,usa,nashville,BNA,36.124,-86.678,2023-01-10,46
521335,1990-05-09,F,False,False,usa,denver,DEN,39.858,-104.667,2023-01-10,36
521343,1987-05-13,F,False,False,usa,charlotte,CLT,35.214,-80.943,2023-01-10,39
521379,1967-10-14,F,True,False,usa,new york,JFK,40.64,-73.779,2023-01-10,58
521434,1975-05-05,F,True,False,usa,los angeles,LAX,33.942,-118.408,2023-01-10,51
521462,1965-07-26,F,True,True,usa,indianapolis,IND,39.717,-86.294,2023-01-10,61
521509,1968-12-25,F,True,False,usa,new york,LGA,40.777,-73.872,2023-01-10,57
521514,1994-09-23,F,False,True,usa,nashville,BNA,36.124,-86.678,2023-01-10,32
521587,1990-12-23,F,False,False,usa,new york,LGA,40.777,-73.872,2023-01-10,35
521607,1982-07-08,F,False,False,usa,bakersfield,BFL,35.433,-119.057,2023-01-10,44
521609,1972-10-12,M,True,True,canada,toronto,YYZ,43.677,-79.631,2023-01-10,53
521642,1965-02-27,F,True,False,usa,lubbock,LBB,33.664,-101.823,2023-01-10,61
521663,1989-10-27,M,False,False,usa,san francisco,SFO,37.619,-122.375,2023-01-10,36
521695,1985-04-17,M,True,False,canada,halifax,YAW,44.64,-63.499,2023-01-10,41
521708,1976-06-24,F,True,False,usa,nashville,BNA,36.124,-86.678,2023-01-10,50
521719,2003-03-27,F,False,False,usa,new york,JFK,40.64,-73.779,2023-01-10,23
521720,1979-08-11,M,False,False,usa,indianapolis,IND,39.717,-86.294,2023-01-10,47
521743,1985-03-17,F,False,False,canada,calgary,YYC,51.114,-114.02,2023-01-10,41
521748,1984-02-03,M,False,False,usa,philadelphia,PNE,40.082,-75.011,2023-01-10,42
521768,1976-11-22,F,False,False,usa,omaha,OFF,41.118,-95.913,2023-01-10,49
521818,2006-06-14,F,False,False,usa,boston,BOS,42.364,-71.005,2023-01-10,20
521865,1979-05-19,F,True,True,usa,richmond,RIC,37.505,-77.319,2023-01-10,47
521956,1996-05-06,F,False,False,canada,toronto,YTZ,43.627,-79.396,2023-01-10,30
521963,1999-05-02,M,True,False,canada,toronto,YZD,43.742,-79.466,2023-01-10,27
521986,1972-10-26,M,True,True,usa,omaha,OMA,41.302,-95.894,2023-01-10,53
522001,1957-07-12,F,True,False,usa,sacramento,MCC,38.667,-121.401,2023-01-10,69
522005,1977-08-07,F,False,True,usa,nashville,BNA,36.124,-86.678,2023-01-10,49
522062,1973-07-17,F,True,False,canada,edmonton,YEG,53.31,-113.58,2023-01-10,53
522086,1984-08-03,F,True,True,usa,corpus christi,CRP,27.77,-97.501,2023-01-10,42
522112,1980-01-18,F,True,True,canada,toronto,YKZ,43.862,-79.37,2023-01-10,46
522118,1973-03-13,F,True,False,usa,des moines,DSM,41.534,-93.663,2023-01-10,53
522184,1999-09-10,F,False,True,usa,reno,RNO,39.498,-119.768,2023-01-10,27
522201,1977-08-17,F,True,False,usa,minneapolis,MSP,44.88,-93.217,2023-01-10,49
522233,1983-05-21,M,False,False,usa,norfolk,NGU,36.938,-76.289,2023-01-10,43
522237,1994-08-12,F,False,False,usa,louisville,LOU,38.228,-85.664,2023-01-10,32
522315,1989-08-07,F,False,False,usa,baltimore,BWI,39.175,-76.668,2023-01-10,37
522364,1990-07-27,F,False,False,usa,memphis,MEM,35.042,-89.977,2023-01-10,36
522373,1986-08-21,F,False,True,usa,new york,LGA,40.777,-73.872,2023-01-10,40
522375,1973-01-25,F,False,False,usa,kansas city,MCI,39.297,-94.714,2023-01-10,53
522402,1979-11-27,M,False,False,usa,san antonio,RND,29.529,-98.279,2023-01-10,46
522426,1980-05-27,M,False,True,canada,toronto,YYZ,43.677,-79.631,2023-01-10,46
522427,1999-07-26,M,False,False,usa,san antonio,SAT,29.534,-98.47,2023-01-10,27
522438,1969-01-21,M,True,True,canada,vancouver,YVR,49.195,-123.182,2023-01-10,57
522441,1989-08-03,M,True,False,usa,new york,LGA,40.777,-73.872,2023-01-10,37
522476,1975-12-20,F,True,False,usa,austin,AUS,30.194,-97.67,2023-01-10,50
522513,1982-12-20,F,False,False,canada,winnipeg,YWG,49.91,-97.234,2023-01-10,43
522523,1991-03-05,F,False,True,usa,fayetteville,POB,35.171,-79.014,2023-01-10,35
522532,1986-09-22,F,False,False,usa,los angeles,LAX,33.942,-118.408,2023-01-10,40
522624,1995-04-23,F,False,False,usa,bakersfield,BFL,35.433,-119.057,2023-01-10,31
522631,1992-12-13,F,False,False,usa,santa ana,SNA,33.676,-117.868,2023-01-10,33
522634,1989-12-26,F,False,False,usa,fresno,FAT,36.776,-119.718,2023-01-10,36
522639,1988-06-13,F,False,False,usa,chicago,MDW,41.786,-87.752,2023-01-10,38
522654,1982-09-27,F,False,True,usa,new york,LGA,40.777,-73.872,2023-01-10,44
522687,1978-12-18,F,True,True,usa,new york,LGA,40.777,-73.872,2023-01-10,47
522745,1975-04-18,F,False,False,usa,new york,LGA,40.777,-73.872,2023-01-10,51
522788,1975-07-20,F,True,False,usa,lincoln,LNK,40.851,-96.759,2023-01-10,51
522809,1970-09-02,F,True,True,canada,victoria,YYJ,48.647,-123.426,2023-01-10,56
522911,1984-11-28,M,True,True,usa,orlando,ORL,28.545,-81.333,2023-01-11,41
522927,1988-03-26,F,False,False,usa,new york,LGA,40.777,-73.872,2023-01-11,38
522937,1978-02-01,F,False,False,usa,phoenix,LUF,33.535,-112.383,2023-01-11,48
522939,1980-03-07,F,False,True,usa,cleveland,CLE,41.412,-81.85,2023-01-11,46
522944,1968-10-12,F,True,False,usa,new york,JFK,40.64,-73.779,2023-01-11,57
522999,1988-06-10,F,True,False,usa,montgomery,MXF,32.379,-86.362,2023-01-11,38
523077,1992-03-17,F,False,False,usa,corpus christi,CRP,27.77,-97.501,2023-01-11,34
523090,1988-06-18,F,False,True,usa,tucson,TUS,32.116,-110.941,2023-01-11,38
523228,1991-04-10,F,True,False,canada,montreal,YMX,45.68,-74.039,2023-01-11,35
523256,1986-09-12,F,False,False,usa,indianapolis,IND,39.717,-86.294,2023-01-11,40
523290,1989-04-27,F,False,False,usa,rochester,ROC,43.119,-77.672,2023-01-11,37
523301,1985-06-13,F,False,True,usa,phoenix,LUF,33.535,-112.383,2023-01-11,41
523338,1985-09-16,F,True,True,usa,new york,LGA,40.777,-73.872,2023-01-11,41
523454,1966-07-20,F,False,False,usa,cleveland,CLE,41.412,-81.85,2023-01-11,60
523484,1982-08-02,F,False,False,usa,new york,LGA,40.777,-73.872,2023-01-11,44
523503,1953-02-15,F,True,False,usa,denver,DEN,39.858,-104.667,2023-01-11,73
523505,1975-10-16,F,False,False,usa,chicago,UGN,42.422,-87.868,2023-01-11,50
523511,1986-04-11,M,False,True,usa,new york,JFK,40.64,-73.779,2023-01-11,40
523517,1994-11-18,F,False,False,usa,houston,HOU,29.645,-95.279,2023-01-11,31
523559,1978-01-27,M,True,False,usa,san antonio,SKF,29.384,-98.581,2023-01-11,48
523612,1978-04-01,F,True,True,usa,seattle,SEA,47.449,-122.309,2023-01-11,48
523666,1970-06-11,M,True,False,usa,bakersfield,BFL,35.433,-119.057,2023-01-11,56
523690,1981-02-23,M,False,False,usa,lincoln,LNK,40.851,-96.759,2023-01-11,45
523700,1965-02-02,F,True,True,usa,charlotte,CLT,35.214,-80.943,2023-01-11,61
523710,1981-06-26,F,False,False,usa,fort worth,FTW,32.82,-97.362,2023-01-11,45
523715,1980-10-07,F,True,True,usa,portland,PWM,43.646,-70.309,2023-01-11,45
523746,1999-05-23,F,False,False,usa,new york,JFK,40.64,-73.779,2023-01-11,27
523768,1967-08-16,F,True,False,canada,montreal,YMX,45.68,-74.039,2023-01-11,59
523771,1988-04-16,F,False,True,usa,new york,JFK,40.64,-73.779,2023-01-11,38
523787,1982-09-11,F,True,True,usa,milwaukee,MKE,42.947,-87.896,2023-01-11,44
523800,1986-05-18,F,False,False,usa,san diego,SAN,32.733,-117.189,2023-01-11,40
523807,1970-12-05,F,True,True,usa,san francisco,SFO,37.619,-122.375,2023-01-11,55
523819,1981-06-13,F,True,False,usa,riverside,RIV,33.881,-117.259,2023-01-11,45
523841,1976-09-19,F,True,False,usa,san jose,SJC,37.362,-121.929,2023-01-11,50
523860,1983-08-09,F,True,True,usa,knoxville,TYS,35.812,-83.993,2023-01-11,43
523866,2006-08-23,F,False,False,canada,toronto,YKZ,43.862,-79.37,2023-01-11,20
523887,2000-03-11,F,False,False,usa,indianapolis,IND,39.717,-86.294,2023-01-11,26
523913,1987-09-28,M,False,True,usa,memphis,MEM,35.042,-89.977,2023-01-11,39
523981,1971-11-11,F,False,False,canada,edmonton,YEG,53.31,-113.58,2023-01-11,54
524001,1978-07-04,F,False,False,canada,toronto,YYZ,43.677,-79.631,2023-01-11,48
524038,1982-10-09,F,False,False,canada,montreal,YUL,45.468,-73.741,2023-01-11,43
524043,1968-08-14,F,True,False,usa,wichita,IAB,37.623,-97.267,2023-01-11,58
524046,1965-12-19,F,True,False,usa,austin,AUS,30.194,-97.67,2023-01-11,60
524057,1952-01-21,F,True,False,usa,new york,JFK,40.64,-73.779,2023-01-11,74
524076,1968-11-16,F,True,False,usa,tucson,DMA,32.166,-110.883,2023-01-11,57
524098,1980-03-22,F,False,False,usa,houston,HOU,29.645,-95.279,2023-01-11,46
524116,1969-06-19,M,False,False,usa,seattle,BFI,47.53,-122.302,2023-01-11,57
524167,1982-05-16,M,False,True,usa,san antonio,SAT,29.534,-98.47,2023-01-11,44
524169,1985-02-02,F,True,True,usa,long beach,LGB,33.818,-118.151,2023-01-11,41
524172,2003-05-05,F,False,False,usa,chicago,UGN,42.422,-87.868,2023-01-11,23
524180,1967-09-06,F,False,False,canada,montreal,YUL,45.468,-73.741,2023-01-11,59
524211,1990-10-24,F,False,False,usa,new york,JFK,40.64,-73.779,2023-01-11,35
524244,1987-07-18,F,False,False,usa,las vegas,LAS,36.08,-115.152,2023-01-11,39
524251,1974-09-14,F,True,True,usa,chicago,UGN,42.422,-87.868,2023-01-11,52
524313,1973-03-28,F,True,False,usa,san diego,SAN,32.733,-117.189,2023-01-11,53
524365,1976-06-17,F,True,False,usa,phoenix,LUF,33.535,-112.383,2023-01-11,50
524383,1990-05-11,F,False,False,canada,montreal,YUL,45.468,-73.741,2023-01-11,36
524412,1971-02-20,F,True,False,usa,stockton,SCK,37.894,-121.239,2023-01-11,55
524419,1949-08-04,F,True,False,usa,columbus,CMH,39.998,-82.892,2023-01-11,77
524484,2001-06-13,F,False,False,canada,hamilton,YHM,43.173,-79.935,2023-01-11,25
524572,1978-11-27,F,True,True,usa,san antonio,SAT,29.534,-98.47,2023-01-11,47
524606,1991-05-07,F,False,False,usa,laredo,LRD,27.544,-99.461,2023-01-11,35
524668,1977-11-20,F,False,False,usa,new york,JFK,40.64,-73.779,2023-01-11,48
524722,1972-01-20,M,True,True,usa,dallas,DAL,32.847,-96.852,2023-01-11,54
524728,1977-12-16,F,True,False,usa,los angeles,LAX,33.942,-118.408,2023-01-11,48
524739,1952-02-15,F,False,False,usa,shreveport,BAD,32.502,-93.663,2023-01-11,74
524766,1988-09-13,M,False,True,canada,ottawa,YOW,45.323,-75.669,2023-01-11,38
524797,1993-01-16,F,False,True,usa,philadelphia,PNE,40.082,-75.011,2023-01-11,33
524807,1993-06-22,F,False,True,canada,calgary,YYC,51.114,-114.02,2023-01-11,33
524834,1980-06-16,F,True,True,usa,phoenix,LUF,33.535,-112.383,2023-01-11,46
524842,1990-04-13,F,True,True,usa,corpus christi,CRP,27.77,-97.501,2023-01-11,36
524861,1992-08-21,F,False,False,canada,calgary,YYC,51.114,-114.02,2023-01-11,34
524895,1983-01-15,F,False,False,usa,chicago,ORD,41.979,-87.904,2023-01-11,43
524909,1973-07-11,M,False,False,usa,el paso,BIF,31.849,-106.38,2023-01-11,53
524926,1981-05-25,F,False,False,usa,san francisco,SFO,37.619,-122.375,2023-01-11,45
524940,1998-01-11,F,True,True,usa,houston,HOU,29.645,-95.279,2023-01-11,28
524980,1974-09-05,F,True,False,usa,chicago,UGN,42.422,-87.868,2023-01-12,52
525022,1975-08-08,F,True,False,usa,st. louis,STL,38.748,-90.36,2023-01-12,51
525034,1971-03-27,F,True,False,canada,gatineau,YND,45.521,-75.564,2023-01-12,55
525081,1967-09-21,F,True,True,usa,anchorage,ANC,61.174,-149.996,2023-01-12,59
525106,1988-09-05,F,False,False,usa,houston,IAH,29.98,-95.34,2023-01-12,38
525168,1966-06-04,F,True,False,canada,calgary,YYC,51.114,-114.02,2023-01-12,60
525176,1953-09-03,F,False,False,usa,washington,IAD,38.944,-77.456,2023-01-12,73
525201,1973-06-24,M,False,False,usa,norfolk,ORF,36.894,-76.201,2023-01-12,53
525212,2006-11-02,M,False,False,usa,memphis,MEM,35.042,-89.977,2023-01-12,19
525227,1985-01-07,F,True,False,usa,jacksonville,LRF,34.918,-92.146,2023-01-12,41
525308,1976-02-16,M,True,True,usa,amarillo,AMA,35.219,-101.706,2023-01-12,50
525377,1998-01-03,F,False,False,usa,birmingham,BHM,33.563,-86.753,2023-01-12,28
525379,2006-12-26,F,False,False,usa,long beach,LGB,33.818,-118.151,2023-01-12,19
525389,1987-04-26,F,False,False,usa,corpus christi,CRP,27.77,-97.501,2023-01-12,39
525405,1998-07-15,F,False,False,usa,phoenix,LUF,33.535,-112.383,2023-01-12,28
525415,1986-05-05,F,True,True,canada,edmonton,YED,53.667,-113.467,2023-01-12,40
525488,1995-11-04,F,False,True,usa,long beach,LGB,33.818,-118.151,2023-01-12,30
525529,1974-03-15,F,False,False,canada,montreal,YMX,45.68,-74.039,2023-01-12,52
525546,1979-01-06,F,True,True,usa,cincinnati,LUK,39.103,-84.419,2023-01-12,47
525591,1979-03-23,F,False,False,usa,new york,JFK,40.64,-73.779,2023-01-12,47
525610,1985-01-20,M,False,False,usa,portland,PWM,43.646,-70.309,2023-01-12,41
525671,1978-11-09,F,True,False,usa,baltimore,BWI,39.175,-76.668,2023-01-12,47
525761,2000-04-01,F,False,False,usa,los angeles,LAX,33.942,-118.408,2023-01-12,26
525769,1987-08-19,F,False,False,usa,charlotte,CLT,35.214,-80.943,2023-01-12,39
525804,1975-03-18,F,False,True,usa,new york,LGA,40.777,-73.872,2023-01-12,51
525806,1985-10-14,F,False,True,usa,lincoln,LNK,40.851,-96.759,2023-01-12,40
525842,1982-04-26,F,True,False,usa,jacksonville,LRF,34.918,-92.146,2023-01-12,44
525844,1988-08-13,M,False,False,usa,fort worth,FTW,32.82,-97.362,2023-01-12,38
525848,1965-06-09,F,True,True,usa,new york,LGA,40.777,-73.872,2023-01-12,61
525920,1980-08-15,M,False,False,usa,madison,MSN,43.14,-89.337,2023-01-12,46
525975,1981-02-26,F,True,False,usa,austin,AUS,30.194,-97.67,2023-01-12,45
525996,1978-06-26,M,False,False,usa,winston-salem,INT,36.134,-80.222,2023-01-12,48
526036,1954-05-14,F,True,False,usa,san diego,SAN,32.733,-117.189,2023-01-12,72
526062,1979-02-26,M,True,False,usa,montgomery,MXF,32.379,-86.362,2023-01-12,47
526084,1983-04-26,F,False,False,usa,new york,LGA,40.777,-73.872,2023-01-12,43
526102,1976-07-19,F,True,False,usa,denver,DEN,39.858,-104.667,2023-01-12,50
526154,1985-05-05,F,False,True,usa,new york,LGA,40.777,-73.872,2023-01-12,41
526174,1973-01-02,F,False,False,usa,lubbock,LBB,33.664,-101.823,2023-01-12,53
526206,2006-06-28,M,False,True,usa,new orleans,MSY,29.993,-90.258,2023-01-12,20
526235,1978-10-19,M,False,False,usa,tallahassee,TLH,30.396,-84.35,2023-01-12,47
526239,1986-10-09,F,True,True,usa,oakland,OAK,37.721,-122.221,2023-01-12,39
526256,1985-05-22,F,False,False,usa,washington,IAD,38.944,-77.456,2023-01-12,41
526258,1967-12-24,F,True,False,canada,victoria,YYJ,48.647,-123.426,2023-01-12,58
526297,1984-06-03,F,False,False,usa,newport news,PHF,37.132,-76.493,2023-01-12,42
526332,1995-03-04,F,False,False,canada,vancouver,YVR,49.195,-123.182,2023-01-12,31
526365,1995-05-08,F,False,False,usa,nashville,BNA,36.124,-86.678,2023-01-12,31
526367,1979-10-14,F,True,False,usa,birmingham,BHM,33.563,-86.753,2023-01-12,46
526372,1976-10-22,F,False,True,usa,colorado springs,COS,38.806,-104.7,2023-01-12,49
526378,1975-09-22,F,False,True,canada,toronto,YKZ,43.862,-79.37,2023-01-12,51
526409,1970-10-09,M,False,False,usa,riverside,RIV,33.881,-117.259,2023-01-12,55
526443,1979-09-13,F,True,True,usa,san jose,SJC,37.362,-121.929,2023-01-12,47
526490,1980-06-08,F,False,False,usa,richmond,RIC,37.505,-77.319,2023-01-12,46
526495,1987-02-26,M,False,True,usa,tallahassee,TLH,30.396,-84.35,2023-01-12,39
526540,1973-10-20,F,True,False,canada,edmonton,YED,53.667,-113.467,2023-01-12,52
526565,1994-12-11,F,False,False,usa,little rock,LIT,34.729,-92.224,2023-01-12,31
526668,1985-08-20,M,False,True,usa,san jose,SJC,37.362,-121.929,2023-01-12,41
526676,1986-09-23,F,False,True,canada,calgary,YYC,51.114,-114.02,2023-01-12,40
526690,2001-07-12,F,False,True,usa,cleveland,CLE,41.412,-81.85,2023-01-12,25
526711,1990-01-26,F,False,False,usa,san francisco,SFO,37.619,-122.375,2023-01-12,36
526740,1997-07-19,F,False,False,usa,philadelphia,PNE,40.082,-75.011,2023-01-12,29
526789,1994-09-23,F,False,False,usa,baltimore,BWI,39.175,-76.668,2023-01-12,32
526837,1976-11-24,F,True,False,usa,honolulu,HNL,21.316,-157.927,2023-01-12,49
526855,1986-07-11,F,False,False,usa,los angeles,LAX,33.942,-118.408,2023-01-12,40
526858,1972-11-05,F,True,True,usa,miami,TNT,25.862,-80.897,2023-01-12,53
526867,1974-06-17,F,False,False,usa,des moines,DSM,41.534,-93.663,2023-01-12,52
526901,1972-06-24,F,True,False,usa,dallas,DAL,32.847,-96.852,2023-01-12,54
526916,1966-11-23,F,True,False,usa,omaha,OMA,41.302,-95.894,2023-01-12,59
526925,2006-11-10,F,False,False,usa,madison,MSN,43.14,-89.337,2023-01-12,19
526950,1994-06-04,F,True,False,usa,akron,AKR,41.038,-81.467,2023-01-12,32
526959,1980-12-20,F,False,False,usa,seattle,SEA,47.449,-122.309,2023-01-12,45
527001,1959-04-09,F,False,True,usa,indianapolis,IND,39.717,-86.294,2023-01-12,67
527046,1984-01-07,F,True,True,usa,newark,EWR,40.692,-74.169,2023-01-12,42
527081,1996-03-15,F,False,True,usa,miami,MIA,25.793,-80.291,2023-01-12,30
527082,1984-07-21,M,False,False,usa,el paso,BIF,31.849,-106.38,2023-01-12,42
527109,1979-01-11,F,True,False,usa,austin,AUS,30.194,-97.67,2023-01-12,47
527141,1983-02-18,F,False,False,usa,nashville,BNA,36.124,-86.678,2023-01-12,43
527142,1988-10-14,F,False,False,usa,jacksonville,NZC,30.219,-81.876,2023-01-12,37
527150,1992-03-16,F,False,False,usa,indianapolis,IND,39.717,-86.294,2023-01-12,34
527158,1973-04-15,F,True,False,canada,victoria,YYJ,48.647,-123.426,2023-01-13,53
527187,1992-11-06,M,False,True,usa,brownsville,BRO,25.907,-97.426,2023-01-13,33
527280,1976-05-11,F,False,False,usa,norfolk,ORF,36.894,-76.201,2023-01-13,50
527321,2006-09-21,F,False,False,canada,halifax,YHZ,44.881,-63.509,2023-01-13,20
527354,1968-04-05,F,True,False,usa,las vegas,LSV,36.236,-115.034,2023-01-13,58
527359,1987-10-06,F,True,True,usa,fort worth,FTW,32.82,-97.362,2023-01-13,38
527365,2006-11-27,F,False,True,usa,dallas,DAL,32.847,-96.852,2023-01-13,19
527393,1992-02-22,F,False,False,canada,winnipeg,YWG,49.91,-97.234,2023-01-13,34
527401,1986-11-10,F,False,False,usa,baltimore,BWI,39.175,-76.668,2023-01-13,39
527452,1980-12-26,M,False,False,usa,new orleans,MSY,29.993,-90.258,2023-01-13,45
527455,1996-03-02,F,True,False,canada,winnipeg,YWG,49.91,-97.234,2023-01-13,30
527464,1977-04-20,F,False,False,usa,denver,DEN,39.858,-104.667,2023-01-13,49
527467,1983-11-13,F,True,False,usa,san antonio,SAT,29.534,-98.47,2023-01-13,42
527470,1992-10-03,F,False,True,usa,wichita,IAB,37.623,-97.267,2023-01-13,33
527490,1982-03-20,F,False,True,usa,new york,LGA,40.777,-73.872,2023-01-13,44
527508,1970-06-17,F,True,False,usa,san antonio,SAT,29.534,-98.47,2023-01-13,56
527518,1994-08-22,F,False,False,usa,cleveland,CLE,41.412,-81.85,2023-01-13,32
527560,1969-12-03,F,False,True,usa,winston-salem,INT,36.134,-80.222,2023-01-13,56
527690,1994-03-20,F,False,False,usa,long beach,LGB,33.818,-118.151,2023-01-13,32
527726,1975-12-06,F,True,True,usa,charlotte,CLT,35.214,-80.943,2023-01-13,50
527750,1981-01-07,F,True,True,usa,new york,JFK,40.64,-73.779,2023-01-13,45
527801,1966-05-28,F,True,True,usa,modesto,MOD,37.626,-120.954,2023-01-13,60
527857,1982-05-21,M,True,True,usa,winston-salem,INT,36.134,-80.222,2023-01-13,44
527928,1988-09-01,M,True,False,usa,omaha,OFF,41.118,-95.913,2023-01-13,38
527945,1994-02-12,F,False,True,usa,sacramento,MCC,38.667,-121.401,2023-01-13,32
527984,1973-11-05,F,False,True,usa,winston-salem,INT,36.134,-80.222,2023-01-13,52
527995,1972-05-27,F,True,True,usa,nashville,BNA,36.124,-86.678,2023-01-13,54
528020,1973-02-19,F,True,False,usa,laredo,LRD,27.544,-99.461,2023-01-13,53
528028,1984-07-04,F,True,False,usa,long beach,LGB,33.818,-118.151,2023-01-13,42
528046,1988-07-12,F,False,False,usa,long beach,LGB,33.818,-118.151,2023-01-13,38
528061,1982-05-03,M,False,False,usa,new york,LGA,40.777,-73.872,2023-01-13,44
528098,1973-03-03,F,True,True,usa,santa ana,SNA,33.676,-117.868,2023-01-13,53
528179,1990-11-08,F,True,True,usa,columbus,LCK,39.814,-82.928,2023-01-13,35
528193,1983-11-06,F,False,False,usa,new york,JFK,40.64,-73.779,2023-01-13,42
528244,1992-06-07,F,False,False,usa,omaha,OMA,41.302,-95.894,2023-01-13,34
528248,1992-04-10,F,False,False,usa,tampa,TPA,27.975,-82.533,2023-01-13,34
528281,1971-08-09,F,False,False,canada,calgary,YYC,51.114,-114.02,2023-01-13,55
528322,1973-12-22,F,True,False,canada,toronto,YZD,43.742,-79.466,2023-01-13,52
528330,1976-10-04,F,True,True,canada,edmonton,YED,53.667,-113.467,2023-01-13,50
528378,1981-07-24,M,False,False,canada,calgary,YYC,51.114,-114.02,2023-01-13,45
528413,1954-08-06,F,True,False,usa,miami,MIA,25.793,-80.291,2023-01-13,72
528421,1987-09-26,F,False,False,canada,winnipeg,YAV,50.056,-97.032,2023-01-13,39
528461,1997-10-04,F,False,False,usa,phoenix,LUF,33.535,-112.383,2023-01-13,28
528490,1981-05-24,M,False,False,usa,san diego,NZY,32.699,-117.215,2023-01-13,45
528522,1973-07-08,F,True,True,usa,richmond,RIC,37.505,-77.319,2023-01-13,53
528542,1967-10-26,F,False,False,usa,philadelphia,PNE,40.082,-75.011,2023-01-13,58
528567,1987-07-13,F,False,False,canada,hamilton,YHM,43.173,-79.935,2023-01-13,39
528580,1976-04-08,F,True,False,usa,new york,JFK,40.64,-73.779,2023-01-13,50
528661,1983-07-28,M,False,False,usa,corpus christi,CRP,27.77,-97.501,2023-01-13,43
528688,1990-05-10,F,False,False,usa,new york,LGA,40.777,-73.872,2023-01-13,36
528690,1987-03-17,F,True,True,usa,chicago,UGN,42.422,-87.868,2023-01-13,39
528706,1977-06-06,F,True,False,usa,new york,JFK,40.64,-73.779,2023-01-13,49
528735,1974-08-03,F,True,True,usa,tulsa,TUL,36.198,-95.888,2023-01-13,52
528743,1972-06-24,F,False,False,usa,riverside,RIV,33.881,-117.259,2023-01-13,54
528828,1982-05-23,F,False,False,usa,san francisco,SFO,37.619,-122.375,2023-01-13,44
528829,1995-12-01,F,False,False,usa,shreveport,BAD,32.502,-93.663,2023-01-13,30
528842,1956-12-06,M,False,False,usa,honolulu,HNL,21.316,-157.927,2023-01-13,69
528909,2006-07-16,F,False,False,usa,new york,JFK,40.64,-73.779,2023-01-13,20
528936,2000-05-21,F,False,True,usa,boston,BOS,42.364,-71.005,2023-01-13,26
528942,1968-11-17,F,True,True,usa,new york,JFK,40.64,-73.779,2023-01-13,57
528953,1971-10-16,F,True,False,canada,saskatoon,YXE,52.171,-106.7,2023-01-13,54
528967,2004-12-26,F,False,False,usa,nashville,BNA,36.124,-86.678,2023-01-13,21
528999,1979-07-28,F,True,False,canada,calgary,YYC,51.114,-114.02,2023-01-13,47
529019,1975-11-10,F,True,False,usa,philadelphia,PNE,40.082,-75.011,2023-01-13,50
529023,1986-11-21,F,True,True,usa,honolulu,HNL,21.316,-157.927,2023-01-13,39
529082,1991-03-07,F,False,False,usa,austin,AUS,30.194,-97.67,2023-01-13,35
529205,1985-05-04,F,False,False,usa,fort worth,FTW,32.82,-97.362,2023-01-14,41
529284,1998-12-18,F,False,False,canada,ottawa,YOW,45.323,-75.669,2023-01-14,27
529332,1991-04-18,F,False,False,usa,los angeles,LAX,33.942,-118.408,2023-01-14,35
529338,1983-03-19,O,False,False,usa,new york,LGA,40.777,-73.872,2023-01-14,43
529406,1984-01-03,F,False,False,usa,new york,LGA,40.777,-73.872,2023-01-14,42
529420,1949-09-16,M,True,False,usa,oakland,OAK,37.721,-122.221,2023-01-14,77
529422,1968-04-13,F,True,False,usa,baltimore,BWI,39.175,-76.668,2023-01-14,58
529424,1974-02-18,M,True,True,usa,rochester,ROC,43.119,-77.672,2023-01-14,52
529428,1980-05-23,F,False,True,usa,newport news,PHF,37.132,-76.493,2023-01-14,46
529436,1977-05-10,F,False,False,usa,new york,LGA,40.777,-73.872,2023-01-14,49
529501,1975-12-22,M,True,True,usa,houston,HOU,29.645,-95.279,2023-01-14,50
529510,1980-04-16,F,False,True,usa,new york,JFK,40.64,-73.779,2023-01-14,46
529566,1983-12-01,F,False,True,usa,fayetteville,FYV,36.005,-94.17,2023-01-14,42
529704,1956-10-19,F,True,False,usa,dallas,DAL,32.847,-96.852,2023-01-14,69
529734,1985-04-06,F,True,False,usa,philadelphia,PNE,40.082,-75.011,2023-01-14,41
529737,1977-08-28,F,True,False,usa,los angeles,LAX,33.942,-118.408,2023-01-14,49
529768,1980-11-15,M,True,False,usa,los angeles,LAX,33.942,-118.408,2023-01-14,45
529857,1955-03-26,F,True,False,usa,jacksonville,NIP,30.236,-81.681,2023-01-14,71
529879,1986-02-25,F,False,False,usa,philadelphia,PNE,40.082,-75.011,2023-01-14,40
529887,1985-06-05,F,False,True,usa,houston,IAH,29.98,-95.34,2023-01-14,41
529972,1968-05-26,F,True,True,usa,wichita,IAB,37.623,-97.267,2023-01-14,58
530039,1982-01-20,F,False,False,canada,ottawa,YOW,45.323,-75.669,2023-01-14,44
530118,1981-03-25,F,False,False,usa,indianapolis,IND,39.717,-86.294,2023-01-14,45
530188,1986-09-17,F,False,False,usa,san antonio,SKF,29.384,-98.581,2023-01-14,40
530223,1983-11-25,F,True,False,usa,tampa,TPA,27.975,-82.533,2023-01-14,42
530240,1978-01-14,F,False,True,usa,san antonio,SKF,29.384,-98.581,2023-01-14,48
530277,1977-07-21,F,False,True,usa,austin,AUS,30.194,-97.67,2023-01-14,49
530278,1969-08-24,F,False,False,usa,portland,PDX,45.589,-122.597,2023-01-14,57
530282,1986-01-01,F,False,False,usa,chicago,MDW,41.786,-87.752,2023-01-14,40
530298,1988-03-23,F,False,True,canada,winnipeg,YWG,49.91,-97.234,2023-01-14,38
530315,1967-07-23,M,False,False,usa,san antonio,SAT,29.534,-98.47,2023-01-14,59
530322,1978-08-16,M,False,True,canada,windsor,YQG,42.276,-82.956,2023-01-14,48
530329,1972-06-08,F,True,True,usa,sacramento,MHR,38.554,-121.297,2023-01-14,54
530365,1973-04-09,F,True,False,usa,san antonio,RND,29.529,-98.279,2023-01-14,53
530371,1992-07-20,F,True,True,usa,new york,LGA,40.777,-73.872,2023-01-14,34
530374,1991-03-24,F,True,False,usa,burlington,BTV,44.472,-73.153,2023-01-14,35
530379,1980-10-11,F,True,False,usa,des moines,DSM,41.534,-93.663,2023-01-14,45
530385,1980-06-21,F,True,False,canada,quebec,YQB,46.788,-71.398,2023-01-14,46
530427,1979-02-24,M,False,False,usa,seattle,SEA,47.449,-122.309,2023-01-14,47
530514,1971-05-18,F,True,True,usa,san francisco,SFO,37.619,-122.375,2023-01-14,55
530543,1985-10-11,M,False,True,usa,charlotte,CLT,35.214,-80.943,2023-01-14,40
530585,1977-03-19,F,False,False,usa,new york,LGA,40.777,-73.872,2023-01-14,49
530592,1999-10-28,F,False,False,canada,toronto,YYZ,43.677,-79.631,2023-01-14,26
530607,1996-03-19,M,False,False,canada,hamilton,YHM,43.173,-79.935,2023-01-14,30
530633,1960-12-25,M,True,False,usa,madison,MSN,43.14,-89.337,2023-01-14,65
530666,1994-04-22,F,False,False,usa,las vegas,LAS,36.08,-115.152,2023-01-14,32
530667,1985-01-12,F,True,True,usa,san francisco,SFO,37.619,-122.375,2023-01-14,41
530672,1964-09-17,F,False,False,usa,knoxville,TYS,35.812,-83.993,2023-01-14,62
530673,1964-06-19,M,True,True,usa,newark,EWR,40.692,-74.169,2023-01-14,62
530687,1974-03-15,F,True,True,usa,lubbock,LBB,33.664,-101.823,2023-01-14,52
530719,1975-06-02,F,False,False,usa,baltimore,BWI,39.175,-76.668,2023-01-14,51
530720,1981-07-07,F,True,False,canada,london,YXU,43.036,-81.154,2023-01-14,45
530773,1978-06-19,F,True,True,canada,calgary,YYC,51.114,-114.02,2023-01-14,48
530775,1973-09-02,F,True,False,usa,new york,JFK,40.64,-73.779,2023-01-14,53
530801,1980-01-23,M,False,True,canada,toronto,YKZ,43.862,-79.37,2023-01-14,46
530810,1984-11-15,F,True,False,canada,montreal,YMX,45.68,-74.039,2023-01-14,41
530833,1975-09-05,F,True,True,usa,houston,IAH,29.98,-95.34,2023-01-14,51
530869,1990-07-18,F,False,True,usa,amarillo,AMA,35.219,-101.706,2023-01-14,36
530873,2003-10-23,M,False,True,usa,phoenix,PHX,33.434,-112.008,2023-01-14,22
530881,1987-01-22,F,False,True,usa,jacksonville,NCA,34.708,-77.439,2023-01-14,39
530978,1969-12-26,F,True,False,usa,houston,EFD,29.607,-95.159,2023-01-14,56
531027,1978-07-10,F,True,True,usa,new york,LGA,40.777,-73.872,2023-01-15,48
531031,1944-12-19,F,True,False,usa,san francisco,SFO,37.619,-122.375,2023-01-15,81
531054,1983-08-08,F,False,False,usa,tampa,TPA,27.975,-82.533,2023-01-15,43
531073,1991-11-16,F,False,False,usa,phoenix,LUF,33.535,-112.383,2023-01-15,34
531144,1968-05-03,F,True,True,usa,indianapolis,IND,39.717,-86.294,2023-01-15,58
531158,1983-08-05,F,False,False,usa,newark,EWR,40.692,-74.169,2023-01-15,43
531253,1972-10-28,F,True,True,usa,new york,LGA,40.777,-73.872,2023-01-15,53
531255,1987-08-24,F,True,True,usa,buffalo,BUF,42.94,-78.732,2023-01-15,39
531447,1968-04-25,F,True,False,usa,newport news,PHF,37.132,-76.493,2023-01-15,58
531456,2005-02-26,F,False,False,canada,vancouver,YVR,49.195,-123.182,2023-01-15,21
531467,1990-06-02,F,False,False,usa,san antonio,RND,29.529,-98.279,2023-01-15,36
531475,2006-10-21,M,False,False,canada,toronto,YTZ,43.627,-79.396,2023-01-15,19
531500,1945-11-21,F,True,False,usa,dallas,DAL,32.847,-96.852,2023-01-15,80
531568,1983-03-08,F,False,False,usa,austin,AUS,30.194,-97.67,2023-01-15,43
531615,2003-12-12,F,False,True,usa,oakland,OAK,37.721,-122.221,2023-01-15,22
531654,1977-01-16,F,False,False,usa,honolulu,HNL,21.316,-157.927,2023-01-15,49
531670,1968-01-20,F,True,False,usa,los angeles,LAX,33.942,-118.408,2023-01-15,58
531735,2003-01-09,F,False,False,usa,oakland,OAK,37.721,-122.221,2023-01-15,23
531739,1985-06-06,F,False,False,usa,tampa,TPA,27.975,-82.533,2023-01-15,41
531744,1970-09-27,F,True,False,usa,columbus,CMH,39.998,-82.892,2023-01-15,56
531745,2000-12-05,F,False,False,canada,edmonton,YEG,53.31,-113.58,2023-01-15,25
531777,1985-03-22,F,False,False,usa,columbus,CMH,39.998,-82.892,2023-01-15,41
531795,1953-09-18,F,False,False,usa,san francisco,SFO,37.619,-122.375,2023-01-15,73
531803,2000-01-25,F,False,False,usa,detroit,YIP,42.238,-83.53,2023-01-15,26
531807,1986-09-23,F,False,False,usa,phoenix,LUF,33.535,-112.383,2023-01-15,40
531834,2005-12-05,F,False,False,usa,los angeles,LAX,33.942,-118.408,2023-01-15,20
531857,2003-02-05,F,False,False,usa,philadelphia,PHL,39.872,-75.241,2023-01-15,23
531921,1978-05-25,F,False,False,canada,saskatoon,YXE,52.171,-106.7,2023-01-15,48
531926,1995-07-28,F,False,False,usa,san diego,NZY,32.699,-117.215,2023-01-15,31
531931,1984-05-26,F,False,False,usa,san jose,SJC,37.362,-121.929,2023-01-15,42
531959,1992-10-02,F,False,False,usa,oakland,OAK,37.721,-122.221,2023-01-15,33
531971,1965-06-05,F,True,True,usa,burlington,BTV,44.472,-73.153,2023-01-15,61
531994,1980-08-28,F,True,False,canada,calgary,YYC,51.114,-114.02,2023-01-15,46
532063,1970-08-14,F,True,False,usa,chicago,UGN,42.422,-87.868,2023-01-15,56
532101,1997-12-25,F,False,False,usa,oakland,OAK,37.721,-122.221,2023-01-15,28
532119,1971-11-04,F,True,False,canada,toronto,YTZ,43.627,-79.396,2023-01-15,54
532215,1974-12-06,F,True,False,usa,san francisco,SFO,37.619,-122.375,2023-01-15,51
532258,1982-10-16,F,False,True,canada,montreal,YUL,45.468,-73.741,2023-01-15,43
532259,1968-10-08,M,True,True,usa,dallas,DAL,32.847,-96.852,2023-01-15,57
532279,2006-08-13,F,False,False,usa,el paso,ELP,31.807,-106.378,2023-01-15,20
532312,1978-11-22,F,True,False,usa,kansas city,MCI,39.297,-94.714,2023-01-15,47
532361,1978-08-16,F,False,False,canada,montreal,YUL,45.468,-73.741,2023-01-15,48
532387,1985-08-11,F,False,False,usa,denver,DEN,39.858,-104.667,2023-01-15,41
532390,1978-11-05,F,True,True,usa,chicago,ORD,41.979,-87.904,2023-01-15,47
532410,1996-04-19,F,False,False,usa,denver,DEN,39.858,-104.667,2023-01-15,30
532432,1955-01-18,F,True,False,usa,houston,IAH,29.98,-95.34,2023-01-15,71
532433,1992-08-27,F,False,True,usa,portland,PDX,45.589,-122.597,2023-01-15,34
532500,1984-08-13,F,False,True,canada,winnipeg,YWG,49.91,-97.234,2023-01-15,42
532519,1974-10-13,F,True,False,usa,tulsa,TUL,36.198,-95.888,2023-01-15,51
532622,1974-03-19,F,True,False,usa,kansas city,MCI,39.297,-94.714,2023-01-15,52
532651,1989-04-13,F,False,True,canada,toronto,YKZ,43.862,-79.37,2023-01-15,37
532653,1976-02-21,F,False,False,usa,los angeles,LAX,33.942,-118.408,2023-01-15,50
532656,1991-04-04,F,False,False,usa,reno,RNO,39.498,-119.768,2023-01-15,35
532705,1982-02-15,F,True,False,canada,halifax,YHZ,44.881,-63.509,2023-01-15,44
532710,1999-01-26,M,False,False,canada,toronto,YZD,43.742,-79.466,2023-01-15,27
532711,2000-12-12,F,True,False,usa,new york,JFK,40.64,-73.779,2023-01-15,25
532725,1984-11-19,F,False,False,usa,corpus christi,CRP,27.77,-97.501,2023-01-15,41
532730,2006-10-24,F,False,False,usa,detroit,YIP,42.238,-83.53,2023-01-15,19
532748,1983-06-01,F,False,True,usa,austin,AUS,30.194,-97.67,2023-01-15,43
532835,1981-04-28,M,False,True,canada,vancouver,YVR,49.195,-123.182,2023-01-15,45
532843,1983-06-19,F,True,False,canada,windsor,YQG,42.276,-82.956,2023-01-15,43
532866,1973-03-23,F,True,True,usa,san antonio,SKF,29.384,-98.581,2023-01-15,53
532905,2001-01-23,F,False,False,usa,washington,IAD,38.944,-77.456,2023-01-15,25
533048,1975-10-18,M,True,True,usa,chicago,ORD,41.979,-87.904,2023-01-15,50
533117,1973-07-26,F,False,False,usa,charlotte,CLT,35.214,-80.943,2023-01-15,53
533123,1982-08-10,M,False,True,canada,edmonton,YED,53.667,-113.467,2023-01-16,44
533129,1985-07-06,F,False,False,usa,new york,LGA,40.777,-73.872,2023-01-16,41
533187,1954-08-19,F,True,False,usa,denver,DEN,39.858,-104.667,2023-01-16,72
533204,2001-10-04,F,False,False,usa,phoenix,LUF,33.535,-112.383,2023-01-16,24
533211,1971-02-04,M,False,True,usa,austin,AUS,30.194,-97.67,2023-01-16,55
533222,1970-01-04,F,True,True,usa,seattle,SEA,47.449,-122.309,2023-01-16,56
533283,1971-08-24,F,False,False,usa,orlando,ORL,28.545,-81.333,2023-01-16,55
533291,1983-04-05,F,True,False,usa,tucson,TUS,32.116,-110.941,2023-01-16,43
533302,1983-03-05,F,False,False,usa,corpus christi,CRP,27.77,-97.501,2023-01-16,43
533327,1964-12-11,F,True,True,usa,winston-salem,INT,36.134,-80.222,2023-01-16,61
533357,1983-05-06,M,False,False,usa,san francisco,SFO,37.619,-122.375,2023-01-16,43
533378,1983-10-26,F,True,True,usa,long beach,LGB,33.818,-118.151,2023-01-16,42
533393,1965-02-20,F,True,True,usa,columbus,LCK,39.814,-82.928,2023-01-16,61
533402,1994-08-15,F,False,False,usa,chicago,UGN,42.422,-87.868,2023-01-16,32
533404,1984-09-23,F,True,False,canada,ottawa,YOW,45.323,-75.669,2023-01-16,42
533411,1988-08-21,F,False,False,usa,new york,JFK,40.64,-73.779,2023-01-16,38
533464,1967-01-11,F,True,True,usa,washington,DCA,38.852,-77.037,2023-01-16,59
533490,1983-07-24,F,False,False,usa,baltimore,BWI,39.175,-76.668,2023-01-16,43
533497,1987-11-28,F,False,False,usa,madison,MSN,43.14,-89.337,2023-01-16,38
533518,1972-09-04,F,True,False,usa,los angeles,LAX,33.942,-118.408,2023-01-16,54
533527,1998-08-16,F,True,False,usa,los angeles,LAX,33.942,-118.408,2023-01-16,28
533542,1976-09-01,F,True,False,usa,las vegas,LAS,36.08,-115.152,2023-01-16,50
533550,1990-04-03,F,True,True,usa,new york,LGA,40.777,-73.872,2023-01-16,36
533617,1978-01-21,F,True,True,usa,dallas,DAL,32.847,-96.852,2023-01-16,48
533759,1978-08-03,F,True,True,usa,louisville,LOU,38.228,-85.664,2023-01-16,48
533827,1975-01-19,F,False,False,canada,edmonton,YXD,53.573,-113.521,2023-01-16,51
533846,1989-04-24,F,True,False,usa,chicago,UGN,42.422,-87.868,2023-01-16,37
533859,1967-01-05,F,True,False,canada,edmonton,YED,53.667,-113.467,2023-01-16,59
533908,1997-10-09,F,False,False,usa,austin,AUS,30.194,-97.67,2023-01-16,28
533932,1990-01-10,F,True,True,usa,corpus christi,CRP,27.77,-97.501,2023-01-16,36
533985,1991-02-07,F,False,False,usa,los angeles,LAX,33.942,-118.408,2023-01-16,35
534045,1981-07-13,F,True,False,usa,newport news,PHF,37.132,-76.493,2023-01-16,45
534082,1963-01-20,F,True,True,usa,nashville,BNA,36.124,-86.678,2023-01-16,63
534179,1983-08-08,F,True,False,usa,san francisco,SFO,37.619,-122.375,2023-01-16,43
534190,1985-06-23,M,True,True,canada,windsor,YQG,42.276,-82.956,2023-01-16,41
534254,2000-10-23,F,False,False,canada,calgary,YYC,51.114,-114.02,2023-01-16,25
534351,1982-08-28,F,False,False,usa,houston,IAH,29.98,-95.34,2023-01-16,44
534360,1981-10-14,F,False,True,canada,montreal,YUL,45.468,-73.741,2023-01-16,44
534445,1980-02-28,F,True,False,usa,jacksonville,NZC,30.219,-81.876,2023-01-16,46
534474,1979-10-09,M,False,False,usa,stockton,SCK,37.894,-121.239,2023-01-16,46
534586,1986-01-10,F,False,True,canada,quebec,YQB,46.788,-71.398,2023-01-16,40
534604,1997-10-01,F,False,False,canada,vancouver,YVR,49.195,-123.182,2023-01-16,28
534607,1988-12-27,F,False,False,usa,milwaukee,MKE,42.947,-87.896,2023-01-16,37
534608,1987-03-20,F,True,False,usa,baton rouge,BTR,30.533,-91.149,2023-01-16,39
534661,2005-07-21,F,False,True,usa,austin,AUS,30.194,-97.67,2023-01-16,21
534688,1986-09-02,F,False,True,usa,louisville,LOU,38.228,-85.664,2023-01-16,40
534703,1990-04-02,F,False,False,usa,tampa,TPA,27.975,-82.533,2023-01-16,36
534747,1987-03-08,F,False,False,usa,san jose,SJC,37.362,-121.929,2023-01-16,39
534782,1997-12-23,F,False,False,usa,kansas city,MCI,39.297,-94.714,2023-01-16,28
534793,2006-09-13,F,False,True,canada,edmonton,YEG,53.31,-113.58,2023-01-16,20
534825,1995-05-02,F,False,True,canada,toronto,YKZ,43.862,-79.37,2023-01-16,31
534840,1978-05-27,F,False,False,usa,indianapolis,IND,39.717,-86.294,2023-01-16,48
534957,1974-08-27,F,True,False,canada,calgary,YYC,51.114,-114.02,2023-01-16,52
535003,1966-07-07,F,True,False,usa,brownsville,BRO,25.907,-97.426,2023-01-16,60
535007,1981-02-01,F,False,False,canada,toronto,YZD,43.742,-79.466,2023-01-16,45
535024,1987-04-07,F,False,False,usa,san antonio,RND,29.529,-98.279,2023-01-16,39
535035,1972-04-20,F,False,True,usa,new york,LGA,40.777,-73.872,2023-01-16,54
535051,1975-03-04,F,True,False,usa,new york,LGA,40.777,-73.872,2023-01-16,51
535063,1986-06-11,F,False,False,usa,los angeles,LAX,33.942,-118.408,2023-01-16,40
535099,1987-01-13,M,False,False,usa,buffalo,BUF,42.94,-78.732,2023-01-16,39
535135,1976-05-15,F,True,False,canada,winnipeg,YAV,50.056,-97.032,2023-01-17,50
535229,1983-03-10,M,False,False,usa,new york,LGA,40.777,-73.872,2023-01-17,43
535266,1978-09-15,F,True,True,canada,edmonton,YED,53.667,-113.467,2023-01-17,48
535311,1981-10-09,F,True,True,usa,houston,IAH,29.98,-95.34,2023-01-17,44
535341,1976-11-20,F,True,False,usa,tulsa,TUL,36.198,-95.888,2023-01-17,49
535398,1983-09-11,M,False,False,usa,omaha,OFF,41.118,-95.913,2023-01-17,43
535441,1977-07-19,M,True,True,canada,calgary,YYC,51.114,-114.02,2023-01-17,49
535459,1995-11-12,M,False,False,usa,lincoln,LNK,40.851,-96.759,2023-01-17,30
535473,1963-12-09,F,True,False,usa,chicago,MDW,41.786,-87.752,2023-01-17,62
535502,1984-09-14,F,False,True,usa,columbus,LCK,39.814,-82.928,2023-01-17,42
535553,1983-11-18,F,False,False,canada,london,YXU,43.036,-81.154,2023-01-17,42
535595,1971-01-02,F,True,True,usa,atlanta,ATL,33.64,-84.427,2023-01-17,55
535610,1986-10-21,F,True,False,usa,kansas city,MCI,39.297,-94.714,2023-01-17,39
535625,1995-06-11,F,False,True,canada,hamilton,YHM,43.173,-79.935,2023-01-17,31
535706,1969-01-27,F,False,True,usa,los angeles,LAX,33.942,-118.408,2023-01-17,57
535737,2002-04-07,F,False,False,canada,edmonton,YEG,53.31,-113.58,2023-01-17,24
535746,1981-06-14,F,True,False,usa,new orleans,MSY,29.993,-90.258,2023-01-17,45
535791,1982-07-08,F,True,False,usa,orlando,MCO,28.429,-81.316,2023-01-17,44
535795,1969-11-21,F,True,True,usa,dallas,DAL,32.847,-96.852,2023-01-17,56
535885,1978-12-19,F,True,False,usa,new york,JFK,40.64,-73.779,2023-01-17,47
535896,1982-11-18,F,True,True,usa,indianapolis,IND,39.717,-86.294,2023-01-17,43
535912,1983-02-21,F,False,False,usa,austin,AUS,30.194,-97.67,2023-01-17,43
535942,1979-11-22,F,True,True,usa,boston,BOS,42.364,-71.005,2023-01-17,46
535983,1973-02-22,F,False,True,usa,honolulu,HNL,21.316,-157.927,2023-01-17,53
536000,1992-12-07,M,False,False,canada,edmonton,YXD,53.573,-113.521,2023-01-17,33
536016,1988-09-23,F,True,True,usa,oakland,OAK,37.721,-122.221,2023-01-17,38
536034,1968-09-01,F,True,True,canada,halifax,YAW,44.64,-63.499,2023-01-17,58
536035,1995-11-09,M,False,False,usa,new york,LGA,40.777,-73.872,2023-01-17,30
536066,1981-12-18,F,False,False,usa,rochester,ROC,43.119,-77.672,2023-01-17,44
536086,1969-10-11,F,True,True,usa,miami,OPF,25.907,-80.278,2023-01-17,56
536135,1956-08-16,F,False,False,usa,minneapolis,MSP,44.88,-93.217,2023-01-17,70
536212,1997-04-16,M,False,False,usa,st. louis,STL,38.748,-90.36,2023-01-17,29
536228,2006-09-17,F,False,False,usa,orlando,ORL,28.545,-81.333,2023-01-17,20
536229,1979-10-28,M,False,True,usa,sacramento,MCC,38.667,-121.401,2023-01-17,46
536313,1995-10-13,F,True,True,usa,houston,IAH,29.98,-95.34,2023-01-17,30
536387,1972-06-24,F,False,False,usa,chicago,ORD,41.979,-87.904,2023-01-17,54
536467,1989-02-11,F,True,False,usa,chicago,UGN,42.422,-87.868,2023-01-17,37
536469,1991-06-21,F,False,False,usa,cleveland,CLE,41.412,-81.85,2023-01-17,35
536474,1986-04-09,F,False,False,usa,reno,RNO,39.498,-119.768,2023-01-17,40
536488,2006-08-14,F,False,False,usa,new york,JFK,40.64,-73.779,2023-01-17,20
536489,1977-01-11,F,True,False,usa,oklahoma city,TIK,35.415,-97.386,2023-01-17,49
536574,1972-04-11,F,True,True,canada,calgary,YYC,51.114,-114.02,2023-01-17,54
536594,1954-10-15,F,False,False,usa,mobile,BFM,30.626,-88.068,2023-01-17,71
536604,1972-04-12,F,False,False,usa,cleveland,CLE,41.412,-81.85,2023-01-17,54
536622,1974-11-17,F,False,False,usa,chicago,ORD,41.979,-87.904,2023-01-17,51
536651,1986-12-28,F,False,False,usa,long beach,LGB,33.818,-118.151,2023-01-17,39
536656,1983-03-20,F,False,True,usa,houston,IAH,29.98,-95.34,2023-01-17,43
536672,1990-02-03,F,False,True,usa,boston,BOS,42.364,-71.005,2023-01-17,36
536763,1983-09-20,F,True,False,usa,new york,LGA,40.777,-73.872,2023-01-17,43
536764,1970-09-01,F,True,False,canada,montreal,YUL,45.468,-73.741,2023-01-17,56
536782,1978-08-08,F,True,True,canada,windsor,YQG,42.276,-82.956,2023-01-17,48
536843,1978-07-13,F,True,False,canada,vancouver,YVR,49.195,-123.182,2023-01-17,48
536951,1982-03-23,F,False,False,canada,quebec,YQB,46.788,-71.398,2023-01-17,44
536964,1989-06-17,F,False,True,usa,jacksonville,NIP,30.236,-81.681,2023-01-17,37
536995,1992-05-14,F,False,False,canada,london,YXU,43.036,-81.154,2023-01-17,34
537038,1973-04-14,F,True,True,usa,san jose,SJC,37.362,-121.929,2023-01-17,53
537121,1969-08-28,F,True,False,usa,san diego,SAN,32.733,-117.189,2023-01-17,57
537123,1979-08-08,F,False,False,usa,detroit,DET,42.409,-83.01,2023-01-17,47
537212,2002-05-05,F,False,True,usa,san antonio,SAT,29.534,-98.47,2023-01-18,24
537227,1993-06-18,F,False,True,usa,montgomery,MXF,32.379,-86.362,2023-01-18,33
537289,1975-03-13,F,True,True,usa,el paso,ELP,31.807,-106.378,2023-01-18,51
537412,1971-01-08,M,True,False,usa,new york,JFK,40.64,-73.779,2023-01-18,55
537413,1975-10-12,F,True,False,canada,montreal,YMX,45.68,-74.039,2023-01-18,50
537414,1984-10-19,F,True,False,canada,ottawa,YOW,45.323,-75.669,2023-01-18,41
537580,2006-09-17,F,False,False,usa,portland,PDX,45.589,-122.597,2023-01-18,20
537586,1977-06-10,F,False,True,usa,tallahassee,TLH,30.396,-84.35,2023-01-18,49
537659,1997-06-19,F,False,True,usa,long beach,LGB,33.818,-118.151,2023-01-18,29
537676,1975-07-11,F,True,False,usa,birmingham,BHM,33.563,-86.753,2023-01-18,51
537688,1964-03-16,F,False,False,usa,rochester,ROC,43.119,-77.672,2023-01-18,62
537776,1989-04-22,F,False,False,usa,houston,EFD,29.607,-95.159,2023-01-18,37
537834,1985-10-04,F,False,False,usa,little rock,LIT,34.729,-92.224,2023-01-18,40
537860,1996-07-03,F,False,False,usa,des moines,DSM,41.534,-93.663,2023-01-18,30
537904,1991-07-11,F,False,True,canada,toronto,YZD,43.742,-79.466,2023-01-18,35
537922,1970-03-20,F,True,False,canada,montreal,YUL,45.468,-73.741,2023-01-18,56
537926,1953-09-24,F,True,False,canada,ottawa,YOW,45.323,-75.669,2023-01-18,73
538084,1968-01-28,M,False,False,usa,denver,DEN,39.858,-104.667,2023-01-18,58
538112,1972-10-26,F,True,False,usa,new york,LGA,40.777,-73.872,2023-01-18,53
538131,1974-02-06,O,False,True,usa,kansas city,MCI,39.297,-94.714,2023-01-18,52
538147,1973-01-22,F,True,True,usa,los angeles,LAX,33.942,-118.408,2023-01-18,53
538260,1973-12-20,F,False,False,usa,louisville,LOU,38.228,-85.664,2023-01-18,52
538270,1990-01-23,F,False,False,usa,fort worth,FTW,32.82,-97.362,2023-01-18,36
538274,1964-03-01,F,True,False,usa,boston,BOS,42.364,-71.005,2023-01-18,62
538279,1975-01-17,O,False,False,usa,dallas,DAL,32.847,-96.852,2023-01-18,51
538319,1985-10-11,F,False,False,usa,los angeles,LAX,33.942,-118.408,2023-01-18,40
538349,1968-05-20,F,True,False,usa,birmingham,BHM,33.563,-86.753,2023-01-18,58
538350,1988-01-01,F,False,True,usa,lincoln,LNK,40.851,-96.759,2023-01-18,38
538432,1975-10-03,F,True,False,usa,fort worth,FTW,32.82,-97.362,2023-01-18,51
538438,1975-01-21,F,False,False,usa,milwaukee,MKE,42.947,-87.896,2023-01-18,51
538441,1983-06-13,F,True,False,canada,montreal,YHU,45.517,-73.417,2023-01-18,43
538458,1971-10-09,F,True,True,usa,cincinnati,LUK,39.103,-84.419,2023-01-18,54
538463,2001-10-23,F,False,True,usa,jacksonville,JAX,30.494,-81.688,2023-01-18,24
538511,2001-01-22,F,False,True,usa,dallas,DAL,32.847,-96.852,2023-01-18,25
538529,1983-06-02,F,False,False,usa,philadelphia,PHL,39.872,-75.241,2023-01-18,43
538538,1971-11-13,F,True,False,usa,spokane,SKA,47.615,-117.656,2023-01-18,54
538608,1982-07-12,F,False,True,usa,riverside,RAL,33.952,-117.445,2023-01-18,44
538666,1991-01-13,M,True,False,usa,new york,LGA,40.777,-73.872,2023-01-18,35
538680,1983-06-13,F,True,False,usa,tulsa,TUL,36.198,-95.888,2023-01-18,43
538788,1997-04-08,F,False,False,usa,st. louis,STL,38.748,-90.36,2023-01-18,29
538944,1972-06-13,F,True,False,usa,houston,HOU,29.645,-95.279,2023-01-18,54
538976,1975-01-21,F,False,False,usa,phoenix,PHX,33.434,-112.008,2023-01-18,51
539135,1967-06-14,M,False,False,usa,indianapolis,IND,39.717,-86.294,2023-01-19,59
539209,1975-06-24,M,True,False,usa,houston,IAH,29.98,-95.34,2023-01-19,51
539221,1970-06-26,F,True,True,usa,new york,JFK,40.64,-73.779,2023-01-19,56
539267,1982-01-26,F,True,False,usa,philadelphia,PHL,39.872,-75.241,2023-01-19,44
539283,1971-02-18,F,True,False,usa,las vegas,LSV,36.236,-115.034,2023-01-19,55
539304,2006-05-01,F,False,False,usa,san jose,SJC,37.362,-121.929,2023-01-19,20
539307,1985-10-08,F,False,True,usa,new york,LGA,40.777,-73.872,2023-01-19,40
539320,1983-03-12,F,False,False,usa,birmingham,BHM,33.563,-86.753,2023-01-19,43
539337,1995-08-20,F,False,True,usa,los angeles,LAX,33.942,-118.408,2023-01-19,31
539338,1986-01-06,F,False,False,usa,new york,LGA,40.777,-73.872,2023-01-19,40
539426,1955-07-09,F,True,False,canada,toronto,YKZ,43.862,-79.37,2023-01-19,71
539453,2005-08-01,F,False,True,usa,philadelphia,PNE,40.082,-75.011,2023-01-19,21
539460,1975-07-18,M,False,False,canada,toronto,YTZ,43.627,-79.396,2023-01-19,51
539542,1942-01-26,F,False,False,usa,san antonio,SKF,29.384,-98.581,2023-01-19,84
539625,1977-08-01,F,True,False,usa,winston-salem,INT,36.134,-80.222,2023-01-19,49
539627,1973-06-24,F,False,False,usa,new york,JFK,40.64,-73.779,2023-01-19,53
539648,1980-08-28,F,False,False,usa,new york,LGA,40.777,-73.872,2023-01-19,46
539710,1972-08-20,F,False,False,usa,los angeles,LAX,33.942,-118.408,2023-01-19,54
539729,1989-04-22,F,False,False,usa,new orleans,MSY,29.993,-90.258,2023-01-19,37
539782,1986-07-07,F,True,False,usa,phoenix,LUF,33.535,-112.383,2023-01-19,40
539794,1981-07-26,M,True,True,usa,new york,LGA,40.777,-73.872,2023-01-19,45
539855,1982-04-26,F,False,False,usa,chicago,MDW,41.786,-87.752,2023-01-19,44
539864,1977-06-12,F,False,False,usa,little rock,LIT,34.729,-92.224,2023-01-19,49
539866,2000-07-17,F,True,False,usa,chicago,MDW,41.786,-87.752,2023-01-19,26
539868,1987-09-08,F,False,True,canada,victoria,YYJ,48.647,-123.426,2023-01-19,39
539883,1977-04-16,F,False,False,usa,new york,JFK,40.64,-73.779,2023-01-19,49
539888,1999-01-12,F,False,False,usa,philadelphia,PNE,40.082,-75.011,2023-01-19,27
539912,1968-02-17,F,True,False,usa,fresno,FAT,36.776,-119.718,2023-01-19,58
539916,1985-08-21,F,False,False,usa,jacksonville,LRF,34.918,-92.146,2023-01-19,41
539919,1943-07-09,F,True,False,canada,vancouver,YVR,49.195,-123.182,2023-01-19,83
539953,1988-06-01,M,True,True,usa,new york,LGA,40.777,-73.872,2023-01-19,38
540029,1960-09-26,F,True,True,usa,columbus,LCK,39.814,-82.928,2023-01-19,66
540043,1991-10-14,M,False,False,usa,austin,AUS,30.194,-97.67,2023-01-19,34
540138,1976-02-26,M,True,True,usa,miami,TNT,25.862,-80.897,2023-01-19,50
540147,1981-01-18,M,False,True,usa,el paso,ELP,31.807,-106.378,2023-01-19,45
540180,1971-05-12,F,True,False,usa,los angeles,LAX,33.942,-118.408,2023-01-19,55
540199,1971-08-16,F,False,False,usa,shreveport,SHV,32.446,-93.826,2023-01-19,55
540244,1985-10-03,F,False,False,canada,montreal,YMX,45.68,-74.039,2023-01-19,40
540302,1968-03-28,F,True,False,usa,louisville,LOU,38.228,-85.664,2023-01-19,58
540306,1993-10-25,F,False,False,canada,toronto,YTZ,43.627,-79.396,2023-01-19,32
540319,1972-07-07,F,True,True,usa,anchorage,MRI,61.214,-149.846,2023-01-19,54
540347,1996-11-26,F,False,True,usa,san antonio,SKF,29.384,-98.581,2023-01-19,29
540348,1985-12-13,F,True,True,usa,philadelphia,PHL,39.872,-75.241,2023-01-19,40
540413,1993-02-11,F,False,False,usa,nashville,BNA,36.124,-86.678,2023-01-19,33
540455,1990-03-13,F,False,False,usa,los angeles,LAX,33.942,-118.408,2023-01-19,36
540502,1984-11-20,F,True,False,usa,denver,DEN,39.858,-104.667,2023-01-19,41
540527,1981-04-15,F,False,False,usa,san diego,SAN,32.733,-117.189,2023-01-19,45
540557,1971-04-12,M,True,True,usa,detroit,DTW,42.212,-83.353,2023-01-19,55
540580,1977-10-06,F,True,True,usa,san antonio,SAT,29.534,-98.47,2023-01-19,48
540605,2001-01-25,F,False,False,usa,los angeles,LAX,33.942,-118.408,2023-01-19,25
540614,1992-07-05,F,False,False,usa,new york,JFK,40.64,-73.779,2023-01-19,34
540622,1976-10-10,F,False,False,usa,chicago,ORD,41.979,-87.904,2023-01-19,49
540652,1968-10-06,F,True,True,usa,boston,BOS,42.364,-71.005,2023-01-19,58
540653,1983-03-03,F,True,True,canada,london,YXU,43.036,-81.154,2023-01-19,43
540654,1974-08-20,F,False,True,usa,san antonio,SKF,29.384,-98.581,2023-01-19,52
540656,1984-07-15,F,True,False,canada,calgary,YYC,51.114,-114.02,2023-01-19,42
540664,1990-01-25,F,True,True,canada,windsor,YQG,42.276,-82.956,2023-01-19,36
540718,1983-04-08,F,True,False,usa,los angeles,LAX,33.942,-118.408,2023-01-19,43
540777,1957-05-09,F,True,False,usa,new york,LGA,40.777,-73.872,2023-01-19,69
540837,1974-05-18,F,True,True,canada,toronto,YZD,43.742,-79.466,2023-01-19,52
540857,1987-04-08,F,True,False,usa,lubbock,LBB,33.664,-101.823,2023-01-19,39
540863,1976-10-22,F,True,True,usa,los angeles,LAX,33.942,-118.408,2023-01-19,49
540924,1976-06-08,F,False,False,canada,ottawa,YOW,45.323,-75.669,2023-01-19,50
541001,1982-10-26,F,False,True,canada,victoria,YYJ,48.647,-123.426,2023-01-19,43
541034,2006-05-15,F,False,False,usa,san antonio,SAT,29.534,-98.47,2023-01-19,20
541040,1995-10-13,F,False,False,usa,los angeles,LAX,33.942,-118.408,2023-01-19,30
541041,2005-04-14,F,False,False,canada,montreal,YMX,45.68,-74.039,2023-01-19,21
541061,1984-11-14,F,False,True,usa,milwaukee,MKE,42.947,-87.896,2023-01-19,41
541084,1972-05-16,F,False,False,usa,memphis,MEM,35.042,-89.977,2023-01-19,54
541150,1990-01-27,F,False,False,usa,akron,AKR,41.038,-81.467,2023-01-19,36
541162,1980-07-28,M,False,True,usa,houston,IAH,29.98,-95.34,2023-01-19,46
541168,1984-10-06,F,True,False,usa,los angeles,LAX,33.942,-118.408,2023-01-19,41
541176,1984-04-16,F,False,True,usa,new york,LGA,40.777,-73.872,2023-01-19,42
541216,1998-09-01,F,False,False,usa,charlotte,CLT,35.214,-80.943,2023-01-19,28
541235,1975-07-18,F,True,False,usa,san diego,SAN,32.733,-117.189,2023-01-19,51
541240,1997-07-13,F,True,False,usa,lincoln,LNK,40.851,-96.759,2023-01-19,29
541259,1979-04-16,F,False,False,canada,edmonton,YXD,53.573,-113.521,2023-01-19,47
541262,1986-01-01,F,True,True,canada,calgary,YYC,51.114,-114.02,2023-01-19,40
541289,1979-03-11,F,True,False,usa,orlando,ORL,28.545,-81.333,2023-01-19,47
541326,1978-12-05,F,True,False,canada,london,YXU,43.036,-81.154,2023-01-20,47
541382,1984-05-20,F,True,True,usa,new york,JFK,40.64,-73.779,2023-01-20,42
541389,1994-11-17,F,False,False,usa,detroit,YIP,42.238,-83.53,2023-01-20,31
541454,1968-03-28,F,False,True,usa,boston,BOS,42.364,-71.005,2023-01-20,58
541505,1981-05-05,F,False,False,usa,los angeles,LAX,33.942,-118.408,2023-01-20,45
541540,1972-02-18,M,True,True,usa,san diego,NZY,32.699,-117.215,2023-01-20,54
541649,1986-07-24,F,False,False,usa,houston,HOU,29.645,-95.279,2023-01-20,40
541672,1979-12-14,F,True,False,usa,austin,AUS,30.194,-97.67,2023-01-20,46
541699,1977-06-20,F,True,False,usa,modesto,MOD,37.626,-120.954,2023-01-20,49
541734,1985-06-22,F,False,False,usa,los angeles,LAX,33.942,-118.408,2023-01-20,41
541752,1985-06-09,F,False,False,usa,charlotte,CLT,35.214,-80.943,2023-01-20,41
541764,1976-10-28,F,True,False,usa,baton rouge,BTR,30.533,-91.149,2023-01-20,49
541878,1997-08-14,F,True,False,usa,milwaukee,MKE,42.947,-87.896,2023-01-20,29
541921,1968-12-21,F,False,False,usa,san antonio,SAT,29.534,-98.47,2023-01-20,57
541923,1976-06-19,F,False,False,usa,oakland,OAK,37.721,-122.221,2023-01-20,50
541980,1960-09-02,F,True,False,usa,jacksonville,NIP,30.236,-81.681,2023-01-20,66
541988,2006-03-04,F,False,False,usa,newport news,PHF,37.132,-76.493,2023-01-20,20
541998,1982-04-27,F,False,False,canada,ottawa,YOW,45.323,-75.669,2023-01-20,44
541999,1951-08-10,F,True,False,usa,denver,DEN,39.858,-104.667,2023-01-20,75
542012,1978-06-24,F,False,False,usa,nashville,BNA,36.124,-86.678,2023-01-20,48
542059,1973-05-02,F,True,False,canada,calgary,YYC,51.114,-114.02,2023-01-20,53
542065,1976-03-19,M,True,False,canada,toronto,YZD,43.742,-79.466,2023-01-20,50
542080,1967-06-15,F,False,False,usa,lubbock,LBB,33.664,-101.823,2023-01-20,59
542142,1980-07-14,M,True,True,usa,long beach,LGB,33.818,-118.151,2023-01-20,46
542194,1987-05-09,F,True,True,usa,el paso,ELP,31.807,-106.378,2023-01-20,39
542196,1965-07-04,F,True,False,usa,burlington,BTV,44.472,-73.153,2023-01-20,61
542208,1985-07-11,F,True,True,usa,san diego,SAN,32.733,-117.189,2023-01-20,41
542254,1979-10-26,F,True,False,usa,montgomery,MXF,32.379,-86.362,2023-01-20,46
542270,1981-06-25,F,False,False,usa,tulsa,TUL,36.198,-95.888,2023-01-20,45
542282,1975-11-01,F,False,False,usa,san jose,SJC,37.362,-121.929,2023-01-20,50
542316,2001-04-05,F,False,False,usa,phoenix,LUF,33.535,-112.383,2023-01-20,25
542326,1987-03-14,F,True,True,canada,quebec,YQB,46.788,-71.398,2023-01-20,39
542334,1969-02-13,F,True,True,canada,gatineau,YND,45.521,-75.564,2023-01-20,57
542358,1986-02-02,M,True,False,usa,columbus,CMH,39.998,-82.892,2023-01-20,40
542451,1988-07-22,F,True,False,usa,new york,LGA,40.777,-73.872,2023-01-20,38
542471,1982-12-22,F,True,True,usa,san francisco,SFO,37.619,-122.375,2023-01-20,43
542482,1967-02-26,F,True,False,usa,san diego,SAN,32.733,-117.189,2023-01-20,59
542638,2005-04-11,F,True,True,usa,chicago,ORD,41.979,-87.904,2023-01-20,21
542657,1982-09-24,M,True,False,usa,new york,LGA,40.777,-73.872,2023-01-20,44
542663,1992-03-01,F,False,True,usa,las vegas,LAS,36.08,-115.152,2023-01-20,34
542752,1981-01-07,F,True,False,usa,san diego,NZY,32.699,-117.215,2023-01-20,45
542760,1985-12-05,F,False,False,usa,los angeles,LAX,33.942,-118.408,2023-01-20,40
542795,1975-01-20,F,True,True,canada,gatineau,YND,45.521,-75.564,2023-01-20,51
542805,1991-09-10,F,False,False,usa,new york,JFK,40.64,-73.779,2023-01-20,35
542812,1998-11-14,F,False,False,usa,new york,JFK,40.64,-73.779,2023-01-20,27
542815,2006-10-01,F,False,False,usa,riverside,RIV,33.881,-117.259,2023-01-20,19
542843,1969-03-13,F,True,True,usa,mobile,BFM,30.626,-88.068,2023-01-20,57
542874,1939-10-23,F,True,False,usa,milwaukee,MKE,42.947,-87.896,2023-01-20,86
542914,1985-11-24,F,False,False,usa,seattle,BFI,47.53,-122.302,2023-01-20,40
542918,1988-01-16,F,True,True,canada,toronto,YYZ,43.677,-79.631,2023-01-20,38
542965,2000-02-08,F,False,False,canada,quebec,YQB,46.788,-71.398,2023-01-20,26
542976,1980-05-05,F,True,True,usa,san diego,NZY,32.699,-117.215,2023-01-20,46
543038,1976-03-02,F,False,False,usa,memphis,MEM,35.042,-89.977,2023-01-20,50
543222,1985-05-05,F,True,False,usa,bakersfield,BFL,35.433,-119.057,2023-01-21,41
543237,1960-05-23,F,True,False,usa,denver,DEN,39.858,-104.667,2023-01-21,66
543273,1978-08-09,F,True,True,usa,omaha,OFF,41.118,-95.913,2023-01-21,48
543306,1986-07-18,F,False,True,usa,houston,IAH,29.98,-95.34,2023-01-21,40
543352,1979-07-25,F,False,False,usa,wichita,ICT,37.65,-97.433,2023-01-21,47
543497,1973-01-11,F,True,False,canada,montreal,YMX,45.68,-74.039,2023-01-21,53
543620,1987-02-20,F,False,False,usa,modesto,MOD,37.626,-120.954,2023-01-21,39
543660,2003-12-23,F,False,False,canada,toronto,YZD,43.742,-79.466,2023-01-21,22
543666,1987-07-11,F,True,False,usa,houston,IAH,29.98,-95.34,2023-01-21,39
543668,1990-06-17,F,False,False,canada,hamilton,YHM,43.173,-79.935,2023-01-21,36
543694,1965-10-07,F,True,False,usa,houston,EFD,29.607,-95.159,2023-01-21,61
543696,2006-04-16,F,False,False,canada,toronto,YYZ,43.677,-79.631,2023-01-21,20
543713,1988-10-02,M,False,True,usa,omaha,OFF,41.118,-95.913,2023-01-21,37
543723,1966-01-13,F,False,False,usa,new york,LGA,40.777,-73.872,2023-01-21,60
543728,1981-07-27,F,False,False,usa,seattle,SEA,47.449,-122.309,2023-01-21,45
543816,1999-11-04,F,False,False,usa,portland,PWM,43.646,-70.309,2023-01-21,26
543817,2006-01-20,F,False,False,usa,san antonio,RND,29.529,-98.279,2023-01-21,20
543826,1985-01-23,F,False,False,canada,gatineau,YND,45.521,-75.564,2023-01-21,41
543900,1985-05-05,F,False,False,usa,colorado springs,COS,38.806,-104.7,2023-01-21,41
543927,1986-10-20,F,False,False,usa,new orleans,MSY,29.993,-90.258,2023-01-21,39
543937,1979-06-18,F,False,False,usa,san francisco,SFO,37.619,-122.375,2023-01-21,47
544002,1980-05-14,F,False,True,usa,denver,DEN,39.858,-104.667,2023-01-21,46
544015,1989-08-25,F,False,False,usa,tampa,MCF,27.849,-82.521,2023-01-21,37
544163,1978-09-22,F,True,True,usa,new york,LGA,40.777,-73.872,2023-01-21,48
544207,1970-04-24,F,True,False,usa,new york,JFK,40.64,-73.779,2023-01-21,56
544254,1974-10-13,F,True,False,usa,phoenix,PHX,33.434,-112.008,2023-01-21,51
544271,1967-04-16,F,True,True,usa,knoxville,TYS,35.812,-83.993,2023-01-21,59
544367,1977-05-02,F,False,False,usa,new orleans,NBG,29.825,-90.035,2023-01-21,49
544406,1978-04-12,F,True,False,usa,bakersfield,BFL,35.433,-119.057,2023-01-21,48
544425,1989-12-05,F,True,True,usa,winston-salem,INT,36.134,-80.222,2023-01-21,36
544472,2006-05-04,F,False,False,usa,oakland,OAK,37.721,-122.221,2023-01-21,20
544480,1996-05-06,F,True,False,usa,oklahoma city,TIK,35.415,-97.386,2023-01-21,30
544495,1960-04-06,F,True,False,usa,new york,LGA,40.777,-73.872,2023-01-21,66
544497,2006-11-05,F,False,False,usa,columbus,LCK,39.814,-82.928,2023-01-21,19
544507,2003-02-13,M,False,False,usa,orlando,ORL,28.545,-81.333,2023-01-21,23
544513,1969-08-25,F,True,False,usa,new york,LGA,40.777,-73.872,2023-01-21,57
544536,1987-04-16,F,False,False,usa,chicago,ORD,41.979,-87.904,2023-01-21,39
544549,1984-02-07,F,False,False,usa,houston,HOU,29.645,-95.279,2023-01-21,42
544595,1987-11-18,F,False,False,usa,sacramento,MHR,38.554,-121.297,2023-01-21,38
544604,1971-11-13,M,False,False,usa,lubbock,LBB,33.664,-101.823,2023-01-21,54
544640,1978-05-26,M,False,False,usa,san antonio,RND,29.529,-98.279,2023-01-21,48
544680,1980-08-28,F,False,False,usa,dallas,DAL,32.847,-96.852,2023-01-21,46
544683,1976-12-21,F,True,False,usa,new york,JFK,40.64,-73.779,2023-01-21,49
544818,1994-07-26,F,False,False,usa,anchorage,ANC,61.174,-149.996,2023-01-21,32
544839,1979-02-04,F,False,False,usa,houston,IAH,29.98,-95.34,2023-01-21,47
544926,1985-07-21,F,False,True,usa,colorado springs,COS,38.806,-104.7,2023-01-21,41
545010,1967-03-19,F,False,False,usa,omaha,OFF,41.118,-95.913,2023-01-21,59
545012,1986-12-18,F,True,True,usa,oakland,OAK,37.721,-122.221,2023-01-21,39
545070,1989-10-12,F,False,True,canada,toronto,YZD,43.742,-79.466,2023-01-22,36
545089,2006-09-21,F,False,False,usa,louisville,LOU,38.228,-85.664,2023-01-22,20
545109,1991-09-09,F,False,False,usa,chicago,ORD,41.979,-87.904,2023-01-22,35
545115,1980-08-12,F,True,False,usa,new orleans,NBG,29.825,-90.035,2023-01-22,46
545226,1968-06-12,F,True,False,usa,new york,LGA,40.777,-73.872,2023-01-22,58
545247,2004-09-13,M,False,True,usa,santa ana,SNA,33.676,-117.868,2023-01-22,22
545249,1972-03-04,F,True,True,canada,ottawa,YOW,45.323,-75.669,2023-01-22,54
545281,2006-10-28,F,False,False,usa,los angeles,LAX,33.942,-118.408,2023-01-22,19
545300,1990-04-10,F,False,True,usa,detroit,DTW,42.212,-83.353,2023-01-22,36
545344,2001-03-25,F,False,True,usa,houston,EFD,29.607,-95.159,2023-01-22,25
545375,1990-08-23,F,False,True,usa,detroit,DET,42.409,-83.01,2023-01-22,36
545399,1971-04-15,F,False,False,usa,little rock,LIT,34.729,-92.224,2023-01-22,55
545446,1968-08-28,F,True,True,usa,los angeles,LAX,33.942,-118.408,2023-01-22,58
545510,1978-11-26,F,True,False,usa,lubbock,LBB,33.664,-101.823,2023-01-22,47
545629,1975-09-16,F,False,False,usa,st. petersburg,PIE,27.911,-82.687,2023-01-22,51
545633,1987-12-20,M,False,False,usa,columbus,LCK,39.814,-82.928,2023-01-22,38
545634,1979-04-19,F,False,False,usa,providence,PVD,41.724,-71.428,2023-01-22,47
545745,1984-04-07,F,True,False,usa,jacksonville,NCA,34.708,-77.439,2023-01-22,42
545748,1973-07-19,F,True,True,canada,victoria,YYJ,48.647,-123.426,2023-01-22,53
545755,1985-08-26,F,False,False,canada,montreal,YHU,45.517,-73.417,2023-01-22,41
545758,1993-04-23,M,True,False,canada,edmonton,YED,53.667,-113.467,2023-01-22,33
545763,1949-04-27,F,True,False,usa,philadelphia,PNE,40.082,-75.011,2023-01-22,77
545879,1997-10-25,F,False,False,usa,new york,LGA,40.777,-73.872,2023-01-22,28
545936,1981-01-04,F,False,False,usa,new york,LGA,40.777,-73.872,2023-01-22,45
545981,1987-08-14,F,False,False,canada,windsor,YQG,42.276,-82.956,2023-01-22,39
546008,1992-11-03,F,False,False,usa,colorado springs,COS,38.806,-104.7,2023-01-22,33
546061,1977-02-15,F,False,True,usa,new york,JFK,40.64,-73.779,2023-01-22,49
546072,1974-08-01,F,False,False,usa,washington,IAD,38.944,-77.456,2023-01-22,52
546127,1969-01-07,F,True,False,usa,new york,LGA,40.777,-73.872,2023-01-22,57
546130,1974-09-07,F,True,True,usa,bakersfield,BFL,35.433,-119.057,2023-01-22,52
546131,1967-07-02,F,False,False,usa,new york,JFK,40.64,-73.779,2023-01-22,59
546161,1967-11-25,F,False,False,canada,saskatoon,YXE,52.171,-106.7,2023-01-22,58
546190,1974-04-03,F,True,True,usa,tucson,DMA,32.166,-110.883,2023-01-22,52
546256,1971-07-26,F,True,True,usa,charlotte,CLT,35.214,-80.943,2023-01-22,55
546282,1978-12-18,F,False,False,canada,ottawa,YOW,45.323,-75.669,2023-01-22,47
546334,1988-12-25,F,True,False,usa,las vegas,LAS,36.08,-115.152,2023-01-22,37
546395,1980-05-22,F,True,True,usa,houston,HOU,29.645,-95.279,2023-01-22,46
546437,1973-05-13,F,False,False,usa,jacksonville,JAX,30.494,-81.688,2023-01-22,53
546485,1980-08-21,M,True,True,canada,winnipeg,YWG,49.91,-97.234,2023-01-22,46
546509,1975-08-24,F,False,False,usa,detroit,YIP,42.238,-83.53,2023-01-22,51
546587,1983-03-01,F,True,False,usa,new york,LGA,40.777,-73.872,2023-01-22,43
546612,1998-06-02,F,False,True,usa,san antonio,SAT,29.534,-98.47,2023-01-22,28
546671,1984-04-06,F,True,False,usa,stockton,SCK,37.894,-121.239,2023-01-22,42
546679,1989-02-28,F,True,False,usa,houston,EFD,29.607,-95.159,2023-01-22,37
546688,1972-01-05,F,False,False,usa,new york,JFK,40.64,-73.779,2023-01-22,54
546728,1970-09-11,F,True,False,canada,montreal,YUL,45.468,-73.741,2023-01-22,56
546774,1966-08-22,F,True,True,usa,new york,JFK,40.64,-73.779,2023-01-22,60
546842,1978-07-02,F,True,False,usa,los angeles,LAX,33.942,-118.408,2023-01-22,48
546847,1969-08-06,F,True,False,usa,los angeles,LAX,33.942,-118.408,2023-01-22,57
546867,1972-06-17,F,False,False,usa,san francisco,SFO,37.619,-122.375,2023-01-23,54
546882,1999-04-10,F,False,False,usa,san diego,SAN,32.733,-117.189,2023-01-23,27
546884,2005-07-05,M,False,False,canada,toronto,YKZ,43.862,-79.37,2023-01-23,21
546888,1994-10-04,F,False,False,usa,orlando,MCO,28.429,-81.316,2023-01-23,31
546937,1956-10-07,F,False,False,usa,chicago,UGN,42.422,-87.868,2023-01-23,70
546972,1974-08-03,F,True,True,usa,los angeles,LAX,33.942,-118.408,2023-01-23,52
547006,1951-04-12,F,True,False,usa,new york,JFK,40.64,-73.779,2023-01-23,75
547007,1991-03-16,F,True,False,usa,new york,JFK,40.64,-73.779,2023-01-23,35
547037,1990-03-01,F,False,False,usa,tampa,TPA,27.975,-82.533,2023-01-23,36
547070,1972-12-09,M,True,False,usa,fayetteville,FYV,36.005,-94.17,2023-01-23,53
547150,1980-04-28,F,True,True,usa,los angeles,LAX,33.942,-118.408,2023-01-23,46
547164,1993-09-11,F,False,False,canada,montreal,YMX,45.68,-74.039,2023-01-23,33
547180,1978-02-06,F,True,True,usa,new york,LGA,40.777,-73.872,2023-01-23,48
547201,1998-06-15,F,False,False,usa,los angeles,LAX,33.942,-118.408,2023-01-23,28
547266,1968-07-05,F,True,False,canada,winnipeg,YWG,49.91,-97.234,2023-01-23,58
547301,1991-03-24,F,False,True,usa,mobile,BFM,30.626,-88.068,2023-01-23,35
547325,1980-06-19,F,False,True,usa,oklahoma city,OKC,35.393,-97.601,2023-01-23,46
547458,1980-09-16,F,False,False,canada,gatineau,YND,45.521,-75.564,2023-01-23,46
547483,1989-03-17,F,False,True,usa,new york,LGA,40.777,-73.872,2023-01-23,37
547512,1978-04-17,F,True,False,canada,calgary,YYC,51.114,-114.02,2023-01-23,48
547555,1978-03-10,F,False,False,usa,san antonio,RND,29.529,-98.279,2023-01-23,48
547559,1987-04-14,F,True,False,usa,washington,IAD,38.944,-77.456,2023-01-23,39
547594,2006-11-26,F,False,False,canada,calgary,YYC,51.114,-114.02,2023-01-23,19
547613,1983-11-06,F,False,False,usa,phoenix,LUF,33.535,-112.383,2023-01-23,42
547664,1983-04-02,F,False,False,canada,winnipeg,YAV,50.056,-97.032,2023-01-23,43
547776,1980-07-05,F,False,False,usa,fort worth,FTW,32.82,-97.362,2023-01-23,46
547836,1976-01-21,F,True,False,usa,los angeles,LAX,33.942,-118.408,2023-01-23,50
547862,1977-02-04,M,True,True,usa,houston,EFD,29.607,-95.159,2023-01-23,49
547878,1998-02-11,F,False,False,usa,santa ana,SNA,33.676,-117.868,2023-01-23,28
547938,1997-11-24,M,False,True,usa,st. louis,STL,38.748,-90.36,2023-01-23,28
547951,1973-03-25,M,False,False,usa,minneapolis,MSP,44.88,-93.217,2023-01-23,53
548006,1987-07-13,F,False,False,usa,dallas,DAL,32.847,-96.852,2023-01-23,39
548040,1986-10-17,F,True,False,usa,portland,PDX,45.589,-122.597,2023-01-23,39
548093,2002-04-15,F,False,False,usa,charlotte,CLT,35.214,-80.943,2023-01-23,24
548109,1984-06-10,F,False,False,usa,los angeles,LAX,33.942,-118.408,2023-01-23,42
548113,1985-06-26,F,False,False,usa,houston,EFD,29.607,-95.159,2023-01-23,41
548190,1989-03-13,F,True,False,usa,corpus christi,CRP,27.77,-97.501,2023-01-23,37
548222,1971-07-25,F,True,True,canada,calgary,YYC,51.114,-114.02,2023-01-23,55
548228,1957-03-13,F,True,False,canada,calgary,YYC,51.114,-114.02,2023-01-23,69
548230,1964-12-14,F,True,False,usa,akron,AKR,41.038,-81.467,2023-01-23,61
548307,1973-03-26,F,True,True,usa,denver,DEN,39.858,-104.667,2023-01-23,53
548310,1992-04-11,F,False,False,usa,memphis,MEM,35.042,-89.977,2023-01-23,34
548408,1988-09-20,F,False,False,usa,new york,JFK,40.64,-73.779,2023-01-23,38
548434,1981-02-07,F,True,False,usa,indianapolis,IND,39.717,-86.294,2023-01-23,45
548490,1970-04-22,F,True,True,usa,el paso,BIF,31.849,-106.38,2023-01-23,56
548504,1986-08-03,F,False,False,usa,houston,IAH,29.98,-95.34,2023-01-23,40
548560,1978-09-02,F,True,True,usa,laredo,LRD,27.544,-99.461,2023-01-23,48
548568,1968-03-22,F,True,True,usa,philadelphia,PHL,39.872,-75.241,2023-01-23,58
548587,1989-01-23,F,False,False,usa,sacramento,SMF,38.695,-121.591,2023-01-23,37
548635,1982-06-03,F,True,True,usa,houston,EFD,29.607,-95.159,2023-01-23,44
548653,1981-02-10,F,True,True,usa,jacksonville,JAX,30.494,-81.688,2023-01-23,45
548672,1982-10-08,M,False,False,usa,chicago,ORD,41.979,-87.904,2023-01-23,43
548743,1997-01-23,F,True,False,canada,winnipeg,YWG,49.91,-97.234,2023-01-23,29
548859,1976-01-14,F,True,False,usa,new york,JFK,40.64,-73.779,2023-01-23,50
548967,1985-02-03,F,False,False,canada,toronto,YTZ,43.627,-79.396,2023-01-23,41
548978,1987-03-17,F,True,False,canada,gatineau,YND,45.521,-75.564,2023-01-23,39
548988,1975-09-20,F,True,False,usa,los angeles,LAX,33.942,-118.408,2023-01-23,51
549058,1994-09-01,F,True,False,canada,toronto,YKZ,43.862,-79.37,2023-01-23,32
549141,1995-11-01,F,True,True,usa,santa ana,SNA,33.676,-117.868,2023-01-24,30
549202,1966-04-01,F,False,False,usa,jacksonville,NZC,30.219,-81.876,2023-01-24,60
549274,1973-09-15,F,False,False,usa,st. louis,STL,38.748,-90.36,2023-01-24,53
549281,1996-09-14,F,False,True,usa,new york,JFK,40.64,-73.779,2023-01-24,30
549292,1978-02-19,F,False,True,canada,edmonton,YED,53.667,-113.467,2023-01-24,48
549293,1978-12-09,F,True,True,usa,cleveland,CLE,41.412,-81.85,2023-01-24,47
549303,1987-03-17,F,False,False,usa,nashville,BNA,36.124,-86.678,2023-01-24,39
549367,1982-05-15,F,True,True,usa,new york,LGA,40.777,-73.872,2023-01-24,44
549377,1980-02-04,F,True,False,usa,nashville,BNA,36.124,-86.678,2023-01-24,46
549390,1998-09-14,F,False,True,usa,spokane,SKA,47.615,-117.656,2023-01-24,28
549482,1981-09-11,F,False,False,canada,vancouver,YVR,49.195,-123.182,2023-01-24,45
549611,1976-05-25,F,False,False,usa,new york,JFK,40.64,-73.779,2023-01-24,50
549631,1974-05-20,F,True,True,usa,las vegas,LAS,36.08,-115.152,2023-01-24,52
549714,1967-07-12,M,True,True,canada,montreal,YUL,45.468,-73.741,2023-01-24,59
549746,1980-06-24,F,False,False,canada,montreal,YHU,45.517,-73.417,2023-01-24,46
549764,1985-08-18,F,False,False,usa,new york,JFK,40.64,-73.779,2023-01-24,41
549797,1987-12-13,F,False,True,usa,philadelphia,PNE,40.082,-75.011,2023-01-24,38
549992,1990-07-06,F,False,False,canada,halifax,YHZ,44.881,-63.509,2023-01-24,36
550017,1984-11-07,F,False,False,usa,los angeles,LAX,33.942,-118.408,2023-01-24,41
550019,1991-08-22,F,False,False,usa,richmond,RIC,37.505,-77.319,2023-01-24,35
550028,1955-01-12,M,False,False,canada,montreal,YHU,45.517,-73.417,2023-01-24,71
550068,1984-11-18,F,False,True,usa,memphis,MEM,35.042,-89.977,2023-01-24,41
550071,1985-11-01,M,False,False,usa,burlington,BTV,44.472,-73.153,2023-01-24,40
550105,1989-12-28,F,False,False,usa,mobile,MOB,30.691,-88.243,2023-01-24,36
550134,1979-09-23,F,True,False,usa,fresno,FAT,36.776,-119.718,2023-01-24,47
550193,1963-12-23,F,True,True,usa,riverside,RIV,33.881,-117.259,2023-01-24,62
550200,1980-07-15,F,True,True,usa,corpus christi,CRP,27.77,-97.501,2023-01-24,46
550202,1996-04-08,F,False,False,canada,calgary,YYC,51.114,-114.02,2023-01-24,30
550221,1985-08-07,F,True,False,usa,austin,AUS,30.194,-97.67,2023-01-24,41
550222,1989-07-11,F,False,False,usa,indianapolis,IND,39.717,-86.294,2023-01-24,37
550233,1984-05-11,F,False,False,usa,fayetteville,POB,35.171,-79.014,2023-01-24,42
550300,1971-10-07,F,True,False,usa,dallas,DAL,32.847,-96.852,2023-01-24,54
550317,1980-12-22,F,True,True,canada,toronto,YZD,43.742,-79.466,2023-01-24,45
550421,1979-02-20,F,True,False,usa,orlando,MCO,28.429,-81.316,2023-01-24,47
550442,1996-08-20,F,False,False,usa,new york,JFK,40.64,-73.779,2023-01-24,30
550459,1980-06-27,F,False,False,usa,tulsa,TUL,36.198,-95.888,2023-01-24,46
550514,1986-04-06,F,True,True,usa,montgomery,MXF,32.379,-86.362,2023-01-24,40
550572,1966-02-08,F,True,True,usa,new york,LGA,40.777,-73.872,2023-01-24,60
550599,1970-04-23,F,True,True,usa,mobile,BFM,30.626,-88.068,2023-01-24,56
550627,1952-12-27,F,True,False,usa,philadelphia,PNE,40.082,-75.011,2023-01-24,73
550752,1975-01-19,F,True,True,usa,charlotte,CLT,35.214,-80.943,2023-01-24,51
550796,1990-02-26,F,False,True,usa,san diego,NZY,32.699,-117.215,2023-01-24,36
550805,1983-12-07,F,False,False,usa,san francisco,SFO,37.619,-122.375,2023-01-24,42
550871,1976-04-22,F,True,True,usa,san antonio,RND,29.529,-98.279,2023-01-25,50
550887,2006-11-20,F,False,True,usa,new york,LGA,40.777,-73.872,2023-01-25,19
551032,1988-06-18,F,False,False,usa,new york,JFK,40.64,-73.779,2023-01-25,38
551042,1978-10-14,F,True,False,usa,los angeles,LAX,33.942,-118.408,2023-01-25,47
551088,1977-11-22,F,False,False,usa,san jose,SJC,37.362,-121.929,2023-01-25,48
551166,1992-10-03,F,True,False,usa,los angeles,LAX,33.942,-118.408,2023-01-25,33
551210,2006-10-21,F,False,True,usa,newport news,PHF,37.132,-76.493,2023-01-25,19
551211,1995-10-12,F,True,True,usa,tulsa,TUL,36.198,-95.888,2023-01-25,30
551217,1986-07-03,F,False,False,usa,dallas,DAL,32.847,-96.852,2023-01-25,40
551245,1999-09-05,F,True,True,usa,los angeles,LAX,33.942,-118.408,2023-01-25,27
551473,1945-11-11,F,True,False,usa,austin,AUS,30.194,-97.67,2023-01-25,80
551488,1988-05-02,F,False,False,usa,st. louis,STL,38.748,-90.36,2023-01-25,38
551627,1991-09-24,F,False,False,usa,providence,PVD,41.724,-71.428,2023-01-25,35
551665,1969-01-26,F,False,True,usa,fort worth,FTW,32.82,-97.362,2023-01-25,57
551685,1957-07-19,M,True,False,usa,san antonio,RND,29.529,-98.279,2023-01-25,69
551729,2006-10-26,F,False,False,canada,vancouver,YVR,49.195,-123.182,2023-01-25,19
551804,1979-02-12,M,True,False,usa,san antonio,SAT,29.534,-98.47,2023-01-25,47
551890,1991-11-19,F,False,False,canada,saskatoon,YXE,52.171,-106.7,2023-01-25,34
551908,2001-04-19,F,False,False,usa,shreveport,BAD,32.502,-93.663,2023-01-25,25
551935,1954-12-06,F,True,False,usa,fort worth,FTW,32.82,-97.362,2023-01-25,71
551963,1986-08-15,F,False,False,usa,fort worth,FTW,32.82,-97.362,2023-01-25,40
551967,1983-08-14,F,True,False,usa,omaha,OFF,41.118,-95.913,2023-01-25,43
551978,2006-12-22,F,False,True,usa,houston,HOU,29.645,-95.279,2023-01-25,19
552036,1969-08-01,F,True,True,canada,montreal,YMX,45.68,-74.039,2023-01-25,57
552172,1969-12-06,F,True,True,usa,las vegas,LSV,36.236,-115.034,2023-01-25,56
552302,1999-09-28,F,False,False,usa,los angeles,LAX,33.942,-118.408,2023-01-25,27
552313,1979-01-19,F,False,False,usa,los angeles,LAX,33.942,-118.408,2023-01-25,47
552348,1966-09-04,F,True,False,usa,phoenix,LUF,33.535,-112.383,2023-01-25,60
552364,1987-05-14,F,True,True,usa,omaha,OMA,41.302,-95.894,2023-01-25,39
552366,1984-12-11,F,False,False,usa,reno,RNO,39.498,-119.768,2023-01-25,41
552384,1965-08-23,F,False,False,usa,new york,LGA,40.777,-73.872,2023-01-25,61
552506,1974-07-10,F,True,False,canada,winnipeg,YAV,50.056,-97.032,2023-01-25,52
552535,1974-09-06,F,True,False,usa,new york,LGA,40.777,-73.872,2023-01-25,52
552573,1988-06-17,M,True,True,usa,st. petersburg,PIE,27.911,-82.687,2023-01-25,38
552597,1996-03-20,F,False,False,usa,los angeles,LAX,33.942,-118.408,2023-01-25,30
552649,1997-04-26,F,False,False,usa,philadelphia,PNE,40.082,-75.011,2023-01-25,29
552732,1979-11-23,F,False,False,canada,vancouver,YVR,49.195,-123.182,2023-01-25,46
552760,1971-08-05,F,True,False,usa,new york,LGA,40.777,-73.872,2023-01-25,55
552929,1993-12-11,F,False,False,usa,memphis,MEM,35.042,-89.977,2023-01-26,32
552944,1971-09-11,M,False,False,usa,atlanta,ATL,33.64,-84.427,2023-01-26,55
552945,1979-07-11,F,False,False,usa,cleveland,CLE,41.412,-81.85,2023-01-26,47
553017,1980-12-24,F,False,False,usa,san jose,SJC,37.362,-121.929,2023-01-26,45
553054,1998-11-22,M,False,False,usa,new york,LGA,40.777,-73.872,2023-01-26,27
553219,1975-12-06,F,True,False,usa,washington,IAD,38.944,-77.456,2023-01-26,50
553245,1997-12-28,M,False,True,usa,norfolk,ORF,36.894,-76.201,2023-01-26,28
553361,1982-04-04,F,True,False,usa,memphis,MEM,35.042,-89.977,2023-01-26,44
553559,2003-05-18,F,False,True,usa,los angeles,LAX,33.942,-118.408,2023-01-26,23
553568,1981-06-05,F,False,True,usa,los angeles,LAX,33.942,-118.408,2023-01-26,45
553631,1964-12-16,F,True,False,usa,denver,DEN,39.858,-104.667,2023-01-26,61
553633,1955-10-10,F,False,False,usa,birmingham,BHM,33.563,-86.753,2023-01-26,71
553743,2006-01-28,F,False,True,usa,dallas,DAL,32.847,-96.852,2023-01-26,20
553751,1981-10-24,F,False,False,usa,new york,LGA,40.777,-73.872,2023-01-26,44
553773,1976-03-19,F,True,True,usa,fort worth,FTW,32.82,-97.362,2023-01-26,50
553791,1990-04-13,F,False,True,usa,new york,JFK,40.64,-73.779,2023-01-26,36
553876,1993-01-06,M,False,False,usa,winston-salem,INT,36.134,-80.222,2023-01-26,33
553901,1968-10-05,F,True,True,usa,omaha,OMA,41.302,-95.894,2023-01-26,58
553904,2004-01-14,F,False,False,canada,montreal,YUL,45.468,-73.741,2023-01-26,22
553955,1975-05-07,F,True,False,usa,san antonio,RND,29.529,-98.279,2023-01-26,51
553984,1975-11-01,F,True,False,usa,san antonio,SKF,29.384,-98.581,2023-01-26,50
554026,1969-09-01,F,True,True,usa,los angeles,LAX,33.942,-118.408,2023-01-26,57
554079,1986-07-22,F,False,False,usa,san diego,SAN,32.733,-117.189,2023-01-26,40
554141,1984-10-05,F,True,False,usa,new york,JFK,40.64,-73.779,2023-01-26,41
554155,1980-10-05,F,False,False,canada,gatineau,YND,45.521,-75.564,2023-01-26,45
554163,1985-09-06,F,False,True,usa,tucson,DMA,32.166,-110.883,2023-01-26,41
554269,1976-05-26,F,True,True,usa,san diego,SAN,32.733,-117.189,2023-01-26,50
554357,1961-07-22,M,True,False,usa,st. louis,STL,38.748,-90.36,2023-01-26,65
554444,1989-11-20,F,False,False,usa,fort worth,FTW,32.82,-97.362,2023-01-26,36
554507,1989-04-26,F,True,False,usa,norfolk,ORF,36.894,-76.201,2023-01-26,37
554609,1981-09-13,F,False,False,usa,baltimore,BWI,39.175,-76.668,2023-01-26,45
554632,2006-08-04,F,False,False,usa,san antonio,RND,29.529,-98.279,2023-01-26,20
554724,2003-01-06,F,False,False,usa,norfolk,ORF,36.894,-76.201,2023-01-26,23
554753,1984-05-27,F,False,True,usa,wichita,IAB,37.623,-97.267,2023-01-26,42
554853,1983-07-04,F,False,False,usa,new york,LGA,40.777,-73.872,2023-01-26,43
554885,1986-09-14,F,False,False,usa,phoenix,LUF,33.535,-112.383,2023-01-26,40
554949,1998-03-18,F,False,True,usa,new york,LGA,40.777,-73.872,2023-01-26,28
554956,1987-06-07,M,False,False,usa,houston,HOU,29.645,-95.279,2023-01-26,39
554961,1979-06-10,F,True,False,usa,des moines,DSM,41.534,-93.663,2023-01-26,47
555058,2006-07-03,F,False,False,usa,new york,JFK,40.64,-73.779,2023-01-26,20
555151,1987-09-09,F,False,False,usa,baton rouge,BTR,30.533,-91.149,2023-01-26,39
555206,1979-12-24,F,True,False,usa,riverside,RIV,33.881,-117.259,2023-01-27,46
555250,1996-12-13,F,False,False,usa,san diego,NZY,32.699,-117.215,2023-01-27,29
555277,1965-04-02,F,True,True,usa,oakland,OAK,37.721,-122.221,2023-01-27,61
555299,1971-09-20,F,True,False,usa,omaha,OMA,41.302,-95.894,2023-01-27,55
555310,1985-04-10,M,True,False,canada,toronto,YYZ,43.677,-79.631,2023-01-27,41
555326,1973-03-15,M,False,False,usa,atlanta,ATL,33.64,-84.427,2023-01-27,53
555334,1998-02-07,F,False,False,usa,new orleans,MSY,29.993,-90.258,2023-01-27,28
555428,1970-08-22,F,True,True,usa,new york,LGA,40.777,-73.872,2023-01-27,56
555563,1974-05-08,F,True,True,usa,stockton,SCK,37.894,-121.239,2023-01-27,52
555600,1981-01-14,F,True,False,usa,nashville,BNA,36.124,-86.678,2023-01-27,45
555698,1972-08-19,M,False,False,usa,new york,LGA,40.777,-73.872,2023-01-27,54
555712,1954-01-12,F,True,False,usa,fresno,FAT,36.776,-119.718,2023-01-27,72
555751,1984-05-12,F,True,False,canada,toronto,YZD,43.742,-79.466,2023-01-27,42
555770,1978-10-06,F,True,True,usa,boston,BOS,42.364,-71.005,2023-01-27,47
555782,1967-11-07,F,True,True,usa,jacksonville,NZC,30.219,-81.876,2023-01-27,58
555796,1969-05-26,F,True,False,usa,houston,HOU,29.645,-95.279,2023-01-27,57
555852,1978-09-18,F,True,False,usa,dallas,DAL,32.847,-96.852,2023-01-27,48
555990,1949-11-23,F,True,False,usa,san francisco,SFO,37.619,-122.375,2023-01-27,76
556015,1970-03-10,F,False,False,canada,toronto,YYZ,43.677,-79.631,2023-01-27,56
556043,2006-01-21,F,False,False,usa,fort worth,FTW,32.82,-97.362,2023-01-27,20
556052,1987-05-14,F,False,False,canada,edmonton,YXD,53.573,-113.521,2023-01-27,39
556067,1984-04-20,F,True,True,canada,toronto,YZD,43.742,-79.466,2023-01-27,42
556111,1974-07-01,M,False,True,usa,san antonio,RND,29.529,-98.279,2023-01-27,52
556119,1983-07-27,F,False,False,usa,salt lake city,SLC,40.788,-111.978,2023-01-27,43
556127,1989-09-18,F,False,False,usa,los angeles,LAX,33.942,-118.408,2023-01-27,37
556199,2006-06-09,M,False,True,usa,detroit,YIP,42.238,-83.53,2023-01-27,20
556268,1976-05-08,F,False,False,usa,colorado springs,COS,38.806,-104.7,2023-01-27,50
556274,2006-07-26,M,False,False,usa,bakersfield,BFL,35.433,-119.057,2023-01-27,20
556314,1984-10-25,F,True,False,usa,baton rouge,BTR,30.533,-91.149,2023-01-27,41
556347,1982-10-19,F,False,False,usa,los angeles,LAX,33.942,-118.408,2023-01-27,43
556391,1980-12-03,F,True,True,usa,chicago,ORD,41.979,-87.904,2023-01-27,45
556533,1981-08-15,F,True,True,usa,winston-salem,INT,36.134,-80.222,2023-01-27,45
556579,1976-06-15,F,True,False,usa,long beach,LGB,33.818,-118.151,2023-01-27,50
556673,1958-02-14,F,True,False,usa,houston,IAH,29.98,-95.34,2023-01-27,68
556744,1977-11-25,F,False,False,usa,dallas,DAL,32.847,-96.852,2023-01-27,48
556824,1980-12-07,F,False,False,usa,new york,JFK,40.64,-73.779,2023-01-27,45
556827,1959-06-01,F,True,False,usa,phoenix,PHX,33.434,-112.008,2023-01-27,67
556887,1976-09-13,F,True,True,usa,phoenix,PHX,33.434,-112.008,2023-01-27,50
556906,1983-12-20,F,False,False,usa,portland,PDX,45.589,-122.597,2023-01-27,42
557036,1977-06-04,M,False,False,usa,columbus,CMH,39.998,-82.892,2023-01-27,49
557055,1975-05-23,F,False,False,usa,tulsa,TUL,36.198,-95.888,2023-01-27,51
557107,1979-07-20,F,False,False,canada,winnipeg,YWG,49.91,-97.234,2023-01-27,47
557108,1998-01-10,M,False,False,usa,houston,HOU,29.645,-95.279,2023-01-27,28
557248,1988-04-16,F,False,False,usa,wichita,ICT,37.65,-97.433,2023-01-28,38
557282,1983-11-27,F,True,False,canada,toronto,YTZ,43.627,-79.396,2023-01-28,42
557402,1968-05-28,F,True,True,usa,los angeles,LAX,33.942,-118.408,2023-01-28,58
557496,1966-09-16,F,False,True,canada,toronto,YTZ,43.627,-79.396,2023-01-28,60
557569,1984-06-20,F,True,True,usa,los angeles,LAX,33.942,-118.408,2023-01-28,42
557672,1990-04-13,F,False,False,usa,new york,JFK,40.64,-73.779,2023-01-28,36
557692,1981-09-23,F,False,True,usa,seattle,BFI,47.53,-122.302,2023-01-28,45
557762,1954-11-16,F,False,False,usa,san diego,NZY,32.699,-117.215,2023-01-28,71
557794,1978-02-17,F,False,True,usa,new york,JFK,40.64,-73.779,2023-01-28,48
557799,1948-05-03,F,False,False,usa,dallas,DAL,32.847,-96.852,2023-01-28,78
557875,1968-08-19,F,True,True,canada,calgary,YYC,51.114,-114.02,2023-01-28,58
557879,2006-01-15,F,False,False,usa,burlington,BTV,44.472,-73.153,2023-01-28,20
557887,1999-08-06,F,False,False,usa,detroit,YIP,42.238,-83.53,2023-01-28,27
557921,1981-11-27,F,True,False,usa,tucson,DMA,32.166,-110.883,2023-01-28,44
557932,1993-11-08,F,False,True,usa,new york,LGA,40.777,-73.872,2023-01-28,32
557956,1959-08-18,F,True,True,usa,shreveport,SHV,32.446,-93.826,2023-01-28,67
557957,1976-04-09,F,True,False,canada,montreal,YHU,45.517,-73.417,2023-01-28,50
557992,1965-08-21,F,True,False,usa,sacramento,SAC,38.513,-121.493,2023-01-28,61
558018,1976-01-11,F,True,False,usa,memphis,MEM,35.042,-89.977,2023-01-28,50
558114,1976-01-21,F,True,False,usa,omaha,OFF,41.118,-95.913,2023-01-28,50
558147,1949-02-03,F,True,False,usa,cleveland,CLE,41.412,-81.85,2023-01-28,77
558204,1964-05-22,F,False,False,usa,denver,DEN,39.858,-104.667,2023-01-28,62
558251,1974-11-03,F,True,True,usa,san antonio,SAT,29.534,-98.47,2023-01-28,51
558270,1979-08-26,M,True,False,usa,denver,DEN,39.858,-104.667,2023-01-28,47
558277,1974-05-27,M,False,False,usa,houston,HOU,29.645,-95.279,2023-01-28,52
558294,1991-07-19,F,True,False,usa,memphis,MEM,35.042,-89.977,2023-01-28,35
558362,1973-03-04,M,True,True,usa,new york,LGA,40.777,-73.872,2023-01-28,53
558395,1988-06-03,F,False,True,usa,houston,IAH,29.98,-95.34,2023-01-28,38
558437,1980-02-09,F,True,True,usa,louisville,LOU,38.228,-85.664,2023-01-28,46
558466,1984-05-26,F,False,False,canada,ottawa,YOW,45.323,-75.669,2023-01-28,42
558489,1999-02-13,F,False,False,usa,new york,JFK,40.64,-73.779,2023-01-28,27
558513,1978-07-25,F,False,True,canada,quebec,YQB,46.788,-71.398,2023-01-28,48
558659,1980-05-09,F,True,False,usa,winston-salem,INT,36.134,-80.222,2023-01-28,46
558838,1985-02-12,F,False,False,usa,orlando,ORL,28.545,-81.333,2023-01-28,41
558851,1990-09-17,F,True,False,usa,memphis,MEM,35.042,-89.977,2023-01-28,36
558919,2006-05-03,F,False,True,usa,orlando,MCO,28.429,-81.316,2023-01-28,20
558920,1979-08-07,F,False,False,usa,houston,IAH,29.98,-95.34,2023-01-28,47
558987,1977-02-24,M,False,False,canada,montreal,YMX,45.68,-74.039,2023-01-28,49
558988,1961-06-10,F,True,False,canada,calgary,YYC,51.114,-114.02,2023-01-28,65
559068,1987-03-10,F,True,False,canada,ottawa,YOW,45.323,-75.669,2023-01-28,39
559071,1984-01-06,F,False,True,usa,los angeles,LAX,33.942,-118.408,2023-01-28,42
559093,1981-03-28,M,True,False,usa,new york,LGA,40.777,-73.872,2023-01-28,45
559107,1973-06-08,M,True,True,usa,san antonio,SKF,29.384,-98.581,2023-01-28,53
559112,1980-04-12,F,False,True,canada,toronto,YTZ,43.627,-79.396,2023-01-28,46
559148,1971-09-18,F,True,False,usa,chicago,UGN,42.422,-87.868,2023-01-28,55
559164,1980-07-07,M,False,False,usa,new york,LGA,40.777,-73.872,2023-01-28,46
559211,1981-04-22,F,True,True,usa,columbus,LCK,39.814,-82.928,2023-01-28,45
559266,1974-01-10,F,False,False,usa,new york,JFK,40.64,-73.779,2023-01-28,52
559277,1994-03-17,F,False,False,canada,edmonton,YEG,53.31,-113.58,2023-01-29,32
559324,1973-06-24,F,False,False,usa,shreveport,BAD,32.502,-93.663,2023-01-29,53
559432,2006-07-21,F,False,True,usa,knoxville,TYS,35.812,-83.993,2023-01-29,20
559464,1987-09-02,F,False,False,usa,orlando,MCO,28.429,-81.316,2023-01-29,39
559469,1981-06-14,F,False,True,canada,montreal,YMX,45.68,-74.039,2023-01-29,45
559520,1993-07-06,F,False,False,usa,riverside,RAL,33.952,-117.445,2023-01-29,33
559537,1969-10-25,M,True,True,usa,los angeles,LAX,33.942,-118.408,2023-01-29,56
559695,1968-02-01,F,True,True,usa,san antonio,RND,29.529,-98.279,2023-01-29,58
559758,1976-03-24,F,True,True,usa,chicago,ORD,41.979,-87.904,2023-01-29,50
559772,1977-09-16,F,False,False,usa,houston,EFD,29.607,-95.159,2023-01-29,49
559782,1984-07-13,F,False,False,usa,lubbock,LBB,33.664,-101.823,2023-01-29,42
559794,1985-10-21,F,True,False,usa,los angeles,LAX,33.942,-118.408,2023-01-29,40
559832,2004-02-13,F,False,False,usa,philadelphia,PNE,40.082,-75.011,2023-01-29,22
559834,1973-02-10,F,True,True,usa,laredo,LRD,27.544,-99.461,2023-01-29,53
559863,1990-05-05,F,False,False,usa,indianapolis,IND,39.717,-86.294,2023-01-29,36
559901,1987-06-04,F,False,False,canada,montreal,YHU,45.517,-73.417,2023-01-29,39
559918,1981-11-24,F,False,False,canada,calgary,YYC,51.114,-114.02,2023-01-29,44
559936,1968-12-02,F,True,False,usa,kansas city,MCI,39.297,-94.714,2023-01-29,57
559981,1979-02-08,F,False,False,usa,columbus,LCK,39.814,-82.928,2023-01-29,47
559995,1973-02-28,F,True,False,usa,oklahoma city,TIK,35.415,-97.386,2023-01-29,53
560125,1981-12-26,M,False,False,canada,toronto,YZD,43.742,-79.466,2023-01-29,44
560175,1991-05-22,F,False,False,canada,toronto,YTZ,43.627,-79.396,2023-01-29,35
560195,1981-04-10,F,False,False,usa,miami,OPF,25.907,-80.278,2023-01-29,45
560213,1974-08-21,F,True,True,usa,houston,HOU,29.645,-95.279,2023-01-29,52
560245,1980-10-26,F,False,True,usa,san jose,SJC,37.362,-121.929,2023-01-29,45
560257,1968-09-16,F,True,True,usa,bakersfield,BFL,35.433,-119.057,2023-01-29,58
560273,1966-05-08,M,True,False,usa,fresno,FAT,36.776,-119.718,2023-01-29,60
560291,1977-12-19,F,True,False,usa,el paso,BIF,31.849,-106.38,2023-01-29,48
560341,1976-09-05,F,True,True,usa,omaha,OMA,41.302,-95.894,2023-01-29,50
560362,1979-06-04,F,False,False,usa,new york,LGA,40.777,-73.872,2023-01-29,47
560367,1981-10-18,F,False,False,usa,houston,EFD,29.607,-95.159,2023-01-29,44
560433,1997-04-14,F,False,False,canada,toronto,YYZ,43.677,-79.631,2023-01-29,29
560468,1982-11-21,F,True,True,canada,toronto,YTZ,43.627,-79.396,2023-01-29,43
560478,1982-05-13,F,True,False,usa,modesto,MOD,37.626,-120.954,2023-01-29,44
560497,1981-11-25,F,True,False,usa,baton rouge,BTR,30.533,-91.149,2023-01-29,44
560508,1970-07-15,F,False,False,usa,minneapolis,MSP,44.88,-93.217,2023-01-29,56
560511,1985-08-12,F,True,False,usa,new york,JFK,40.64,-73.779,2023-01-29,41
560723,1976-11-08,F,True,False,usa,nashville,BNA,36.124,-86.678,2023-01-29,49
560803,1979-06-25,F,True,False,usa,boston,BOS,42.364,-71.005,2023-01-29,47
560854,1986-04-19,F,True,True,usa,new york,JFK,40.64,-73.779,2023-01-29,40
560888,1974-11-22,F,False,False,usa,cleveland,CLE,41.412,-81.85,2023-01-29,51
560915,2006-01-22,F,False,False,usa,fort worth,FTW,32.82,-97.362,2023-01-29,20
560978,2006-07-13,F,False,True,usa,los angeles,LAX,33.942,-118.408,2023-01-29,20
560991,1970-10-16,F,True,True,usa,philadelphia,PNE,40.082,-75.011,2023-01-29,55
561031,1988-03-28,F,False,False,canada,winnipeg,YWG,49.91,-97.234,2023-01-29,38
561033,1970-04-22,F,True,True,canada,toronto,YTZ,43.627,-79.396,2023-01-29,56
561037,1985-10-05,F,False,False,usa,san antonio,RND,29.529,-98.279,2023-01-29,40
561044,1956-10-12,F,False,False,usa,cleveland,CLE,41.412,-81.85,2023-01-29,69
561243,1979-09-28,F,False,False,usa,san diego,NZY,32.699,-117.215,2023-01-30,47
561331,1982-10-02,F,False,True,usa,sacramento,SMF,38.695,-121.591,2023-01-30,44
561333,1991-07-17,F,False,False,usa,dallas,DAL,32.847,-96.852,2023-01-30,35
561339,1981-06-14,M,True,True,usa,chicago,MDW,41.786,-87.752,2023-01-30,45
561353,1983-10-21,F,False,False,usa,milwaukee,MKE,42.947,-87.896,2023-01-30,42
561503,1984-12-09,F,False,False,canada,toronto,YYZ,43.677,-79.631,2023-01-30,41
561519,1963-08-24,F,True,False,canada,quebec,YQB,46.788,-71.398,2023-01-30,63
561642,1971-04-02,F,False,True,usa,houston,EFD,29.607,-95.159,2023-01-30,55
561652,1984-07-15,M,False,False,usa,lincoln,LNK,40.851,-96.759,2023-01-30,42
561653,1963-10-04,F,True,False,usa,charlotte,CLT,35.214,-80.943,2023-01-30,63
561665,1978-10-12,F,False,False,canada,victoria,YYJ,48.647,-123.426,2023-01-30,47
561687,2003-05-14,F,False,False,canada,edmonton,YXD,53.573,-113.521,2023-01-30,23
561707,1982-05-22,F,True,True,usa,san jose,SJC,37.362,-121.929,2023-01-30,44
561710,1982-11-05,F,False,False,usa,los angeles,LAX,33.942,-118.408,2023-01-30,43
561798,1974-10-19,F,True,False,usa,new york,LGA,40.777,-73.872,2023-01-30,51
561846,1983-12-04,F,True,False,usa,new york,JFK,40.64,-73.779,2023-01-30,42
561864,1984-10-08,F,False,False,usa,long beach,LGB,33.818,-118.151,2023-01-30,41
561896,1976-07-17,F,True,True,usa,new york,JFK,40.64,-73.779,2023-01-30,50
561950,1981-12-02,M,False,False,usa,chicago,UGN,42.422,-87.868,2023-01-30,44
561992,1980-07-21,M,True,True,canada,montreal,YMX,45.68,-74.039,2023-01-30,46
561994,1974-10-17,F,True,False,usa,laredo,LRD,27.544,-99.461,2023-01-30,51
562010,1982-09-13,M,False,True,usa,new york,LGA,40.777,-73.872,2023-01-30,44
562148,1985-08-02,F,True,False,usa,oklahoma city,TIK,35.415,-97.386,2023-01-30,41
562161,1991-11-02,F,False,False,canada,vancouver,YVR,49.195,-123.182,2023-01-30,34
562209,1987-10-18,F,False,False,usa,winston-salem,INT,36.134,-80.222,2023-01-30,38
562238,1976-06-02,F,True,True,usa,new york,LGA,40.777,-73.872,2023-01-30,50
562275,1968-06-28,M,False,False,usa,chicago,UGN,42.422,-87.868,2023-01-30,58
562315,1977-05-10,F,True,False,usa,new york,LGA,40.777,-73.872,2023-01-30,49
562398,1984-12-05,F,False,False,usa,tacoma,TCM,47.138,-122.476,2023-01-30,41
562428,1979-07-14,F,False,False,usa,colorado springs,COS,38.806,-104.7,2023-01-30,47
562529,1983-08-25,F,True,True,usa,oklahoma city,TIK,35.415,-97.386,2023-01-30,43
562576,1975-08-16,F,True,False,usa,chicago,UGN,42.422,-87.868,2023-01-30,51
562587,1993-10-16,F,False,True,usa,little rock,LIT,34.729,-92.224,2023-01-30,32
562612,1981-10-23,F,False,False,usa,chicago,MDW,41.786,-87.752,2023-01-30,44
562708,1976-11-15,F,True,False,usa,louisville,LOU,38.228,-85.664,2023-01-30,49
562814,2006-12-12,M,False,False,usa,new york,JFK,40.64,-73.779,2023-01-30,19
562886,1977-03-16,F,True,False,usa,san francisco,SFO,37.619,-122.375,2023-01-30,49
562888,1995-07-22,F,True,False,usa,louisville,LOU,38.228,-85.664,2023-01-30,31
563052,1999-02-09,F,False,False,usa,houston,HOU,29.645,-95.279,2023-01-30,27
563059,1983-05-21,M,False,True,usa,cleveland,CLE,41.412,-81.85,2023-01-30,43
563162,1989-08-17,F,False,True,canada,toronto,YKZ,43.862,-79.37,2023-01-31,37
563201,1996-10-15,F,False,False,usa,los angeles,LAX,33.942,-118.408,2023-01-31,29
563254,2006-01-07,F,False,False,usa,phoenix,PHX,33.434,-112.008,2023-01-31,20
563335,1964-04-04,M,True,False,canada,quebec,YQB,46.788,-71.398,2023-01-31,62
563342,1992-06-20,F,False,False,usa,tulsa,TUL,36.198,-95.888,2023-01-31,34
563483,1987-08-11,F,True,False,usa,akron,AKR,41.038,-81.467,2023-01-31,39
563489,1979-08-04,F,False,False,usa,denver,DEN,39.858,-104.667,2023-01-31,47
563544,1974-05-08,F,True,True,usa,new york,LGA,40.777,-73.872,2023-01-31,52
563598,2003-06-13,F,False,True,usa,fort worth,FTW,32.82,-97.362,2023-01-31,23
563691,2006-06-05,F,False,True,usa,san diego,SAN,32.733,-117.189,2023-01-31,20
563731,1974-12-14,F,True,False,usa,washington,IAD,38.944,-77.456,2023-01-31,51
563735,1975-01-06,F,False,False,canada,vancouver,YVR,49.195,-123.182,2023-01-31,51
563736,1983-11-11,F,True,True,usa,san jose,SJC,37.362,-121.929,2023-01-31,42
563773,1994-02-12,M,False,False,usa,mobile,MOB,30.691,-88.243,2023-01-31,32
563787,1983-01-15,F,False,False,usa,dallas,DAL,32.847,-96.852,2023-01-31,43
563853,1995-09-01,F,False,False,usa,chicago,UGN,42.422,-87.868,2023-01-31,31
563882,1991-03-21,F,False,False,usa,portland,PDX,45.589,-122.597,2023-01-31,35
563956,1977-06-22,F,False,False,usa,minneapolis,MSP,44.88,-93.217,2023-01-31,49
563974,1967-03-07,F,True,True,usa,miami,MIA,25.793,-80.291,2023-01-31,59
563995,1997-05-08,M,False,True,usa,sacramento,MHR,38.554,-121.297,2023-01-31,29
564100,1985-08-11,F,True,False,usa,las vegas,LSV,36.236,-115.034,2023-01-31,41
564219,1981-09-28,F,False,True,usa,baltimore,BWI,39.175,-76.668,2023-01-31,45
564252,1982-04-26,F,False,False,canada,calgary,YYC,51.114,-114.02,2023-01-31,44
564377,1986-10-06,F,False,False,usa,new york,LGA,40.777,-73.872,2023-01-31,39
564430,1981-09-09,F,False,True,canada,hamilton,YHM,43.173,-79.935,2023-01-31,45
564495,1974-06-20,F,False,True,usa,fresno,FAT,36.776,-119.718,2023-01-31,52
564498,2002-08-13,F,False,False,canada,edmonton,YEG,53.31,-113.58,2023-01-31,24
564517,1967-02-11,F,True,False,usa,fort worth,FTW,32.82,-97.362,2023-01-31,59
564534,1978-06-23,F,True,False,usa,new york,LGA,40.777,-73.872,2023-01-31,48
564588,2006-01-28,F,False,True,usa,indianapolis,IND,39.717,-86.294,2023-01-31,20
564593,1996-04-28,F,False,False,usa,las vegas,LAS,36.08,-115.152,2023-01-31,30
564596,1991-06-24,F,False,True,usa,austin,AUS,30.194,-97.67,2023-01-31,35
564604,1985-10-20,F,True,False,usa,reno,RNO,39.498,-119.768,2023-01-31,40
564606,1987-08-09,F,False,False,usa,los angeles,LAX,33.942,-118.408,2023-01-31,39
564620,1981-09-06,F,False,False,usa,fresno,FAT,36.776,-119.718,2023-01-31,45
564699,1995-01-06,F,False,True,usa,new york,LGA,40.777,-73.872,2023-01-31,31
564713,1984-01-16,F,True,True,usa,los angeles,LAX,33.942,-118.408,2023-01-31,42
564736,1974-05-07,M,False,False,usa,denver,DEN,39.858,-104.667,2023-01-31,52
564737,1977-09-27,F,False,False,usa,charlotte,CLT,35.214,-80.943,2023-01-31,49
564962,1971-03-20,F,True,False,usa,long beach,LGB,33.818,-118.151,2023-01-31,55
565070,1957-04-16,F,False,False,canada,quebec,YQB,46.788,-71.398,2023-01-31,69
565076,1999-06-21,F,False,False,usa,stockton,SCK,37.894,-121.239,2023-01-31,27
565109,1994-08-05,F,False,False,usa,chicago,UGN,42.422,-87.868,2023-01-31,32
565114,1990-03-12,F,False,False,usa,philadelphia,PNE,40.082,-75.011,2023-01-31,36
565251,1990-02-05,F,False,False,canada,calgary,YYC,51.114,-114.02,2023-01-31,36
565280,2003-07-28,F,False,False,usa,new york,JFK,40.64,-73.779,2023-02-01,23
565419,1977-06-26,F,False,False,usa,new york,JFK,40.64,-73.779,2023-02-01,49
565459,1995-01-10,F,False,False,usa,new york,LGA,40.777,-73.872,2023-02-01,31
565460,1985-10-01,F,False,True,usa,chicago,ORD,41.979,-87.904,2023-02-01,41
565464,1977-06-22,F,True,False,usa,san francisco,SFO,37.619,-122.375,2023-02-01,49
565510,1958-09-06,F,True,False,usa,houston,EFD,29.607,-95.159,2023-02-01,68
565511,2006-01-15,F,False,False,usa,st. louis,STL,38.748,-90.36,2023-02-01,20
565573,1985-09-17,F,False,False,usa,fort worth,FTW,32.82,-97.362,2023-02-01,41
565764,1992-11-15,F,False,True,canada,montreal,YUL,45.468,-73.741,2023-02-01,33
565768,1992-01-13,F,False,False,canada,calgary,YYC,51.114,-114.02,2023-02-01,34
565791,1973-03-01,F,False,False,usa,dallas,DAL,32.847,-96.852,2023-02-01,53
565826,1999-02-12,F,False,True,usa,providence,PVD,41.724,-71.428,2023-02-01,27
565827,1998-10-28,F,True,False,usa,nashville,BNA,36.124,-86.678,2023-02-01,27
565935,1970-09-04,F,True,False,usa,new york,LGA,40.777,-73.872,2023-02-01,56
566008,1986-04-23,F,False,False,usa,chicago,ORD,41.979,-87.904,2023-02-01,40
566032,1970-05-19,M,True,False,usa,san antonio,SAT,29.534,-98.47,2023-02-01,56
566059,1995-07-03,F,True,True,usa,baltimore,BWI,39.175,-76.668,2023-02-01,31
566061,1971-06-22,M,True,True,canada,toronto,YZD,43.742,-79.466,2023-02-01,55
566096,1984-10-02,F,False,True,usa,memphis,MEM,35.042,-89.977,2023-02-01,42
566275,1991-06-27,F,False,False,usa,reno,RNO,39.498,-119.768,2023-02-01,35
566279,1981-09-15,F,True,False,usa,los angeles,LAX,33.942,-118.408,2023-02-01,45
566338,1980-10-04,F,True,False,usa,phoenix,LUF,33.535,-112.383,2023-02-01,45
566432,1960-07-16,F,True,True,usa,el paso,ELP,31.807,-106.378,2023-02-01,66
566547,1981-10-15,F,False,False,usa,richmond,RIC,37.505,-77.319,2023-02-01,44
566626,1974-05-08,F,True,False,usa,san diego,SAN,32.733,-117.189,2023-02-01,52
566702,1977-02-09,F,False,True,usa,minneapolis,MSP,44.88,-93.217,2023-02-01,49
566735,1968-10-11,F,False,True,usa,boston,BOS,42.364,-71.005,2023-02-01,57
566770,1991-10-21,F,True,True,canada,calgary,YYC,51.114,-114.02,2023-02-01,34
566787,1981-06-27,F,False,False,usa,san antonio,SKF,29.384,-98.581,2023-02-01,45
566815,1981-10-09,F,True,False,usa,new york,LGA,40.777,-73.872,2023-02-01,44
566875,1971-04-13,F,False,False,canada,toronto,YZD,43.742,-79.466,2023-02-01,55
566881,1970-10-10,M,True,True,usa,new york,LGA,40.777,-73.872,2023-02-01,55
566953,1993-04-28,F,False,True,canada,edmonton,YEG,53.31,-113.58,2023-02-01,33
566998,1985-08-18,F,False,True,usa,philadelphia,PHL,39.872,-75.241,2023-02-01,41
567052,2006-07-20,M,False,False,usa,dallas,DAL,32.847,-96.852,2023-02-01,20
567219,1986-10-23,F,False,False,usa,washington,IAD,38.944,-77.456,2023-02-01,39
567243,1991-05-15,F,False,True,usa,houston,IAH,29.98,-95.34,2023-02-01,35
567245,1953-01-26,M,False,False,usa,wichita,ICT,37.65,-97.433,2023-02-01,73
567432,1979-05-12,F,False,True,canada,montreal,YMX,45.68,-74.039,2023-02-02,47
567448,1978-08-23,F,True,True,usa,portland,PWM,43.646,-70.309,2023-02-02,48
567458,2006-04-18,F,False,False,usa,san antonio,RND,29.529,-98.279,2023-02-02,20
567478,1987-05-22,F,False,False,usa,tacoma,TCM,47.138,-122.476,2023-02-02,39
567547,1990-05-06,F,False,False,usa,san jose,SJC,37.362,-121.929,2023-02-02,36
567643,1983-07-02,F,True,False,usa,chicago,MDW,41.786,-87.752,2023-02-02,43
567651,1986-07-26,F,False,False,usa,laredo,LRD,27.544,-99.461,2023-02-02,40
567778,1980-07-11,F,False,True,usa,san diego,SAN,32.733,-117.189,2023-02-02,46
567943,1990-06-18,F,False,True,usa,los angeles,LAX,33.942,-118.408,2023-02-02,36
567950,1970-12-08,F,True,False,usa,houston,IAH,29.98,-95.34,2023-02-02,55
568004,1969-11-03,F,True,True,canada,winnipeg,YWG,49.91,-97.234,2023-02-02,56
568064,1977-10-16,F,True,False,usa,santa ana,SNA,33.676,-117.868,2023-02-02,48
568078,1987-01-12,F,True,True,usa,san jose,SJC,37.362,-121.929,2023-02-02,39
568086,1964-09-15,F,False,False,usa,phoenix,LUF,33.535,-112.383,2023-02-02,62
568155,2002-02-03,F,False,True,usa,san jose,SJC,37.362,-121.929,2023-02-02,24
568167,1990-09-26,F,False,False,usa,san diego,SAN,32.733,-117.189,2023-02-02,36
568385,1977-10-10,F,True,False,usa,jacksonville,NZC,30.219,-81.876,2023-02-02,48
568416,1992-07-28,M,False,True,canada,saskatoon,YXE,52.171,-106.7,2023-02-02,34
568463,1970-09-03,F,False,False,usa,tampa,MCF,27.849,-82.521,2023-02-02,56
568486,1964-07-20,F,True,False,canada,calgary,YYC,51.114,-114.02,2023-02-02,62
568513,1998-08-12,F,False,True,usa,new york,LGA,40.777,-73.872,2023-02-02,28
568602,1988-07-08,F,False,True,usa,baton rouge,BTR,30.533,-91.149,2023-02-02,38
568713,1975-06-22,M,False,False,usa,burlington,BTV,44.472,-73.153,2023-02-02,51
568790,1971-08-21,M,False,False,usa,new orleans,MSY,29.993,-90.258,2023-02-02,55
568917,2001-02-16,F,False,False,usa,new york,LGA,40.777,-73.872,2023-02-02,25
568984,1956-05-13,F,True,False,canada,montreal,YMX,45.68,-74.039,2023-02-02,70
569107,2004-07-06,F,False,False,usa,indianapolis,IND,39.717,-86.294,2023-02-02,22
569150,1983-10-18,F,False,False,usa,washington,IAD,38.944,-77.456,2023-02-02,42
569170,1982-08-19,F,False,False,usa,des moines,DSM,41.534,-93.663,2023-02-02,44
569239,1979-12-26,F,False,False,usa,phoenix,LUF,33.535,-112.383,2023-02-02,46
569342,1987-08-03,F,True,True,canada,ottawa,YOW,45.323,-75.669,2023-02-02,39
569458,1991-12-15,F,False,False,canada,toronto,YYZ,43.677,-79.631,2023-02-03,34
569466,1982-10-04,F,True,True,usa,portland,PWM,43.646,-70.309,2023-02-03,43
569472,1981-03-09,F,True,False,usa,oklahoma city,TIK,35.415,-97.386,2023-02-03,45
569534,1975-03-24,F,True,False,canada,ottawa,YOW,45.323,-75.669,2023-02-03,51
569572,1982-03-12,F,True,True,usa,new york,LGA,40.777,-73.872,2023-02-03,44
569643,1954-12-22,F,True,False,usa,philadelphia,PHL,39.872,-75.241,2023-02-03,71
569817,1987-12-08,M,True,False,usa,houston,IAH,29.98,-95.34,2023-02-03,38
569923,2000-05-11,M,False,False,usa,san diego,SAN,32.733,-117.189,2023-02-03,26
570021,1986-07-11,F,False,True,usa,tucson,DMA,32.166,-110.883,2023-02-03,40
570076,1994-03-08,F,False,False,usa,miami,TNT,25.862,-80.897,2023-02-03,32
570144,1981-06-01,F,True,True,usa,indianapolis,IND,39.717,-86.294,2023-02-03,45
570162,1987-06-07,F,False,True,usa,nashville,BNA,36.124,-86.678,2023-02-03,39
570219,1985-10-04,F,False,False,usa,houston,HOU,29.645,-95.279,2023-02-03,40
570224,1986-07-11,F,False,False,usa,st. petersburg,SPG,27.765,-82.627,2023-02-03,40
570226,1992-09-06,F,False,False,canada,london,YXU,43.036,-81.154,2023-02-03,34
570279,1998-08-21,F,False,False,usa,newark,EWR,40.692,-74.169,2023-02-03,28
570291,1969-06-18,F,True,True,usa,jacksonville,LRF,34.918,-92.146,2023-02-03,57
570346,1987-03-17,F,False,False,usa,mobile,BFM,30.626,-88.068,2023-02-03,39
570369,1987-05-08,F,True,False,usa,nashville,BNA,36.124,-86.678,2023-02-03,39
570601,1986-05-22,M,True,True,usa,baltimore,BWI,39.175,-76.668,2023-02-03,40
570631,1977-03-26,F,True,True,usa,portland,PDX,45.589,-122.597,2023-02-03,49
570666,1989-05-11,F,True,False,canada,winnipeg,YAV,50.056,-97.032,2023-02-03,37
570782,1981-02-05,F,True,False,usa,portland,PDX,45.589,-122.597,2023-02-03,45
570862,1946-04-25,F,True,False,usa,houston,IAH,29.98,-95.34,2023-02-03,80
570930,2006-03-24,F,False,False,usa,new york,JFK,40.64,-73.779,2023-02-03,20
570961,1947-07-20,F,True,False,usa,columbus,LCK,39.814,-82.928,2023-02-03,79
570988,1957-09-04,F,True,False,usa,oklahoma city,OKC,35.393,-97.601,2023-02-03,69
571001,2006-10-09,M,False,False,usa,richmond,RIC,37.505,-77.319,2023-02-03,19
571015,1994-06-01,F,True,False,usa,austin,AUS,30.194,-97.67,2023-02-03,32
571200,1976-11-09,F,False,False,canada,halifax,YAW,44.64,-63.499,2023-02-03,49
571251,1964-05-17,F,False,False,usa,portland,PDX,45.589,-122.597,2023-02-03,62
571363,1977-08-02,F,False,False,usa,sacramento,MCC,38.667,-121.401,2023-02-03,49
571429,1982-05-22,F,True,True,usa,new york,LGA,40.777,-73.872,2023-02-03,44
571560,1972-10-09,F,False,False,usa,tulsa,TUL,36.198,-95.888,2023-02-04,53
571561,1992-03-15,F,False,False,usa,des moines,DSM,41.534,-93.663,2023-02-04,34
571610,2006-07-11,F,False,False,usa,los angeles,LAX,33.942,-118.408,2023-02-04,20
571637,1983-04-07,F,False,True,usa,seattle,BFI,47.53,-122.302,2023-02-04,43
571639,1983-02-24,F,True,True,usa,san francisco,SFO,37.619,-122.375,2023-02-04,43
571757,1995-02-02,F,False,False,usa,orlando,ORL,28.545,-81.333,2023-02-04,31
571864,1986-12-03,F,False,False,usa,madison,MSN,43.14,-89.337,2023-02-04,39
571888,1984-02-11,F,False,False,usa,el paso,BIF,31.849,-106.38,2023-02-04,42
571913,2001-11-20,F,False,False,canada,montreal,YUL,45.468,-73.741,2023-02-04,24
571940,1988-05-01,F,False,True,usa,richmond,RIC,37.505,-77.319,2023-02-04,38
572106,1968-09-11,F,True,False,usa,newark,EWR,40.692,-74.169,2023-02-04,58
572154,1976-11-22,F,True,True,usa,omaha,OFF,41.118,-95.913,2023-02-04,49
572290,1981-07-14,F,False,False,usa,chicago,ORD,41.979,-87.904,2023-02-04,45
572396,1975-07-17,F,False,True,usa,madison,MSN,43.14,-89.337,2023-02-04,51
572397,1970-11-04,F,True,True,usa,bakersfield,BFL,35.433,-119.057,2023-02-04,55
572479,1976-08-27,F,True,False,usa,portland,PWM,43.646,-70.309,2023-02-04,50
572538,1970-08-07,M,True,False,usa,madison,MSN,43.14,-89.337,2023-02-04,56
572591,1981-05-05,F,True,False,usa,wichita,ICT,37.65,-97.433,2023-02-04,45
572632,1979-05-09,F,True,True,usa,lubbock,LBB,33.664,-101.823,2023-02-04,47
572744,1992-10-25,F,True,False,canada,ottawa,YOW,45.323,-75.669,2023-02-04,33
572870,2003-04-15,F,False,False,usa,stockton,SCK,37.894,-121.239,2023-02-04,23
572932,1948-03-22,F,True,False,usa,omaha,OMA,41.302,-95.894,2023-02-04,78
573237,1987-09-08,F,False,True,canada,calgary,YYC,51.114,-114.02,2023-02-04,39
573244,1986-04-16,F,False,False,usa,tacoma,TCM,47.138,-122.476,2023-02-04,40
573249,1975-12-27,M,False,False,canada,edmonton,YED,53.667,-113.467,2023-02-04,50
573291,1967-03-18,F,True,False,canada,winnipeg,YWG,49.91,-97.234,2023-02-04,59
573365,2003-10-23,F,False,False,canada,toronto,YZD,43.742,-79.466,2023-02-04,22
573378,1979-01-24,F,True,True,usa,new york,LGA,40.777,-73.872,2023-02-04,47
573379,1978-07-18,F,True,False,canada,edmonton,YED,53.667,-113.467,2023-02-04,48
573420,1987-02-09,F,False,False,usa,dallas,DAL,32.847,-96.852,2023-02-04,39
573518,1980-08-06,F,True,False,usa,los angeles,LAX,33.942,-118.408,2023-02-04,46
573648,1985-04-02,F,False,False,usa,charlotte,CLT,35.214,-80.943,2023-02-05,41
573698,1992-10-14,F,False,False,usa,laredo,LRD,27.544,-99.461,2023-02-05,33
573704,1976-08-20,F,True,False,usa,new york,LGA,40.777,-73.872,2023-02-05,50
573719,1975-10-02,F,True,True,canada,saskatoon,YXE,52.171,-106.7,2023-02-05,51
573922,1982-12-13,F,True,True,usa,tulsa,TUL,36.198,-95.888,2023-02-05,43
573939,1972-05-27,F,True,False,usa,chicago,MDW,41.786,-87.752,2023-02-05,54
573946,1974-05-04,F,False,False,usa,tucson,TUS,32.116,-110.941,2023-02-05,52
574003,1981-09-17,M,False,False,usa,new york,JFK,40.64,-73.779,2023-02-05,45
574071,1978-11-17,F,True,False,canada,winnipeg,YWG,49.91,-97.234,2023-02-05,47
574104,1969-09-24,F,False,False,canada,toronto,YTZ,43.627,-79.396,2023-02-05,57
574116,1978-06-26,F,True,True,usa,stockton,SCK,37.894,-121.239,2023-02-05,48
574134,1981-02-22,F,True,False,usa,houston,HOU,29.645,-95.279,2023-02-05,45
574279,1976-05-17,F,True,False,usa,new orleans,NBG,29.825,-90.035,2023-02-05,50
574362,2000-12-15,F,False,False,usa,dallas,DAL,32.847,-96.852,2023-02-05,25
574409,1984-07-20,M,False,True,usa,long beach,LGB,33.818,-118.151,2023-02-05,42
574419,1990-03-27,M,False,False,usa,louisville,LOU,38.228,-85.664,2023-02-05,36
574440,1974-05-24,F,True,True,usa,san francisco,SFO,37.619,-122.375,2023-02-05,52
574794,1980-10-17,F,False,False,usa,colorado springs,COS,38.806,-104.7,2023-02-05,45
574840,1985-03-05,F,False,True,usa,new york,JFK,40.64,-73.779,2023-02-05,41
574909,1980-07-06,F,True,True,usa,orlando,MCO,28.429,-81.316,2023-02-05,46
575051,1974-07-28,F,False,False,usa,washington,DCA,38.852,-77.037,2023-02-05,52
575055,1984-12-21,F,False,False,usa,new york,LGA,40.777,-73.872,2023-02-05,41
575233,1976-03-10,F,True,False,usa,los angeles,LAX,33.942,-118.408,2023-02-05,50
575299,1980-02-07,F,True,False,usa,oklahoma city,OKC,35.393,-97.601,2023-02-05,46
575419,1981-08-08,F,False,False,usa,new york,LGA,40.777,-73.872,2023-02-05,45
575554,1979-06-02,F,True,False,usa,oklahoma city,OKC,35.393,-97.601,2023-02-05,47
575561,1978-05-16,F,True,False,usa,el paso,BIF,31.849,-106.38,2023-02-05,48
575576,1971-10-17,M,False,False,canada,toronto,YZD,43.742,-79.466,2023-02-05,54
575692,1999-05-13,F,False,True,usa,washington,IAD,38.944,-77.456,2023-02-05,27
575711,1975-04-04,F,True,True,usa,santa ana,SNA,33.676,-117.868,2023-02-06,51
575733,1976-12-26,F,True,False,usa,tallahassee,TLH,30.396,-84.35,2023-02-06,49
575774,1982-08-07,F,True,False,usa,oakland,OAK,37.721,-122.221,2023-02-06,44
575809,1975-03-03,F,True,False,usa,los angeles,LAX,33.942,-118.408,2023-02-06,51
575908,1994-02-21,F,False,True,usa,san jose,SJC,37.362,-121.929,2023-02-06,32
575923,1984-06-09,F,True,True,usa,washington,DCA,38.852,-77.037,2023-02-06,42
576040,1996-02-15,M,False,False,usa,riverside,RIV,33.881,-117.259,2023-02-06,30
576103,1972-10-28,F,True,True,usa,sacramento,MCC,38.667,-121.401,2023-02-06,53
576136,1972-08-17,F,False,False,usa,tulsa,TUL,36.198,-95.888,2023-02-06,54
576357,1990-08-14,F,True,False,usa,seattle,BFI,47.53,-122.302,2023-02-06,36
576366,1978-10-25,F,False,False,canada,toronto,YTZ,43.627,-79.396,2023-02-06,47
576369,1976-05-25,F,True,False,usa,tulsa,TUL,36.198,-95.888,2023-02-06,50
576541,1978-12-21,F,True,True,usa,houston,IAH,29.98,-95.34,2023-02-06,47
576612,1986-02-13,F,False,False,usa,austin,AUS,30.194,-97.67,2023-02-06,40
576785,1991-07-01,M,True,True,usa,cincinnati,CVG,39.046,-84.662,2023-02-06,35
576849,1985-10-27,F,True,False,usa,houston,EFD,29.607,-95.159,2023-02-06,40
576879,1986-07-09,F,True,True,usa,baton rouge,BTR,30.533,-91.149,2023-02-06,40
576922,2006-09-24,F,False,False,usa,new york,LGA,40.777,-73.872,2023-02-06,20
576962,1979-02-25,F,False,False,usa,chicago,UGN,42.422,-87.868,2023-02-06,47
576966,1968-11-22,F,False,False,usa,memphis,MEM,35.042,-89.977,2023-02-06,57
577046,1981-07-14,F,True,True,usa,new york,JFK,40.64,-73.779,2023-02-06,45
577074,1971-01-16,F,True,False,usa,chicago,ORD,41.979,-87.904,2023-02-06,55
577145,1981-02-02,F,False,False,usa,wichita,IAB,37.623,-97.267,2023-02-06,45
577180,1975-01-02,F,True,False,usa,new york,JFK,40.64,-73.779,2023-02-06,51
577255,1978-06-05,F,False,False,usa,las vegas,LSV,36.236,-115.034,2023-02-06,48
577287,1980-03-22,F,False,True,canada,montreal,YUL,45.468,-73.741,2023-02-06,46
577356,1983-07-14,F,True,True,usa,washington,IAD,38.944,-77.456,2023-02-06,43
577381,1976-06-22,F,True,True,usa,tacoma,TCM,47.138,-122.476,2023-02-06,50
577534,1998-09-05,F,True,False,usa,san antonio,SKF,29.384,-98.581,2023-02-06,28
577539,1990-01-28,F,False,True,usa,new york,JFK,40.64,-73.779,2023-02-06,36
577617,1997-09-01,F,True,False,canada,toronto,YTZ,43.627,-79.396,2023-02-06,29
577625,1982-04-25,F,False,True,usa,austin,AUS,30.194,-97.67,2023-02-06,44
577638,1986-03-27,F,False,False,canada,winnipeg,YWG,49.91,-97.234,2023-02-06,40
577901,1995-02-13,F,True,True,usa,jacksonville,NZC,30.219,-81.876,2023-02-06,31
577921,1997-08-20,F,False,False,usa,phoenix,LUF,33.535,-112.383,2023-02-06,29
577944,1955-04-27,F,True,False,usa,san diego,NZY,32.699,-117.215,2023-02-06,71
577984,1977-03-05,F,False,True,usa,el paso,ELP,31.807,-106.378,2023-02-06,49
578164,1981-02-26,F,False,True,usa,denver,DEN,39.858,-104.667,2023-02-07,45
578396,1968-08-12,F,True,True,usa,riverside,RIV,33.881,-117.259,2023-02-07,58
578503,1973-07-14,F,True,False,usa,louisville,LOU,38.228,-85.664,2023-02-07,53
578549,1985-01-12,F,True,False,usa,austin,AUS,30.194,-97.67,2023-02-07,41
578607,1984-07-08,F,False,False,usa,oakland,OAK,37.721,-122.221,2023-02-07,42
578866,1983-04-24,F,True,True,usa,los angeles,LAX,33.942,-118.408,2023-02-07,43
578892,1989-07-10,F,False,True,usa,fresno,FAT,36.776,-119.718,2023-02-07,37
578929,1986-08-08,F,True,False,usa,los angeles,LAX,33.942,-118.408,2023-02-07,40
578938,1977-12-24,F,True,False,usa,new york,JFK,40.64,-73.779,2023-02-07,48
578947,1975-10-19,F,True,True,usa,el paso,BIF,31.849,-106.38,2023-02-07,50
579021,1986-09-20,M,False,False,usa,omaha,OMA,41.302,-95.894,2023-02-07,40
579065,1973-12-09,F,True,True,usa,louisville,LOU,38.228,-85.664,2023-02-07,52
579230,1979-06-15,M,False,False,usa,baltimore,BWI,39.175,-76.668,2023-02-07,47
579275,1978-07-22,F,True,False,canada,calgary,YYC,51.114,-114.02,2023-02-07,48
579323,1995-09-10,F,False,True,usa,new york,JFK,40.64,-73.779,2023-02-07,31
579404,1985-10-05,F,False,False,usa,san diego,SAN,32.733,-117.189,2023-02-07,40
579547,1978-04-09,F,True,False,usa,columbus,LCK,39.814,-82.928,2023-02-07,48
579589,1975-04-17,F,True,False,usa,houston,EFD,29.607,-95.159,2023-02-07,51
579707,1981-05-03,F,True,True,usa,colorado springs,COS,38.806,-104.7,2023-02-07,45
579714,1938-09-09,F,True,False,usa,mobile,MOB,30.691,-88.243,2023-02-07,88
579783,1998-11-13,F,False,False,canada,ottawa,YOW,45.323,-75.669,2023-02-07,27
579829,1964-09-27,F,False,False,canada,calgary,YYC,51.114,-114.02,2023-02-07,62
579846,1998-03-16,F,False,False,usa,new york,LGA,40.777,-73.872,2023-02-07,28
579999,2006-10-17,F,False,False,usa,new york,LGA,40.777,-73.872,2023-02-07,19
580026,1947-08-22,F,True,False,usa,new york,LGA,40.777,-73.872,2023-02-07,79
580077,1991-04-20,F,True,False,usa,tampa,TPA,27.975,-82.533,2023-02-07,35
580460,1981-06-15,F,False,True,usa,colorado springs,COS,38.806,-104.7,2023-02-08,45
580578,1980-10-26,F,False,True,canada,toronto,YTZ,43.627,-79.396,2023-02-08,45
580626,1971-10-25,F,True,False,usa,santa ana,SNA,33.676,-117.868,2023-02-08,54
580944,1982-08-10,F,True,True,canada,winnipeg,YWG,49.91,-97.234,2023-02-08,44
580971,1980-06-27,M,False,False,canada,toronto,YTZ,43.627,-79.396,2023-02-08,46
581085,1996-12-12,F,True,True,usa,new york,JFK,40.64,-73.779,2023-02-08,29
581091,1992-03-12,M,False,False,usa,dallas,DAL,32.847,-96.852,2023-02-08,34
581110,1979-12-15,F,True,True,usa,tulsa,TUL,36.198,-95.888,2023-02-08,46
581111,1978-08-26,O,True,True,usa,las vegas,LSV,36.236,-115.034,2023-02-08,48
581269,1974-09-25,F,True,False,usa,san jose,SJC,37.362,-121.929,2023-02-08,52
581307,1992-07-18,F,False,False,usa,san antonio,SAT,29.534,-98.47,2023-02-08,34
581365,1992-04-10,F,False,False,usa,omaha,OFF,41.118,-95.913,2023-02-08,34
581388,1998-02-17,F,False,False,usa,denver,DEN,39.858,-104.667,2023-02-08,28
581409,1985-09-19,F,False,True,usa,louisville,LOU,38.228,-85.664,2023-02-08,41
581412,1976-03-05,F,False,False,usa,charlotte,CLT,35.214,-80.943,2023-02-08,50
581438,1984-02-01,M,True,False,usa,new york,JFK,40.64,-73.779,2023-02-08,42
581461,2006-05-19,F,False,False,usa,new york,LGA,40.777,-73.872,2023-02-08,20
581527,1986-09-01,F,True,False,usa,san antonio,SAT,29.534,-98.47,2023-02-08,40
581666,1972-05-21,F,True,False,usa,reno,RNO,39.498,-119.768,2023-02-08,54
581679,2004-03-01,F,False,True,canada,toronto,YTZ,43.627,-79.396,2023-02-08,22
581685,1966-01-02,F,True,True,usa,new york,LGA,40.777,-73.872,2023-02-08,60
581721,1980-12-06,F,False,False,canada,toronto,YKZ,43.862,-79.37,2023-02-08,45
581729,1956-05-19,F,False,False,usa,st. petersburg,SPG,27.765,-82.627,2023-02-08,70
581770,1968-01-23,F,True,True,canada,vancouver,YVR,49.195,-123.182,2023-02-08,58
581835,1985-01-14,F,False,False,usa,detroit,DTW,42.212,-83.353,2023-02-08,41
581858,1976-12-04,F,True,False,usa,los angeles,LAX,33.942,-118.408,2023-02-08,49
581901,1970-06-12,F,True,False,usa,new orleans,NBG,29.825,-90.035,2023-02-08,56
582002,2006-05-24,F,False,False,usa,tulsa,TUL,36.198,-95.888,2023-02-08,20
582011,1960-04-20,F,True,True,usa,baltimore,BWI,39.175,-76.668,2023-02-08,66
582227,1993-05-07,F,False,True,canada,halifax,YHZ,44.881,-63.509,2023-02-09,33
582241,1983-05-16,F,True,False,usa,bakersfield,BFL,35.433,-119.057,2023-02-09,43
582482,1983-06-25,F,True,False,usa,brownsville,BRO,25.907,-97.426,2023-02-09,43
582484,1985-06-02,F,True,True,usa,indianapolis,IND,39.717,-86.294,2023-02-09,41
582577,1982-09-04,F,True,True,usa,dallas,DAL,32.847,-96.852,2023-02-09,44
582636,1973-05-01,F,False,False,usa,omaha,OFF,41.118,-95.913,2023-02-09,53
582903,2000-06-17,F,False,False,canada,toronto,YZD,43.742,-79.466,2023-02-09,26
582995,1983-09-01,F,False,False,usa,omaha,OFF,41.118,-95.913,2023-02-09,43
583016,1981-06-08,F,True,True,usa,laredo,LRD,27.544,-99.461,2023-02-09,45
583087,1978-01-18,F,True,True,usa,chicago,UGN,42.422,-87.868,2023-02-09,48
583120,1971-04-05,F,True,True,usa,stockton,SCK,37.894,-121.239,2023-02-09,55
583134,1989-10-07,F,False,False,usa,minneapolis,MSP,44.88,-93.217,2023-02-09,36
583190,2003-01-27,F,False,False,usa,honolulu,HNL,21.316,-157.927,2023-02-09,23
583200,1983-07-20,F,True,False,usa,new york,LGA,40.777,-73.872,2023-02-09,43
583297,1969-10-28,F,True,True,usa,los angeles,LAX,33.942,-118.408,2023-02-09,56
583336,1987-10-07,F,False,True,usa,columbus,CMH,39.998,-82.892,2023-02-09,38
583483,1988-02-16,F,True,False,usa,philadelphia,PNE,40.082,-75.011,2023-02-09,38
583486,1979-02-04,F,True,False,usa,houston,HOU,29.645,-95.279,2023-02-09,47
583526,1993-03-22,F,False,True,usa,san jose,SJC,37.362,-121.929,2023-02-09,33
583612,1984-07-22,F,False,True,usa,st. louis,STL,38.748,-90.36,2023-02-09,42
583623,1969-02-14,F,False,True,usa,tucson,TUS,32.116,-110.941,2023-02-09,57
583764,1979-08-21,F,False,True,usa,honolulu,HNL,21.316,-157.927,2023-02-09,47
583976,1985-08-18,F,True,False,usa,los angeles,LAX,33.942,-118.408,2023-02-09,41
584134,1984-02-01,F,False,True,usa,reno,RNO,39.498,-119.768,2023-02-09,42
584185,1975-08-11,F,True,True,usa,winston-salem,INT,36.134,-80.222,2023-02-09,51
584217,1971-10-13,F,False,False,usa,brownsville,BRO,25.907,-97.426,2023-02-09,54
584247,1985-04-14,F,False,False,canada,calgary,YYC,51.114,-114.02,2023-02-09,41
584423,1989-04-20,F,False,False,usa,tampa,TPA,27.975,-82.533,2023-02-10,37
584459,1986-09-10,F,True,True,usa,richmond,RIC,37.505,-77.319,2023-02-10,40
584530,1981-02-01,F,True,True,usa,brownsville,BRO,25.907,-97.426,2023-02-10,45
584531,1979-08-14,M,True,True,usa,shreveport,BAD,32.502,-93.663,2023-02-10,47
584549,1969-03-04,F,False,False,usa,st. louis,STL,38.748,-90.36,2023-02-10,57
584591,1982-07-19,F,False,False,usa,new york,JFK,40.64,-73.779,2023-02-10,44
584666,1973-09-19,M,True,False,usa,milwaukee,MKE,42.947,-87.896,2023-02-10,53
584843,1968-07-03,F,True,True,usa,san diego,SAN,32.733,-117.189,2023-02-10,58
584844,1980-11-12,F,False,False,usa,oakland,OAK,37.721,-122.221,2023-02-10,45
585138,1957-12-24,F,True,False,usa,los angeles,LAX,33.942,-118.408,2023-02-10,68
585585,1977-05-06,F,False,False,usa,new york,JFK,40.64,-73.779,2023-02-10,49
585595,1980-06-18,F,False,False,usa,washington,IAD,38.944,-77.456,2023-02-10,46
585722,1989-12-20,F,True,False,canada,montreal,YMX,45.68,-74.039,2023-02-10,36
585745,1976-11-07,F,True,False,usa,lubbock,LBB,33.664,-101.823,2023-02-10,49
585882,1974-06-18,F,True,False,usa,des moines,DSM,41.534,-93.663,2023-02-10,52
585965,1975-07-19,F,False,False,usa,fort worth,FTW,32.82,-97.362,2023-02-10,51
585986,1979-07-03,M,True,True,canada,calgary,YYC,51.114,-114.02,2023-02-10,47
586006,1981-12-22,F,False,True,usa,los angeles,LAX,33.942,-118.408,2023-02-10,44
586038,1997-04-12,F,False,False,canada,calgary,YYC,51.114,-114.02,2023-02-10,29
586063,1980-07-21,M,False,False,canada,hamilton,YHM,43.173,-79.935,2023-02-10,46
586077,1975-10-22,F,True,False,usa,new york,JFK,40.64,-73.779,2023-02-10,50
586122,1972-07-19,M,True,False,usa,indianapolis,IND,39.717,-86.294,2023-02-10,54
586124,1981-05-10,M,False,False,usa,louisville,LOU,38.228,-85.664,2023-02-10,45
586192,1975-04-12,F,True,False,usa,lincoln,LNK,40.851,-96.759,2023-02-10,51
586251,1988-06-12,F,False,True,usa,long beach,LGB,33.818,-118.151,2023-02-10,38
586312,1979-10-22,F,False,False,usa,new york,JFK,40.64,-73.779,2023-02-10,46
586631,1988-11-07,F,False,True,usa,nashville,BNA,36.124,-86.678,2023-02-11,37
586672,1997-09-10,F,False,False,usa,baltimore,BWI,39.175,-76.668,2023-02-11,29
586701,1982-05-05,M,False,False,usa,philadelphia,PNE,40.082,-75.011,2023-02-11,44
586721,2006-10-21,F,False,False,usa,new york,LGA,40.777,-73.872,2023-02-11,19
586732,1991-10-01,F,False,False,canada,london,YXU,43.036,-81.154,2023-02-11,35
586803,1988-03-06,F,True,True,usa,corpus christi,CRP,27.77,-97.501,2023-02-11,38
586887,1985-09-22,F,True,False,usa,santa ana,SNA,33.676,-117.868,2023-02-11,41
586936,1975-01-28,F,False,False,usa,tucson,DMA,32.166,-110.883,2023-02-11,51
587134,1983-10-20,F,False,False,usa,new york,JFK,40.64,-73.779,2023-02-11,42
587195,1959-08-19,M,False,True,usa,corpus christi,CRP,27.77,-97.501,2023-02-11,67
587233,1969-04-14,F,True,True,usa,new york,JFK,40.64,-73.779,2023-02-11,57
587234,1984-01-07,F,False,True,canada,toronto,YZD,43.742,-79.466,2023-02-11,42
587304,1975-01-18,F,True,False,usa,chicago,MDW,41.786,-87.752,2023-02-11,51
587313,1995-06-13,F,False,False,usa,new york,JFK,40.64,-73.779,2023-02-11,31
587373,1971-12-01,F,True,False,usa,jacksonville,NCA,34.708,-77.439,2023-02-11,54
587459,1975-08-05,F,True,False,usa,philadelphia,PNE,40.082,-75.011,2023-02-11,51
587601,1952-11-10,F,True,False,canada,toronto,YYZ,43.677,-79.631,2023-02-11,73
587753,1950-12-27,F,True,False,usa,san antonio,RND,29.529,-98.279,2023-02-11,75
587754,1974-09-08,F,True,True,usa,austin,AUS,30.194,-97.67,2023-02-11,52
587802,1974-07-28,F,False,False,usa,los angeles,LAX,33.942,-118.408,2023-02-11,52
587810,1970-12-01,F,False,True,usa,lincoln,LNK,40.851,-96.759,2023-02-11,55
587899,1987-08-26,F,False,False,usa,tampa,MCF,27.849,-82.521,2023-02-11,39
588313,2006-02-04,F,False,False,usa,new york,JFK,40.64,-73.779,2023-02-11,20
588355,1977-02-05,F,True,False,usa,los angeles,LAX,33.942,-118.408,2023-02-11,49
588370,1984-10-23,M,True,True,canada,calgary,YYC,51.114,-114.02,2023-02-11,41
588386,1989-12-03,F,False,False,usa,cleveland,CLE,41.412,-81.85,2023-02-11,36
588391,1976-01-01,F,False,True,usa,kansas city,MCI,39.297,-94.714,2023-02-11,50
588414,1973-03-14,F,False,False,usa,new york,JFK,40.64,-73.779,2023-02-11,53
588526,2006-06-12,F,False,True,usa,baltimore,BWI,39.175,-76.668,2023-02-11,20
588560,1999-09-28,F,False,False,usa,chicago,MDW,41.786,-87.752,2023-02-11,27
588582,1975-07-25,F,False,False,usa,chicago,MDW,41.786,-87.752,2023-02-11,51
588797,1979-09-13,M,True,True,canada,victoria,YYJ,48.647,-123.426,2023-02-12,47
588820,1978-08-24,F,False,False,usa,cincinnati,LUK,39.103,-84.419,2023-02-12,48
588970,1999-12-01,F,False,True,usa,omaha,OFF,41.118,-95.913,2023-02-12,26
589008,2006-01-21,F,False,False,canada,halifax,YAW,44.64,-63.499,2023-02-12,20
589154,1986-06-10,F,True,True,usa,washington,DCA,38.852,-77.037,2023-02-12,40
589164,1978-11-27,F,True,True,usa,oklahoma city,TIK,35.415,-97.386,2023-02-12,47
589306,1983-12-24,F,False,True,usa,new york,LGA,40.777,-73.872,2023-02-12,42
589404,1983-06-25,F,False,True,usa,new orleans,MSY,29.993,-90.258,2023-02-12,43
589405,1982-06-16,F,True,True,canada,ottawa,YOW,45.323,-75.669,2023-02-12,44
589489,1982-03-12,F,False,False,usa,new york,JFK,40.64,-73.779,2023-02-12,44
589539,2001-12-17,F,False,False,usa,richmond,RIC,37.505,-77.319,2023-02-12,24
589630,1975-03-21,F,True,True,usa,charlotte,CLT,35.214,-80.943,2023-02-12,51
589650,1985-06-05,F,False,False,canada,montreal,YHU,45.517,-73.417,2023-02-12,41
589758,1976-11-09,F,True,False,usa,washington,IAD,38.944,-77.456,2023-02-12,49
589775,1974-09-26,F,False,False,canada,london,YXU,43.036,-81.154,2023-02-12,52
589812,1974-11-16,F,True,True,usa,newark,EWR,40.692,-74.169,2023-02-12,51
589868,1982-01-18,F,True,False,usa,san diego,SAN,32.733,-117.189,2023-02-12,44
589884,1997-06-03,O,True,False,usa,minneapolis,MSP,44.88,-93.217,2023-02-12,29
589977,1973-02-09,F,True,False,canada,toronto,YYZ,43.677,-79.631,2023-02-12,53
590040,1985-04-02,F,False,False,canada,montreal,YHU,45.517,-73.417,2023-02-12,41
590077,1984-11-20,F,False,False,usa,los angeles,LAX,33.942,-118.408,2023-02-12,41
590123,1964-07-09,F,True,False,usa,minneapolis,MSP,44.88,-93.217,2023-02-12,62
590163,1982-12-26,F,False,True,usa,philadelphia,PHL,39.872,-75.241,2023-02-12,43
590202,1980-02-06,F,False,False,usa,new york,JFK,40.64,-73.779,2023-02-12,46
590227,1975-01-15,F,False,False,canada,toronto,YYZ,43.677,-79.631,2023-02-12,51
590379,1970-11-08,F,True,False,usa,san francisco,SFO,37.619,-122.375,2023-02-12,55
590397,2006-07-23,F,False,False,usa,memphis,MEM,35.042,-89.977,2023-02-12,20
590412,1982-11-04,F,False,False,usa,bakersfield,BFL,35.433,-119.057,2023-02-12,43
590420,1997-05-01,F,False,True,usa,santa ana,SNA,33.676,-117.868,2023-02-12,29
590468,2001-05-18,F,False,False,usa,new york,JFK,40.64,-73.779,2023-02-12,25
590471,1969-02-06,F,True,False,canada,toronto,YTZ,43.627,-79.396,2023-02-12,57
590473,1976-03-05,F,True,False,usa,new york,LGA,40.777,-73.872,2023-02-12,50
590659,1988-08-22,F,False,False,usa,milwaukee,MKE,42.947,-87.896,2023-02-13,38
590697,1980-07-02,F,False,False,usa,cleveland,CLE,41.412,-81.85,2023-02-13,46
590843,1988-11-11,F,True,True,usa,columbus,LCK,39.814,-82.928,2023-02-13,37
590954,1977-08-02,F,True,False,usa,little rock,LIT,34.729,-92.224,2023-02-13,49
590981,1985-04-06,F,True,False,usa,philadelphia,PHL,39.872,-75.241,2023-02-13,41
591063,1970-03-05,F,True,False,canada,toronto,YTZ,43.627,-79.396,2023-02-13,56
591097,1979-08-19,F,False,True,usa,houston,IAH,29.98,-95.34,2023-02-13,47
591328,1986-08-20,F,False,False,usa,newark,EWR,40.692,-74.169,2023-02-13,40
591381,2000-10-04,F,False,False,usa,des moines,DSM,41.534,-93.663,2023-02-13,25
591714,1975-08-10,F,True,False,usa,charlotte,CLT,35.214,-80.943,2023-02-13,51
591888,1972-03-14,F,True,False,usa,denver,DEN,39.858,-104.667,2023-02-13,54
592079,2006-08-28,F,False,False,usa,san francisco,SFO,37.619,-122.375,2023-02-13,20
592132,1987-04-01,F,False,False,usa,chicago,ORD,41.979,-87.904,2023-02-13,39
592366,1986-08-22,F,False,True,canada,toronto,YKZ,43.862,-79.37,2023-02-13,40
592371,1976-06-01,F,False,False,usa,tallahassee,TLH,30.396,-84.35,2023-02-13,50
592378,2005-06-11,F,False,False,usa,new york,LGA,40.777,-73.872,2023-02-13,21
592403,1943-09-23,M,False,False,canada,edmonton,YED,53.667,-113.467,2023-02-13,83
592886,1976-06-26,F,True,False,usa,st. petersburg,SPG,27.765,-82.627,2023-02-13,50
592929,1975-11-12,F,False,False,usa,new york,JFK,40.64,-73.779,2023-02-14,50
593350,1976-06-14,F,False,True,usa,sacramento,MHR,38.554,-121.297,2023-02-14,50
593385,1978-11-25,F,True,True,usa,new york,JFK,40.64,-73.779,2023-02-14,47
593398,2001-03-08,F,False,False,usa,atlanta,ATL,33.64,-84.427,2023-02-14,25
593401,1985-08-22,F,False,False,usa,tallahassee,TLH,30.396,-84.35,2023-02-14,41
593494,1967-08-18,F,True,False,usa,new york,LGA,40.777,-73.872,2023-02-14,59
593536,1977-10-28,F,True,True,usa,houston,EFD,29.607,-95.159,2023-02-14,48
593672,1992-02-28,F,False,False,usa,brownsville,BRO,25.907,-97.426,2023-02-14,34
593833,2001-04-20,F,False,False,usa,detroit,YIP,42.238,-83.53,2023-02-14,25
594000,1957-09-04,F,True,False,usa,new york,JFK,40.64,-73.779,2023-02-14,69
594027,1990-04-08,F,False,True,usa,san francisco,SFO,37.619,-122.375,2023-02-14,36
594042,1987-07-25,F,True,False,usa,memphis,MEM,35.042,-89.977,2023-02-14,39
594146,1955-07-28,F,False,False,usa,columbus,LCK,39.814,-82.928,2023-02-14,71
594406,1987-12-05,F,False,False,usa,chicago,UGN,42.422,-87.868,2023-02-14,38
594410,1956-01-04,F,True,False,canada,calgary,YYC,51.114,-114.02,2023-02-14,70
594449,1971-09-20,F,True,True,usa,kansas city,MCI,39.297,-94.714,2023-02-14,55
594516,1993-03-22,F,False,False,usa,birmingham,BHM,33.563,-86.753,2023-02-14,33
594644,1973-01-14,F,True,False,usa,shreveport,BAD,32.502,-93.663,2023-02-14,53
594824,1976-06-25,F,True,True,usa,oklahoma city,OKC,35.393,-97.601,2023-02-14,50
594875,2006-04-02,F,False,True,canada,edmonton,YED,53.667,-113.467,2023-02-15,20
595123,1982-12-27,F,False,True,canada,victoria,YYJ,48.647,-123.426,2023-02-15,43
595171,1989-09-12,F,True,False,usa,columbus,LCK,39.814,-82.928,2023-02-15,37
595183,1957-12-02,F,True,False,usa,seattle,SEA,47.449,-122.309,2023-02-15,68
595257,1978-03-02,F,False,False,usa,san diego,SAN,32.733,-117.189,2023-02-15,48
595283,1969-09-14,F,True,False,usa,baton rouge,BTR,30.533,-91.149,2023-02-15,57
595386,1983-01-23,F,False,False,usa,san antonio,SKF,29.384,-98.581,2023-02-15,43
595442,1979-12-21,F,False,False,usa,corpus christi,CRP,27.77,-97.501,2023-02-15,46
595506,1999-05-22,F,False,False,usa,long beach,LGB,33.818,-118.151,2023-02-15,27
595527,1992-11-22,F,True,False,usa,kansas city,MCI,39.297,-94.714,2023-02-15,33
595587,1985-06-02,F,False,True,usa,st. louis,STL,38.748,-90.36,2023-02-15,41
595690,1955-04-06,F,True,False,usa,orlando,ORL,28.545,-81.333,2023-02-15,71
595897,1998-05-03,F,False,False,canada,montreal,YMX,45.68,-74.039,2023-02-15,28
596103,2000-06-04,F,False,False,usa,new york,JFK,40.64,-73.779,2023-02-15,26
596153,1972-01-16,F,True,False,canada,toronto,YKZ,43.862,-79.37,2023-02-15,54
596186,2002-01-04,F,False,False,usa,washington,DCA,38.852,-77.037,2023-02-15,24
596220,1973-03-02,F,True,False,usa,mobile,MOB,30.691,-88.243,2023-02-15,53
596222,1964-05-07,F,True,False,usa,philadelphia,PNE,40.082,-75.011,2023-02-15,62
596320,1987-10-23,F,True,True,usa,fayetteville,FYV,36.005,-94.17,2023-02-15,38
596349,1956-06-12,F,True,False,usa,fresno,FAT,36.776,-119.718,2023-02-15,70
596361,1992-03-22,F,False,False,usa,san jose,SJC,37.362,-121.929,2023-02-15,34
596409,1977-03-01,F,False,False,usa,chicago,MDW,41.786,-87.752,2023-02-15,49
596505,1981-08-28,F,False,False,usa,san diego,NZY,32.699,-117.215,2023-02-15,45
596732,1977-09-23,F,True,True,usa,san antonio,SAT,29.534,-98.47,2023-02-15,49
596820,1987-04-24,F,False,False,usa,wichita,ICT,37.65,-97.433,2023-02-15,39
596863,1985-01-04,F,True,True,usa,chicago,ORD,41.979,-87.904,2023-02-15,41
597029,1984-09-16,F,True,False,canada,montreal,YUL,45.468,-73.741,2023-02-16,42
597300,1987-09-04,F,True,True,usa,new york,JFK,40.64,-73.779,2023-02-16,39
597434,1983-11-23,F,False,False,usa,austin,AUS,30.194,-97.67,2023-02-16,42
597734,1978-03-14,F,True,False,usa,san francisco,SFO,37.619,-122.375,2023-02-16,48
597836,1980-10-21,F,False,False,usa,fort worth,FTW,32.82,-97.362,2023-02-16,45
597878,1970-01-20,F,False,False,usa,columbus,CMH,39.998,-82.892,2023-02-16,56
597946,1969-10-02,F,True,False,usa,atlanta,ATL,33.64,-84.427,2023-02-16,57
597955,1959-11-04,F,True,True,usa,los angeles,LAX,33.942,-118.408,2023-02-16,66
598075,1987-05-01,F,True,True,usa,houston,EFD,29.607,-95.159,2023-02-16,39
598233,1980-01-21,F,True,True,usa,phoenix,LUF,33.535,-112.383,2023-02-16,46
598265,1978-06-02,M,True,True,usa,baltimore,BWI,39.175,-76.668,2023-02-16,48
598526,1956-01-10,M,True,False,usa,columbus,LCK,39.814,-82.928,2023-02-16,70
598533,1985-08-14,F,False,True,canada,victoria,YYJ,48.647,-123.426,2023-02-16,41
598590,1975-06-14,F,True,False,usa,las vegas,LAS,36.08,-115.152,2023-02-16,51
598692,2002-01-25,M,False,False,usa,los angeles,LAX,33.942,-118.408,2023-02-16,24
598715,1994-08-28,F,True,True,canada,gatineau,YND,45.521,-75.564,2023-02-16,32
598881,1979-12-08,F,False,False,usa,knoxville,TYS,35.812,-83.993,2023-02-16,46
598911,1985-11-17,F,False,False,canada,montreal,YUL,45.468,-73.741,2023-02-16,40
598945,2003-05-05,F,False,False,usa,charlotte,CLT,35.214,-80.943,2023-02-16,23
599244,1998-07-04,F,False,False,usa,dallas,DAL,32.847,-96.852,2023-02-16,28
599335,1970-12-07,F,False,False,usa,el paso,ELP,31.807,-106.378,2023-02-17,55
599437,1971-09-06,F,False,False,usa,amarillo,AMA,35.219,-101.706,2023-02-17,55
599454,1981-09-27,F,True,False,usa,charlotte,CLT,35.214,-80.943,2023-02-17,45
599833,1980-06-20,F,True,True,usa,el paso,BIF,31.849,-106.38,2023-02-17,46
599909,1995-04-12,F,False,False,usa,san antonio,SKF,29.384,-98.581,2023-02-17,31
600018,1985-11-09,F,False,False,usa,grand rapids,GRR,42.881,-85.523,2023-02-17,40
600057,1989-10-16,F,True,False,usa,chicago,UGN,42.422,-87.868,2023-02-17,36
600078,1967-07-03,F,False,False,usa,chicago,UGN,42.422,-87.868,2023-02-17,59
600287,1983-09-25,F,False,True,usa,atlanta,ATL,33.64,-84.427,2023-02-17,43
600304,1967-01-12,F,True,False,usa,philadelphia,PNE,40.082,-75.011,2023-02-17,59
600351,1976-07-15,F,True,False,usa,portland,PDX,45.589,-122.597,2023-02-17,50
600561,1994-03-12,F,False,False,usa,phoenix,PHX,33.434,-112.008,2023-02-17,32
600648,1978-08-26,F,True,False,usa,baltimore,BWI,39.175,-76.668,2023-02-17,48
600690,1985-09-14,F,False,False,canada,london,YXU,43.036,-81.154,2023-02-17,41
600750,1974-12-13,F,True,True,usa,new york,LGA,40.777,-73.872,2023-02-17,51
600842,1992-08-11,F,False,False,usa,birmingham,BHM,33.563,-86.753,2023-02-17,34
600886,1983-08-10,F,False,False,usa,cincinnati,LUK,39.103,-84.419,2023-02-17,43
601116,1994-11-17,F,False,False,usa,madison,MSN,43.14,-89.337,2023-02-17,31
601282,1966-11-27,F,True,True,usa,new york,JFK,40.64,-73.779,2023-02-17,59
601673,1984-05-28,F,True,True,canada,toronto,YYZ,43.677,-79.631,2023-02-18,42
601894,1998-08-14,F,False,True,usa,new york,JFK,40.64,-73.779,2023-02-18,28
601917,1993-04-04,F,False,False,usa,cleveland,CLE,41.412,-81.85,2023-02-18,33
602190,1979-07-13,F,False,True,usa,houston,HOU,29.645,-95.279,2023-02-18,47
602478,1998-03-06,F,True,False,usa,new york,LGA,40.777,-73.872,2023-02-18,28
602656,1982-05-21,F,False,False,usa,san antonio,SAT,29.534,-98.47,2023-02-18,44
602769,1986-01-23,F,True,True,usa,new york,JFK,40.64,-73.779,2023-02-18,40
602921,1957-03-12,F,True,False,canada,toronto,YKZ,43.862,-79.37,2023-02-18,69
602925,1968-09-11,F,True,False,canada,quebec,YQB,46.788,-71.398,2023-02-18,58
602946,1977-02-13,M,False,False,usa,phoenix,LUF,33.535,-112.383,2023-02-18,49
603033,1951-07-06,F,False,False,usa,los angeles,LAX,33.942,-118.408,2023-02-18,75
603053,1979-01-01,F,False,False,usa,orlando,MCO,28.429,-81.316,2023-02-18,47
603100,1998-05-10,F,False,True,usa,fort worth,FTW,32.82,-97.362,2023-02-18,28
603221,2002-07-08,F,False,False,usa,new york,LGA,40.777,-73.872,2023-02-18,24
603341,1957-06-11,F,True,False,usa,jacksonville,LRF,34.918,-92.146,2023-02-18,69
603809,1970-03-15,F,True,False,usa,colorado springs,COS,38.806,-104.7,2023-02-18,56
603875,1982-05-01,F,False,False,usa,charlotte,CLT,35.214,-80.943,2023-02-18,44
604388,1990-08-10,F,False,False,usa,des moines,DSM,41.534,-93.663,2023-02-19,36
604592,2004-07-15,F,False,False,usa,baltimore,BWI,39.175,-76.668,2023-02-19,22
604664,2000-02-05,F,False,True,usa,austin,AUS,30.194,-97.67,2023-02-19,26
604982,1976-11-25,F,True,False,usa,new york,JFK,40.64,-73.779,2023-02-19,49
605136,2006-05-08,F,False,False,usa,new york,JFK,40.64,-73.779,2023-02-19,20
605439,1983-10-08,F,False,False,usa,san jose,SJC,37.362,-121.929,2023-02-19,42
605494,1977-10-28,F,False,True,usa,new york,JFK,40.64,-73.779,2023-02-19,48
605558,1989-05-12,F,False,False,usa,buffalo,BUF,42.94,-78.732,2023-02-19,37
605607,1974-12-23,F,True,True,usa,phoenix,LUF,33.535,-112.383,2023-02-19,51
605615,1989-09-19,M,False,False,canada,edmonton,YEG,53.31,-113.58,2023-02-19,37
605776,2002-11-15,F,False,False,usa,new york,JFK,40.64,-73.779,2023-02-19,23
605780,1971-01-12,F,True,True,canada,montreal,YHU,45.517,-73.417,2023-02-19,55
605943,2006-06-25,F,False,False,usa,nashville,BNA,36.124,-86.678,2023-02-19,20
605945,1985-04-03,F,False,True,canada,edmonton,YXD,53.573,-113.521,2023-02-19,41
606041,1968-02-20,F,False,True,canada,vancouver,YVR,49.195,-123.182,2023-02-19,58
606060,1971-11-15,F,True,False,usa,new york,LGA,40.777,-73.872,2023-02-19,54
606161,1977-05-01,F,True,True,usa,orlando,MCO,28.429,-81.316,2023-02-19,49
606283,1977-03-22,F,False,True,usa,oklahoma city,OKC,35.393,-97.601,2023-02-19,49
606333,1980-07-03,F,False,False,usa,providence,PVD,41.724,-71.428,2023-02-19,46
606456,1998-10-23,M,False,False,usa,tampa,TPA,27.975,-82.533,2023-02-19,27
606648,1994-08-24,F,False,False,usa,san jose,SJC,37.362,-121.929,2023-02-19,32
606762,1973-07-02,F,False,True,usa,jacksonville,LRF,34.918,-92.146,2023-02-20,53
607152,1991-03-28,F,False,False,usa,los angeles,LAX,33.942,-118.408,2023-02-20,35
607280,1987-12-02,F,True,True,usa,omaha,OMA,41.302,-95.894,2023-02-20,38
607350,1986-08-16,F,False,True,canada,victoria,YYJ,48.647,-123.426,2023-02-20,40
607626,2005-07-19,F,False,False,canada,montreal,YMX,45.68,-74.039,2023-02-20,21
607706,1986-01-05,F,False,False,canada,calgary,YYC,51.114,-114.02,2023-02-20,40
608039,1999-06-26,F,False,False,usa,austin,AUS,30.194,-97.67,2023-02-20,27
608086,1996-10-02,F,False,False,usa,new york,LGA,40.777,-73.872,2023-02-20,29
608287,1981-10-21,F,False,True,usa,dallas,DAL,32.847,-96.852,2023-02-20,44
608296,1982-10-10,F,True,False,usa,san diego,NZY,32.699,-117.215,2023-02-20,43
608478,1965-10-03,M,True,False,usa,los angeles,LAX,33.942,-118.408,2023-02-20,61
608521,1964-09-23,F,False,True,canada,montreal,YHU,45.517,-73.417,2023-02-20,62
608629,1988-06-19,F,False,False,usa,new york,LGA,40.777,-73.872,2023-02-20,38
608764,1982-06-25,F,True,True,canada,montreal,YHU,45.517,-73.417,2023-02-20,44
608786,1953-08-25,M,True,False,usa,chicago,MDW,41.786,-87.752,2023-02-20,73
608820,1983-12-05,F,True,True,usa,san diego,NZY,32.699,-117.215,2023-02-20,42
608866,1959-11-09,F,True,False,usa,st. louis,STL,38.748,-90.36,2023-02-20,66
608970,1990-09-26,F,False,False,usa,brownsville,BRO,25.907,-97.426,2023-02-21,36
609051,1976-01-11,F,True,True,usa,new york,JFK,40.64,-73.779,2023-02-21,50
609243,1986-07-21,M,False,True,usa,minneapolis,MSP,44.88,-93.217,2023-02-21,40
609262,1986-02-07,F,False,False,usa,brownsville,BRO,25.907,-97.426,2023-02-21,40
609673,1983-11-21,F,True,False,usa,tulsa,TUL,36.198,-95.888,2023-02-21,42
610294,1971-08-19,F,True,False,usa,new york,LGA,40.777,-73.872,2023-02-21,55
610306,1970-11-19,F,True,False,usa,new york,LGA,40.777,-73.872,2023-02-21,55
610338,2005-05-11,F,False,True,usa,columbus,CMH,39.998,-82.892,2023-02-21,21
610395,1968-10-25,F,True,False,usa,fayetteville,FYV,36.005,-94.17,2023-02-21,57
610905,1944-10-17,F,True,False,usa,san antonio,RND,29.529,-98.279,2023-02-21,81
610909,1981-09-04,F,True,False,usa,san jose,SJC,37.362,-121.929,2023-02-21,45
611031,2002-06-05,F,False,True,usa,new york,LGA,40.777,-73.872,2023-02-22,24
611087,1985-04-07,F,False,True,usa,buffalo,BUF,42.94,-78.732,2023-02-22,41
611126,1972-09-09,F,True,True,usa,miami,OPF,25.907,-80.278,2023-02-22,54
611177,1980-02-19,F,True,True,usa,los angeles,LAX,33.942,-118.408,2023-02-22,46
611350,1997-03-09,M,False,True,usa,tucson,TUS,32.116,-110.941,2023-02-22,29
611839,1986-06-04,F,False,False,usa,kansas city,MCI,39.297,-94.714,2023-02-22,40
611852,1983-09-08,M,False,False,usa,akron,AKR,41.038,-81.467,2023-02-22,43
612220,2006-10-12,M,False,False,usa,lubbock,LBB,33.664,-101.823,2023-02-22,19
612226,1991-06-16,F,False,True,usa,dallas,DAL,32.847,-96.852,2023-02-22,35
612236,1974-04-23,F,True,True,usa,colorado springs,COS,38.806,-104.7,2023-02-22,52
612562,1999-06-12,F,False,False,usa,los angeles,LAX,33.942,-118.408,2023-02-22,27
612685,1983-07-02,F,False,False,usa,tampa,MCF,27.849,-82.521,2023-02-22,43
613164,1996-08-08,F,False,False,usa,chicago,MDW,41.786,-87.752,2023-02-23,30
613275,1980-04-26,F,False,True,usa,philadelphia,PHL,39.872,-75.241,2023-02-23,46
613383,1985-09-06,M,False,False,usa,phoenix,PHX,33.434,-112.008,2023-02-23,41
613874,1969-09-28,F,True,False,usa,houston,IAH,29.98,-95.34,2023-02-23,57
614033,1985-03-01,F,False,False,usa,honolulu,HNL,21.316,-157.927,2023-02-23,41
614092,2000-07-20,F,False,False,usa,dallas,DAL,32.847,-96.852,2023-02-23,26
614412,1975-09-16,F,True,True,usa,tulsa,TUL,36.198,-95.888,2023-02-23,51
614632,1972-06-04,F,True,True,usa,baltimore,BWI,39.175,-76.668,2023-02-23,54
614668,1972-10-04,F,True,True,usa,los angeles,LAX,33.942,-118.408,2023-02-23,54
614748,1976-02-05,F,False,True,usa,san diego,NZY,32.699,-117.215,2023-02-23,50
614793,1957-07-10,F,True,False,usa,jacksonville,NIP,30.236,-81.681,2023-02-23,69
614828,1984-01-17,F,False,False,usa,miami,TNT,25.862,-80.897,2023-02-23,42
614846,1955-03-23,M,True,False,usa,columbus,LCK,39.814,-82.928,2023-02-23,71
615266,1984-09-05,F,False,False,usa,charlotte,CLT,35.214,-80.943,2023-02-23,42
615307,1974-09-19,F,True,True,usa,tulsa,TUL,36.198,-95.888,2023-02-23,52
615544,1987-02-07,F,False,False,usa,cincinnati,CVG,39.046,-84.662,2023-02-23,39
615674,2006-04-16,F,False,False,canada,winnipeg,YWG,49.91,-97.234,2023-02-24,20
615783,2006-02-20,F,False,False,usa,fort worth,FTW,32.82,-97.362,2023-02-24,20
615922,1957-04-24,M,True,False,usa,new york,LGA,40.777,-73.872,2023-02-24,69
616086,1942-11-20,F,True,False,usa,new york,LGA,40.777,-73.872,2023-02-24,83
616125,1992-04-02,F,False,False,canada,calgary,YYC,51.114,-114.02,2023-02-24,34
616461,1993-03-03,F,False,True,canada,london,YXU,43.036,-81.154,2023-02-24,33
616470,1992-11-24,F,True,False,usa,san diego,NZY,32.699,-117.215,2023-02-24,33
616692,1969-07-11,F,True,True,usa,san francisco,SFO,37.619,-122.375,2023-02-24,57
616715,1983-10-03,M,True,True,usa,knoxville,TYS,35.812,-83.993,2023-02-24,43
616734,1998-02-26,F,False,False,usa,san francisco,SFO,37.619,-122.375,2023-02-24,28
616789,2001-09-07,F,False,False,usa,buffalo,BUF,42.94,-78.732,2023-02-24,25
616795,1978-01-22,F,True,False,usa,norfolk,NGU,36.938,-76.289,2023-02-24,48
616950,2001-10-03,F,True,False,usa,nashville,BNA,36.124,-86.678,2023-02-24,24
616992,1986-10-23,F,False,True,usa,san antonio,SAT,29.534,-98.47,2023-02-24,39
617125,1985-01-03,F,False,False,usa,new york,LGA,40.777,-73.872,2023-02-24,41
617402,1991-03-06,F,False,False,usa,las vegas,LAS,36.08,-115.152,2023-02-24,35
617407,1982-10-02,F,True,True,usa,honolulu,HNL,21.316,-157.927,2023-02-24,44
617506,1979-12-02,F,True,False,canada,halifax,YHZ,44.881,-63.509,2023-02-24,46
617606,1953-05-18,F,True,False,usa,san diego,SAN,32.733,-117.189,2023-02-24,73
617743,1959-04-01,F,True,False,usa,st. louis,STL,38.748,-90.36,2023-02-24,67
617878,1985-11-16,F,False,True,usa,los angeles,LAX,33.942,-118.408,2023-02-25,40
617990,1964-06-24,F,True,False,canada,halifax,YAW,44.64,-63.499,2023-02-25,62
617994,1978-08-28,F,False,False,canada,toronto,YYZ,43.677,-79.631,2023-02-25,48
618063,1973-04-19,F,True,False,canada,ottawa,YOW,45.323,-75.669,2023-02-25,53
618088,1969-07-21,F,False,False,usa,des moines,DSM,41.534,-93.663,2023-02-25,57
618157,1986-06-17,F,True,True,usa,detroit,DTW,42.212,-83.353,2023-02-25,40
618181,1975-05-02,M,True,False,canada,montreal,YMX,45.68,-74.039,2023-02-25,51
618201,1974-11-05,F,True,False,usa,san diego,NZY,32.699,-117.215,2023-02-25,51
618392,1983-12-18,F,True,True,usa,denver,DEN,39.858,-104.667,2023-02-25,42
618535,1995-06-28,F,False,True,usa,indianapolis,IND,39.717,-86.294,2023-02-25,31
618664,1955-06-23,F,False,False,usa,austin,AUS,30.194,-97.67,2023-02-25,71
618881,1960-09-25,F,True,False,usa,new york,JFK,40.64,-73.779,2023-02-25,66
619079,1978-09-13,M,False,False,usa,nashville,BNA,36.124,-86.678,2023-02-25,48
619321,1970-10-14,F,True,True,usa,austin,AUS,30.194,-97.67,2023-02-25,55
619432,1990-11-02,F,False,False,usa,el paso,ELP,31.807,-106.378,2023-02-25,35
619918,1987-10-12,F,False,False,usa,san diego,SAN,32.733,-117.189,2023-02-25,38
619983,1939-05-28,F,True,False,usa,san diego,NZY,32.699,-117.215,2023-02-25,87
620033,1956-08-27,F,True,False,usa,chicago,ORD,41.979,-87.904,2023-02-25,70
620394,1987-12-26,M,False,True,canada,calgary,YYC,51.114,-114.02,2023-02-26,38
620690,1964-07-10,F,True,False,usa,philadelphia,PHL,39.872,-75.241,2023-02-26,62
620719,1998-01-28,F,False,False,usa,reno,RNO,39.498,-119.768,2023-02-26,28
620991,2001-10-25,F,False,False,usa,orlando,ORL,28.545,-81.333,2023-02-26,24
621081,1965-02-21,F,True,False,usa,san jose,SJC,37.362,-121.929,2023-02-26,61
621552,1989-08-02,F,False,False,usa,detroit,YIP,42.238,-83.53,2023-02-26,37
621849,1971-06-15,F,True,True,usa,birmingham,BHM,33.563,-86.753,2023-02-26,55
622248,1988-11-15,F,True,False,usa,indianapolis,IND,39.717,-86.294,2023-02-26,37
622418,1982-10-19,M,False,True,usa,honolulu,HNL,21.316,-157.927,2023-02-26,43
622464,1977-06-12,F,True,False,usa,new orleans,NBG,29.825,-90.035,2023-02-26,49
622708,1982-03-20,F,False,False,usa,new york,LGA,40.777,-73.872,2023-02-26,44
622813,1972-01-13,F,False,False,usa,baltimore,BWI,39.175,-76.668,2023-02-27,54
623043,1985-05-27,F,False,False,canada,edmonton,YXD,53.573,-113.521,2023-02-27,41
623142,1983-07-07,F,True,True,usa,baltimore,BWI,39.175,-76.668,2023-02-27,43
623750,1980-10-14,F,False,True,usa,chicago,UGN,42.422,-87.868,2023-02-27,45
623850,1977-08-07,F,False,False,canada,toronto,YYZ,43.677,-79.631,2023-02-27,49
623941,1983-07-08,F,False,True,canada,toronto,YYZ,43.677,-79.631,2023-02-27,43
623949,1976-05-21,M,True,False,usa,new york,LGA,40.777,-73.872,2023-02-27,50
623972,1970-03-18,F,True,False,usa,new york,LGA,40.777,-73.872,2023-02-27,56
624198,1982-04-18,F,False,False,usa,new york,JFK,40.64,-73.779,2023-02-27,44
624762,1981-09-01,F,True,True,usa,chicago,UGN,42.422,-87.868,2023-02-27,45
625089,1986-07-28,F,False,True,usa,louisville,LOU,38.228,-85.664,2023-02-27,40
625398,2006-01-10,F,False,False,usa,los angeles,LAX,33.942,-118.408,2023-02-28,20
625400,1978-03-21,M,False,True,canada,toronto,YZD,43.742,-79.466,2023-02-28,48
625555,2001-03-08,M,False,False,usa,santa ana,SNA,33.676,-117.868,2023-02-28,25
625597,1964-02-14,F,False,False,usa,madison,MSN,43.14,-89.337,2023-02-28,62
625700,1997-12-11,F,False,False,usa,spokane,SFF,47.683,-117.322,2023-02-28,28
626114,2006-12-13,F,False,False,usa,san antonio,SKF,29.384,-98.581,2023-02-28,19
626519,1980-03-07,F,False,False,usa,new york,JFK,40.64,-73.779,2023-02-28,46
626520,1978-04-21,F,False,False,canada,gatineau,YND,45.521,-75.564,2023-02-28,48
626645,1967-08-28,M,False,False,usa,salt lake city,SLC,40.788,-111.978,2023-02-28,59
626986,1967-08-11,F,True,False,canada,hamilton,YHM,43.173,-79.935,2023-02-28,59
627436,1975-11-24,F,False,False,usa,chicago,MDW,41.786,-87.752,2023-02-28,50
627451,1975-03-10,F,True,False,usa,san antonio,RND,29.529,-98.279,2023-02-28,51
627889,1967-02-03,F,True,False,usa,cleveland,CLE,41.412,-81.85,2023-03-01,59
627893,1992-03-09,F,False,False,usa,new york,JFK,40.64,-73.779,2023-03-01,34
627972,1985-11-06,F,True,True,usa,memphis,MEM,35.042,-89.977,2023-03-01,40
628570,1979-09-04,F,False,True,usa,columbus,LCK,39.814,-82.928,2023-03-01,47
628653,1982-04-25,F,True,False,usa,sacramento,MHR,38.554,-121.297,2023-03-01,44
628694,1977-11-15,F,True,False,usa,tucson,DMA,32.166,-110.883,2023-03-01,48
628752,1978-12-05,F,False,True,usa,birmingham,BHM,33.563,-86.753,2023-03-01,47
628762,2006-12-20,F,False,True,usa,los angeles,LAX,33.942,-118.408,2023-03-01,19
629647,1990-03-01,F,False,False,usa,new york,LGA,40.777,-73.872,2023-03-01,36
629701,1992-07-26,F,False,False,usa,houston,HOU,29.645,-95.279,2023-03-01,34
629812,2004-12-06,M,False,False,usa,riverside,RIV,33.881,-117.259,2023-03-01,21
630178,1983-12-10,F,True,False,usa,st. petersburg,SPG,27.765,-82.627,2023-03-02,42
630267,2005-09-11,F,False,True,usa,corpus christi,CRP,27.77,-97.501,2023-03-02,21
630609,1985-11-20,F,False,False,usa,boston,BOS,42.364,-71.005,2023-03-02,40
630694,1983-11-03,F,False,False,usa,charlotte,CLT,35.214,-80.943,2023-03-02,42
631174,1991-03-23,F,False,False,usa,new york,JFK,40.64,-73.779,2023-03-02,35
631201,1998-09-12,F,False,False,usa,st. petersburg,PIE,27.911,-82.687,2023-03-02,28
631388,1984-09-16,F,True,False,usa,san antonio,RND,29.529,-98.279,2023-03-02,42
631787,1977-06-10,M,False,False,usa,stockton,SCK,37.894,-121.239,2023-03-02,49
631872,1954-12-16,F,True,False,usa,new york,LGA,40.777,-73.872,2023-03-02,71
632136,1973-01-26,F,False,False,usa,detroit,YIP,42.238,-83.53,2023-03-03,53
632316,1973-02-15,F,True,False,usa,anchorage,EDF,61.251,-149.806,2023-03-03,53
632425,1973-06-24,F,True,True,usa,columbus,LCK,39.814,-82.928,2023-03-03,53
632461,1968-07-04,F,False,False,canada,toronto,YTZ,43.627,-79.396,2023-03-03,58
632631,1982-06-12,F,False,False,usa,tulsa,TUL,36.198,-95.888,2023-03-03,44
632749,1996-09-09,F,True,True,usa,detroit,DET,42.409,-83.01,2023-03-03,30
632965,1979-03-03,F,False,False,usa,indianapolis,IND,39.717,-86.294,2023-03-03,47
632988,1975-12-27,F,True,True,usa,phoenix,PHX,33.434,-112.008,2023-03-03,50
633235,1998-04-01,F,False,True,canada,calgary,YYC,51.114,-114.02,2023-03-03,28
633314,2000-04-24,F,True,True,canada,hamilton,YHM,43.173,-79.935,2023-03-03,26
633406,2001-05-28,F,False,False,usa,dallas,DAL,32.847,-96.852,2023-03-03,25
634601,2003-12-08,M,False,False,canada,edmonton,YEG,53.31,-113.58,2023-03-04,22
634739,2004-08-24,F,False,True,usa,minneapolis,MSP,44.88,-93.217,2023-03-04,22
635249,1966-09-28,F,False,False,usa,memphis,MEM,35.042,-89.977,2023-03-04,60
635442,1976-10-26,F,True,True,usa,chicago,MDW,41.786,-87.752,2023-03-04,49
635587,1972-08-06,F,False,False,canada,edmonton,YXD,53.573,-113.521,2023-03-04,54
635666,1997-08-27,F,False,False,usa,san jose,SJC,37.362,-121.929,2023-03-04,29
635861,2006-03-02,F,False,False,usa,new york,LGA,40.777,-73.872,2023-03-04,20
635949,1981-08-17,F,False,True,usa,chicago,UGN,42.422,-87.868,2023-03-04,45
636078,1969-01-28,F,True,False,usa,san francisco,SFO,37.619,-122.375,2023-03-04,57
636102,1976-06-08,F,False,False,usa,new york,LGA,40.777,-73.872,2023-03-04,50
636520,1972-12-21,F,False,False,usa,rochester,ROC,43.119,-77.672,2023-03-04,53
636524,1977-09-18,F,False,False,usa,el paso,BIF,31.849,-106.38,2023-03-04,49
636526,1985-08-17,M,True,True,usa,new york,LGA,40.777,-73.872,2023-03-04,41
636739,1988-10-09,F,False,True,usa,akron,AKR,41.038,-81.467,2023-03-04,37
636966,1987-10-25,F,False,False,usa,new york,JFK,40.64,-73.779,2023-03-05,38
637075,1959-11-26,F,True,False,usa,los angeles,LAX,33.942,-118.408,2023-03-05,66
637086,1978-06-27,F,False,False,usa,phoenix,PHX,33.434,-112.008,2023-03-05,48
637457,1983-11-26,F,False,False,usa,oakland,OAK,37.721,-122.221,2023-03-05,42
637555,1966-04-21,M,True,False,usa,new york,JFK,40.64,-73.779,2023-03-05,60
637633,1987-11-05,F,False,False,canada,toronto,YKZ,43.862,-79.37,2023-03-05,38
637687,1984-07-27,F,True,False,usa,san antonio,SAT,29.534,-98.47,2023-03-05,42
638140,1985-05-21,F,False,True,usa,richmond,RIC,37.505,-77.319,2023-03-05,41
638162,1991-03-28,F,False,False,usa,chicago,ORD,41.979,-87.904,2023-03-05,35
638874,1980-06-10,F,True,False,usa,new york,JFK,40.64,-73.779,2023-03-05,46
639571,1982-12-09,F,False,False,usa,akron,AKR,41.038,-81.467,2023-03-05,43
640451,1957-03-07,F,True,False,canada,toronto,YYZ,43.677,-79.631,2023-03-06,69
640649,1960-04-10,F,True,True,usa,los angeles,LAX,33.942,-118.408,2023-03-06,66
640715,1975-01-02,F,False,False,usa,fresno,FAT,36.776,-119.718,2023-03-06,51
640849,1973-08-06,F,True,False,usa,jacksonville,LRF,34.918,-92.146,2023-03-06,53
641012,2003-01-19,F,False,True,usa,philadelphia,PHL,39.872,-75.241,2023-03-06,23
641102,1983-12-10,F,False,False,canada,montreal,YMX,45.68,-74.039,2023-03-06,42
641106,1973-11-04,F,True,False,usa,brownsville,BRO,25.907,-97.426,2023-03-06,52
641310,1979-12-14,F,False,True,usa,los angeles,LAX,33.942,-118.408,2023-03-06,46
641529,1948-05-25,F,True,False,usa,philadelphia,PHL,39.872,-75.241,2023-03-06,78
641537,1970-08-27,F,True,True,usa,washington,DCA,38.852,-77.037,2023-03-06,56
642215,1956-10-05,F,True,False,canada,hamilton,YHM,43.173,-79.935,2023-03-06,70
642344,1982-06-28,F,False,False,usa,wichita,ICT,37.65,-97.433,2023-03-07,44
642364,1968-11-12,M,True,True,canada,montreal,YUL,45.468,-73.741,2023-03-07,57
642553,1997-04-27,F,False,False,canada,edmonton,YEG,53.31,-113.58,2023-03-07,29
642679,1982-11-23,F,False,False,usa,st. petersburg,PIE,27.911,-82.687,2023-03-07,43
643324,1958-10-25,F,True,False,usa,oklahoma city,OKC,35.393,-97.601,2023-03-07,67
643344,1976-09-14,F,True,True,usa,los angeles,LAX,33.942,-118.408,2023-03-07,50
643645,1977-06-16,F,True,True,usa,new york,JFK,40.64,-73.779,2023-03-07,49
643714,1980-09-27,F,True,False,usa,chicago,MDW,41.786,-87.752,2023-03-07,46
644438,1978-08-19,F,True,False,usa,new york,LGA,40.777,-73.872,2023-03-07,48
644784,1988-10-14,F,True,False,usa,san diego,NZY,32.699,-117.215,2023-03-07,37
645047,1979-12-08,F,False,False,usa,milwaukee,MKE,42.947,-87.896,2023-03-07,46
645415,1988-05-21,F,False,True,usa,san diego,SAN,32.733,-117.189,2023-03-08,38
645488,1999-02-17,F,True,True,canada,quebec,YQB,46.788,-71.398,2023-03-08,27
645664,2005-06-22,M,False,False,usa,brownsville,BRO,25.907,-97.426,2023-03-08,21
646405,1996-04-26,F,False,True,usa,los angeles,LAX,33.942,-118.408,2023-03-08,30
646933,1988-06-10,M,True,False,usa,new york,JFK,40.64,-73.779,2023-03-08,38
647016,1976-05-12,F,True,False,usa,knoxville,TYS,35.812,-83.993,2023-03-08,50
647597,1980-01-03,F,False,False,usa,santa ana,SNA,33.676,-117.868,2023-03-09,46
647662,1979-09-20,F,False,False,usa,new york,JFK,40.64,-73.779,2023-03-09,47
647804,1967-10-28,M,False,True,usa,lincoln,LNK,40.851,-96.759,2023-03-09,58
647862,2006-05-28,F,False,False,canada,calgary,YYC,51.114,-114.02,2023-03-09,20
648852,1968-07-11,F,True,True,canada,montreal,YUL,45.468,-73.741,2023-03-09,58
648983,1987-02-02,F,True,False,usa,boston,BOS,42.364,-71.005,2023-03-09,39
649378,1971-09-27,F,False,False,usa,washington,DCA,38.852,-77.037,2023-03-09,55
650901,1986-02-18,F,False,False,usa,baton rouge,BTR,30.533,-91.149,2023-03-10,40
651018,1973-09-28,F,True,True,usa,st. louis,STL,38.748,-90.36,2023-03-10,53
651030,1990-07-18,F,True,False,usa,san francisco,SFO,37.619,-122.375,2023-03-10,36
651193,1979-07-07,F,True,True,usa,tacoma,TCM,47.138,-122.476,2023-03-10,47
651201,1978-12-10,F,False,False,usa,chicago,UGN,42.422,-87.868,2023-03-10,47
651269,1976-11-26,F,False,True,usa,new york,LGA,40.777,-73.872,2023-03-10,49
651274,2000-03-12,F,False,False,usa,madison,MSN,43.14,-89.337,2023-03-10,26
651491,1981-04-15,M,False,False,usa,tallahassee,TLH,30.396,-84.35,2023-03-10,45
651613,1970-03-23,F,False,True,usa,madison,MSN,43.14,-89.337,2023-03-10,56
651744,1976-08-02,F,False,False,usa,chicago,ORD,41.979,-87.904,2023-03-10,50
651818,1980-11-11,F,False,False,usa,new york,JFK,40.64,-73.779,2023-03-10,45
651941,1966-10-28,F,True,True,usa,indianapolis,IND,39.717,-86.294,2023-03-10,59
651960,1982-01-15,F,True,True,usa,charlotte,CLT,35.214,-80.943,2023-03-10,44
652359,1985-06-08,F,False,False,usa,buffalo,BUF,42.94,-78.732,2023-03-11,41
652416,1982-03-14,F,True,True,usa,honolulu,HNL,21.316,-157.927,2023-03-11,44
652737,1990-06-08,F,False,True,usa,miami,OPF,25.907,-80.278,2023-03-11,36
653197,2006-01-23,F,False,True,usa,tucson,TUS,32.116,-110.941,2023-03-11,20
653228,2000-08-05,F,False,False,usa,burlington,BTV,44.472,-73.153,2023-03-11,26
653281,1985-08-14,F,False,False,canada,toronto,YYZ,43.677,-79.631,2023-03-11,41
653640,1986-02-05,F,True,True,usa,san jose,SJC,37.362,-121.929,2023-03-11,40
653724,1968-10-07,M,True,False,canada,montreal,YMX,45.68,-74.039,2023-03-11,57
653838,1961-09-23,F,True,False,canada,montreal,YUL,45.468,-73.741,2023-03-11,65
654395,1981-08-21,F,True,True,canada,toronto,YKZ,43.862,-79.37,2023-03-11,45
654687,1970-05-11,F,False,False,usa,kansas city,MCI,39.297,-94.714,2023-03-11,56
654913,1986-09-04,F,True,False,canada,ottawa,YOW,45.323,-75.669,2023-03-11,40
655022,1945-01-24,F,False,False,usa,jacksonville,NCA,34.708,-77.439,2023-03-11,81
655051,1989-11-25,F,True,False,usa,long beach,LGB,33.818,-118.151,2023-03-12,36
655166,2006-11-10,F,False,False,usa,las vegas,LSV,36.236,-115.034,2023-03-12,19
656626,1999-01-21,F,False,False,usa,grand rapids,GRR,42.881,-85.523,2023-03-12,27
657591,1986-06-22,F,True,False,usa,fort worth,FTW,32.82,-97.362,2023-03-12,40
657796,1982-06-24,F,True,True,usa,modesto,MOD,37.626,-120.954,2023-03-13,44
658774,1982-09-13,F,False,True,usa,milwaukee,MKE,42.947,-87.896,2023-03-13,44
659162,1984-07-22,M,True,True,usa,phoenix,PHX,33.434,-112.008,2023-03-13,42
659360,2006-11-10,F,False,False,usa,new york,JFK,40.64,-73.779,2023-03-13,19
659664,1974-03-16,F,False,False,usa,oklahoma city,OKC,35.393,-97.601,2023-03-13,52
659744,1975-12-16,F,True,True,canada,montreal,YMX,45.68,-74.039,2023-03-13,50
660821,1954-12-17,F,True,False,usa,louisville,LOU,38.228,-85.664,2023-03-14,71
660894,1967-09-14,F,True,True,usa,austin,AUS,30.194,-97.67,2023-03-14,59
660959,1967-02-08,F,False,True,canada,quebec,YQB,46.788,-71.398,2023-03-14,59
661614,1955-11-10,F,False,False,usa,santa ana,SNA,33.676,-117.868,2023-03-14,70
661639,1988-08-12,F,False,False,usa,chicago,UGN,42.422,-87.868,2023-03-14,38
661697,1984-08-16,F,False,False,usa,orlando,ORL,28.545,-81.333,2023-03-14,42
661930,1991-10-16,F,True,True,usa,stockton,SCK,37.894,-121.239,2023-03-14,34
663376,1981-10-21,M,False,True,usa,houston,EFD,29.607,-95.159,2023-03-15,44
664617,1964-08-26,F,True,False,usa,memphis,MEM,35.042,-89.977,2023-03-15,62
664663,1993-12-26,F,False,False,usa,chicago,ORD,41.979,-87.904,2023-03-15,32
665329,1984-04-22,F,False,False,usa,new york,LGA,40.777,-73.872,2023-03-15,42
665397,1977-09-27,F,True,False,usa,long beach,LGB,33.818,-118.151,2023-03-15,49
665505,1986-12-14,F,False,False,canada,ottawa,YOW,45.323,-75.669,2023-03-15,39
665593,1979-08-11,F,True,False,usa,st. louis,STL,38.748,-90.36,2023-03-15,47
665676,1988-11-07,M,False,True,usa,los angeles,LAX,33.942,-118.408,2023-03-15,37
665887,1976-01-02,F,True,True,canada,toronto,YZD,43.742,-79.466,2023-03-16,50
665980,1953-07-20,F,True,False,canada,montreal,YHU,45.517,-73.417,2023-03-16,73
666049,1992-02-22,F,False,False,canada,montreal,YHU,45.517,-73.417,2023-03-16,34
666292,1998-07-06,F,False,False,usa,st. louis,STL,38.748,-90.36,2023-03-16,28
666942,1980-04-05,F,False,False,usa,chicago,UGN,42.422,-87.868,2023-03-16,46
667643,2003-07-10,M,False,False,usa,salt lake city,SLC,40.788,-111.978,2023-03-16,23
669356,1979-03-17,F,False,False,usa,philadelphia,PHL,39.872,-75.241,2023-03-17,47
669449,1980-04-01,F,True,False,usa,tampa,TPA,27.975,-82.533,2023-03-17,46
670626,1970-05-20,F,True,False,canada,victoria,YYJ,48.647,-123.426,2023-03-17,56
671367,1986-03-05,F,False,False,usa,austin,AUS,30.194,-97.67,2023-03-17,40
671368,1982-02-10,F,True,False,usa,honolulu,HNL,21.316,-157.927,2023-03-17,44
671975,1972-07-02,F,False,False,canada,edmonton,YEG,53.31,-113.58,2023-03-18,54
672468,1986-04-18,F,True,True,usa,oakland,OAK,37.721,-122.221,2023-03-18,40
673286,1958-07-27,F,True,False,usa,los angeles,LAX,33.942,-118.408,2023-03-18,68
673874,1973-08-02,F,True,True,usa,anchorage,ANC,61.174,-149.996,2023-03-18,53
675053,1982-08-15,F,False,False,canada,victoria,YYJ,48.647,-123.426,2023-03-19,44
675594,1986-03-03,F,False,False,usa,newport news,PHF,37.132,-76.493,2023-03-19,40
676570,1977-11-21,F,False,False,usa,washington,IAD,38.944,-77.456,2023-03-19,48
676707,1974-10-24,F,True,False,usa,los angeles,LAX,33.942,-118.408,2023-03-19,51
676762,1981-06-24,F,False,False,usa,san francisco,SFO,37.619,-122.375,2023-03-19,45
677842,1975-06-11,F,False,True,usa,los angeles,LAX,33.942,-118.408,2023-03-20,51
678888,1970-07-27,F,True,False,usa,miami,TNT,25.862,-80.897,2023-03-20,56
679040,1976-02-09,F,True,True,usa,birmingham,BHM,33.563,-86.753,2023-03-20,50
679611,1986-09-06,F,False,False,canada,toronto,YKZ,43.862,-79.37,2023-03-21,40
679831,1990-01-11,F,False,False,usa,spokane,SFF,47.683,-117.322,2023-03-21,36
680735,1985-01-11,M,False,False,usa,new york,LGA,40.777,-73.872,2023-03-21,41
681581,1967-05-26,F,False,True,usa,los angeles,LAX,33.942,-118.408,2023-03-21,59
682247,1986-06-17,F,False,False,usa,washington,DCA,38.852,-77.037,2023-03-22,40
683014,1958-10-16,F,False,False,usa,chicago,ORD,41.979,-87.904,2023-03-22,67
684521,1992-02-13,F,True,False,usa,oakland,OAK,37.721,-122.221,2023-03-22,34
684543,1979-02-01,F,True,True,usa,madison,MSN,43.14,-89.337,2023-03-22,47
684764,1986-01-20,F,False,False,usa,tulsa,TUL,36.198,-95.888,2023-03-22,40
685594,1953-01-23,F,True,False,usa,boston,BOS,42.364,-71.005,2023-03-23,73
685958,2000-04-17,F,False,False,usa,los angeles,LAX,33.942,-118.408,2023-03-23,26
686165,1978-04-23,F,False,False,usa,san diego,SAN,32.733,-117.189,2023-03-23,48
686408,1977-01-03,F,False,False,usa,san antonio,SKF,29.384,-98.581,2023-03-23,49
686445,1983-08-05,F,True,True,usa,portland,PWM,43.646,-70.309,2023-03-23,43
686509,2000-11-24,F,False,True,usa,buffalo,BUF,42.94,-78.732,2023-03-23,25
686915,1991-06-17,F,False,False,usa,houston,IAH,29.98,-95.34,2023-03-23,35
688600,1989-11-15,F,True,False,usa,orlando,MCO,28.429,-81.316,2023-03-24,36
689037,1986-10-11,F,False,False,usa,new york,JFK,40.64,-73.779,2023-03-24,39
689456,1998-04-22,F,False,False,usa,los angeles,LAX,33.942,-118.408,2023-03-24,28
691541,2002-02-10,F,False,True,usa,new york,JFK,40.64,-73.779,2023-03-25,24
692211,2000-07-12,F,False,False,usa,houston,IAH,29.98,-95.34,2023-03-25,26
692510,1966-06-13,F,True,False,usa,new york,LGA,40.777,-73.872,2023-03-25,60
693765,1977-12-09,F,True,True,usa,new york,LGA,40.777,-73.872,2023-03-26,48
695011,1995-02-22,F,True,False,usa,los angeles,LAX,33.942,-118.408,2023-03-26,31
695307,1983-09-11,F,True,False,usa,chicago,MDW,41.786,-87.752,2023-03-26,43
696475,1974-11-27,F,False,False,usa,dallas,DAL,32.847,-96.852,2023-03-27,51
697072,1978-12-07,F,False,False,usa,new york,LGA,40.777,-73.872,2023-03-27,47
698573,1987-01-27,F,False,False,usa,newark,EWR,40.692,-74.169,2023-03-27,39
699411,1982-03-25,F,True,False,usa,dallas,DAL,32.847,-96.852,2023-03-28,44
700028,2002-12-08,F,False,False,usa,oklahoma city,TIK,35.415,-97.386,2023-03-28,23
700237,1976-09-24,F,False,False,usa,atlanta,ATL,33.64,-84.427,2023-03-28,50
702877,1994-03-08,F,False,True,usa,phoenix,LUF,33.535,-112.383,2023-03-29,32
704870,1975-02-10,F,False,False,usa,los angeles,LAX,33.942,-118.408,2023-03-30,51
705215,1992-01-07,F,False,True,canada,hamilton,YHM,43.173,-79.935,2023-03-30,34
705310,1973-07-09,F,True,False,usa,tacoma,TCM,47.138,-122.476,2023-03-30,53
705984,2002-11-25,F,True,True,usa,norfolk,ORF,36.894,-76.201,2023-03-30,23
707260,1978-11-07,F,True,False,usa,cleveland,CLE,41.412,-81.85,2023-03-30,47
707402,1952-07-13,F,True,False,usa,shreveport,SHV,32.446,-93.826,2023-03-31,74
709630,1978-01-27,F,True,True,usa,austin,AUS,30.194,-97.67,2023-03-31,48
711391,1982-05-24,F,False,True,usa,portland,PDX,45.589,-122.597,2023-04-01,44
714166,1984-09-14,F,True,False,usa,norfolk,NGU,36.938,-76.289,2023-04-02,42
714565,1985-06-26,F,False,False,usa,louisville,LOU,38.228,-85.664,2023-04-02,41
720819,1983-07-18,F,True,False,canada,calgary,YYC,51.114,-114.02,2023-04-04,43
721552,2003-06-09,F,False,True,usa,new york,JFK,40.64,-73.779,2023-04-05,23
722828,1991-07-24,F,True,True,usa,atlanta,ATL,33.64,-84.427,2023-04-05,35
722939,1980-07-01,F,False,True,usa,fresno,FAT,36.776,-119.718,2023-04-05,46
724581,1985-08-16,F,True,False,usa,phoenix,PHX,33.434,-112.008,2023-04-06,41
726953,1972-12-08,F,False,False,usa,phoenix,PHX,33.434,-112.008,2023-04-07,53
730639,1971-03-24,F,False,False,usa,milwaukee,MKE,42.947,-87.896,2023-04-08,55
732729,1982-01-22,F,False,True,usa,columbus,CMH,39.998,-82.892,2023-04-09,44
735029,1978-02-28,F,False,False,usa,new york,LGA,40.777,-73.872,2023-04-09,48
736075,1997-01-15,F,False,False,canada,toronto,YTZ,43.627,-79.396,2023-04-10,29
736833,1980-09-19,F,True,True,usa,richmond,RIC,37.505,-77.319,2023-04-10,46
739139,2001-07-06,F,False,False,usa,birmingham,BHM,33.563,-86.753,2023-04-11,25
739518,1984-01-07,F,False,False,usa,new york,LGA,40.777,-73.872,2023-04-11,42
739734,1972-02-01,F,False,False,usa,los angeles,LAX,33.942,-118.408,2023-04-11,54
741773,1984-11-01,F,True,True,usa,minneapolis,MSP,44.88,-93.217,2023-04-12,41
742639,1971-04-13,F,True,True,usa,oklahoma city,TIK,35.415,-97.386,2023-04-12,55
745292,1968-11-25,M,False,False,canada,windsor,YQG,42.276,-82.956,2023-04-13,57
746934,1999-09-18,F,False,False,usa,baltimore,BWI,39.175,-76.668,2023-04-14,27
748759,1998-04-19,F,False,False,usa,amarillo,AMA,35.219,-101.706,2023-04-14,28
750982,1972-12-28,F,False,False,usa,new york,JFK,40.64,-73.779,2023-04-15,53
751545,1975-11-04,F,True,True,usa,phoenix,LUF,33.535,-112.383,2023-04-15,50
756030,1988-06-16,F,False,True,usa,tucson,DMA,32.166,-110.883,2023-04-17,38
760304,1986-09-21,F,False,False,usa,tulsa,TUL,36.198,-95.888,2023-04-18,40
763129,1969-04-09,F,False,False,usa,tulsa,TUL,36.198,-95.888,2023-04-19,57
763792,1978-11-02,F,True,False,canada,edmonton,YED,53.667,-113.467,2023-04-19,47
765745,1958-07-10,F,True,False,usa,san francisco,SFO,37.619,-122.375,2023-04-20,68
768291,1963-07-26,F,False,True,usa,dallas,DAL,32.847,-96.852,2023-04-21,63
777846,1979-05-07,F,True,True,usa,new york,JFK,40.64,-73.779,2023-04-24,47
785107,1977-07-28,F,False,False,usa,portland,PDX,45.589,-122.597,2023-04-27,49
796032,1972-12-28,F,True,False,canada,winnipeg,YAV,50.056,-97.032,2023-05-01,53
801660,1969-11-02,F,True,True,canada,toronto,YKZ,43.862,-79.37,2023-05-03,56
23557,1958-12-08,F,True,False,usa,new york,LGA,40.777,-73.872,2021-07-22,67
120851,1972-09-25,F,True,True,usa,santa ana,SNA,33.676,-117.868,2022-03-13,54
125845,1983-12-01,F,True,False,usa,el paso,BIF,31.849,-106.38,2022-03-19,42
133058,2005-04-07,F,False,False,usa,austin,AUS,30.194,-97.67,2022-03-27,21
152583,1986-07-26,F,False,False,usa,colorado springs,COS,38.806,-104.7,2022-04-17,40
160754,1977-12-06,F,True,True,usa,new york,LGA,40.777,-73.872,2022-04-26,48
164522,1975-11-07,F,True,False,usa,kansas city,MCI,39.297,-94.714,2022-04-30,50
171470,1999-09-14,F,False,False,usa,atlanta,ATL,33.64,-84.427,2022-05-06,27
175032,1994-11-05,F,False,False,usa,houston,IAH,29.98,-95.34,2022-05-10,31
182191,2004-09-27,F,False,True,usa,phoenix,PHX,33.434,-112.008,2022-05-16,22
187212,1969-02-20,F,True,True,usa,los angeles,LAX,33.942,-118.408,2022-05-21,57
189676,1988-01-10,F,False,True,usa,fort worth,FTW,32.82,-97.362,2022-05-23,38
195192,1995-09-20,F,False,False,usa,chicago,MDW,41.786,-87.752,2022-05-28,31
204943,1982-12-20,M,False,False,canada,ottawa,YOW,45.323,-75.669,2022-06-06,43
205044,1983-08-25,F,True,True,canada,toronto,YKZ,43.862,-79.37,2022-06-06,43
206011,1984-08-04,F,False,True,usa,kansas city,MCI,39.297,-94.714,2022-06-07,42
216796,2001-07-09,F,False,False,usa,cincinnati,CVG,39.046,-84.662,2022-06-16,25
217136,1985-04-18,F,False,True,usa,little rock,LIT,34.729,-92.224,2022-06-17,41
220725,1983-07-28,F,False,False,usa,stockton,SCK,37.894,-121.239,2022-06-20,43
224996,1981-03-07,F,False,True,canada,halifax,YHZ,44.881,-63.509,2022-06-23,45
226367,1980-10-21,F,False,False,usa,washington,IAD,38.944,-77.456,2022-06-25,45
228872,1989-03-22,M,False,False,usa,san antonio,RND,29.529,-98.279,2022-06-27,37
229108,1998-05-28,F,False,False,usa,burlington,BTV,44.472,-73.153,2022-06-27,28
229330,1976-11-08,F,True,False,usa,colorado springs,COS,38.806,-104.7,2022-06-27,49
232647,2006-04-11,F,False,False,usa,birmingham,BHM,33.563,-86.753,2022-06-30,20
249521,1964-07-23,F,True,True,canada,ottawa,YOW,45.323,-75.669,2022-07-15,62
258451,2000-12-10,F,False,False,usa,miami,OPF,25.907,-80.278,2022-07-22,25
264470,1978-11-05,F,False,True,usa,bakersfield,BFL,35.433,-119.057,2022-07-27,47
276512,1982-08-27,F,True,True,usa,austin,AUS,30.194,-97.67,2022-08-06,44
290123,1983-04-08,F,True,False,usa,houston,HOU,29.645,-95.279,2022-08-18,43
297546,1972-12-05,F,True,False,usa,new york,JFK,40.64,-73.779,2022-08-24,53
306819,1964-04-02,F,True,True,usa,new york,JFK,40.64,-73.779,2022-09-01,62
313724,1972-05-13,F,False,False,usa,tulsa,TUL,36.198,-95.888,2022-09-06,54
317688,1983-05-19,F,False,True,usa,indianapolis,IND,39.717,-86.294,2022-09-09,43
322867,1977-12-07,F,False,False,usa,mobile,BFM,30.626,-88.068,2022-09-14,48
324191,1984-05-27,F,False,False,usa,san diego,SAN,32.733,-117.189,2022-09-15,42
328590,1968-07-23,F,False,False,usa,san diego,NZY,32.699,-117.215,2022-09-18,58
331039,1979-08-02,F,True,True,canada,london,YXU,43.036,-81.154,2022-09-20,47
334787,1971-04-27,F,False,False,usa,minneapolis,MSP,44.88,-93.217,2022-09-23,55
343928,1959-01-26,F,True,False,usa,el paso,BIF,31.849,-106.38,2022-09-30,67
348817,1995-08-07,F,False,False,canada,calgary,YYC,51.114,-114.02,2022-10-04,31
349132,1975-06-17,F,False,False,usa,cincinnati,CVG,39.046,-84.662,2022-10-04,51
354950,1970-10-19,M,True,False,usa,amarillo,AMA,35.219,-101.706,2022-10-08,55
356046,1989-10-17,F,False,False,canada,ottawa,YOW,45.323,-75.669,2022-10-09,36
359653,1968-12-26,M,False,False,canada,victoria,YYJ,48.647,-123.426,2022-10-12,57
361759,1971-08-14,F,True,False,canada,winnipeg,YWG,49.91,-97.234,2022-10-13,55
363535,1993-05-15,F,False,False,usa,charlotte,CLT,35.214,-80.943,2022-10-14,33
371201,1996-01-16,M,False,True,usa,new york,JFK,40.64,-73.779,2022-10-20,30
374340,1989-06-26,F,True,False,usa,new york,LGA,40.777,-73.872,2022-10-22,37
377069,1956-03-06,F,True,False,usa,new york,LGA,40.777,-73.872,2022-10-24,70
379543,1968-01-06,F,True,False,usa,san jose,SJC,37.362,-121.929,2022-10-25,58
380436,1979-11-04,F,False,False,usa,new york,LGA,40.777,-73.872,2022-10-26,46
380874,1970-02-17,F,True,False,usa,louisville,LOU,38.228,-85.664,2022-10-26,56
381259,2002-12-04,F,False,True,usa,san diego,SAN,32.733,-117.189,2022-10-26,23
381465,1990-07-19,F,False,False,usa,san antonio,SAT,29.534,-98.47,2022-10-26,36
386914,1977-12-08,F,True,True,canada,hamilton,YHM,43.173,-79.935,2022-10-30,48
387282,1993-12-18,F,False,True,usa,amarillo,AMA,35.219,-101.706,2022-10-30,32
387783,1970-08-23,M,True,True,usa,oakland,OAK,37.721,-122.221,2022-10-31,56
395202,1997-09-27,F,False,False,usa,san jose,SJC,37.362,-121.929,2022-11-04,29
396552,1979-01-06,F,True,False,canada,london,YXU,43.036,-81.154,2022-11-05,47
399137,1970-08-24,F,True,False,usa,dallas,DAL,32.847,-96.852,2022-11-07,56
399799,1969-03-07,F,True,False,canada,toronto,YTZ,43.627,-79.396,2022-11-07,57
400582,1991-12-21,F,True,False,usa,chicago,ORD,41.979,-87.904,2022-11-07,34
400899,1978-09-18,F,True,False,canada,quebec,YQB,46.788,-71.398,2022-11-08,48
402978,1972-08-02,F,True,False,usa,milwaukee,MKE,42.947,-87.896,2022-11-09,54
405305,1979-01-18,F,True,True,usa,san francisco,SFO,37.619,-122.375,2022-11-10,47
406210,2002-12-02,F,False,True,usa,anchorage,ANC,61.174,-149.996,2022-11-11,23
407118,1971-12-26,F,True,False,usa,new york,JFK,40.64,-73.779,2022-11-11,54
407434,1971-09-09,F,True,True,canada,halifax,YAW,44.64,-63.499,2022-11-11,55
407642,1994-09-22,F,False,False,canada,hamilton,YHM,43.173,-79.935,2022-11-11,32
411179,1972-11-19,F,False,False,usa,san jose,SJC,37.362,-121.929,2022-11-14,53
411701,1983-12-14,F,False,False,canada,calgary,YYC,51.114,-114.02,2022-11-14,42
413128,1995-01-02,F,False,False,canada,hamilton,YHM,43.173,-79.935,2022-11-15,31
413418,1969-09-04,F,False,False,usa,knoxville,TYS,35.812,-83.993,2022-11-15,57
414128,1996-06-25,F,False,False,usa,seattle,BFI,47.53,-122.302,2022-11-15,30
415282,1982-05-19,F,True,True,usa,portland,PWM,43.646,-70.309,2022-11-16,44
415581,1981-12-11,F,True,False,usa,new york,JFK,40.64,-73.779,2022-11-16,44
416580,1980-08-08,F,False,False,usa,fort worth,FTW,32.82,-97.362,2022-11-16,46
417679,1986-11-15,F,False,False,usa,new york,LGA,40.777,-73.872,2022-11-17,39
418329,1974-09-14,M,False,True,usa,detroit,DET,42.409,-83.01,2022-11-17,52
418488,1985-11-16,F,True,False,canada,toronto,YYZ,43.677,-79.631,2022-11-17,40
420648,1971-06-21,F,True,True,usa,portland,PDX,45.589,-122.597,2022-11-18,55
421247,1981-12-20,F,True,True,usa,memphis,MEM,35.042,-89.977,2022-11-19,44
421515,1992-12-03,F,False,False,canada,winnipeg,YAV,50.056,-97.032,2022-11-19,33
421666,1994-05-02,F,False,True,usa,washington,IAD,38.944,-77.456,2022-11-19,32
421700,1983-06-02,F,False,True,usa,richmond,RIC,37.505,-77.319,2022-11-19,43
422066,1968-09-22,F,True,True,usa,cincinnati,CVG,39.046,-84.662,2022-11-19,58
423042,1981-07-10,F,False,True,canada,ottawa,YOW,45.323,-75.669,2022-11-20,45
423413,2006-06-27,F,False,False,usa,new york,LGA,40.777,-73.872,2022-11-20,20
425653,2004-01-07,M,False,True,usa,portland,PDX,45.589,-122.597,2022-11-21,22
426478,1998-08-23,F,False,False,canada,hamilton,YHM,43.173,-79.935,2022-11-22,28
427426,1987-09-04,F,False,False,usa,san diego,SAN,32.733,-117.189,2022-11-22,39
427506,1969-06-07,F,True,True,usa,norfolk,ORF,36.894,-76.201,2022-11-22,57
428056,1986-10-21,M,False,False,canada,vancouver,YVR,49.195,-123.182,2022-11-23,39
431144,1972-10-22,F,True,False,usa,cincinnati,CVG,39.046,-84.662,2022-11-24,53
431337,1986-04-12,F,False,False,usa,miami,MIA,25.793,-80.291,2022-11-24,40
431602,1987-02-25,F,False,False,usa,tacoma,TCM,47.138,-122.476,2022-11-25,39
432637,1987-05-27,F,False,True,usa,san antonio,SAT,29.534,-98.47,2022-11-25,39
432941,1983-07-18,F,False,False,usa,anchorage,MRI,61.214,-149.846,2022-11-25,43
433905,1998-05-26,F,False,False,usa,new york,LGA,40.777,-73.872,2022-11-26,28
434238,1973-11-28,F,True,True,usa,indianapolis,IND,39.717,-86.294,2022-11-26,52
434623,1989-07-20,F,False,False,canada,montreal,YHU,45.517,-73.417,2022-11-26,37
435231,1993-11-24,F,False,False,canada,toronto,YZD,43.742,-79.466,2022-11-27,32
435669,1979-07-26,F,False,True,usa,tampa,MCF,27.849,-82.521,2022-11-27,47
435837,1972-08-16,F,False,False,usa,new orleans,MSY,29.993,-90.258,2022-11-27,54
437539,1978-03-02,F,False,False,usa,nashville,BNA,36.124,-86.678,2022-11-28,48
437549,1984-05-13,F,False,False,usa,new orleans,NBG,29.825,-90.035,2022-11-28,42
438406,1980-10-11,F,False,False,usa,los angeles,LAX,33.942,-118.408,2022-11-28,45
438551,1987-08-04,F,True,True,usa,charlotte,CLT,35.214,-80.943,2022-11-29,39
438596,1999-12-13,F,False,False,usa,oklahoma city,OKC,35.393,-97.601,2022-11-29,26
438995,2000-05-17,F,False,False,usa,tallahassee,TLH,30.396,-84.35,2022-11-29,26
439052,1972-04-26,F,True,False,usa,richmond,RIC,37.505,-77.319,2022-11-29,54
439120,1985-07-23,M,True,False,usa,tulsa,TUL,36.198,-95.888,2022-11-29,41
439363,1972-07-03,F,False,False,usa,fort worth,FTW,32.82,-97.362,2022-11-29,54
440655,1993-01-27,F,False,True,canada,toronto,YYZ,43.677,-79.631,2022-11-30,33
441200,1988-07-06,F,False,True,canada,ottawa,YOW,45.323,-75.669,2022-11-30,38
441448,1995-07-08,F,False,True,usa,san antonio,SKF,29.384,-98.581,2022-11-30,31
441457,1965-02-18,F,True,False,usa,washington,DCA,38.852,-77.037,2022-11-30,61
442812,1969-02-24,F,True,True,usa,boston,BOS,42.364,-71.005,2022-12-01,57
442819,1952-08-07,F,True,False,canada,ottawa,YOW,45.323,-75.669,2022-12-01,74
443453,1987-06-26,F,False,False,usa,seattle,BFI,47.53,-122.302,2022-12-01,39
443598,1980-10-17,F,False,False,usa,honolulu,HNL,21.316,-157.927,2022-12-01,45
443652,1993-10-18,F,False,False,usa,seattle,SEA,47.449,-122.309,2022-12-01,32
444387,1978-05-06,F,True,False,usa,cincinnati,LUK,39.103,-84.419,2022-12-02,48
445351,1970-11-14,F,True,True,usa,des moines,DSM,41.534,-93.663,2022-12-02,55
445515,1984-03-05,F,False,False,canada,toronto,YZD,43.742,-79.466,2022-12-02,42
446124,1978-12-26,F,False,False,usa,new york,LGA,40.777,-73.872,2022-12-02,47
446473,1975-06-13,F,True,False,usa,san diego,NZY,32.699,-117.215,2022-12-03,51
446933,1976-12-06,M,False,False,canada,toronto,YTZ,43.627,-79.396,2022-12-03,49
447053,1986-08-27,F,False,True,usa,riverside,RAL,33.952,-117.445,2022-12-03,40
447591,2001-09-25,M,False,False,canada,winnipeg,YWG,49.91,-97.234,2022-12-03,25
448467,1986-02-03,F,False,False,canada,halifax,YAW,44.64,-63.499,2022-12-04,40
448564,1975-01-18,F,False,False,usa,colorado springs,COS,38.806,-104.7,2022-12-04,51
449033,1983-01-27,F,False,False,usa,san diego,NZY,32.699,-117.215,2022-12-04,43
449619,1988-10-08,F,False,False,usa,cleveland,CLE,41.412,-81.85,2022-12-04,37
449804,1982-06-23,F,True,False,usa,tacoma,TCM,47.138,-122.476,2022-12-04,44
450305,1984-12-23,F,False,False,usa,fayetteville,FYV,36.005,-94.17,2022-12-05,41
450615,1979-12-11,F,False,False,usa,kansas city,MCI,39.297,-94.714,2022-12-05,46
451674,1999-11-20,F,False,True,usa,san francisco,SFO,37.619,-122.375,2022-12-05,26
453143,1978-03-12,F,False,False,usa,houston,HOU,29.645,-95.279,2022-12-06,48
454264,1975-01-07,F,False,True,usa,new york,JFK,40.64,-73.779,2022-12-07,51
454430,1985-11-18,F,True,False,canada,vancouver,YVR,49.195,-123.182,2022-12-07,40
454616,1979-05-23,F,True,False,usa,los angeles,LAX,33.942,-118.408,2022-12-07,47
454661,1978-04-24,F,False,False,usa,louisville,LOU,38.228,-85.664,2022-12-07,48
454920,1985-12-25,F,True,False,usa,new york,LGA,40.777,-73.872,2022-12-07,40
454955,1973-04-13,F,True,False,usa,san diego,NZY,32.699,-117.215,2022-12-07,53
456226,1976-02-08,F,False,False,usa,houston,IAH,29.98,-95.34,2022-12-08,50
457599,1984-11-13,F,True,False,usa,columbus,LCK,39.814,-82.928,2022-12-08,41
457967,2003-07-08,F,False,False,usa,colorado springs,COS,38.806,-104.7,2022-12-09,23
458688,1981-02-09,F,False,False,usa,cleveland,CLE,41.412,-81.85,2022-12-09,45
459486,1995-07-14,F,False,False,usa,st. petersburg,SPG,27.765,-82.627,2022-12-09,31
459645,1994-01-17,F,False,False,usa,wichita,ICT,37.65,-97.433,2022-12-09,32
460181,1958-06-26,F,True,False,usa,st. louis,STL,38.748,-90.36,2022-12-10,68
460625,1977-10-22,F,True,True,usa,baltimore,BWI,39.175,-76.668,2022-12-10,48
461744,1993-07-19,F,False,False,usa,new york,LGA,40.777,-73.872,2022-12-11,33
461791,1973-11-05,F,True,True,usa,boston,BOS,42.364,-71.005,2022-12-11,52
462127,1983-05-01,F,True,False,usa,houston,HOU,29.645,-95.279,2022-12-11,43
462456,1983-12-20,F,False,True,canada,toronto,YKZ,43.862,-79.37,2022-12-11,42
463652,1986-04-23,F,True,False,canada,montreal,YHU,45.517,-73.417,2022-12-12,40
463698,1986-10-19,F,False,False,usa,atlanta,ATL,33.64,-84.427,2022-12-12,39
463910,1980-06-11,F,False,False,usa,phoenix,PHX,33.434,-112.008,2022-12-12,46
464160,1975-04-15,F,True,True,usa,los angeles,LAX,33.942,-118.408,2022-12-12,51
464542,1999-06-01,F,False,True,canada,toronto,YZD,43.742,-79.466,2022-12-12,27
464597,1964-12-03,F,True,True,usa,richmond,RIC,37.505,-77.319,2022-12-12,61
464614,1986-05-14,F,False,False,canada,calgary,YYC,51.114,-114.02,2022-12-12,40
464673,1974-07-12,M,True,True,usa,louisville,LOU,38.228,-85.664,2022-12-12,52
464782,1976-06-07,F,True,True,usa,boston,BOS,42.364,-71.005,2022-12-12,50
464855,1995-07-18,F,False,True,canada,victoria,YYJ,48.647,-123.426,2022-12-12,31
466205,1985-02-28,F,True,True,usa,new york,LGA,40.777,-73.872,2022-12-13,41
466342,2006-11-28,M,False,False,canada,montreal,YUL,45.468,-73.741,2022-12-13,19
466723,1984-05-17,F,True,False,usa,louisville,LOU,38.228,-85.664,2022-12-13,42
467007,1975-02-20,M,True,True,usa,riverside,RAL,33.952,-117.445,2022-12-13,51
468106,1979-01-06,F,False,False,usa,new york,LGA,40.777,-73.872,2022-12-14,47
468370,1990-12-27,F,False,False,usa,philadelphia,PHL,39.872,-75.241,2022-12-14,35
468666,1981-07-27,F,False,True,usa,richmond,RIC,37.505,-77.319,2022-12-14,45
468801,1980-04-16,F,True,True,usa,dallas,DAL,32.847,-96.852,2022-12-14,46
468808,1978-06-13,F,False,True,canada,windsor,YQG,42.276,-82.956,2022-12-14,48
469237,2006-08-15,F,False,True,usa,new york,LGA,40.777,-73.872,2022-12-14,20
469418,1998-10-27,F,True,True,usa,san francisco,SFO,37.619,-122.375,2022-12-14,27
469767,1976-01-22,F,True,False,usa,new york,JFK,40.64,-73.779,2022-12-15,50
471077,1967-03-28,F,True,False,usa,louisville,LOU,38.228,-85.664,2022-12-15,59
471500,1997-07-27,F,False,True,usa,houston,IAH,29.98,-95.34,2022-12-15,29
471565,1993-11-13,F,False,True,usa,nashville,BNA,36.124,-86.678,2022-12-15,32
471717,1978-04-10,F,True,True,usa,phoenix,LUF,33.535,-112.383,2022-12-16,48
471973,1987-11-28,F,False,True,usa,sacramento,MHR,38.554,-121.297,2022-12-16,38
472614,1984-10-11,F,False,False,canada,toronto,YYZ,43.677,-79.631,2022-12-16,41
472713,1983-03-23,F,True,True,usa,nashville,BNA,36.124,-86.678,2022-12-16,43
472785,1978-04-02,M,False,False,canada,toronto,YZD,43.742,-79.466,2022-12-16,48
472966,1987-05-08,F,True,False,usa,oakland,OAK,37.721,-122.221,2022-12-16,39
473332,1974-03-27,F,True,False,usa,los angeles,LAX,33.942,-118.408,2022-12-16,52
473343,1976-01-22,F,True,False,usa,kansas city,MCI,39.297,-94.714,2022-12-16,50
473402,1982-01-10,F,True,False,usa,los angeles,LAX,33.942,-118.408,2022-12-16,44
473467,1981-01-26,F,True,False,usa,austin,AUS,30.194,-97.67,2022-12-17,45
473568,1974-11-14,F,True,True,usa,new york,JFK,40.64,-73.779,2022-12-17,51
473712,1978-07-15,F,False,False,usa,chicago,ORD,41.979,-87.904,2022-12-17,48
474384,1982-08-27,F,True,False,usa,indianapolis,IND,39.717,-86.294,2022-12-17,44
474546,1971-04-25,F,True,False,usa,memphis,MEM,35.042,-89.977,2022-12-17,55
474951,1986-10-24,F,False,False,usa,jacksonville,NIP,30.236,-81.681,2022-12-17,39
474980,1983-05-02,F,True,False,usa,columbus,CMH,39.998,-82.892,2022-12-17,43
475130,1977-12-06,F,True,True,usa,milwaukee,MKE,42.947,-87.896,2022-12-17,48
476081,1967-06-14,F,True,True,usa,el paso,BIF,31.849,-106.38,2022-12-18,59
476173,2000-05-10,F,False,False,usa,amarillo,AMA,35.219,-101.706,2022-12-18,26
476393,1972-07-10,F,True,False,canada,calgary,YYC,51.114,-114.02,2022-12-18,54
476436,1982-05-18,F,True,True,usa,dallas,DAL,32.847,-96.852,2022-12-18,44
476665,1985-05-25,F,True,False,usa,detroit,DET,42.409,-83.01,2022-12-18,41
476693,1987-03-28,F,False,False,usa,los angeles,LAX,33.942,-118.408,2022-12-18,39
476714,1979-08-15,F,False,False,usa,columbus,CMH,39.998,-82.892,2022-12-18,47
476916,1991-02-14,F,False,True,usa,louisville,LOU,38.228,-85.664,2022-12-18,35
477316,1985-06-15,F,False,False,usa,new york,LGA,40.777,-73.872,2022-12-18,41
478003,1970-02-18,M,True,False,usa,cleveland,CLE,41.412,-81.85,2022-12-19,56
478146,1975-01-16,F,True,False,usa,dallas,DAL,32.847,-96.852,2022-12-19,51
478188,1994-08-15,M,False,False,usa,denver,DEN,39.858,-104.667,2022-12-19,32
478228,1997-01-12,M,True,False,canada,halifax,YAW,44.64,-63.499,2022-12-19,29
478585,1977-09-28,F,False,False,usa,los angeles,LAX,33.942,-118.408,2022-12-19,49
478760,2003-03-22,F,False,False,usa,new york,JFK,40.64,-73.779,2022-12-19,23
479071,1987-01-26,F,False,False,usa,baltimore,BWI,39.175,-76.668,2022-12-19,39
479101,1988-09-15,F,False,True,canada,toronto,YTZ,43.627,-79.396,2022-12-19,38
479254,1980-04-03,F,True,False,canada,montreal,YHU,45.517,-73.417,2022-12-19,46
479524,1991-04-04,F,False,False,usa,honolulu,HNL,21.316,-157.927,2022-12-20,35
479785,1986-11-28,M,True,True,usa,tulsa,TUL,36.198,-95.888,2022-12-20,39
480313,1976-06-21,F,True,False,usa,los angeles,LAX,33.942,-118.408,2022-12-20,50
480331,1983-06-24,F,True,False,usa,phoenix,PHX,33.434,-112.008,2022-12-20,43
480796,1983-08-10,F,False,True,usa,anchorage,MRI,61.214,-149.846,2022-12-20,43
481050,1977-01-12,F,True,True,usa,houston,EFD,29.607,-95.159,2022-12-20,49
481245,1977-06-25,F,False,False,usa,new york,LGA,40.777,-73.872,2022-12-20,49
481292,1991-08-06,F,False,False,usa,san jose,SJC,37.362,-121.929,2022-12-20,35
481554,1977-06-13,F,True,False,usa,anchorage,MRI,61.214,-149.846,2022-12-21,49
482264,1981-07-09,F,True,True,usa,wichita,IAB,37.623,-97.267,2022-12-21,45
482630,1993-10-03,F,False,False,canada,toronto,YTZ,43.627,-79.396,2022-12-21,32
482744,1985-06-26,F,False,False,usa,new york,LGA,40.777,-73.872,2022-12-21,41
482811,1956-08-07,M,False,False,usa,san diego,SAN,32.733,-117.189,2022-12-21,70
483224,1977-11-15,F,False,False,usa,chicago,MDW,41.786,-87.752,2022-12-21,48
483237,1987-10-12,F,True,False,usa,dallas,DAL,32.847,-96.852,2022-12-21,38
483480,1985-02-12,M,True,True,canada,toronto,YTZ,43.627,-79.396,2022-12-22,41
483603,1985-07-27,F,False,False,usa,new york,JFK,40.64,-73.779,2022-12-22,41
483928,1982-10-19,F,False,False,usa,new york,JFK,40.64,-73.779,2022-12-22,43
484249,1981-06-09,F,True,False,usa,minneapolis,MSP,44.88,-93.217,2022-12-22,45
484342,2006-02-15,F,False,False,usa,houston,IAH,29.98,-95.34,2022-12-22,20
484987,1967-06-09,F,False,False,canada,montreal,YMX,45.68,-74.039,2022-12-22,59
485149,1982-01-16,F,False,False,usa,fayetteville,POB,35.171,-79.014,2022-12-22,44
485260,1974-07-16,F,True,True,usa,chicago,UGN,42.422,-87.868,2022-12-22,52
485518,1996-09-12,F,False,False,usa,brownsville,BRO,25.907,-97.426,2022-12-23,30
485536,1987-07-15,F,True,True,usa,houston,HOU,29.645,-95.279,2022-12-23,39
485544,1982-12-10,F,True,False,usa,las vegas,LAS,36.08,-115.152,2022-12-23,43
485591,1975-02-07,F,True,False,usa,colorado springs,COS,38.806,-104.7,2022-12-23,51
485894,1981-10-06,F,False,True,canada,toronto,YKZ,43.862,-79.37,2022-12-23,44
486046,1950-10-13,F,True,False,canada,montreal,YMX,45.68,-74.039,2022-12-23,75
486191,1956-04-23,F,True,False,usa,los angeles,LAX,33.942,-118.408,2022-12-23,70
486268,1998-07-10,F,False,False,usa,los angeles,LAX,33.942,-118.408,2022-12-23,28
486270,1996-01-04,F,False,False,canada,victoria,YYJ,48.647,-123.426,2022-12-23,30
486447,1997-12-24,F,False,True,usa,new york,LGA,40.777,-73.872,2022-12-23,28
486671,1969-01-06,F,True,True,usa,louisville,LOU,38.228,-85.664,2022-12-23,57
486823,1997-12-03,F,False,False,usa,sacramento,SAC,38.513,-121.493,2022-12-23,28
487036,1983-05-15,F,True,True,canada,calgary,YYC,51.114,-114.02,2022-12-23,43
487040,1987-09-09,F,False,True,usa,phoenix,LUF,33.535,-112.383,2022-12-23,39
487101,1984-07-05,F,True,False,canada,ottawa,YOW,45.323,-75.669,2022-12-23,42
487276,1959-04-27,F,True,False,usa,los angeles,LAX,33.942,-118.408,2022-12-23,67
487680,1974-02-14,F,True,True,canada,montreal,YHU,45.517,-73.417,2022-12-24,52
487715,1974-12-05,F,True,False,usa,seattle,SEA,47.449,-122.309,2022-12-24,51
487858,1982-09-05,F,True,False,usa,fresno,FAT,36.776,-119.718,2022-12-24,44
487954,1982-10-22,M,False,False,canada,edmonton,YED,53.667,-113.467,2022-12-24,43
488009,1977-01-25,F,False,False,usa,baltimore,BWI,39.175,-76.668,2022-12-24,49
488246,2006-01-26,F,False,False,canada,edmonton,YEG,53.31,-113.58,2022-12-24,20
488314,1967-02-17,F,True,False,usa,los angeles,LAX,33.942,-118.408,2022-12-24,59
488410,1972-11-11,F,True,True,usa,new york,JFK,40.64,-73.779,2022-12-24,53
488430,2006-12-01,F,False,False,usa,austin,AUS,30.194,-97.67,2022-12-24,19
488462,1979-06-12,F,True,False,canada,toronto,YTZ,43.627,-79.396,2022-12-24,47
488511,1979-04-05,F,True,False,canada,montreal,YMX,45.68,-74.039,2022-12-24,47
488529,1976-09-06,F,True,True,usa,houston,HOU,29.645,-95.279,2022-12-24,50
488539,1973-11-23,F,True,False,canada,quebec,YQB,46.788,-71.398,2022-12-24,52
488974,1969-08-14,F,False,False,usa,newark,EWR,40.692,-74.169,2022-12-24,57
489635,1975-09-12,M,False,False,usa,fresno,FAT,36.776,-119.718,2022-12-25,51
489661,2004-02-09,F,False,False,usa,richmond,RIC,37.505,-77.319,2022-12-25,22
489786,1973-03-21,F,True,False,usa,akron,AKR,41.038,-81.467,2022-12-25,53
489802,1984-09-12,F,True,False,usa,detroit,YIP,42.238,-83.53,2022-12-25,42
489844,1975-09-27,F,True,True,canada,toronto,YYZ,43.677,-79.631,2022-12-25,51
489852,1973-12-03,F,True,False,usa,santa ana,SNA,33.676,-117.868,2022-12-25,52
489953,1984-04-06,F,False,True,usa,san antonio,SKF,29.384,-98.581,2022-12-25,42
490040,1978-06-24,F,True,False,usa,riverside,RIV,33.881,-117.259,2022-12-25,48
490107,1987-05-22,F,False,False,usa,philadelphia,PNE,40.082,-75.011,2022-12-25,39
490133,1974-05-11,F,True,True,usa,lubbock,LBB,33.664,-101.823,2022-12-25,52
490358,1996-01-10,F,False,True,usa,las vegas,LAS,36.08,-115.152,2022-12-25,30
490671,1987-10-25,F,False,True,usa,indianapolis,IND,39.717,-86.294,2022-12-25,38
491003,1985-09-24,F,False,True,usa,corpus christi,CRP,27.77,-97.501,2022-12-25,41
491124,1969-07-20,M,False,False,usa,colorado springs,COS,38.806,-104.7,2022-12-25,57
491266,1981-06-04,F,True,False,usa,sacramento,SMF,38.695,-121.591,2022-12-25,45
491559,1976-01-10,F,True,False,usa,san diego,SAN,32.733,-117.189,2022-12-26,50
491597,1978-11-06,F,False,False,usa,omaha,OMA,41.302,-95.894,2022-12-26,47
491706,1980-04-19,M,False,False,usa,phoenix,LUF,33.535,-112.383,2022-12-26,46
491772,1969-03-27,F,False,False,canada,edmonton,YEG,53.31,-113.58,2022-12-26,57
491925,1971-03-03,M,False,False,usa,new york,JFK,40.64,-73.779,2022-12-26,55
492209,1982-05-10,F,True,False,canada,montreal,YUL,45.468,-73.741,2022-12-26,44
492211,2002-05-02,M,False,False,usa,tucson,TUS,32.116,-110.941,2022-12-26,24
492287,1986-04-24,F,False,False,usa,los angeles,LAX,33.942,-118.408,2022-12-26,40
492614,2005-01-03,F,False,False,usa,las vegas,LSV,36.236,-115.034,2022-12-26,21
492999,1993-11-08,F,False,False,usa,los angeles,LAX,33.942,-118.408,2022-12-26,32
493409,1995-07-11,M,False,False,usa,nashville,BNA,36.124,-86.678,2022-12-26,31
494382,1984-10-05,F,False,True,canada,ottawa,YOW,45.323,-75.669,2022-12-27,41
494441,1979-01-22,F,False,True,usa,colorado springs,COS,38.806,-104.7,2022-12-27,47
494590,1996-01-28,F,False,False,usa,houston,IAH,29.98,-95.34,2022-12-27,30
494680,1996-07-07,F,False,False,usa,dallas,DAL,32.847,-96.852,2022-12-27,30
494704,1981-06-04,M,True,False,canada,quebec,YQB,46.788,-71.398,2022-12-27,45
495042,1976-01-03,F,True,False,usa,los angeles,LAX,33.942,-118.408,2022-12-27,50
495080,1989-12-01,F,True,False,usa,fresno,FAT,36.776,-119.718,2022-12-27,36
495272,1991-02-25,F,False,False,usa,tucson,DMA,32.166,-110.883,2022-12-27,35
495273,1993-07-06,F,False,False,canada,edmonton,YXD,53.573,-113.521,2022-12-27,33
495482,1987-12-10,F,True,False,usa,dallas,DAL,32.847,-96.852,2022-12-27,38
495603,1994-12-16,F,True,False,usa,san francisco,SFO,37.619,-122.375,2022-12-28,31
496074,1994-11-16,F,False,False,usa,boston,BOS,42.364,-71.005,2022-12-28,31
496273,1968-12-15,F,True,False,usa,los angeles,LAX,33.942,-118.408,2022-12-28,57
496286,1983-12-06,M,False,False,usa,seattle,BFI,47.53,-122.302,2022-12-28,42
496382,1981-04-07,F,False,False,usa,louisville,LOU,38.228,-85.664,2022-12-28,45
496408,1980-01-05,F,False,False,usa,fresno,FAT,36.776,-119.718,2022-12-28,46
497042,1968-01-19,F,True,True,usa,fresno,FAT,36.776,-119.718,2022-12-28,58
497108,1976-07-26,F,False,False,usa,nashville,BNA,36.124,-86.678,2022-12-28,50
497475,1977-04-21,F,True,False,usa,corpus christi,CRP,27.77,-97.501,2022-12-29,49
497615,1978-01-25,F,False,True,canada,toronto,YYZ,43.677,-79.631,2022-12-29,48
497680,1983-09-08,F,False,True,usa,new york,LGA,40.777,-73.872,2022-12-29,43
498154,1979-05-20,F,True,False,usa,akron,AKR,41.038,-81.467,2022-12-29,47
498199,1978-07-20,F,True,False,usa,kansas city,MCI,39.297,-94.714,2022-12-29,48
498298,2006-06-20,F,False,False,usa,fort worth,FTW,32.82,-97.362,2022-12-29,20
498363,1975-03-14,F,False,False,canada,london,YXU,43.036,-81.154,2022-12-29,51
498500,1974-02-02,F,True,True,usa,sacramento,SAC,38.513,-121.493,2022-12-29,52
498665,1987-09-13,F,False,False,canada,montreal,YHU,45.517,-73.417,2022-12-29,39
498857,1986-09-25,F,True,False,usa,spokane,SKA,47.615,-117.656,2022-12-29,40
498931,1965-07-07,F,True,True,usa,baltimore,BWI,39.175,-76.668,2022-12-29,61
499038,1993-02-02,F,False,False,usa,richmond,RIC,37.505,-77.319,2022-12-29,33
499379,1958-05-26,F,True,False,usa,reno,RNO,39.498,-119.768,2022-12-30,68
499751,1971-03-17,F,True,False,canada,vancouver,YVR,49.195,-123.182,2022-12-30,55
499760,1974-08-21,F,True,True,usa,corpus christi,CRP,27.77,-97.501,2022-12-30,52
499810,1978-05-20,M,True,False,usa,cincinnati,LUK,39.103,-84.419,2022-12-30,48
499969,1998-08-22,F,False,False,usa,providence,PVD,41.724,-71.428,2022-12-30,28
499990,1986-12-14,F,False,False,usa,new york,LGA,40.777,-73.872,2022-12-30,39
500078,1977-09-11,F,True,False,canada,ottawa,YOW,45.323,-75.669,2022-12-30,49
500196,1972-01-13,F,True,False,canada,calgary,YYC,51.114,-114.02,2022-12-30,54
500243,1999-04-11,F,False,False,usa,philadelphia,PHL,39.872,-75.241,2022-12-30,27
500257,1979-08-20,F,False,False,usa,new york,LGA,40.777,-73.872,2022-12-30,47
500493,1982-05-18,F,False,True,usa,chicago,UGN,42.422,-87.868,2022-12-30,44
500532,1986-11-08,F,True,True,canada,ottawa,YOW,45.323,-75.669,2022-12-30,39
500646,1976-06-26,F,True,False,usa,indianapolis,IND,39.717,-86.294,2022-12-30,50
501322,1970-03-20,F,True,True,usa,los angeles,LAX,33.942,-118.408,2022-12-31,56
501344,1973-11-18,M,False,False,usa,corpus christi,CRP,27.77,-97.501,2022-12-31,52
501436,1993-02-24,F,True,False,usa,columbus,CMH,39.998,-82.892,2022-12-31,33
501708,1999-11-12,F,False,False,canada,montreal,YHU,45.517,-73.417,2022-12-31,26
501735,1990-06-18,F,False,False,usa,new york,JFK,40.64,-73.779,2022-12-31,36
501780,2006-08-13,M,False,True,usa,bakersfield,BFL,35.433,-119.057,2022-12-31,20
501794,1980-10-23,F,True,False,usa,nashville,BNA,36.124,-86.678,2022-12-31,45
501817,1974-01-19,F,True,False,canada,gatineau,YND,45.521,-75.564,2022-12-31,52
502145,1984-09-09,F,False,False,usa,baltimore,BWI,39.175,-76.668,2022-12-31,42
502210,1981-01-08,F,True,False,canada,montreal,YMX,45.68,-74.039,2022-12-31,45
502353,1985-01-27,F,False,False,usa,honolulu,HNL,21.316,-157.927,2022-12-31,41
502847,1973-08-09,F,True,False,usa,grand rapids,GRR,42.881,-85.523,2022-12-31,53
502995,1956-01-25,F,False,False,usa,charlotte,CLT,35.214,-80.943,2022-12-31,70
503049,1952-07-08,F,False,False,usa,omaha,OMA,41.302,-95.894,2023-01-01,74
503126,1998-07-28,F,False,False,canada,edmonton,YXD,53.573,-113.521,2023-01-01,28
503277,1969-01-19,F,False,False,usa,los angeles,LAX,33.942,-118.408,2023-01-01,57
503342,1981-03-01,F,True,False,usa,lincoln,LNK,40.851,-96.759,2023-01-01,45
503418,1983-10-25,F,False,False,usa,new york,LGA,40.777,-73.872,2023-01-01,42
503760,1985-01-07,F,True,False,usa,kansas city,MCI,39.297,-94.714,2023-01-01,41
503773,2006-04-16,F,False,True,usa,brownsville,BRO,25.907,-97.426,2023-01-01,20
503928,1977-10-23,F,True,True,canada,toronto,YYZ,43.677,-79.631,2023-01-01,48
503945,1976-09-09,F,False,False,usa,san antonio,RND,29.529,-98.279,2023-01-01,50
504081,1979-10-02,F,True,True,usa,los angeles,LAX,33.942,-118.408,2023-01-01,47
504133,1978-12-22,F,True,False,usa,lincoln,LNK,40.851,-96.759,2023-01-01,47
504299,1982-09-07,F,True,True,usa,milwaukee,MKE,42.947,-87.896,2023-01-01,44
504320,1993-08-18,F,False,False,usa,indianapolis,IND,39.717,-86.294,2023-01-01,33
504371,1973-03-12,F,False,True,usa,new york,LGA,40.777,-73.872,2023-01-01,53
504579,1955-05-27,F,False,False,usa,phoenix,LUF,33.535,-112.383,2023-01-01,71
504669,1983-02-17,F,False,False,usa,long beach,LGB,33.818,-118.151,2023-01-02,43
504859,1997-07-14,F,False,True,usa,phoenix,PHX,33.434,-112.008,2023-01-02,29
504945,1980-08-20,F,False,False,usa,houston,EFD,29.607,-95.159,2023-01-02,46
505066,1998-12-16,M,True,True,usa,boston,BOS,42.364,-71.005,2023-01-02,27
505230,1962-11-11,F,False,False,usa,tucson,TUS,32.116,-110.941,2023-01-02,63
505289,1995-11-03,F,False,False,usa,new york,JFK,40.64,-73.779,2023-01-02,30
505358,1986-01-16,F,False,False,usa,detroit,DET,42.409,-83.01,2023-01-02,40
505617,1976-04-01,F,False,True,canada,vancouver,YVR,49.195,-123.182,2023-01-02,50
505667,1970-02-13,F,True,False,usa,san francisco,SFO,37.619,-122.375,2023-01-02,56
505680,1976-08-28,F,False,False,usa,los angeles,LAX,33.942,-118.408,2023-01-02,50
505854,1969-10-02,F,True,False,usa,new york,JFK,40.64,-73.779,2023-01-02,57
505916,1996-08-28,F,False,False,usa,charlotte,CLT,35.214,-80.943,2023-01-02,30
506130,1983-08-07,F,False,False,usa,phoenix,PHX,33.434,-112.008,2023-01-02,43
506427,1975-10-07,F,True,True,usa,dallas,DAL,32.847,-96.852,2023-01-02,50
506611,1969-11-28,F,True,False,usa,tulsa,TUL,36.198,-95.888,2023-01-02,56
506828,1996-09-18,F,False,False,usa,louisville,LOU,38.228,-85.664,2023-01-03,30
506837,1976-09-05,F,False,True,usa,cleveland,CLE,41.412,-81.85,2023-01-03,50
507133,1997-05-24,F,False,False,canada,edmonton,YXD,53.573,-113.521,2023-01-03,29
507207,2006-04-28,F,False,True,usa,new york,LGA,40.777,-73.872,2023-01-03,20
507273,1992-12-11,F,False,False,usa,columbus,LCK,39.814,-82.928,2023-01-03,33
507435,1970-07-08,F,True,True,usa,los angeles,LAX,33.942,-118.408,2023-01-03,56
507557,1965-03-26,F,True,True,usa,baton rouge,BTR,30.533,-91.149,2023-01-03,61
507573,1982-01-11,F,False,False,usa,denver,DEN,39.858,-104.667,2023-01-03,44
507728,1986-06-03,F,True,True,usa,st. louis,STL,38.748,-90.36,2023-01-03,40
507753,1999-09-09,F,False,True,usa,nashville,BNA,36.124,-86.678,2023-01-03,27
507759,1975-03-20,F,True,False,canada,victoria,YYJ,48.647,-123.426,2023-01-03,51
507805,1981-01-10,F,True,True,usa,san jose,SJC,37.362,-121.929,2023-01-03,45
508050,1977-08-14,F,True,False,usa,new york,JFK,40.64,-73.779,2023-01-03,49
508096,1958-12-13,F,True,False,usa,spokane,SKA,47.615,-117.656,2023-01-03,67
508111,1984-03-24,F,True,True,usa,fort worth,FTW,32.82,-97.362,2023-01-03,42
508144,1985-12-13,F,False,False,usa,new york,JFK,40.64,-73.779,2023-01-03,40
508153,1991-09-22,M,False,False,canada,halifax,YAW,44.64,-63.499,2023-01-03,35
508367,1975-12-08,F,True,False,usa,lubbock,LBB,33.664,-101.823,2023-01-03,50
508497,1986-11-27,F,False,False,canada,calgary,YYC,51.114,-114.02,2023-01-03,39
508546,1995-05-05,F,False,False,usa,cincinnati,LUK,39.103,-84.419,2023-01-03,31
508611,2002-03-07,F,False,True,usa,houston,HOU,29.645,-95.279,2023-01-03,24
508713,2006-01-26,F,False,True,usa,los angeles,LAX,33.942,-118.408,2023-01-03,20
508731,1969-03-27,F,True,False,usa,norfolk,NGU,36.938,-76.289,2023-01-03,57
508829,2006-11-18,F,False,False,usa,burlington,BTV,44.472,-73.153,2023-01-04,19
508849,1986-08-24,F,False,False,usa,charlotte,CLT,35.214,-80.943,2023-01-04,40
508856,2002-09-20,M,False,True,usa,portland,PDX,45.589,-122.597,2023-01-04,24
508891,2006-12-05,F,False,True,usa,san antonio,RND,29.529,-98.279,2023-01-04,19
508892,1990-04-04,F,False,False,canada,hamilton,YHM,43.173,-79.935,2023-01-04,36
508901,1971-08-10,F,True,True,canada,hamilton,YHM,43.173,-79.935,2023-01-04,55
508917,2003-03-01,M,False,False,usa,los angeles,LAX,33.942,-118.408,2023-01-04,23
508923,1976-06-12,F,True,True,usa,madison,MSN,43.14,-89.337,2023-01-04,50
508944,1966-03-15,F,False,False,usa,los angeles,LAX,33.942,-118.408,2023-01-04,60
508964,1998-04-21,F,True,True,usa,newark,EWR,40.692,-74.169,2023-01-04,28
509001,1954-02-28,F,True,False,canada,montreal,YUL,45.468,-73.741,2023-01-04,72
509024,2006-04-28,F,False,False,usa,new york,JFK,40.64,-73.779,2023-01-04,20
509052,1963-04-03,F,True,False,usa,san antonio,SKF,29.384,-98.581,2023-01-04,63
509061,1993-07-06,F,False,True,canada,vancouver,YVR,49.195,-123.182,2023-01-04,33
509115,1986-11-01,F,False,False,usa,los angeles,LAX,33.942,-118.408,2023-01-04,39
509119,1998-03-05,F,False,False,usa,new york,LGA,40.777,-73.872,2023-01-04,28
509157,1996-03-24,F,False,True,usa,san antonio,RND,29.529,-98.279,2023-01-04,30
509202,1998-08-26,F,False,True,usa,minneapolis,MSP,44.88,-93.217,2023-01-04,28
509278,1973-10-20,F,True,False,canada,edmonton,YED,53.667,-113.467,2023-01-04,52
509282,1987-01-09,F,False,False,usa,seattle,SEA,47.449,-122.309,2023-01-04,39
509302,1965-04-27,F,False,True,canada,toronto,YZD,43.742,-79.466,2023-01-04,61
509316,1982-10-10,F,False,False,usa,chicago,MDW,41.786,-87.752,2023-01-04,43
509324,1975-06-08,F,True,False,canada,winnipeg,YAV,50.056,-97.032,2023-01-04,51
509346,1973-12-27,M,False,True,usa,atlanta,ATL,33.64,-84.427,2023-01-04,52
509354,1979-02-16,M,True,False,usa,tallahassee,TLH,30.396,-84.35,2023-01-04,47
509402,1955-11-03,F,False,False,usa,richmond,RIC,37.505,-77.319,2023-01-04,70
509413,1975-11-13,F,False,False,usa,boston,BOS,42.364,-71.005,2023-01-04,50
509414,1999-11-10,F,False,False,usa,tampa,TPA,27.975,-82.533,2023-01-04,26
509421,1969-11-28,F,False,True,usa,baltimore,BWI,39.175,-76.668,2023-01-04,56
509435,1979-10-10,M,False,False,usa,nashville,BNA,36.124,-86.678,2023-01-04,46
509453,1982-11-18,F,False,False,usa,lubbock,LBB,33.664,-101.823,2023-01-04,43
509459,2006-11-27,F,False,False,usa,new york,JFK,40.64,-73.779,2023-01-04,19
509498,1984-09-06,F,False,False,usa,milwaukee,MKE,42.947,-87.896,2023-01-04,42
509515,1994-10-14,F,False,True,usa,memphis,MEM,35.042,-89.977,2023-01-04,31
509530,1977-09-05,F,True,True,canada,edmonton,YXD,53.573,-113.521,2023-01-04,49
509598,1984-08-07,F,False,False,canada,winnipeg,YWG,49.91,-97.234,2023-01-04,42
509603,2006-04-10,F,False,False,usa,memphis,MEM,35.042,-89.977,2023-01-04,20
509712,1990-06-18,F,False,False,usa,philadelphia,PHL,39.872,-75.241,2023-01-04,36
509781,1960-10-23,F,True,False,usa,norfolk,NGU,36.938,-76.289,2023-01-04,65
509841,1977-06-13,F,True,True,usa,knoxville,TYS,35.812,-83.993,2023-01-04,49
509855,1988-05-23,F,True,True,usa,winston-salem,INT,36.134,-80.222,2023-01-04,38
509924,1985-10-13,F,True,False,usa,tampa,MCF,27.849,-82.521,2023-01-04,40
509933,1979-03-07,M,True,True,usa,louisville,LOU,38.228,-85.664,2023-01-04,47
509969,1954-10-20,F,True,False,canada,montreal,YHU,45.517,-73.417,2023-01-04,71
510022,1970-11-22,F,True,True,usa,austin,AUS,30.194,-97.67,2023-01-04,55
510048,1992-06-24,F,False,True,usa,dallas,DAL,32.847,-96.852,2023-01-04,34
510061,1975-12-18,F,True,True,usa,new york,LGA,40.777,-73.872,2023-01-04,50
510067,1976-01-26,F,True,True,usa,new york,LGA,40.777,-73.872,2023-01-04,50
510070,1966-09-24,F,True,True,usa,boston,BOS,42.364,-71.005,2023-01-04,60
510081,1979-03-03,F,False,False,usa,oakland,OAK,37.721,-122.221,2023-01-04,47
510090,1974-01-18,F,True,False,usa,anchorage,ANC,61.174,-149.996,2023-01-04,52
510093,1971-03-11,M,True,False,usa,norfolk,NGU,36.938,-76.289,2023-01-04,55
510112,1978-02-19,F,True,False,usa,new orleans,MSY,29.993,-90.258,2023-01-04,48
510163,1972-02-25,F,True,True,usa,las vegas,LSV,36.236,-115.034,2023-01-04,54
510164,1989-09-11,F,True,True,canada,montreal,YMX,45.68,-74.039,2023-01-04,37
510172,1989-03-04,F,False,False,usa,mobile,BFM,30.626,-88.068,2023-01-04,37
510179,1966-04-13,F,True,False,usa,jacksonville,NCA,34.708,-77.439,2023-01-04,60
510188,1988-10-04,F,False,False,usa,san antonio,SAT,29.534,-98.47,2023-01-04,37
510198,1992-01-13,F,False,False,usa,new york,JFK,40.64,-73.779,2023-01-04,34
510213,1983-09-03,F,True,True,canada,toronto,YTZ,43.627,-79.396,2023-01-04,43
510238,1982-08-25,F,False,True,usa,new york,LGA,40.777,-73.872,2023-01-04,44
510239,1968-07-09,F,True,True,usa,santa ana,SNA,33.676,-117.868,2023-01-04,58
510243,1981-07-12,F,True,False,canada,windsor,YQG,42.276,-82.956,2023-01-04,45
510283,2006-01-16,F,False,False,canada,edmonton,YED,53.667,-113.467,2023-01-04,20
510379,2005-03-26,F,False,False,usa,san francisco,SFO,37.619,-122.375,2023-01-04,21
510452,1968-12-28,F,False,False,canada,toronto,YKZ,43.862,-79.37,2023-01-04,57
510490,1953-02-26,F,True,False,usa,milwaukee,MKE,42.947,-87.896,2023-01-04,73
510511,1975-12-03,F,True,False,usa,stockton,SCK,37.894,-121.239,2023-01-04,50
510533,1988-02-26,F,False,False,usa,jacksonville,JAX,30.494,-81.688,2023-01-04,38
510570,1980-04-16,F,False,False,usa,new york,JFK,40.64,-73.779,2023-01-04,46
510571,2003-09-14,F,True,True,usa,new york,LGA,40.777,-73.872,2023-01-04,23
510580,1970-04-06,M,False,False,usa,providence,PVD,41.724,-71.428,2023-01-04,56
510582,1997-04-25,M,False,False,usa,phoenix,PHX,33.434,-112.008,2023-01-04,29
510585,2006-10-01,F,False,True,canada,montreal,YUL,45.468,-73.741,2023-01-04,19
510586,1992-04-17,F,False,False,usa,new york,LGA,40.777,-73.872,2023-01-04,34
510618,1977-09-23,F,True,True,usa,san diego,SAN,32.733,-117.189,2023-01-04,49
510694,1978-09-03,M,False,False,usa,anchorage,ANC,61.174,-149.996,2023-01-05,48
510700,1973-01-09,M,False,False,usa,newark,EWR,40.692,-74.169,2023-01-05,53
510719,1987-12-17,F,True,True,canada,montreal,YMX,45.68,-74.039,2023-01-05,38
510733,1978-09-19,F,True,True,canada,toronto,YKZ,43.862,-79.37,2023-01-05,48
510754,1980-03-24,F,False,False,usa,charlotte,CLT,35.214,-80.943,2023-01-05,46
510805,1951-05-01,F,False,False,usa,dallas,DAL,32.847,-96.852,2023-01-05,75
510815,1968-05-23,F,True,True,usa,san antonio,SKF,29.384,-98.581,2023-01-05,58
510822,1978-11-16,F,False,False,usa,new york,JFK,40.64,-73.779,2023-01-05,47
510944,1968-04-21,M,True,True,usa,chicago,UGN,42.422,-87.868,2023-01-05,58
510953,1979-11-14,F,False,False,usa,seattle,SEA,47.449,-122.309,2023-01-05,46
510961,1977-11-24,F,True,False,usa,st. petersburg,SPG,27.765,-82.627,2023-01-05,48
511017,1964-03-26,M,True,False,usa,chicago,UGN,42.422,-87.868,2023-01-05,62
511066,1989-07-02,F,False,False,usa,indianapolis,IND,39.717,-86.294,2023-01-05,37
511125,1975-08-14,F,True,True,canada,quebec,YQB,46.788,-71.398,2023-01-05,51
511145,1993-01-10,F,False,True,usa,wichita,IAB,37.623,-97.267,2023-01-05,33
511148,1979-04-14,F,True,True,usa,new york,LGA,40.777,-73.872,2023-01-05,47
511160,1981-05-17,M,True,False,usa,austin,AUS,30.194,-97.67,2023-01-05,45
511178,1986-06-04,F,False,False,usa,new york,LGA,40.777,-73.872,2023-01-05,40
511208,1991-01-23,F,False,False,usa,salt lake city,SLC,40.788,-111.978,2023-01-05,35
511223,1978-12-13,F,True,True,canada,ottawa,YOW,45.323,-75.669,2023-01-05,47
511238,1955-04-13,F,False,False,usa,colorado springs,COS,38.806,-104.7,2023-01-05,71
511260,1988-06-20,F,False,True,usa,san jose,SJC,37.362,-121.929,2023-01-05,38
511314,2001-04-08,F,False,False,usa,los angeles,LAX,33.942,-118.408,2023-01-05,25
511326,1982-08-27,F,True,False,usa,seattle,BFI,47.53,-122.302,2023-01-05,44
511328,1990-04-16,M,True,True,usa,phoenix,LUF,33.535,-112.383,2023-01-05,36
511364,1986-03-07,F,False,True,usa,new york,JFK,40.64,-73.779,2023-01-05,40
511379,1976-01-19,F,False,False,canada,montreal,YUL,45.468,-73.741,2023-01-05,50
511398,1984-05-11,M,True,False,usa,los angeles,LAX,33.942,-118.408,2023-01-05,42
511424,1980-06-02,F,False,False,usa,nashville,BNA,36.124,-86.678,2023-01-05,46
511440,1982-06-22,F,False,False,usa,st. louis,STL,38.748,-90.36,2023-01-05,44
511455,1987-05-20,F,False,False,canada,montreal,YMX,45.68,-74.039,2023-01-05,39
511542,1970-01-12,F,False,False,usa,los angeles,LAX,33.942,-118.408,2023-01-05,56
511554,1979-10-07,F,False,False,usa,corpus christi,CRP,27.77,-97.501,2023-01-05,46
511567,1987-09-12,F,False,False,canada,toronto,YZD,43.742,-79.466,2023-01-05,39
511570,1972-09-10,F,True,True,canada,ottawa,YOW,45.323,-75.669,2023-01-05,54
511578,1972-05-15,F,True,True,usa,wichita,ICT,37.65,-97.433,2023-01-05,54
511589,1982-09-23,F,False,False,canada,calgary,YYC,51.114,-114.02,2023-01-05,44
511608,2003-04-06,M,False,False,usa,brownsville,BRO,25.907,-97.426,2023-01-05,23
511609,1984-07-01,M,True,False,usa,honolulu,HNL,21.316,-157.927,2023-01-05,42
511666,1973-08-25,F,True,False,usa,milwaukee,MKE,42.947,-87.896,2023-01-05,53
511677,1971-06-02,F,False,False,usa,memphis,MEM,35.042,-89.977,2023-01-05,55
511697,1984-08-24,F,False,False,usa,detroit,DTW,42.212,-83.353,2023-01-05,42
511726,1966-09-22,F,False,True,usa,newport news,PHF,37.132,-76.493,2023-01-05,60
511739,1968-09-19,F,False,False,canada,quebec,YQB,46.788,-71.398,2023-01-05,58
511757,1960-02-10,F,True,True,usa,san francisco,SFO,37.619,-122.375,2023-01-05,66
511762,1980-04-09,F,True,False,usa,phoenix,LUF,33.535,-112.383,2023-01-05,46
511778,1985-10-04,F,False,False,usa,long beach,LGB,33.818,-118.151,2023-01-05,40
511821,1952-12-11,M,False,False,canada,saskatoon,YXE,52.171,-106.7,2023-01-05,73
511827,1948-09-20,M,True,False,usa,columbus,LCK,39.814,-82.928,2023-01-05,78
511851,1983-08-28,F,False,False,canada,winnipeg,YAV,50.056,-97.032,2023-01-05,43
511859,1985-12-09,F,True,False,canada,toronto,YYZ,43.677,-79.631,2023-01-05,40
511862,1983-01-18,F,False,False,canada,montreal,YUL,45.468,-73.741,2023-01-05,43
511916,1981-12-12,F,True,True,canada,saskatoon,YXE,52.171,-106.7,2023-01-05,44
511923,1978-09-16,M,False,False,usa,nashville,BNA,36.124,-86.678,2023-01-05,48
511943,1992-03-05,F,True,True,usa,columbus,LCK,39.814,-82.928,2023-01-05,34
511989,2005-04-15,F,False,False,usa,miami,TNT,25.862,-80.897,2023-01-05,21
511996,1978-12-11,F,False,True,usa,birmingham,BHM,33.563,-86.753,2023-01-05,47
512010,1965-08-20,F,True,True,usa,los angeles,LAX,33.942,-118.408,2023-01-05,61
512016,1979-07-01,F,False,True,usa,santa ana,SNA,33.676,-117.868,2023-01-05,47
512024,1991-09-28,F,True,False,usa,new york,JFK,40.64,-73.779,2023-01-05,35
512060,1970-07-17,F,True,False,usa,sacramento,SMF,38.695,-121.591,2023-01-05,56
512069,1983-05-05,F,False,True,usa,philadelphia,PHL,39.872,-75.241,2023-01-05,43
512099,1988-11-10,F,False,False,usa,fresno,FAT,36.776,-119.718,2023-01-05,37
512103,1983-09-20,F,True,True,usa,st. louis,STL,38.748,-90.36,2023-01-05,43
512144,2006-01-10,F,False,False,usa,riverside,RAL,33.952,-117.445,2023-01-05,20
512163,1976-05-20,F,True,False,usa,sacramento,SMF,38.695,-121.591,2023-01-05,50
512190,1959-11-01,F,True,False,usa,sacramento,SMF,38.695,-121.591,2023-01-05,66
512193,1986-11-13,F,False,True,usa,tulsa,TUL,36.198,-95.888,2023-01-05,39
512197,1991-04-02,F,False,False,usa,new york,JFK,40.64,-73.779,2023-01-05,35
512249,2004-06-08,F,False,False,usa,columbus,LCK,39.814,-82.928,2023-01-05,22
512266,1976-02-07,F,False,False,usa,philadelphia,PNE,40.082,-75.011,2023-01-05,50
512271,1987-10-08,F,False,False,usa,sacramento,SAC,38.513,-121.493,2023-01-05,38
512283,1977-10-11,F,False,False,canada,montreal,YMX,45.68,-74.039,2023-01-05,48
512302,1977-02-06,F,True,True,usa,atlanta,ATL,33.64,-84.427,2023-01-05,49
512303,1974-03-10,F,False,True,usa,denver,DEN,39.858,-104.667,2023-01-05,52
512322,1980-01-02,M,False,False,usa,columbus,LCK,39.814,-82.928,2023-01-05,46
512329,1987-09-12,F,True,False,canada,hamilton,YHM,43.173,-79.935,2023-01-05,39
512377,1983-11-26,F,False,True,usa,new york,LGA,40.777,-73.872,2023-01-05,42
512392,1981-08-23,F,False,False,usa,lubbock,LBB,33.664,-101.823,2023-01-05,45
512416,1994-06-17,F,False,False,usa,jacksonville,NZC,30.219,-81.876,2023-01-05,32
512418,1974-03-11,F,False,True,usa,seattle,SEA,47.449,-122.309,2023-01-05,52
512443,1985-04-15,F,True,True,usa,new york,JFK,40.64,-73.779,2023-01-05,41
512552,1975-11-26,F,True,False,canada,toronto,YKZ,43.862,-79.37,2023-01-05,50
512556,1973-01-25,F,True,False,usa,el paso,BIF,31.849,-106.38,2023-01-05,53
512558,1968-04-23,M,True,False,usa,houston,IAH,29.98,-95.34,2023-01-05,58
512589,1981-02-08,M,False,False,usa,lincoln,LNK,40.851,-96.759,2023-01-05,45
512596,1969-06-16,F,True,False,usa,laredo,LRD,27.544,-99.461,2023-01-05,57
512598,1986-04-05,M,False,False,usa,chicago,UGN,42.422,-87.868,2023-01-05,40
512610,1983-11-02,F,False,False,usa,las vegas,LAS,36.08,-115.152,2023-01-05,42
512623,1999-08-16,F,False,False,usa,columbus,CMH,39.998,-82.892,2023-01-05,27
512631,1969-05-06,F,False,False,canada,montreal,YUL,45.468,-73.741,2023-01-05,57
512671,1968-02-08,F,True,False,usa,st. petersburg,PIE,27.911,-82.687,2023-01-05,58
512677,1999-04-22,F,True,False,usa,atlanta,ATL,33.64,-84.427,2023-01-05,27
512693,1986-06-21,F,False,False,usa,little rock,LIT,34.729,-92.224,2023-01-05,40
512695,1977-02-14,F,True,False,usa,omaha,OMA,41.302,-95.894,2023-01-06,49
512706,1970-08-14,F,True,True,usa,las vegas,LSV,36.236,-115.034,2023-01-06,56
512786,1984-02-27,M,False,False,usa,new york,LGA,40.777,-73.872,2023-01-06,42
512787,1972-04-19,F,False,False,usa,new york,LGA,40.777,-73.872,2023-01-06,54
512801,1970-10-05,F,False,False,usa,los angeles,LAX,33.942,-118.408,2023-01-06,56
512831,1980-02-22,F,False,False,usa,san antonio,SKF,29.384,-98.581,2023-01-06,46
512835,1983-07-06,F,True,False,usa,los angeles,LAX,33.942,-118.408,2023-01-06,43
512880,1977-01-04,F,False,False,usa,minneapolis,MSP,44.88,-93.217,2023-01-06,49
512900,1992-03-27,F,False,False,usa,miami,OPF,25.907,-80.278,2023-01-06,34
512904,1960-05-08,F,True,False,usa,phoenix,PHX,33.434,-112.008,2023-01-06,66
512928,2006-01-22,F,False,False,usa,los angeles,LAX,33.942,-118.408,2023-01-06,20
512974,2006-12-11,F,False,False,canada,toronto,YKZ,43.862,-79.37,2023-01-06,19
512976,1987-10-10,F,False,False,usa,los angeles,LAX,33.942,-118.408,2023-01-06,38
512984,1966-06-14,F,False,False,usa,spokane,GEG,47.62,-117.534,2023-01-06,60
513004,1983-05-25,F,False,False,usa,providence,PVD,41.724,-71.428,2023-01-06,43
513005,1995-10-25,F,False,False,usa,milwaukee,MKE,42.947,-87.896,2023-01-06,30
513090,2002-04-19,M,False,True,usa,los angeles,LAX,33.942,-118.408,2023-01-06,24
513091,1952-10-25,F,True,False,usa,san diego,SAN,32.733,-117.189,2023-01-06,73
513093,1968-07-28,F,False,False,usa,charlotte,CLT,35.214,-80.943,2023-01-06,58
513096,1994-05-05,F,True,True,usa,dallas,DAL,32.847,-96.852,2023-01-06,32
513126,1987-10-08,F,False,False,usa,san diego,SAN,32.733,-117.189,2023-01-06,38
513206,1976-06-02,M,False,False,usa,orlando,MCO,28.429,-81.316,2023-01-06,50
513216,1986-01-01,F,True,False,usa,new york,JFK,40.64,-73.779,2023-01-06,40
513227,1960-08-28,F,True,False,usa,new york,LGA,40.777,-73.872,2023-01-06,66
513233,1985-03-23,F,True,True,usa,riverside,RIV,33.881,-117.259,2023-01-06,41
513236,1980-08-12,F,True,True,usa,philadelphia,PNE,40.082,-75.011,2023-01-06,46
513242,1994-09-16,F,False,False,usa,detroit,DTW,42.212,-83.353,2023-01-06,32
513259,1970-01-11,F,True,False,usa,seattle,SEA,47.449,-122.309,2023-01-06,56
513296,1986-06-05,F,False,False,usa,columbus,CMH,39.998,-82.892,2023-01-06,40
513317,1969-02-21,F,True,False,usa,dallas,DAL,32.847,-96.852,2023-01-06,57
513338,1969-07-21,F,True,False,usa,oklahoma city,OKC,35.393,-97.601,2023-01-06,57
513339,1995-04-01,F,False,False,usa,new york,LGA,40.777,-73.872,2023-01-06,31
513345,2000-11-02,F,True,True,usa,lubbock,LBB,33.664,-101.823,2023-01-06,25
513366,1979-10-26,F,False,False,canada,montreal,YUL,45.468,-73.741,2023-01-06,46
513402,1978-08-03,F,True,True,usa,tacoma,TCM,47.138,-122.476,2023-01-06,48
513422,1982-02-05,F,True,False,usa,new orleans,MSY,29.993,-90.258,2023-01-06,44
513470,1976-06-02,F,True,True,usa,san diego,SAN,32.733,-117.189,2023-01-06,50
513509,1987-12-28,F,False,False,usa,new york,LGA,40.777,-73.872,2023-01-06,38
513543,1991-09-07,F,False,True,usa,new york,LGA,40.777,-73.872,2023-01-06,35
513555,1978-08-09,F,False,False,usa,seattle,BFI,47.53,-122.302,2023-01-06,48
513568,1963-10-04,F,False,False,canada,halifax,YAW,44.64,-63.499,2023-01-06,63
513620,2006-05-14,F,False,False,canada,toronto,YZD,43.742,-79.466,2023-01-06,20
513628,1983-11-09,F,True,False,usa,fresno,FAT,36.776,-119.718,2023-01-06,42
513638,1967-12-01,F,True,True,canada,toronto,YKZ,43.862,-79.37,2023-01-06,58
513661,1998-05-22,F,False,False,canada,winnipeg,YWG,49.91,-97.234,2023-01-06,28
513683,1970-10-02,M,True,False,usa,fort worth,FTW,32.82,-97.362,2023-01-06,56
513714,2001-02-11,F,False,False,usa,phoenix,LUF,33.535,-112.383,2023-01-06,25
513721,1983-01-14,F,False,False,usa,nashville,BNA,36.124,-86.678,2023-01-06,43
513776,1957-07-19,F,False,False,usa,chicago,UGN,42.422,-87.868,2023-01-06,69
513800,1971-05-09,M,True,True,usa,indianapolis,IND,39.717,-86.294,2023-01-06,55
513807,1979-08-18,F,True,True,usa,chicago,UGN,42.422,-87.868,2023-01-06,47
513823,1978-09-23,F,True,False,usa,new york,LGA,40.777,-73.872,2023-01-06,48
513853,1975-04-11,F,False,True,usa,san francisco,SFO,37.619,-122.375,2023-01-06,51
513860,1959-08-09,F,True,False,canada,montreal,YUL,45.468,-73.741,2023-01-06,67
513869,1983-06-07,F,False,True,usa,newark,EWR,40.692,-74.169,2023-01-06,43
513917,1968-04-18,F,True,True,usa,philadelphia,PHL,39.872,-75.241,2023-01-06,58
513926,1986-08-14,M,False,False,usa,new york,JFK,40.64,-73.779,2023-01-06,40
513933,1985-09-13,M,False,False,canada,toronto,YKZ,43.862,-79.37,2023-01-06,41
513956,1996-03-13,F,False,False,canada,vancouver,YVR,49.195,-123.182,2023-01-06,30
513967,1986-06-04,F,False,False,usa,phoenix,PHX,33.434,-112.008,2023-01-06,40
513995,1986-01-22,F,True,True,usa,dallas,DAL,32.847,-96.852,2023-01-06,40
514003,1986-10-01,F,True,False,usa,chicago,MDW,41.786,-87.752,2023-01-06,40
514071,1985-06-18,F,False,False,usa,new york,LGA,40.777,-73.872,2023-01-06,41
514076,1966-09-06,F,True,True,usa,new york,JFK,40.64,-73.779,2023-01-06,60
514113,2006-06-28,F,False,True,usa,jacksonville,LRF,34.918,-92.146,2023-01-06,20
514206,1988-08-20,F,True,False,usa,austin,AUS,30.194,-97.67,2023-01-06,38
514208,1985-12-28,F,False,True,usa,portland,PWM,43.646,-70.309,2023-01-06,40
514215,1970-04-13,F,False,False,usa,minneapolis,MSP,44.88,-93.217,2023-01-06,56
514275,1993-06-16,F,False,False,canada,montreal,YMX,45.68,-74.039,2023-01-06,33
514324,1969-11-21,F,True,False,usa,los angeles,LAX,33.942,-118.408,2023-01-06,56
514344,1958-03-21,F,False,False,usa,jacksonville,NZC,30.219,-81.876,2023-01-06,68
514395,1985-05-02,F,False,False,usa,los angeles,LAX,33.942,-118.408,2023-01-06,41
514461,1988-05-12,F,True,True,usa,philadelphia,PHL,39.872,-75.241,2023-01-06,38
514501,1974-02-20,F,True,True,usa,kansas city,MCI,39.297,-94.714,2023-01-06,52
514526,1974-06-16,F,True,True,usa,jacksonville,NIP,30.236,-81.681,2023-01-06,52
514551,2000-12-14,F,False,False,usa,new york,LGA,40.777,-73.872,2023-01-06,25
514617,1984-08-09,F,False,True,usa,san diego,SAN,32.733,-117.189,2023-01-06,42
514627,1978-08-03,F,False,False,canada,hamilton,YHM,43.173,-79.935,2023-01-06,48
514639,1955-02-09,F,True,False,usa,houston,IAH,29.98,-95.34,2023-01-06,71
514642,1956-04-12,F,True,False,usa,los angeles,LAX,33.942,-118.408,2023-01-06,70
514682,1980-08-04,F,False,False,usa,chicago,ORD,41.979,-87.904,2023-01-06,46
514684,1999-08-09,F,False,False,usa,minneapolis,MSP,44.88,-93.217,2023-01-06,27
514689,1980-07-20,M,True,True,usa,akron,AKR,41.038,-81.467,2023-01-06,46
514785,1977-10-25,F,True,False,usa,fort worth,FTW,32.82,-97.362,2023-01-07,48
514810,1991-07-28,M,False,True,usa,nashville,BNA,36.124,-86.678,2023-01-07,35
514876,2006-03-25,F,False,False,usa,milwaukee,MKE,42.947,-87.896,2023-01-07,20
514899,1986-09-14,F,False,True,usa,boston,BOS,42.364,-71.005,2023-01-07,40
514925,2006-12-27,F,False,False,canada,ottawa,YOW,45.323,-75.669,2023-01-07,19
514926,1995-05-22,F,False,False,canada,halifax,YHZ,44.881,-63.509,2023-01-07,31
514951,1986-03-06,F,False,True,usa,austin,AUS,30.194,-97.67,2023-01-07,40
514953,1977-07-03,F,True,False,usa,sacramento,SMF,38.695,-121.591,2023-01-07,49
515020,2003-02-08,F,False,False,usa,san francisco,SFO,37.619,-122.375,2023-01-07,23
515030,1990-05-24,M,False,False,usa,fort worth,FTW,32.82,-97.362,2023-01-07,36
515058,1974-03-21,F,False,False,canada,saskatoon,YXE,52.171,-106.7,2023-01-07,52
515060,1974-10-11,F,False,False,usa,chicago,ORD,41.979,-87.904,2023-01-07,51
515085,1963-05-14,F,True,True,usa,new york,JFK,40.64,-73.779,2023-01-07,63
515103,1972-08-11,F,True,True,usa,chicago,MDW,41.786,-87.752,2023-01-07,54
515124,1973-07-05,F,False,False,usa,reno,RNO,39.498,-119.768,2023-01-07,53
515131,1977-03-14,F,True,False,usa,san antonio,RND,29.529,-98.279,2023-01-07,49
515139,1987-12-05,F,False,False,usa,new york,JFK,40.64,-73.779,2023-01-07,38
515168,1977-06-26,F,False,True,canada,london,YXU,43.036,-81.154,2023-01-07,49
515198,1985-03-14,F,False,False,canada,toronto,YTZ,43.627,-79.396,2023-01-07,41
515205,1952-10-15,F,True,False,usa,spokane,GEG,47.62,-117.534,2023-01-07,73
515243,1982-08-28,F,True,False,usa,honolulu,HNL,21.316,-157.927,2023-01-07,44
515258,1997-05-03,M,False,False,usa,des moines,DSM,41.534,-93.663,2023-01-07,29
515274,1988-03-20,M,False,False,canada,toronto,YKZ,43.862,-79.37,2023-01-07,38
515398,1983-08-16,F,True,True,usa,new york,LGA,40.777,-73.872,2023-01-07,43
515421,1975-08-27,F,False,False,canada,toronto,YKZ,43.862,-79.37,2023-01-07,51
515436,2001-05-24,F,False,False,usa,grand rapids,GRR,42.881,-85.523,2023-01-07,25
515490,1967-12-08,F,True,True,usa,oklahoma city,TIK,35.415,-97.386,2023-01-07,58
515514,2004-06-18,F,True,False,usa,newport news,PHF,37.132,-76.493,2023-01-07,22
515529,1980-05-01,F,True,True,usa,richmond,RIC,37.505,-77.319,2023-01-07,46
515565,1979-10-25,F,False,True,usa,los angeles,LAX,33.942,-118.408,2023-01-07,46
515578,1987-04-03,M,False,False,usa,san francisco,SFO,37.619,-122.375,2023-01-07,39
515675,1993-01-15,F,False,False,usa,tacoma,TCM,47.138,-122.476,2023-01-07,33
515688,1976-11-07,F,True,True,usa,akron,AKR,41.038,-81.467,2023-01-07,49
515694,1980-04-03,F,False,False,usa,lubbock,LBB,33.664,-101.823,2023-01-07,46
515713,1981-06-05,F,True,False,usa,tucson,DMA,32.166,-110.883,2023-01-07,45
515739,1976-01-08,F,True,False,usa,new york,LGA,40.777,-73.872,2023-01-07,50
515764,2000-05-23,F,False,True,canada,edmonton,YED,53.667,-113.467,2023-01-07,26
515802,1982-11-05,F,False,False,usa,las vegas,LAS,36.08,-115.152,2023-01-07,43
515835,1976-06-05,F,True,True,usa,fort worth,FTW,32.82,-97.362,2023-01-07,50
515908,1976-01-22,F,True,True,usa,st. louis,STL,38.748,-90.36,2023-01-07,50
515941,1976-10-25,F,True,True,usa,st. petersburg,PIE,27.911,-82.687,2023-01-07,49
515947,1992-12-18,F,False,False,usa,new york,LGA,40.777,-73.872,2023-01-07,33
515953,1980-09-16,F,True,False,usa,los angeles,LAX,33.942,-118.408,2023-01-07,46
516004,1973-03-20,F,True,True,usa,san francisco,SFO,37.619,-122.375,2023-01-07,53
516039,2006-11-25,F,False,False,usa,santa ana,SNA,33.676,-117.868,2023-01-07,19
516061,1968-09-28,F,True,False,usa,chicago,UGN,42.422,-87.868,2023-01-07,58
516089,1967-04-10,F,True,True,usa,baltimore,BWI,39.175,-76.668,2023-01-07,59
516092,1986-02-09,M,True,False,usa,indianapolis,IND,39.717,-86.294,2023-01-07,40
516118,1985-09-01,M,True,False,usa,newark,EWR,40.692,-74.169,2023-01-07,41
516144,1973-04-02,F,True,True,usa,denver,DEN,39.858,-104.667,2023-01-07,53
516150,1959-02-18,F,True,True,usa,baton rouge,BTR,30.533,-91.149,2023-01-07,67
516176,1972-12-10,O,False,True,usa,new york,JFK,40.64,-73.779,2023-01-07,53
516177,1973-06-26,F,False,False,usa,philadelphia,PNE,40.082,-75.011,2023-01-07,53
516178,1995-06-19,F,False,True,canada,vancouver,YVR,49.195,-123.182,2023-01-07,31
516246,1986-02-15,F,False,False,usa,austin,AUS,30.194,-97.67,2023-01-07,40
516251,1972-04-20,F,True,False,canada,calgary,YYC,51.114,-114.02,2023-01-07,54
516269,1986-09-07,F,False,False,usa,stockton,SCK,37.894,-121.239,2023-01-07,40
516282,1981-04-08,F,True,False,canada,victoria,YYJ,48.647,-123.426,2023-01-07,45
516287,1970-10-10,F,True,False,usa,honolulu,HNL,21.316,-157.927,2023-01-07,55
516375,1985-12-09,F,True,False,usa,houston,IAH,29.98,-95.34,2023-01-07,40
516418,1997-01-26,F,True,False,usa,dallas,DAL,32.847,-96.852,2023-01-07,29
516420,1978-03-21,F,True,False,usa,san francisco,SFO,37.619,-122.375,2023-01-07,48
516456,1985-05-05,F,True,False,canada,halifax,YHZ,44.881,-63.509,2023-01-07,41
516507,1981-07-26,M,True,False,usa,san diego,SAN,32.733,-117.189,2023-01-07,45
516528,1970-03-09,F,True,False,usa,las vegas,LAS,36.08,-115.152,2023-01-07,56
516571,1959-08-18,F,True,False,usa,new york,LGA,40.777,-73.872,2023-01-07,67
516579,1995-04-09,F,False,False,usa,stockton,SCK,37.894,-121.239,2023-01-07,31
516590,2005-02-04,F,False,False,usa,jacksonville,JAX,30.494,-81.688,2023-01-07,21
516593,1985-08-18,F,False,False,usa,las vegas,LAS,36.08,-115.152,2023-01-07,41
516614,1986-08-06,M,False,False,usa,new york,LGA,40.777,-73.872,2023-01-07,40
516639,1970-10-03,F,True,True,usa,phoenix,PHX,33.434,-112.008,2023-01-07,56
516679,1981-05-24,F,False,False,usa,kansas city,MCI,39.297,-94.714,2023-01-08,45
516680,1957-10-01,F,True,False,usa,baltimore,BWI,39.175,-76.668,2023-01-08,69
516697,1947-08-02,F,False,False,usa,fresno,FAT,36.776,-119.718,2023-01-08,79
516704,1977-02-13,F,True,False,usa,long beach,LGB,33.818,-118.151,2023-01-08,49
516739,1985-03-12,F,False,True,usa,norfolk,ORF,36.894,-76.201,2023-01-08,41
516744,2001-10-12,F,False,False,usa,kansas city,MCI,39.297,-94.714,2023-01-08,24
516763,1977-11-22,M,True,False,usa,denver,DEN,39.858,-104.667,2023-01-08,48
516789,1985-04-14,F,False,False,usa,jacksonville,NCA,34.708,-77.439,2023-01-08,41
516808,1994-11-26,F,False,False,usa,san diego,SAN,32.733,-117.189,2023-01-08,31
516833,2004-10-10,F,False,False,canada,toronto,YTZ,43.627,-79.396,2023-01-08,21
516933,2006-09-09,F,False,False,usa,new york,LGA,40.777,-73.872,2023-01-08,20
516965,1987-08-09,F,False,True,usa,miami,OPF,25.907,-80.278,2023-01-08,39
517131,1955-11-02,F,True,False,usa,los angeles,LAX,33.942,-118.408,2023-01-08,70
517142,1985-01-08,M,True,False,usa,philadelphia,PNE,40.082,-75.011,2023-01-08,41
517205,1975-08-04,F,False,False,canada,calgary,YYC,51.114,-114.02,2023-01-08,51
517212,1970-03-20,F,True,True,usa,louisville,LOU,38.228,-85.664,2023-01-08,56
517219,2001-09-13,F,False,False,usa,boston,BOS,42.364,-71.005,2023-01-08,25
517231,1976-07-24,F,True,False,canada,edmonton,YXD,53.573,-113.521,2023-01-08,50
517284,1979-09-03,F,True,True,usa,san antonio,SAT,29.534,-98.47,2023-01-08,47
517324,1954-12-16,F,True,False,usa,austin,AUS,30.194,-97.67,2023-01-08,71
517356,1972-04-27,F,True,False,usa,orlando,MCO,28.429,-81.316,2023-01-08,54
517370,1983-02-15,F,True,False,usa,new york,LGA,40.777,-73.872,2023-01-08,43
517392,1977-06-26,F,True,False,usa,los angeles,LAX,33.942,-118.408,2023-01-08,49
517393,1987-08-18,F,False,False,usa,shreveport,BAD,32.502,-93.663,2023-01-08,39
517397,1988-05-08,F,False,False,usa,riverside,RAL,33.952,-117.445,2023-01-08,38
517403,1974-09-26,F,True,True,canada,toronto,YKZ,43.862,-79.37,2023-01-08,52
517415,1988-09-15,M,False,True,usa,st. petersburg,SPG,27.765,-82.627,2023-01-08,38
517438,1984-12-25,M,False,False,usa,nashville,BNA,36.124,-86.678,2023-01-08,41
517445,1983-06-03,F,True,False,usa,st. petersburg,PIE,27.911,-82.687,2023-01-08,43
517545,1971-07-18,F,True,False,canada,saskatoon,YXE,52.171,-106.7,2023-01-08,55
517548,1971-09-01,F,True,False,usa,new york,JFK,40.64,-73.779,2023-01-08,55
517579,2003-12-19,F,False,False,usa,los angeles,LAX,33.942,-118.408,2023-01-08,22
517596,1969-11-08,F,True,True,usa,kansas city,MCI,39.297,-94.714,2023-01-08,56
517622,2006-03-24,F,False,True,usa,san diego,NZY,32.699,-117.215,2023-01-08,20
517633,1985-12-23,F,True,False,usa,houston,IAH,29.98,-95.34,2023-01-08,40
517653,1970-09-05,F,True,True,usa,phoenix,LUF,33.535,-112.383,2023-01-08,56
517676,1981-05-23,F,True,False,usa,new york,JFK,40.64,-73.779,2023-01-08,45
517700,1976-12-12,F,False,False,usa,dallas,DAL,32.847,-96.852,2023-01-08,49
517715,1942-02-06,M,True,False,usa,chicago,MDW,41.786,-87.752,2023-01-08,84
517732,1979-12-18,F,False,False,usa,tacoma,TCM,47.138,-122.476,2023-01-08,46
517735,1975-07-17,F,True,True,usa,memphis,MEM,35.042,-89.977,2023-01-08,51
517743,1988-08-08,F,False,False,usa,new york,JFK,40.64,-73.779,2023-01-08,38
517772,1985-08-10,F,False,True,usa,new york,JFK,40.64,-73.779,2023-01-08,41
517776,1964-02-03,F,True,True,usa,honolulu,HNL,21.316,-157.927,2023-01-08,62
517825,1969-09-20,F,True,False,usa,milwaukee,MKE,42.947,-87.896,2023-01-08,57
517839,1977-02-25,F,True,False,usa,milwaukee,MKE,42.947,-87.896,2023-01-08,49
517894,1976-06-28,F,True,False,canada,montreal,YUL,45.468,-73.741,2023-01-08,50
517898,2004-04-13,F,False,True,usa,lubbock,LBB,33.664,-101.823,2023-01-08,22
517925,1996-07-03,F,True,False,usa,st. louis,STL,38.748,-90.36,2023-01-08,30
517967,1977-08-09,F,False,True,usa,phoenix,PHX,33.434,-112.008,2023-01-08,49
517968,1980-09-13,F,True,False,usa,new york,LGA,40.777,-73.872,2023-01-08,46
518012,1989-08-16,M,False,False,usa,rochester,ROC,43.119,-77.672,2023-01-08,37
518084,1999-08-15,F,False,False,usa,san francisco,SFO,37.619,-122.375,2023-01-08,27
518127,1988-06-21,F,False,False,usa,memphis,MEM,35.042,-89.977,2023-01-08,38
518211,1985-04-18,F,False,True,usa,new york,LGA,40.777,-73.872,2023-01-08,41
518219,1997-10-19,F,False,False,usa,columbus,LCK,39.814,-82.928,2023-01-08,28
518324,1984-01-12,F,False,False,usa,norfolk,NGU,36.938,-76.289,2023-01-08,42
518348,1989-04-26,F,True,True,usa,rochester,ROC,43.119,-77.672,2023-01-08,37
518354,2002-06-18,M,False,False,usa,denver,DEN,39.858,-104.667,2023-01-08,24
518393,1983-06-12,F,False,False,usa,los angeles,LAX,33.942,-118.408,2023-01-08,43
518416,1978-09-17,F,False,False,usa,houston,EFD,29.607,-95.159,2023-01-08,48
518422,1964-07-25,F,True,False,usa,colorado springs,COS,38.806,-104.7,2023-01-08,62
518443,1945-12-05,F,True,False,canada,calgary,YYC,51.114,-114.02,2023-01-08,80
518516,1967-09-12,F,True,True,usa,new york,LGA,40.777,-73.872,2023-01-08,59
518527,1979-07-11,F,True,False,canada,edmonton,YED,53.667,-113.467,2023-01-08,47
518533,1987-04-06,F,False,True,usa,phoenix,LUF,33.535,-112.383,2023-01-08,39
518541,1977-03-17,F,False,False,usa,long beach,LGB,33.818,-118.151,2023-01-08,49
518582,1973-10-23,F,True,True,usa,jacksonville,NZC,30.219,-81.876,2023-01-08,52
518612,1980-03-17,F,False,False,usa,chicago,UGN,42.422,-87.868,2023-01-08,46
518628,1975-08-01,F,True,True,usa,charlotte,CLT,35.214,-80.943,2023-01-08,51
518629,1975-11-18,F,False,False,usa,indianapolis,IND,39.717,-86.294,2023-01-08,50
518639,1989-12-28,F,False,False,usa,phoenix,PHX,33.434,-112.008,2023-01-09,36
518642,1953-05-09,F,True,False,usa,memphis,MEM,35.042,-89.977,2023-01-09,73
518696,1986-07-05,F,False,True,canada,winnipeg,YWG,49.91,-97.234,2023-01-09,40
518716,1984-03-09,F,True,True,canada,montreal,YUL,45.468,-73.741,2023-01-09,42
518722,1971-02-23,F,True,False,usa,tulsa,TUL,36.198,-95.888,2023-01-09,55
518726,2006-10-06,F,False,True,usa,oklahoma city,OKC,35.393,-97.601,2023-01-09,19
518867,1989-08-10,F,True,False,canada,toronto,YZD,43.742,-79.466,2023-01-09,37
518894,1974-03-12,F,False,False,usa,philadelphia,PNE,40.082,-75.011,2023-01-09,52
518907,1981-09-20,M,False,False,usa,san antonio,SAT,29.534,-98.47,2023-01-09,45
518925,1992-11-12,F,False,True,usa,shreveport,BAD,32.502,-93.663,2023-01-09,33
518931,2006-09-14,F,False,True,usa,el paso,BIF,31.849,-106.38,2023-01-09,20
518954,1987-09-25,F,True,True,usa,new york,LGA,40.777,-73.872,2023-01-09,39
518963,1993-03-25,F,False,True,usa,san jose,SJC,37.362,-121.929,2023-01-09,33
518998,1977-08-05,F,True,True,usa,st. petersburg,SPG,27.765,-82.627,2023-01-09,49
519014,1985-06-20,F,False,False,usa,portland,PWM,43.646,-70.309,2023-01-09,41
519089,1990-03-27,F,False,True,usa,philadelphia,PHL,39.872,-75.241,2023-01-09,36
519096,1990-10-28,F,False,True,usa,tampa,MCF,27.849,-82.521,2023-01-09,35
519114,1985-02-13,F,False,True,usa,san antonio,RND,29.529,-98.279,2023-01-09,41
519117,1978-07-07,F,True,True,usa,san antonio,SAT,29.534,-98.47,2023-01-09,48
519137,1973-09-26,F,False,False,usa,houston,IAH,29.98,-95.34,2023-01-09,53
519140,1968-04-26,F,True,False,usa,new york,LGA,40.777,-73.872,2023-01-09,58
519171,1975-12-03,F,False,True,usa,austin,AUS,30.194,-97.67,2023-01-09,50
519191,2003-10-08,M,False,False,usa,tampa,TPA,27.975,-82.533,2023-01-09,22
519210,1979-09-27,M,True,False,usa,san antonio,RND,29.529,-98.279,2023-01-09,47
519211,1987-07-14,F,True,False,usa,san antonio,RND,29.529,-98.279,2023-01-09,39
519260,1997-01-02,F,False,True,usa,los angeles,LAX,33.942,-118.408,2023-01-09,29
519267,1977-05-17,F,False,False,usa,portland,PWM,43.646,-70.309,2023-01-09,49
519312,1964-12-01,F,True,True,usa,modesto,MOD,37.626,-120.954,2023-01-09,61
519353,1955-10-09,F,False,False,usa,phoenix,LUF,33.535,-112.383,2023-01-09,71
519357,1978-12-25,F,False,True,usa,philadelphia,PHL,39.872,-75.241,2023-01-09,47
519383,1991-06-10,F,False,False,usa,fayetteville,POB,35.171,-79.014,2023-01-09,35
519392,1966-09-09,F,True,False,usa,fort worth,FTW,32.82,-97.362,2023-01-09,60
519412,1973-09-10,F,True,False,usa,houston,EFD,29.607,-95.159,2023-01-09,53
519419,1990-10-26,F,False,True,usa,fresno,FAT,36.776,-119.718,2023-01-09,35
519430,1988-12-16,F,False,False,usa,new york,JFK,40.64,-73.779,2023-01-09,37
519515,1972-08-10,M,True,True,usa,indianapolis,IND,39.717,-86.294,2023-01-09,54
519529,1998-11-13,M,True,True,canada,windsor,YQG,42.276,-82.956,2023-01-09,27
519548,1998-07-14,M,True,True,usa,wichita,IAB,37.623,-97.267,2023-01-09,28
519554,1991-05-08,F,False,True,usa,seattle,SEA,47.449,-122.309,2023-01-09,35
519626,1977-02-16,M,False,True,usa,cleveland,CLE,41.412,-81.85,2023-01-09,49
519631,1973-04-16,F,False,False,usa,san francisco,SFO,37.619,-122.375,2023-01-09,53
519664,1970-12-09,F,True,True,usa,riverside,RAL,33.952,-117.445,2023-01-09,55
519695,1985-05-15,F,False,False,usa,houston,EFD,29.607,-95.159,2023-01-09,41
519709,1992-02-28,F,True,False,usa,chicago,MDW,41.786,-87.752,2023-01-09,34
519718,1971-12-22,F,True,True,usa,buffalo,BUF,42.94,-78.732,2023-01-09,54
519722,1995-06-21,F,True,True,usa,new york,JFK,40.64,-73.779,2023-01-09,31
519725,1983-01-18,F,True,True,usa,louisville,LOU,38.228,-85.664,2023-01-09,43
519774,1969-08-17,F,False,True,usa,las vegas,LAS,36.08,-115.152,2023-01-09,57
519859,1982-01-22,F,False,False,usa,san diego,NZY,32.699,-117.215,2023-01-09,44
519885,1996-03-08,F,False,False,usa,houston,HOU,29.645,-95.279,2023-01-09,30
519893,1981-01-14,F,True,False,usa,spokane,GEG,47.62,-117.534,2023-01-09,45
519912,1978-11-26,M,False,False,usa,houston,EFD,29.607,-95.159,2023-01-09,47
519943,1965-05-08,F,True,True,canada,toronto,YTZ,43.627,-79.396,2023-01-09,61
519955,1986-04-02,F,False,False,usa,orlando,MCO,28.429,-81.316,2023-01-09,40
519957,1970-05-21,F,True,False,usa,new york,LGA,40.777,-73.872,2023-01-09,56
520106,1997-09-10,F,False,True,usa,salt lake city,SLC,40.788,-111.978,2023-01-09,29
520170,1999-07-18,F,False,True,usa,omaha,OMA,41.302,-95.894,2023-01-09,27
520175,1971-12-13,F,False,False,usa,atlanta,ATL,33.64,-84.427,2023-01-09,54
520177,1970-03-28,F,True,False,usa,nashville,BNA,36.124,-86.678,2023-01-09,56
520182,1980-05-26,F,True,True,usa,new york,LGA,40.777,-73.872,2023-01-09,46
520188,1988-03-24,F,False,False,canada,victoria,YYJ,48.647,-123.426,2023-01-09,38
520244,1982-03-12,F,True,False,usa,new york,JFK,40.64,-73.779,2023-01-09,44
520248,1985-06-17,F,False,True,usa,new york,JFK,40.64,-73.779,2023-01-09,41
520250,1968-10-04,M,True,False,usa,austin,AUS,30.194,-97.67,2023-01-09,58
520256,1981-05-12,F,True,False,usa,dallas,DAL,32.847,-96.852,2023-01-09,45
520298,1982-08-16,F,False,False,usa,houston,EFD,29.607,-95.159,2023-01-09,44
520307,1972-09-23,F,False,False,usa,buffalo,BUF,42.94,-78.732,2023-01-09,54
520314,2006-11-24,F,False,True,usa,new york,JFK,40.64,-73.779,2023-01-09,19
520327,1998-09-23,F,False,False,usa,new york,LGA,40.777,-73.872,2023-01-09,28
520358,1973-10-22,F,True,False,usa,montgomery,MXF,32.379,-86.362,2023-01-09,52
520373,1975-08-24,F,False,True,usa,buffalo,BUF,42.94,-78.732,2023-01-09,51
520405,1993-08-25,F,False,False,usa,cleveland,CLE,41.412,-81.85,2023-01-09,33
520422,1985-11-06,F,False,False,usa,mobile,MOB,30.691,-88.243,2023-01-09,40
520491,1969-05-24,M,False,True,usa,new york,LGA,40.777,-73.872,2023-01-09,57
520497,1975-12-06,F,False,False,usa,long beach,LGB,33.818,-118.151,2023-01-09,50
520527,1991-01-11,F,False,False,usa,denver,DEN,39.858,-104.667,2023-01-09,35
520530,1983-04-18,F,True,False,usa,los angeles,LAX,33.942,-118.408,2023-01-09,43
520561,1992-12-16,F,False,True,usa,nashville,BNA,36.124,-86.678,2023-01-09,33
520619,1966-06-05,F,True,False,usa,houston,IAH,29.98,-95.34,2023-01-09,60
520696,1982-08-04,F,False,False,usa,lincoln,LNK,40.851,-96.759,2023-01-09,44
520708,1982-06-13,F,False,False,usa,tampa,MCF,27.849,-82.521,2023-01-09,44
520745,1983-09-27,F,False,False,usa,new york,JFK,40.64,-73.779,2023-01-09,43
520783,1984-01-12,F,True,False,canada,calgary,YYC,51.114,-114.02,2023-01-09,42
520804,1973-12-13,F,True,False,usa,chicago,ORD,41.979,-87.904,2023-01-09,52
520861,1972-09-27,M,False,True,usa,austin,AUS,30.194,-97.67,2023-01-09,54
520877,1973-11-01,F,True,False,usa,grand rapids,GRR,42.881,-85.523,2023-01-09,52
520878,1985-07-07,F,True,False,canada,ottawa,YOW,45.323,-75.669,2023-01-09,41
520882,2006-01-06,F,False,False,usa,louisville,LOU,38.228,-85.664,2023-01-09,20
520885,1987-09-08,M,True,True,usa,el paso,ELP,31.807,-106.378,2023-01-09,39
520920,1983-09-01,F,False,False,usa,memphis,MEM,35.042,-89.977,2023-01-10,43
520934,1971-03-16,F,False,True,usa,newark,EWR,40.692,-74.169,2023-01-10,55
520947,2000-12-23,O,True,True,usa,new york,LGA,40.777,-73.872,2023-01-10,25
521004,1973-04-04,F,True,False,usa,san antonio,SKF,29.384,-98.581,2023-01-10,53
521044,1982-10-22,F,False,False,usa,houston,EFD,29.607,-95.159,2023-01-10,43
521062,1964-03-22,F,True,False,usa,little rock,LIT,34.729,-92.224,2023-01-10,62
521066,1982-10-03,F,False,False,usa,knoxville,TYS,35.812,-83.993,2023-01-10,44
521070,1973-09-03,F,True,True,usa,knoxville,TYS,35.812,-83.993,2023-01-10,53
521109,1993-12-07,F,False,True,usa,dallas,DAL,32.847,-96.852,2023-01-10,32
521170,1980-08-15,M,False,False,usa,chicago,MDW,41.786,-87.752,2023-01-10,46
521192,1996-08-17,F,False,False,usa,wichita,ICT,37.65,-97.433,2023-01-10,30
521201,1966-03-21,F,True,True,usa,memphis,MEM,35.042,-89.977,2023-01-10,60
521211,1998-03-19,M,False,False,usa,bakersfield,BFL,35.433,-119.057,2023-01-10,28
521235,1989-06-21,F,False,False,usa,seattle,SEA,47.449,-122.309,2023-01-10,37
521250,1992-11-19,M,False,False,usa,sacramento,MHR,38.554,-121.297,2023-01-10,33
521286,1990-05-24,F,False,False,canada,hamilton,YHM,43.173,-79.935,2023-01-10,36
521293,1989-02-09,F,True,False,usa,akron,AKR,41.038,-81.467,2023-01-10,37
521331,1960-03-23,F,False,False,usa,cleveland,CLE,41.412,-81.85,2023-01-10,66
521392,1983-11-22,F,True,False,usa,chicago,MDW,41.786,-87.752,2023-01-10,42
521404,1979-02-09,F,False,False,usa,detroit,DTW,42.212,-83.353,2023-01-10,47
521408,1968-06-05,F,True,False,usa,san diego,NZY,32.699,-117.215,2023-01-10,58
521416,1976-12-19,F,True,False,usa,new york,JFK,40.64,-73.779,2023-01-10,49
521474,2006-03-07,F,False,False,usa,san francisco,SFO,37.619,-122.375,2023-01-10,20
521491,1989-02-07,F,False,False,usa,philadelphia,PNE,40.082,-75.011,2023-01-10,37
521510,1974-09-07,F,True,False,usa,chicago,MDW,41.786,-87.752,2023-01-10,52
521657,1996-09-17,F,False,False,canada,montreal,YUL,45.468,-73.741,2023-01-10,30
521658,1974-03-04,F,True,False,usa,new york,LGA,40.777,-73.872,2023-01-10,52
521785,1999-12-12,F,False,False,usa,los angeles,LAX,33.942,-118.408,2023-01-10,26
521814,1981-07-11,F,True,True,canada,toronto,YKZ,43.862,-79.37,2023-01-10,45
521859,1983-06-10,M,False,False,usa,new york,LGA,40.777,-73.872,2023-01-10,43
521883,1991-08-03,F,False,False,usa,tulsa,TUL,36.198,-95.888,2023-01-10,35
521884,1971-12-22,F,False,True,usa,jacksonville,LRF,34.918,-92.146,2023-01-10,54
521885,1979-03-17,M,True,True,usa,houston,HOU,29.645,-95.279,2023-01-10,47
521904,1990-05-05,F,False,True,usa,bakersfield,BFL,35.433,-119.057,2023-01-10,36
521921,1975-01-10,F,True,True,usa,san antonio,SAT,29.534,-98.47,2023-01-10,51
521925,1982-05-12,F,False,False,canada,edmonton,YED,53.667,-113.467,2023-01-10,44
521941,1995-11-28,F,True,True,usa,new orleans,MSY,29.993,-90.258,2023-01-10,30
521943,1971-06-08,F,True,False,usa,philadelphia,PNE,40.082,-75.011,2023-01-10,55
521992,1990-11-12,F,True,True,usa,los angeles,LAX,33.942,-118.408,2023-01-10,35
521997,1992-05-25,F,True,False,usa,new york,JFK,40.64,-73.779,2023-01-10,34
522111,2001-04-11,F,False,True,usa,philadelphia,PHL,39.872,-75.241,2023-01-10,25
522115,1984-10-14,M,False,True,usa,chicago,MDW,41.786,-87.752,2023-01-10,41
522134,2006-04-24,F,False,True,usa,houston,IAH,29.98,-95.34,2023-01-10,20
522152,1992-09-27,F,False,True,usa,dallas,DAL,32.847,-96.852,2023-01-10,34
522171,1986-07-02,F,False,False,usa,louisville,LOU,38.228,-85.664,2023-01-10,40
522179,1982-11-06,M,True,True,usa,dallas,DAL,32.847,-96.852,2023-01-10,43
522223,1973-09-18,F,True,True,usa,nashville,BNA,36.124,-86.678,2023-01-10,53
522263,1992-10-21,F,False,False,usa,oklahoma city,TIK,35.415,-97.386,2023-01-10,33
522265,1982-01-09,F,False,True,usa,bakersfield,BFL,35.433,-119.057,2023-01-10,44
522276,1976-12-21,F,False,False,usa,anchorage,EDF,61.251,-149.806,2023-01-10,49
522286,1978-06-25,F,False,False,canada,edmonton,YXD,53.573,-113.521,2023-01-10,48
522323,1976-11-28,F,False,False,usa,little rock,LIT,34.729,-92.224,2023-01-10,49
522387,2001-05-19,F,False,False,usa,louisville,LOU,38.228,-85.664,2023-01-10,25
522420,1992-10-04,F,True,False,usa,oakland,OAK,37.721,-122.221,2023-01-10,33
522445,1977-01-23,F,True,False,usa,stockton,SCK,37.894,-121.239,2023-01-10,49
522457,1987-09-03,F,False,True,usa,san diego,NZY,32.699,-117.215,2023-01-10,39
522465,1959-08-20,M,True,False,usa,new york,LGA,40.777,-73.872,2023-01-10,67
522484,1973-03-06,F,True,False,usa,washington,DCA,38.852,-77.037,2023-01-10,53
522533,2005-08-23,F,False,False,usa,jacksonville,NCA,34.708,-77.439,2023-01-10,21
522585,1982-12-07,M,True,True,canada,edmonton,YED,53.667,-113.467,2023-01-10,43
522607,1979-06-19,F,True,False,usa,miami,MIA,25.793,-80.291,2023-01-10,47
522633,1985-06-23,F,False,False,usa,new york,LGA,40.777,-73.872,2023-01-10,41
522738,1983-11-04,F,False,False,usa,chicago,UGN,42.422,-87.868,2023-01-10,42
522748,1980-07-05,F,True,False,usa,las vegas,LSV,36.236,-115.034,2023-01-10,46
522761,1983-10-13,M,False,False,usa,houston,HOU,29.645,-95.279,2023-01-10,42
522800,1995-09-09,F,False,False,usa,new york,LGA,40.777,-73.872,2023-01-10,31
522873,1990-10-19,F,False,True,canada,victoria,YYJ,48.647,-123.426,2023-01-11,35
522898,1981-12-25,F,False,True,usa,honolulu,HNL,21.316,-157.927,2023-01-11,44
522943,1948-04-21,F,True,False,usa,los angeles,LAX,33.942,-118.408,2023-01-11,78
522970,1980-01-11,F,False,False,usa,atlanta,ATL,33.64,-84.427,2023-01-11,46
522981,1986-06-11,F,False,False,usa,atlanta,ATL,33.64,-84.427,2023-01-11,40
523030,1989-07-21,F,False,False,usa,birmingham,BHM,33.563,-86.753,2023-01-11,37
523057,1955-09-03,F,False,False,usa,portland,PWM,43.646,-70.309,2023-01-11,71
523073,1988-08-11,F,True,True,usa,orlando,MCO,28.429,-81.316,2023-01-11,38
523098,1983-04-19,M,False,False,usa,miami,MIA,25.793,-80.291,2023-01-11,43
523146,1975-08-21,F,False,True,usa,new york,LGA,40.777,-73.872,2023-01-11,51
523158,1982-06-01,F,True,True,usa,san francisco,SFO,37.619,-122.375,2023-01-11,44
523209,1974-10-11,F,False,True,usa,lincoln,LNK,40.851,-96.759,2023-01-11,51
523231,1981-07-14,F,False,False,usa,los angeles,LAX,33.942,-118.408,2023-01-11,45
523271,1985-02-06,F,True,False,usa,los angeles,LAX,33.942,-118.408,2023-01-11,41
523273,1972-09-06,F,True,False,canada,ottawa,YOW,45.323,-75.669,2023-01-11,54
523299,1964-07-28,F,True,False,usa,seattle,BFI,47.53,-122.302,2023-01-11,62
523335,1994-11-21,F,False,False,usa,houston,IAH,29.98,-95.34,2023-01-11,31
523392,1984-04-13,F,False,False,usa,houston,IAH,29.98,-95.34,2023-01-11,42
523395,1991-10-27,F,False,False,usa,tucson,DMA,32.166,-110.883,2023-01-11,34
523442,1969-10-28,F,True,True,usa,milwaukee,MKE,42.947,-87.896,2023-01-11,56
523465,1973-11-24,F,True,False,canada,montreal,YUL,45.468,-73.741,2023-01-11,52
523474,1983-11-16,F,False,False,usa,houston,IAH,29.98,-95.34,2023-01-11,42
523513,1970-06-06,F,True,True,usa,new york,JFK,40.64,-73.779,2023-01-11,56
523526,1996-06-01,F,False,False,usa,denver,DEN,39.858,-104.667,2023-01-11,30
523546,1965-04-12,M,False,True,usa,austin,AUS,30.194,-97.67,2023-01-11,61
523619,1980-04-20,F,True,True,canada,toronto,YZD,43.742,-79.466,2023-01-11,46
523657,1987-12-13,F,True,False,usa,winston-salem,INT,36.134,-80.222,2023-01-11,38
523686,1981-10-10,F,True,True,canada,saskatoon,YXE,52.171,-106.7,2023-01-11,44
523717,1982-09-22,F,False,False,usa,baltimore,BWI,39.175,-76.668,2023-01-11,44
523729,1949-05-11,F,True,False,usa,kansas city,MCI,39.297,-94.714,2023-01-11,77
523735,1968-11-27,F,True,True,canada,ottawa,YOW,45.323,-75.669,2023-01-11,57
523756,1996-04-01,F,False,False,usa,houston,HOU,29.645,-95.279,2023-01-11,30
523824,2002-05-12,F,False,False,usa,oklahoma city,OKC,35.393,-97.601,2023-01-11,24
523842,1981-02-01,M,True,False,usa,lincoln,LNK,40.851,-96.759,2023-01-11,45
523845,1980-11-19,F,False,True,usa,sacramento,MHR,38.554,-121.297,2023-01-11,45
523846,1998-05-04,M,False,True,canada,montreal,YUL,45.468,-73.741,2023-01-11,28
523877,1972-12-20,F,True,False,usa,los angeles,LAX,33.942,-118.408,2023-01-11,53
523938,2002-03-23,F,True,False,usa,new york,JFK,40.64,-73.779,2023-01-11,24
524012,1981-12-06,F,True,False,usa,new york,LGA,40.777,-73.872,2023-01-11,44
524031,1987-03-14,F,True,False,usa,denver,DEN,39.858,-104.667,2023-01-11,39
524036,1992-09-19,F,False,False,usa,new york,LGA,40.777,-73.872,2023-01-11,34
524052,1981-10-26,F,False,False,usa,santa ana,SNA,33.676,-117.868,2023-01-11,44
524080,1988-07-27,F,False,False,usa,los angeles,LAX,33.942,-118.408,2023-01-11,38
524120,1984-06-09,F,False,False,usa,honolulu,HNL,21.316,-157.927,2023-01-11,42
524151,2000-07-05,M,False,False,usa,new york,JFK,40.64,-73.779,2023-01-11,26
524194,1988-12-17,F,False,False,usa,richmond,RIC,37.505,-77.319,2023-01-11,37
524200,1969-04-09,F,True,False,usa,new york,LGA,40.777,-73.872,2023-01-11,57
524214,1991-06-21,F,False,False,usa,st. louis,STL,38.748,-90.36,2023-01-11,35
524226,1978-02-25,F,True,True,usa,new york,LGA,40.777,-73.872,2023-01-11,48
524278,1990-12-16,M,False,True,usa,portland,PWM,43.646,-70.309,2023-01-11,35
524318,1999-02-04,F,False,True,usa,columbus,LCK,39.814,-82.928,2023-01-11,27
524328,1989-12-09,F,False,True,usa,new york,LGA,40.777,-73.872,2023-01-11,36
524358,1987-09-04,F,False,True,usa,houston,HOU,29.645,-95.279,2023-01-11,39
524407,1975-02-10,F,False,False,canada,montreal,YMX,45.68,-74.039,2023-01-11,51
524448,1972-09-23,F,True,True,canada,ottawa,YOW,45.323,-75.669,2023-01-11,54
524473,1973-08-18,M,True,False,usa,santa ana,SNA,33.676,-117.868,2023-01-11,53
524511,1969-03-15,F,False,False,usa,los angeles,LAX,33.942,-118.408,2023-01-11,57
524607,1987-09-14,F,True,False,usa,los angeles,LAX,33.942,-118.408,2023-01-11,39
524615,1971-09-26,F,True,False,usa,chicago,UGN,42.422,-87.868,2023-01-11,55
524620,1993-05-03,F,False,False,usa,corpus christi,CRP,27.77,-97.501,2023-01-11,33
524628,1974-09-02,M,True,False,usa,los angeles,LAX,33.942,-118.408,2023-01-11,52
524637,1986-02-22,F,False,False,usa,new york,JFK,40.64,-73.779,2023-01-11,40
524644,1990-07-23,F,False,False,canada,ottawa,YOW,45.323,-75.669,2023-01-11,36
524650,1994-01-18,F,False,False,usa,chicago,MDW,41.786,-87.752,2023-01-11,32
524663,1985-12-21,F,True,True,usa,new york,JFK,40.64,-73.779,2023-01-11,40
524682,1976-04-19,F,True,False,usa,birmingham,BHM,33.563,-86.753,2023-01-11,50
524805,1987-07-26,F,True,True,usa,sacramento,SAC,38.513,-121.493,2023-01-11,39
524821,1996-06-03,F,True,True,usa,rochester,ROC,43.119,-77.672,2023-01-11,30
524849,1973-11-15,F,True,True,canada,edmonton,YEG,53.31,-113.58,2023-01-11,52
524880,1982-12-10,F,True,True,canada,toronto,YKZ,43.862,-79.37,2023-01-11,43
524885,1984-03-14,F,False,False,usa,jacksonville,LRF,34.918,-92.146,2023-01-11,42
524913,2002-11-21,F,True,False,canada,toronto,YTZ,43.627,-79.396,2023-01-11,23
524923,1993-09-07,F,False,False,usa,winston-salem,INT,36.134,-80.222,2023-01-11,33
524929,1979-10-27,F,False,False,usa,st. petersburg,SPG,27.765,-82.627,2023-01-11,46
525043,1984-09-11,F,True,False,usa,houston,EFD,29.607,-95.159,2023-01-12,42
525053,1975-04-22,F,True,False,canada,calgary,YYC,51.114,-114.02,2023-01-12,51
525056,1986-08-28,F,False,False,usa,new york,LGA,40.777,-73.872,2023-01-12,40
525089,1981-05-24,F,True,False,usa,seattle,BFI,47.53,-122.302,2023-01-12,45
525102,1987-02-05,F,False,True,usa,st. louis,STL,38.748,-90.36,2023-01-12,39
525175,1939-03-10,M,True,False,usa,stockton,SCK,37.894,-121.239,2023-01-12,87
525234,1969-08-03,F,False,False,usa,houston,HOU,29.645,-95.279,2023-01-12,57
525244,1992-01-24,M,False,False,usa,new york,JFK,40.64,-73.779,2023-01-12,34
525265,1978-03-12,M,True,False,usa,houston,EFD,29.607,-95.159,2023-01-12,48
525281,1985-12-23,F,False,False,usa,chicago,MDW,41.786,-87.752,2023-01-12,40
525323,1993-03-07,F,False,False,usa,memphis,MEM,35.042,-89.977,2023-01-12,33
525332,1993-07-09,F,False,False,canada,toronto,YKZ,43.862,-79.37,2023-01-12,33
525356,1971-11-24,F,True,True,usa,los angeles,LAX,33.942,-118.408,2023-01-12,54
525410,1992-01-15,F,False,False,usa,san diego,NZY,32.699,-117.215,2023-01-12,34
525447,1969-01-28,F,False,False,usa,tucson,DMA,32.166,-110.883,2023-01-12,57
525515,1991-02-26,F,False,True,canada,toronto,YTZ,43.627,-79.396,2023-01-12,35
525555,1982-01-22,F,False,True,canada,hamilton,YHM,43.173,-79.935,2023-01-12,44
525611,1984-05-02,F,False,False,usa,miami,TNT,25.862,-80.897,2023-01-12,42
525615,1989-04-14,F,False,False,usa,denver,DEN,39.858,-104.667,2023-01-12,37
525631,1978-09-02,M,False,False,usa,new york,JFK,40.64,-73.779,2023-01-12,48
525647,1961-06-14,F,True,True,canada,edmonton,YED,53.667,-113.467,2023-01-12,65
525684,1972-08-03,F,True,True,usa,miami,TNT,25.862,-80.897,2023-01-12,54
525716,1968-11-19,F,True,False,usa,oklahoma city,TIK,35.415,-97.386,2023-01-12,57
525722,1973-09-10,F,False,False,usa,phoenix,LUF,33.535,-112.383,2023-01-12,53
525734,1989-04-04,F,False,True,usa,houston,HOU,29.645,-95.279,2023-01-12,37
525789,1963-11-25,F,True,False,usa,birmingham,BHM,33.563,-86.753,2023-01-12,62
525824,1985-02-15,F,True,False,usa,detroit,YIP,42.238,-83.53,2023-01-12,41
525864,1981-07-23,F,True,True,usa,minneapolis,MSP,44.88,-93.217,2023-01-12,45
525879,1985-05-13,F,False,True,usa,new york,LGA,40.777,-73.872,2023-01-12,41
526032,1988-08-17,F,False,True,canada,windsor,YQG,42.276,-82.956,2023-01-12,38
526079,1974-05-17,F,True,False,usa,salt lake city,SLC,40.788,-111.978,2023-01-12,52
526144,1981-02-06,F,False,True,usa,chicago,MDW,41.786,-87.752,2023-01-12,45
526179,1983-01-21,M,False,False,usa,colorado springs,COS,38.806,-104.7,2023-01-12,43
526184,2000-04-22,F,False,False,canada,montreal,YMX,45.68,-74.039,2023-01-12,26
526203,1990-11-19,F,True,True,usa,new york,LGA,40.777,-73.872,2023-01-12,35
526221,1958-04-12,F,True,False,usa,oklahoma city,OKC,35.393,-97.601,2023-01-12,68
526291,1992-08-18,F,False,False,usa,orlando,MCO,28.429,-81.316,2023-01-12,34
526303,2002-03-19,F,True,True,usa,mobile,MOB,30.691,-88.243,2023-01-12,24
526308,1979-08-10,F,True,False,canada,toronto,YYZ,43.677,-79.631,2023-01-12,47
526354,1975-10-05,F,True,False,usa,boston,BOS,42.364,-71.005,2023-01-12,51
526431,1982-02-23,F,False,False,usa,charlotte,CLT,35.214,-80.943,2023-01-12,44
526435,1954-04-12,F,True,False,usa,anchorage,MRI,61.214,-149.846,2023-01-12,72
526445,1975-01-22,F,False,False,usa,tampa,MCF,27.849,-82.521,2023-01-12,51
526471,1982-01-21,M,False,False,usa,washington,IAD,38.944,-77.456,2023-01-12,44
526492,1979-06-22,F,True,False,usa,dallas,DAL,32.847,-96.852,2023-01-12,47
526570,1970-11-11,F,False,False,usa,seattle,BFI,47.53,-122.302,2023-01-12,55
526628,1981-08-27,F,True,True,canada,montreal,YHU,45.517,-73.417,2023-01-12,45
526683,1982-07-07,F,True,False,usa,kansas city,MCI,39.297,-94.714,2023-01-12,44
526727,1960-09-21,F,True,True,usa,memphis,MEM,35.042,-89.977,2023-01-12,66
526729,1977-12-02,F,False,False,usa,new york,JFK,40.64,-73.779,2023-01-12,48
526759,1979-12-28,F,True,False,usa,washington,IAD,38.944,-77.456,2023-01-12,46
526782,1994-08-08,F,False,False,canada,montreal,YHU,45.517,-73.417,2023-01-12,32
526872,1953-08-16,F,True,False,usa,st. petersburg,SPG,27.765,-82.627,2023-01-12,73
526873,1982-04-22,F,False,False,canada,london,YXU,43.036,-81.154,2023-01-12,44
526900,1971-04-13,F,True,False,usa,new orleans,NBG,29.825,-90.035,2023-01-12,55
526905,1970-08-11,F,False,False,usa,chicago,UGN,42.422,-87.868,2023-01-12,56
526913,1968-02-11,F,True,True,usa,san francisco,SFO,37.619,-122.375,2023-01-12,58
526970,1985-04-28,F,False,False,canada,ottawa,YOW,45.323,-75.669,2023-01-12,41
527004,1978-05-14,F,True,False,usa,new york,LGA,40.777,-73.872,2023-01-12,48
527019,2003-11-05,F,False,False,usa,dallas,DAL,32.847,-96.852,2023-01-12,22
527038,1983-08-26,F,True,False,canada,calgary,YYC,51.114,-114.02,2023-01-12,43
527075,1970-03-25,M,True,True,canada,edmonton,YXD,53.573,-113.521,2023-01-12,56
527130,1959-09-11,F,True,False,usa,los angeles,LAX,33.942,-118.408,2023-01-12,67
527132,1971-09-28,M,False,False,usa,chicago,UGN,42.422,-87.868,2023-01-12,55
527133,1976-01-25,F,False,False,usa,lubbock,LBB,33.664,-101.823,2023-01-12,50
527154,1988-03-01,F,False,False,usa,denver,DEN,39.858,-104.667,2023-01-12,38
527197,1999-01-16,M,False,False,canada,hamilton,YHM,43.173,-79.935,2023-01-13,27
527219,1999-01-25,F,False,False,usa,long beach,LGB,33.818,-118.151,2023-01-13,27
527232,1969-07-17,F,True,False,usa,houston,EFD,29.607,-95.159,2023-01-13,57
527253,1982-03-17,F,False,False,canada,toronto,YZD,43.742,-79.466,2023-01-13,44
527326,1967-06-18,F,True,False,usa,tacoma,TCM,47.138,-122.476,2023-01-13,59
527344,1966-07-08,F,True,False,usa,memphis,MEM,35.042,-89.977,2023-01-13,60
527346,1977-06-28,F,True,False,canada,toronto,YKZ,43.862,-79.37,2023-01-13,49
527389,1989-10-08,F,False,True,usa,boston,BOS,42.364,-71.005,2023-01-13,36
527396,1982-12-13,M,False,False,usa,austin,AUS,30.194,-97.67,2023-01-13,43
527406,1984-09-06,F,False,False,usa,austin,AUS,30.194,-97.67,2023-01-13,42
527445,2006-01-24,M,False,False,usa,los angeles,LAX,33.942,-118.408,2023-01-13,20
527451,1992-07-03,F,False,False,canada,toronto,YKZ,43.862,-79.37,2023-01-13,34
527507,1980-12-18,M,True,True,usa,san francisco,SFO,37.619,-122.375,2023-01-13,45
527524,1998-12-24,F,False,False,canada,halifax,YHZ,44.881,-63.509,2023-01-13,27
527536,1948-12-26,F,True,False,usa,richmond,RIC,37.505,-77.319,2023-01-13,77
527541,1982-10-08,F,True,False,canada,london,YXU,43.036,-81.154,2023-01-13,43
527552,1966-09-18,F,True,True,usa,portland,PDX,45.589,-122.597,2023-01-13,60
527564,1987-02-09,F,True,False,canada,gatineau,YND,45.521,-75.564,2023-01-13,39
527585,1983-07-08,F,False,False,usa,minneapolis,MSP,44.88,-93.217,2023-01-13,43
527605,1990-08-19,F,False,False,canada,toronto,YKZ,43.862,-79.37,2023-01-13,36
527689,2003-12-06,M,False,False,usa,new orleans,NBG,29.825,-90.035,2023-01-13,22
527735,2002-06-01,M,False,False,usa,new york,LGA,40.777,-73.872,2023-01-13,24
527782,1982-10-09,F,False,True,usa,memphis,MEM,35.042,-89.977,2023-01-13,43
527783,1977-12-06,F,False,False,usa,indianapolis,IND,39.717,-86.294,2023-01-13,48
527824,1978-06-17,F,True,False,usa,new york,JFK,40.64,-73.779,2023-01-13,48
527850,1986-05-11,M,True,True,usa,san antonio,SKF,29.384,-98.581,2023-01-13,40
527886,1977-12-20,F,True,False,usa,wichita,IAB,37.623,-97.267,2023-01-13,48
527944,1987-05-06,M,False,False,usa,san diego,NZY,32.699,-117.215,2023-01-13,39
527987,1972-05-10,F,False,True,canada,hamilton,YHM,43.173,-79.935,2023-01-13,54
528105,1992-08-13,F,False,False,usa,san jose,SJC,37.362,-121.929,2023-01-13,34
528122,1986-01-18,F,False,True,canada,toronto,YYZ,43.677,-79.631,2023-01-13,40
528137,1955-03-18,F,True,False,usa,sacramento,MCC,38.667,-121.401,2023-01-13,71
528139,1997-08-06,F,False,True,usa,corpus christi,CRP,27.77,-97.501,2023-01-13,29
528158,1974-04-05,F,True,False,usa,columbus,CMH,39.998,-82.892,2023-01-13,52
528164,1976-11-10,M,True,False,usa,san francisco,SFO,37.619,-122.375,2023-01-13,49
528186,1981-03-15,F,False,False,usa,denver,DEN,39.858,-104.667,2023-01-13,45
528216,1973-06-23,F,True,True,usa,houston,EFD,29.607,-95.159,2023-01-13,53
528242,1996-03-15,M,True,True,usa,indianapolis,IND,39.717,-86.294,2023-01-13,30
528354,1969-06-19,M,True,True,canada,windsor,YQG,42.276,-82.956,2023-01-13,57
528372,1999-05-07,F,False,True,usa,san antonio,SAT,29.534,-98.47,2023-01-13,27
528379,1974-04-16,F,True,True,usa,new york,LGA,40.777,-73.872,2023-01-13,52
528411,1979-11-19,F,True,False,usa,milwaukee,MKE,42.947,-87.896,2023-01-13,46
528417,1972-05-23,F,False,False,usa,oakland,OAK,37.721,-122.221,2023-01-13,54
528455,1976-12-24,F,True,True,usa,fresno,FAT,36.776,-119.718,2023-01-13,49
528500,1983-08-17,F,False,False,usa,cincinnati,LUK,39.103,-84.419,2023-01-13,43
528528,2006-10-04,M,False,False,usa,charlotte,CLT,35.214,-80.943,2023-01-13,19
528612,1985-03-03,F,True,True,usa,boston,BOS,42.364,-71.005,2023-01-13,41
528657,1984-08-11,F,False,False,usa,st. louis,STL,38.748,-90.36,2023-01-13,42
528683,1973-08-03,F,True,False,usa,houston,HOU,29.645,-95.279,2023-01-13,53
528723,1988-12-25,F,False,True,canada,calgary,YYC,51.114,-114.02,2023-01-13,37
528744,1976-04-26,M,False,False,usa,san francisco,SFO,37.619,-122.375,2023-01-13,50
528777,1976-07-05,F,True,False,usa,new york,LGA,40.777,-73.872,2023-01-13,50
528816,1970-04-08,F,True,True,usa,san antonio,SAT,29.534,-98.47,2023-01-13,56
528826,1993-04-04,F,False,False,usa,san francisco,SFO,37.619,-122.375,2023-01-13,33
528827,1972-10-25,F,True,True,usa,st. petersburg,SPG,27.765,-82.627,2023-01-13,53
528839,1991-05-26,F,False,False,usa,baltimore,BWI,39.175,-76.668,2023-01-13,35
528844,1987-12-18,F,False,False,usa,houston,IAH,29.98,-95.34,2023-01-13,38
528906,1990-03-26,F,False,False,usa,portland,PWM,43.646,-70.309,2023-01-13,36
528929,1976-02-02,F,False,True,usa,st. petersburg,PIE,27.911,-82.687,2023-01-13,50
528930,1974-03-07,F,True,True,usa,tucson,TUS,32.116,-110.941,2023-01-13,52
528965,1993-02-04,F,False,False,usa,miami,MIA,25.793,-80.291,2023-01-13,33
528995,1969-07-04,M,True,False,usa,houston,HOU,29.645,-95.279,2023-01-13,57
529048,1960-01-03,F,True,True,usa,portland,PDX,45.589,-122.597,2023-01-13,66
529050,1982-07-26,F,False,False,usa,new york,JFK,40.64,-73.779,2023-01-13,44
529214,1960-06-28,F,True,False,usa,tucson,DMA,32.166,-110.883,2023-01-14,66
529216,1998-10-10,F,False,False,usa,new orleans,NBG,29.825,-90.035,2023-01-14,27
529224,1969-06-04,F,True,False,usa,new york,LGA,40.777,-73.872,2023-01-14,57
529229,1995-11-15,F,False,False,usa,tucson,DMA,32.166,-110.883,2023-01-14,30
529231,2001-07-03,F,False,False,usa,newark,EWR,40.692,-74.169,2023-01-14,25
529237,1979-09-04,F,True,True,usa,colorado springs,COS,38.806,-104.7,2023-01-14,47
529249,1973-02-11,F,True,False,usa,dallas,DAL,32.847,-96.852,2023-01-14,53
529309,1982-09-02,F,False,False,usa,san antonio,SKF,29.384,-98.581,2023-01-14,44
529362,1986-06-12,F,False,False,usa,san antonio,SAT,29.534,-98.47,2023-01-14,40
529421,1985-02-28,F,False,False,usa,sacramento,MCC,38.667,-121.401,2023-01-14,41
529488,1979-02-17,F,True,False,usa,sacramento,SMF,38.695,-121.591,2023-01-14,47
529502,1984-11-13,F,True,False,usa,new york,JFK,40.64,-73.779,2023-01-14,41
529513,1982-10-18,F,False,False,usa,louisville,LOU,38.228,-85.664,2023-01-14,43
529520,2002-09-18,M,False,True,usa,stockton,SCK,37.894,-121.239,2023-01-14,24
529602,1979-02-14,M,True,True,usa,charlotte,CLT,35.214,-80.943,2023-01-14,47
529677,2002-04-01,F,False,True,canada,montreal,YMX,45.68,-74.039,2023-01-14,24
529678,1983-02-25,F,False,False,usa,houston,IAH,29.98,-95.34,2023-01-14,43
529689,1977-10-03,F,True,True,usa,san jose,SJC,37.362,-121.929,2023-01-14,49
529695,1987-06-05,F,False,False,usa,new york,LGA,40.777,-73.872,2023-01-14,39
529781,1980-07-13,F,True,True,usa,lubbock,LBB,33.664,-101.823,2023-01-14,46
529783,2002-06-28,F,False,False,usa,phoenix,PHX,33.434,-112.008,2023-01-14,24
529787,1975-01-22,F,True,True,usa,dallas,DAL,32.847,-96.852,2023-01-14,51
529801,1981-01-08,F,False,True,usa,chicago,MDW,41.786,-87.752,2023-01-14,45
529831,1995-11-17,F,False,False,usa,dallas,DAL,32.847,-96.852,2023-01-14,30
529840,1977-01-11,M,False,False,usa,new york,LGA,40.777,-73.872,2023-01-14,49
529845,1987-02-08,F,True,False,usa,cleveland,CLE,41.412,-81.85,2023-01-14,39
529913,1989-01-24,F,False,False,usa,sacramento,SAC,38.513,-121.493,2023-01-14,37
529940,1958-04-09,F,True,True,usa,nashville,BNA,36.124,-86.678,2023-01-14,68
530004,1980-11-09,M,False,False,usa,cincinnati,CVG,39.046,-84.662,2023-01-14,45
530090,1981-02-14,F,False,True,usa,bakersfield,BFL,35.433,-119.057,2023-01-14,45
530196,2006-09-03,F,False,False,usa,detroit,DTW,42.212,-83.353,2023-01-14,20
530199,1978-07-19,F,True,False,usa,burlington,BTV,44.472,-73.153,2023-01-14,48
530213,1975-06-14,F,True,False,usa,houston,HOU,29.645,-95.279,2023-01-14,51
530383,1993-02-26,F,False,False,usa,oakland,OAK,37.721,-122.221,2023-01-14,33
530421,1977-07-26,M,True,False,usa,detroit,DET,42.409,-83.01,2023-01-14,49
530453,2006-08-20,F,False,False,usa,montgomery,MXF,32.379,-86.362,2023-01-14,20
530463,1985-03-25,F,False,False,usa,seattle,SEA,47.449,-122.309,2023-01-14,41
530468,1986-03-04,F,True,True,usa,tampa,MCF,27.849,-82.521,2023-01-14,40
530563,1977-04-19,M,True,True,usa,phoenix,LUF,33.535,-112.383,2023-01-14,49
530579,1972-09-21,F,True,False,usa,bakersfield,BFL,35.433,-119.057,2023-01-14,54
530581,2005-11-11,M,True,True,usa,san diego,NZY,32.699,-117.215,2023-01-14,20
530599,1998-11-15,F,False,False,usa,dallas,DAL,32.847,-96.852,2023-01-14,27
530625,1980-09-17,F,False,True,usa,reno,RNO,39.498,-119.768,2023-01-14,46
530627,1984-08-19,F,False,False,usa,shreveport,SHV,32.446,-93.826,2023-01-14,42
530645,1987-06-02,F,False,False,usa,new york,JFK,40.64,-73.779,2023-01-14,39
530649,1974-02-11,F,True,False,canada,halifax,YAW,44.64,-63.499,2023-01-14,52
530656,1981-11-22,F,True,False,usa,san francisco,SFO,37.619,-122.375,2023-01-14,44
530665,1985-11-27,F,False,False,usa,jacksonville,LRF,34.918,-92.146,2023-01-14,40
530724,1983-10-16,F,False,False,canada,edmonton,YED,53.667,-113.467,2023-01-14,42
530739,1998-10-23,F,False,False,usa,houston,HOU,29.645,-95.279,2023-01-14,27
530743,1968-03-24,F,False,False,usa,birmingham,BHM,33.563,-86.753,2023-01-14,58
530754,1986-11-26,F,False,True,usa,seattle,BFI,47.53,-122.302,2023-01-14,39
530797,1998-12-22,F,False,False,usa,indianapolis,IND,39.717,-86.294,2023-01-14,27
530811,2006-02-15,F,False,True,canada,toronto,YTZ,43.627,-79.396,2023-01-14,20
530906,1973-03-24,F,True,False,usa,tacoma,TCM,47.138,-122.476,2023-01-14,53
530949,1984-12-20,F,True,False,usa,amarillo,AMA,35.219,-101.706,2023-01-14,41
530950,1984-11-23,F,False,False,canada,victoria,YYJ,48.647,-123.426,2023-01-14,41
531006,1984-02-14,M,False,True,usa,new york,JFK,40.64,-73.779,2023-01-14,42
531009,1972-06-22,M,True,False,usa,san jose,SJC,37.362,-121.929,2023-01-14,54
531016,1984-02-01,M,False,False,usa,new york,JFK,40.64,-73.779,2023-01-14,42
531020,1976-07-25,M,False,False,usa,los angeles,LAX,33.942,-118.408,2023-01-15,50
531094,1995-05-16,F,False,False,usa,columbus,LCK,39.814,-82.928,2023-01-15,31
531109,1975-01-11,F,True,True,usa,san francisco,SFO,37.619,-122.375,2023-01-15,51
531143,1975-11-19,F,True,False,usa,miami,MIA,25.793,-80.291,2023-01-15,50
531198,1999-06-22,F,False,False,usa,dallas,DAL,32.847,-96.852,2023-01-15,27
531204,1982-02-17,M,True,False,canada,calgary,YYC,51.114,-114.02,2023-01-15,44
531217,1972-06-14,F,True,True,canada,toronto,YKZ,43.862,-79.37,2023-01-15,54
531322,1986-08-15,F,False,True,canada,hamilton,YHM,43.173,-79.935,2023-01-15,40
531339,1981-03-13,F,True,False,usa,madison,MSN,43.14,-89.337,2023-01-15,45
531344,1976-01-18,F,False,False,usa,anchorage,MRI,61.214,-149.846,2023-01-15,50
531361,1992-05-04,F,False,True,usa,montgomery,MXF,32.379,-86.362,2023-01-15,34
531373,1973-09-06,F,False,True,usa,riverside,RIV,33.881,-117.259,2023-01-15,53
531386,1972-03-13,F,True,False,canada,calgary,YYC,51.114,-114.02,2023-01-15,54
531427,1970-03-14,F,True,False,usa,new york,JFK,40.64,-73.779,2023-01-15,56
531431,1972-09-01,F,True,False,usa,san antonio,SAT,29.534,-98.47,2023-01-15,54
531471,1978-09-19,F,True,False,usa,new york,JFK,40.64,-73.779,2023-01-15,48
531499,1986-01-10,F,True,False,usa,new york,LGA,40.777,-73.872,2023-01-15,40
531511,1979-06-12,F,False,False,usa,tulsa,TUL,36.198,-95.888,2023-01-15,47
531512,1985-05-22,F,False,False,usa,minneapolis,MSP,44.88,-93.217,2023-01-15,41
531557,1974-10-11,F,True,False,canada,winnipeg,YAV,50.056,-97.032,2023-01-15,51
531562,2001-01-05,F,False,True,usa,baton rouge,BTR,30.533,-91.149,2023-01-15,25
531620,1953-07-03,F,True,False,usa,new york,LGA,40.777,-73.872,2023-01-15,73
531625,1989-10-16,F,True,False,canada,ottawa,YOW,45.323,-75.669,2023-01-15,36
531650,1988-12-21,F,False,False,canada,calgary,YYC,51.114,-114.02,2023-01-15,37
531663,1976-01-02,F,False,True,usa,birmingham,BHM,33.563,-86.753,2023-01-15,50
531682,2002-05-04,F,False,True,usa,las vegas,LSV,36.236,-115.034,2023-01-15,24
531771,1972-09-11,F,True,True,usa,austin,AUS,30.194,-97.67,2023-01-15,54
531789,1983-03-01,F,True,False,usa,san francisco,SFO,37.619,-122.375,2023-01-15,43
531824,1991-10-09,F,False,False,usa,denver,DEN,39.858,-104.667,2023-01-15,34
531844,1997-06-08,F,False,True,usa,columbus,LCK,39.814,-82.928,2023-01-15,29
531847,1958-07-01,F,True,False,usa,miami,OPF,25.907,-80.278,2023-01-15,68
531868,1965-02-09,F,True,True,canada,toronto,YTZ,43.627,-79.396,2023-01-15,61
531884,1973-04-13,F,True,True,usa,chicago,UGN,42.422,-87.868,2023-01-15,53
531967,2000-10-05,F,False,False,usa,st. louis,STL,38.748,-90.36,2023-01-15,25
531987,1988-09-23,F,False,False,usa,san antonio,SKF,29.384,-98.581,2023-01-15,38
531989,1969-08-07,F,False,True,usa,san francisco,SFO,37.619,-122.375,2023-01-15,57
532064,1998-08-15,F,False,True,usa,san diego,SAN,32.733,-117.189,2023-01-15,28
532073,1983-10-23,F,False,False,usa,atlanta,ATL,33.64,-84.427,2023-01-15,42
532106,1979-07-03,F,True,True,usa,new york,LGA,40.777,-73.872,2023-01-15,47
532159,2002-08-08,F,False,False,usa,san antonio,RND,29.529,-98.279,2023-01-15,24
532225,1969-02-07,F,True,False,usa,new york,JFK,40.64,-73.779,2023-01-15,57
532233,1980-09-07,M,True,False,usa,washington,DCA,38.852,-77.037,2023-01-15,46
532329,2004-07-22,F,False,True,usa,newark,EWR,40.692,-74.169,2023-01-15,22
532347,1993-03-01,F,False,False,usa,philadelphia,PNE,40.082,-75.011,2023-01-15,33
532365,1974-02-06,M,True,False,usa,omaha,OFF,41.118,-95.913,2023-01-15,52
532381,1972-06-15,F,False,False,usa,omaha,OMA,41.302,-95.894,2023-01-15,54
532388,1967-09-17,F,True,False,usa,wichita,IAB,37.623,-97.267,2023-01-15,59
532426,1995-02-17,F,False,False,usa,salt lake city,SLC,40.788,-111.978,2023-01-15,31
532535,1982-09-09,F,False,False,usa,los angeles,LAX,33.942,-118.408,2023-01-15,44
532544,1998-08-12,F,False,False,usa,newark,EWR,40.692,-74.169,2023-01-15,28
532568,1971-09-13,F,False,False,canada,calgary,YYC,51.114,-114.02,2023-01-15,55
532607,1993-02-06,F,False,False,usa,providence,PVD,41.724,-71.428,2023-01-15,33
532623,1973-06-22,F,False,True,usa,montgomery,MXF,32.379,-86.362,2023-01-15,53
532627,2003-08-20,M,False,True,usa,columbus,LCK,39.814,-82.928,2023-01-15,23
532637,2001-04-28,M,False,False,usa,madison,MSN,43.14,-89.337,2023-01-15,25
532650,1984-07-20,F,False,False,usa,portland,PWM,43.646,-70.309,2023-01-15,42
532721,1976-09-27,F,False,False,usa,spokane,SKA,47.615,-117.656,2023-01-15,50
532742,1982-02-03,F,False,False,usa,new york,JFK,40.64,-73.779,2023-01-15,44
532750,1992-12-15,F,False,False,canada,london,YXU,43.036,-81.154,2023-01-15,33
532774,1966-04-25,F,True,False,usa,atlanta,ATL,33.64,-84.427,2023-01-15,60
532810,1973-04-17,F,True,False,usa,san antonio,SAT,29.534,-98.47,2023-01-15,53
532823,1988-07-09,F,False,False,usa,tulsa,TUL,36.198,-95.888,2023-01-15,38
532863,1968-10-16,M,False,False,usa,phoenix,LUF,33.535,-112.383,2023-01-15,57
532901,1999-06-05,F,False,False,usa,oklahoma city,OKC,35.393,-97.601,2023-01-15,27
532912,1980-06-15,F,True,False,usa,new york,JFK,40.64,-73.779,2023-01-15,46
532941,1993-09-21,F,False,False,canada,toronto,YZD,43.742,-79.466,2023-01-15,33
532989,1972-09-27,F,True,True,usa,seattle,BFI,47.53,-122.302,2023-01-15,54
533093,2002-10-27,F,False,False,usa,new york,JFK,40.64,-73.779,2023-01-15,23
533155,1976-09-02,F,True,False,usa,los angeles,LAX,33.942,-118.408,2023-01-16,50
533199,1997-01-15,F,False,False,usa,new york,LGA,40.777,-73.872,2023-01-16,29
533248,1979-09-02,F,True,True,usa,los angeles,LAX,33.942,-118.408,2023-01-16,47
533251,1978-06-12,F,True,True,usa,detroit,DET,42.409,-83.01,2023-01-16,48
533388,1972-04-20,F,True,True,usa,wichita,ICT,37.65,-97.433,2023-01-16,54
533396,1974-07-04,F,True,False,usa,austin,AUS,30.194,-97.67,2023-01-16,52
533449,2006-04-14,F,False,False,usa,new york,JFK,40.64,-73.779,2023-01-16,20
533492,1978-09-08,F,True,True,usa,chicago,MDW,41.786,-87.752,2023-01-16,48
533537,1990-06-27,F,False,False,canada,montreal,YMX,45.68,-74.039,2023-01-16,36
533573,1978-11-20,F,False,False,canada,windsor,YQG,42.276,-82.956,2023-01-16,47
533575,1987-12-20,F,False,True,usa,indianapolis,IND,39.717,-86.294,2023-01-16,38
533598,1981-01-22,F,False,False,usa,milwaukee,MKE,42.947,-87.896,2023-01-16,45
533613,1977-01-07,F,True,True,usa,oklahoma city,TIK,35.415,-97.386,2023-01-16,49
533656,1985-10-15,M,False,False,usa,boston,BOS,42.364,-71.005,2023-01-16,40
533716,1974-12-17,F,False,False,usa,tampa,TPA,27.975,-82.533,2023-01-16,51
533742,1991-06-05,M,True,True,usa,el paso,BIF,31.849,-106.38,2023-01-16,35
533755,2003-04-02,F,False,False,canada,toronto,YTZ,43.627,-79.396,2023-01-16,23
533773,1993-09-03,F,False,False,canada,calgary,YYC,51.114,-114.02,2023-01-16,33
533782,1970-10-10,F,True,False,usa,honolulu,HNL,21.316,-157.927,2023-01-16,55
533809,1985-11-06,F,True,True,usa,milwaukee,MKE,42.947,-87.896,2023-01-16,40
533895,1992-05-05,F,False,False,usa,houston,IAH,29.98,-95.34,2023-01-16,34
533975,1986-10-22,F,False,True,usa,sacramento,SAC,38.513,-121.493,2023-01-16,39
533990,1974-05-13,F,False,True,canada,windsor,YQG,42.276,-82.956,2023-01-16,52
534040,1969-03-06,F,True,True,usa,chicago,ORD,41.979,-87.904,2023-01-16,57
534066,1981-05-21,F,True,True,usa,new york,JFK,40.64,-73.779,2023-01-16,45
534088,1996-11-11,M,False,True,usa,kansas city,MCI,39.297,-94.714,2023-01-16,29
534105,1972-11-12,F,False,False,usa,tucson,TUS,32.116,-110.941,2023-01-16,53
534246,1985-11-15,F,True,False,usa,houston,HOU,29.645,-95.279,2023-01-16,40
534295,1975-08-24,F,False,False,usa,new york,JFK,40.64,-73.779,2023-01-16,51
534333,1974-06-18,F,False,True,usa,houston,IAH,29.98,-95.34,2023-01-16,52
534378,1964-01-25,F,True,True,usa,los angeles,LAX,33.942,-118.408,2023-01-16,62
534380,1986-09-04,M,False,True,canada,saskatoon,YXE,52.171,-106.7,2023-01-16,40
534391,1974-08-21,F,True,False,canada,victoria,YYJ,48.647,-123.426,2023-01-16,52
534499,1992-05-14,F,True,True,usa,madison,MSN,43.14,-89.337,2023-01-16,34
534564,1974-02-10,F,True,False,usa,miami,MIA,25.793,-80.291,2023-01-16,52
534594,1980-01-15,F,True,False,canada,windsor,YQG,42.276,-82.956,2023-01-16,46
534697,1974-10-07,F,True,False,usa,omaha,OMA,41.302,-95.894,2023-01-16,51
534742,1953-07-24,F,False,False,usa,dallas,DAL,32.847,-96.852,2023-01-16,73
534798,1995-08-19,F,False,False,usa,lubbock,LBB,33.664,-101.823,2023-01-16,31
534842,1978-02-25,F,True,False,usa,tulsa,TUL,36.198,-95.888,2023-01-16,48
534858,1970-03-10,F,True,True,usa,new york,LGA,40.777,-73.872,2023-01-16,56
534895,1991-03-22,M,False,True,canada,winnipeg,YWG,49.91,-97.234,2023-01-16,35
534903,1972-11-04,F,False,True,usa,nashville,BNA,36.124,-86.678,2023-01-16,53
534939,1979-12-25,F,False,False,usa,washington,IAD,38.944,-77.456,2023-01-16,46
534948,1984-03-10,F,True,False,usa,colorado springs,COS,38.806,-104.7,2023-01-16,42
534971,1990-09-25,F,False,False,canada,toronto,YTZ,43.627,-79.396,2023-01-16,36
534986,1963-09-11,M,False,False,usa,oakland,OAK,37.721,-122.221,2023-01-16,63
535047,1977-10-01,F,False,True,usa,rochester,ROC,43.119,-77.672,2023-01-16,49
535060,1989-08-19,F,False,False,usa,los angeles,LAX,33.942,-118.408,2023-01-16,37
535081,1985-03-24,F,True,False,usa,knoxville,TYS,35.812,-83.993,2023-01-16,41
535136,1997-09-10,M,False,False,usa,new york,JFK,40.64,-73.779,2023-01-17,29
535149,1968-08-07,F,False,True,usa,baton rouge,BTR,30.533,-91.149,2023-01-17,58
535155,1970-09-02,F,True,False,usa,nashville,BNA,36.124,-86.678,2023-01-17,56
535177,1985-03-17,F,False,False,canada,toronto,YYZ,43.677,-79.631,2023-01-17,41
535189,1975-09-09,M,True,True,usa,memphis,MEM,35.042,-89.977,2023-01-17,51
535365,1994-03-03,F,False,True,usa,los angeles,LAX,33.942,-118.408,2023-01-17,32
535447,1971-10-15,F,True,False,canada,ottawa,YOW,45.323,-75.669,2023-01-17,54
535495,1980-12-13,F,True,True,usa,corpus christi,CRP,27.77,-97.501,2023-01-17,45
535497,1989-08-19,F,False,True,usa,chicago,MDW,41.786,-87.752,2023-01-17,37
535600,1986-10-27,F,False,False,usa,los angeles,LAX,33.942,-118.408,2023-01-17,39
535637,1992-03-08,F,False,False,canada,calgary,YYC,51.114,-114.02,2023-01-17,34
535644,1976-03-18,F,True,False,usa,nashville,BNA,36.124,-86.678,2023-01-17,50
535682,2005-09-21,F,False,False,usa,los angeles,LAX,33.942,-118.408,2023-01-17,21
535686,1966-07-02,F,True,False,canada,windsor,YQG,42.276,-82.956,2023-01-17,60
535701,1984-12-10,F,False,False,usa,san jose,SJC,37.362,-121.929,2023-01-17,41
535702,1981-11-08,F,True,True,usa,new york,LGA,40.777,-73.872,2023-01-17,44
535734,1982-12-05,F,False,False,usa,stockton,SCK,37.894,-121.239,2023-01-17,43
535747,1997-09-17,F,False,False,usa,new york,JFK,40.64,-73.779,2023-01-17,29
535878,1971-10-06,F,False,False,usa,phoenix,LUF,33.535,-112.383,2023-01-17,55
535879,1984-12-01,F,True,True,usa,new york,LGA,40.777,-73.872,2023-01-17,41
535905,1990-12-23,F,False,False,usa,new york,JFK,40.64,-73.779,2023-01-17,35
535906,1989-02-28,F,False,False,usa,new york,JFK,40.64,-73.779,2023-01-17,37
535994,1998-02-07,F,False,True,usa,chicago,MDW,41.786,-87.752,2023-01-17,28
536039,1987-11-07,F,False,True,usa,norfolk,NGU,36.938,-76.289,2023-01-17,38
536050,1994-04-06,F,False,False,canada,toronto,YYZ,43.677,-79.631,2023-01-17,32
536058,1980-02-19,F,True,False,usa,philadelphia,PNE,40.082,-75.011,2023-01-17,46
536099,1989-08-23,F,False,True,usa,columbus,CMH,39.998,-82.892,2023-01-17,37
536170,1956-07-18,F,True,False,canada,calgary,YYC,51.114,-114.02,2023-01-17,70
536241,1974-06-06,F,True,True,usa,philadelphia,PHL,39.872,-75.241,2023-01-17,52
536275,1978-05-23,F,True,True,usa,jacksonville,LRF,34.918,-92.146,2023-01-17,48
536278,1985-03-03,F,True,False,usa,tucson,DMA,32.166,-110.883,2023-01-17,41
536343,1985-03-19,M,False,False,usa,lubbock,LBB,33.664,-101.823,2023-01-17,41
536431,1980-04-24,F,True,False,usa,baltimore,BWI,39.175,-76.668,2023-01-17,46
536490,1992-05-27,F,False,False,usa,boston,BOS,42.364,-71.005,2023-01-17,34
536532,1976-06-14,F,True,True,usa,kansas city,MCI,39.297,-94.714,2023-01-17,50
536566,1972-04-01,F,False,False,usa,phoenix,PHX,33.434,-112.008,2023-01-17,54
536641,1975-05-24,F,False,False,usa,washington,DCA,38.852,-77.037,2023-01-17,51
536652,1997-07-02,F,False,False,usa,oakland,OAK,37.721,-122.221,2023-01-17,29
536658,1969-08-21,F,True,False,usa,new york,LGA,40.777,-73.872,2023-01-17,57
536659,1976-08-22,F,False,False,usa,indianapolis,IND,39.717,-86.294,2023-01-17,50
536675,1995-08-12,F,False,False,usa,minneapolis,MSP,44.88,-93.217,2023-01-17,31
536691,1983-12-12,M,False,False,usa,new york,LGA,40.777,-73.872,2023-01-17,42
536695,1983-06-22,F,True,False,canada,toronto,YZD,43.742,-79.466,2023-01-17,43
536791,1984-06-27,F,False,False,usa,honolulu,HNL,21.316,-157.927,2023-01-17,42
536810,1982-10-04,F,False,False,usa,jacksonville,NCA,34.708,-77.439,2023-01-17,43
536876,1993-12-21,F,False,False,usa,minneapolis,MSP,44.88,-93.217,2023-01-17,32
536893,1957-12-24,F,True,False,usa,dallas,DAL,32.847,-96.852,2023-01-17,68
537066,1985-08-07,F,False,False,usa,chicago,UGN,42.422,-87.868,2023-01-17,41
537098,1979-04-06,M,True,False,usa,denver,DEN,39.858,-104.667,2023-01-17,47
537177,1967-05-01,M,True,True,canada,edmonton,YED,53.667,-113.467,2023-01-17,59
537181,1979-10-01,F,False,True,usa,los angeles,LAX,33.942,-118.408,2023-01-17,47
537317,1991-08-18,F,False,True,canada,winnipeg,YAV,50.056,-97.032,2023-01-18,35
537373,1986-07-11,F,False,True,usa,new york,LGA,40.777,-73.872,2023-01-18,40
537393,1978-06-18,F,False,False,usa,kansas city,MCI,39.297,-94.714,2023-01-18,48
537400,2003-03-03,M,False,True,usa,san antonio,SAT,29.534,-98.47,2023-01-18,23
537470,1999-08-17,F,True,True,usa,omaha,OFF,41.118,-95.913,2023-01-18,27
537481,1954-02-16,F,True,False,usa,atlanta,ATL,33.64,-84.427,2023-01-18,72
537507,1983-08-10,F,False,False,usa,riverside,RIV,33.881,-117.259,2023-01-18,43
537560,1979-05-26,F,True,False,usa,nashville,BNA,36.124,-86.678,2023-01-18,47
537595,1975-06-09,F,False,False,usa,portland,PDX,45.589,-122.597,2023-01-18,51
537671,1978-10-18,F,True,False,usa,new york,JFK,40.64,-73.779,2023-01-18,47
537723,2006-07-22,M,False,False,usa,new york,LGA,40.777,-73.872,2023-01-18,20
537725,1992-04-26,F,True,False,usa,columbus,CMH,39.998,-82.892,2023-01-18,34
537748,1987-07-25,F,False,False,usa,oakland,OAK,37.721,-122.221,2023-01-18,39
537770,1983-06-03,F,True,False,usa,philadelphia,PHL,39.872,-75.241,2023-01-18,43
537795,2001-01-13,M,False,False,canada,montreal,YUL,45.468,-73.741,2023-01-18,25
537804,2004-04-17,F,False,True,usa,boston,BOS,42.364,-71.005,2023-01-18,22
537818,1992-07-18,F,False,True,usa,minneapolis,MSP,44.88,-93.217,2023-01-18,34
537819,1985-09-01,F,False,False,usa,chicago,ORD,41.979,-87.904,2023-01-18,41
537861,1984-04-28,F,False,True,usa,spokane,SKA,47.615,-117.656,2023-01-18,42
537975,1997-07-28,M,False,False,usa,santa ana,SNA,33.676,-117.868,2023-01-18,29
538069,1974-05-09,F,False,True,usa,nashville,BNA,36.124,-86.678,2023-01-18,52
538074,1974-12-28,F,False,False,canada,calgary,YYC,51.114,-114.02,2023-01-18,51
538108,1994-03-04,F,False,True,canada,toronto,YTZ,43.627,-79.396,2023-01-18,32
538134,1970-04-23,M,True,False,usa,san antonio,SAT,29.534,-98.47,2023-01-18,56
538139,2006-07-13,F,False,False,canada,london,YXU,43.036,-81.154,2023-01-18,20
538167,1971-08-14,F,False,True,canada,toronto,YKZ,43.862,-79.37,2023-01-18,55
538188,1978-09-10,F,True,True,canada,hamilton,YHM,43.173,-79.935,2023-01-18,48
538197,1979-03-02,F,False,False,canada,calgary,YYC,51.114,-114.02,2023-01-18,47
538214,1973-10-27,F,False,True,usa,oakland,OAK,37.721,-122.221,2023-01-18,52
538216,1960-03-17,F,False,False,canada,calgary,YYC,51.114,-114.02,2023-01-18,66
538306,1968-11-17,F,True,True,usa,tucson,DMA,32.166,-110.883,2023-01-18,57
538321,1996-01-19,F,False,True,usa,san antonio,SKF,29.384,-98.581,2023-01-18,30
538331,1983-10-04,F,False,True,usa,portland,PDX,45.589,-122.597,2023-01-18,42
538388,1979-06-19,M,True,False,usa,san diego,NZY,32.699,-117.215,2023-01-18,47
538413,1965-03-02,F,True,True,usa,new york,JFK,40.64,-73.779,2023-01-18,61
538426,1972-03-15,F,True,True,usa,washington,IAD,38.944,-77.456,2023-01-18,54
538454,1967-11-22,F,True,False,usa,baltimore,BWI,39.175,-76.668,2023-01-18,58
538457,1995-01-16,F,False,False,usa,philadelphia,PHL,39.872,-75.241,2023-01-18,31
538489,1989-02-21,F,False,True,usa,omaha,OFF,41.118,-95.913,2023-01-18,37
538522,1990-09-01,F,False,False,canada,montreal,YMX,45.68,-74.039,2023-01-18,36
538638,1985-03-04,F,True,False,canada,toronto,YKZ,43.862,-79.37,2023-01-18,41
538641,1987-05-21,M,True,False,canada,toronto,YYZ,43.677,-79.631,2023-01-18,39
538677,1966-05-26,F,True,False,usa,knoxville,TYS,35.812,-83.993,2023-01-18,60
538681,2006-01-04,F,False,False,usa,new york,LGA,40.777,-73.872,2023-01-18,20
538691,1972-06-25,F,True,False,canada,montreal,YMX,45.68,-74.039,2023-01-18,54
538696,1999-04-04,F,False,True,usa,shreveport,BAD,32.502,-93.663,2023-01-18,27
538703,1971-01-11,M,True,True,usa,el paso,BIF,31.849,-106.38,2023-01-18,55
538714,1985-01-10,F,True,False,usa,norfolk,ORF,36.894,-76.201,2023-01-18,41
538780,1976-11-14,F,True,True,usa,los angeles,LAX,33.942,-118.408,2023-01-18,49
538814,1977-08-14,F,True,True,usa,st. petersburg,SPG,27.765,-82.627,2023-01-18,49
538883,1986-05-27,F,True,False,usa,new york,JFK,40.64,-73.779,2023-01-18,40
538915,1983-07-22,F,True,False,usa,indianapolis,IND,39.717,-86.294,2023-01-18,43
538919,1999-11-03,F,True,True,usa,riverside,RIV,33.881,-117.259,2023-01-18,26
539008,1983-10-28,M,False,False,usa,philadelphia,PHL,39.872,-75.241,2023-01-18,42
539010,1983-05-10,F,True,True,usa,san francisco,SFO,37.619,-122.375,2023-01-18,43
539012,1978-07-18,F,True,True,usa,new york,LGA,40.777,-73.872,2023-01-18,48
539093,1970-11-18,F,True,False,usa,miami,TNT,25.862,-80.897,2023-01-18,55
539105,1978-07-08,M,True,True,usa,los angeles,LAX,33.942,-118.408,2023-01-18,48
539140,1987-12-21,F,True,False,usa,riverside,RIV,33.881,-117.259,2023-01-19,38
539146,1987-11-19,F,False,True,usa,tacoma,TCM,47.138,-122.476,2023-01-19,38
539243,2003-07-18,F,False,False,usa,dallas,DAL,32.847,-96.852,2023-01-19,23
539300,1983-08-13,F,False,False,usa,new york,JFK,40.64,-73.779,2023-01-19,43
539315,1969-08-15,F,True,True,canada,vancouver,YVR,49.195,-123.182,2023-01-19,57
539317,1985-02-13,F,False,True,usa,wichita,ICT,37.65,-97.433,2023-01-19,41
539384,1992-01-10,F,False,False,usa,new york,JFK,40.64,-73.779,2023-01-19,34
539414,1987-10-26,F,True,True,usa,fort worth,FTW,32.82,-97.362,2023-01-19,38
539493,2006-09-15,F,False,False,usa,richmond,RIC,37.505,-77.319,2023-01-19,20
539510,1979-08-08,F,False,True,usa,tulsa,TUL,36.198,-95.888,2023-01-19,47
539519,1983-04-08,F,True,False,usa,corpus christi,CRP,27.77,-97.501,2023-01-19,43
539528,1987-08-04,F,True,True,usa,boston,BOS,42.364,-71.005,2023-01-19,39
539558,1985-02-28,M,False,True,usa,new york,LGA,40.777,-73.872,2023-01-19,41
539566,1958-06-15,F,True,False,canada,quebec,YQB,46.788,-71.398,2023-01-19,68
539611,1985-08-26,F,True,False,usa,new york,JFK,40.64,-73.779,2023-01-19,41
539637,1964-08-07,M,True,False,usa,indianapolis,IND,39.717,-86.294,2023-01-19,62
539656,1957-09-06,F,True,False,usa,new orleans,NBG,29.825,-90.035,2023-01-19,69
539669,2005-12-05,F,False,False,canada,montreal,YMX,45.68,-74.039,2023-01-19,20
539671,1978-08-25,F,True,False,canada,calgary,YYC,51.114,-114.02,2023-01-19,48
539899,2003-02-11,M,False,False,usa,new york,LGA,40.777,-73.872,2023-01-19,23
539917,1978-07-07,F,False,False,usa,new york,JFK,40.64,-73.779,2023-01-19,48
539936,1970-08-01,F,False,False,usa,seattle,BFI,47.53,-122.302,2023-01-19,56
539962,2006-12-24,M,False,False,canada,windsor,YQG,42.276,-82.956,2023-01-19,19
540014,1980-12-27,F,False,True,usa,honolulu,HNL,21.316,-157.927,2023-01-19,45
540094,1978-08-11,F,True,True,usa,chicago,MDW,41.786,-87.752,2023-01-19,48
540150,1989-04-06,F,False,True,usa,phoenix,PHX,33.434,-112.008,2023-01-19,37
540226,1946-09-02,F,True,False,usa,washington,IAD,38.944,-77.456,2023-01-19,80
540252,1985-07-07,F,False,False,usa,baltimore,BWI,39.175,-76.668,2023-01-19,41
540253,1976-02-22,F,True,False,usa,san francisco,SFO,37.619,-122.375,2023-01-19,50
540260,1980-12-22,F,True,False,usa,milwaukee,MKE,42.947,-87.896,2023-01-19,45
540308,1969-04-21,M,False,False,usa,nashville,BNA,36.124,-86.678,2023-01-19,57
540415,1971-03-07,F,False,False,usa,new york,LGA,40.777,-73.872,2023-01-19,55
540444,1976-05-28,F,True,False,usa,burlington,BTV,44.472,-73.153,2023-01-19,50
540475,1988-02-03,F,False,False,usa,new york,LGA,40.777,-73.872,2023-01-19,38
540572,1974-03-03,F,True,True,usa,phoenix,LUF,33.535,-112.383,2023-01-19,52
540597,1971-12-04,F,True,False,usa,cincinnati,LUK,39.103,-84.419,2023-01-19,54
540642,1952-01-27,F,True,False,usa,new york,LGA,40.777,-73.872,2023-01-19,74
540666,1994-08-16,M,False,True,usa,san francisco,SFO,37.619,-122.375,2023-01-19,32
540698,1972-11-27,F,True,False,usa,los angeles,LAX,33.942,-118.408,2023-01-19,53
540708,1988-07-28,F,True,False,usa,boston,BOS,42.364,-71.005,2023-01-19,38
540733,1989-01-09,F,False,False,canada,montreal,YMX,45.68,-74.039,2023-01-19,37
540819,1981-05-10,M,False,False,usa,cincinnati,LUK,39.103,-84.419,2023-01-19,45
540941,2002-06-21,F,False,True,usa,los angeles,LAX,33.942,-118.408,2023-01-19,24
540966,1966-08-07,F,True,False,canada,montreal,YUL,45.468,-73.741,2023-01-19,60
540973,1991-11-16,F,False,False,usa,portland,PDX,45.589,-122.597,2023-01-19,34
540974,1990-11-20,M,False,False,usa,baton rouge,BTR,30.533,-91.149,2023-01-19,35
541047,1951-07-09,F,True,False,usa,madison,MSN,43.14,-89.337,2023-01-19,75
541083,1955-02-03,F,True,False,usa,san jose,SJC,37.362,-121.929,2023-01-19,71
541112,1979-12-01,F,False,False,usa,detroit,DTW,42.212,-83.353,2023-01-19,46
541132,1991-12-27,M,True,True,usa,los angeles,LAX,33.942,-118.408,2023-01-19,34
541193,1999-05-10,F,True,True,canada,london,YXU,43.036,-81.154,2023-01-19,27
541224,1973-08-14,F,False,True,canada,montreal,YMX,45.68,-74.039,2023-01-19,53
541236,1977-01-04,M,False,True,usa,burlington,BTV,44.472,-73.153,2023-01-19,49
541249,1968-02-19,F,True,False,usa,charlotte,CLT,35.214,-80.943,2023-01-19,58
541282,1977-08-27,F,True,False,usa,honolulu,HNL,21.316,-157.927,2023-01-19,49
541352,1980-04-22,F,True,True,usa,portland,PWM,43.646,-70.309,2023-01-20,46
541357,1981-07-10,F,False,False,usa,buffalo,BUF,42.94,-78.732,2023-01-20,45
541438,1987-11-02,F,True,False,usa,new york,LGA,40.777,-73.872,2023-01-20,38
541497,1997-09-19,F,False,False,usa,los angeles,LAX,33.942,-118.408,2023-01-20,29
541516,1970-08-20,M,False,False,usa,bakersfield,BFL,35.433,-119.057,2023-01-20,56
541539,2006-06-15,F,False,False,usa,washington,IAD,38.944,-77.456,2023-01-20,20
541612,1985-09-27,F,False,True,usa,san jose,SJC,37.362,-121.929,2023-01-20,41
541700,1978-08-27,M,True,False,usa,san diego,SAN,32.733,-117.189,2023-01-20,48
541735,1980-08-18,F,True,False,usa,charlotte,CLT,35.214,-80.943,2023-01-20,46
541812,1976-07-07,F,True,True,canada,toronto,YZD,43.742,-79.466,2023-01-20,50
541901,1980-11-23,F,False,False,canada,toronto,YZD,43.742,-79.466,2023-01-20,45
541906,1972-08-02,F,True,False,usa,san jose,SJC,37.362,-121.929,2023-01-20,54
541931,1984-07-16,F,False,False,usa,omaha,OFF,41.118,-95.913,2023-01-20,42
541939,1970-10-12,F,True,True,usa,charlotte,CLT,35.214,-80.943,2023-01-20,55
541967,1982-03-01,F,True,False,usa,new york,JFK,40.64,-73.779,2023-01-20,44
541972,1969-07-10,F,True,True,usa,chicago,ORD,41.979,-87.904,2023-01-20,57
542015,1981-07-16,F,True,False,usa,new york,LGA,40.777,-73.872,2023-01-20,45
542027,1986-01-07,F,False,True,usa,lubbock,LBB,33.664,-101.823,2023-01-20,40
542036,1982-11-19,F,True,True,usa,long beach,LGB,33.818,-118.151,2023-01-20,43
542056,1995-12-10,F,False,True,usa,long beach,LGB,33.818,-118.151,2023-01-20,30
542095,1973-05-10,F,True,True,usa,minneapolis,MSP,44.88,-93.217,2023-01-20,53
542153,1975-08-04,F,False,False,usa,san jose,SJC,37.362,-121.929,2023-01-20,51
542189,2000-01-03,F,False,False,canada,winnipeg,YAV,50.056,-97.032,2023-01-20,26
542230,1975-09-02,F,True,False,usa,philadelphia,PNE,40.082,-75.011,2023-01-20,51
542267,1999-12-27,F,True,False,usa,seattle,BFI,47.53,-122.302,2023-01-20,26
542277,1988-07-17,F,False,False,canada,london,YXU,43.036,-81.154,2023-01-20,38
542303,1982-02-27,F,True,True,usa,cleveland,CLE,41.412,-81.85,2023-01-20,44
542366,1976-06-12,F,True,False,usa,atlanta,ATL,33.64,-84.427,2023-01-20,50
542383,1981-01-11,M,False,False,usa,dallas,DAL,32.847,-96.852,2023-01-20,45
542418,1975-02-25,M,False,False,usa,new york,LGA,40.777,-73.872,2023-01-20,51
542570,1967-02-15,F,True,False,usa,austin,AUS,30.194,-97.67,2023-01-20,59
542585,1972-08-15,F,True,True,usa,cleveland,CLE,41.412,-81.85,2023-01-20,54
542605,1984-11-24,F,True,True,usa,wichita,ICT,37.65,-97.433,2023-01-20,41
542658,1998-01-21,F,False,False,usa,phoenix,PHX,33.434,-112.008,2023-01-20,28
542670,1968-03-22,F,False,False,usa,new york,LGA,40.777,-73.872,2023-01-20,58
542706,2006-06-05,F,False,False,canada,calgary,YYC,51.114,-114.02,2023-01-20,20
542767,1983-03-04,F,False,False,usa,phoenix,LUF,33.535,-112.383,2023-01-20,43
542796,1975-12-13,M,False,False,usa,long beach,LGB,33.818,-118.151,2023-01-20,50
542825,1987-07-18,F,False,False,canada,winnipeg,YAV,50.056,-97.032,2023-01-20,39
542850,1989-09-20,F,False,False,usa,columbus,LCK,39.814,-82.928,2023-01-20,37
542857,2002-11-12,M,False,False,canada,montreal,YUL,45.468,-73.741,2023-01-20,23
542937,1987-05-22,M,False,False,usa,houston,EFD,29.607,-95.159,2023-01-20,39
543008,1975-03-22,F,True,True,usa,buffalo,BUF,42.94,-78.732,2023-01-20,51
543052,1983-08-11,F,True,False,usa,seattle,SEA,47.449,-122.309,2023-01-20,43
543074,1970-07-10,F,True,False,usa,jacksonville,NZC,30.219,-81.876,2023-01-20,56
543075,1972-07-22,M,True,True,usa,newark,EWR,40.692,-74.169,2023-01-20,54
543081,1969-08-06,F,True,False,usa,louisville,LOU,38.228,-85.664,2023-01-20,57
543114,1971-06-08,F,True,False,usa,new york,JFK,40.64,-73.779,2023-01-20,55
543126,2006-08-02,F,False,False,canada,toronto,YKZ,43.862,-79.37,2023-01-20,20
543165,1977-02-27,F,True,False,usa,washington,DCA,38.852,-77.037,2023-01-21,49
543240,1959-12-28,F,True,False,usa,lubbock,LBB,33.664,-101.823,2023-01-21,66
543271,1983-06-21,F,False,False,usa,honolulu,HNL,21.316,-157.927,2023-01-21,43
543304,1975-04-09,F,False,True,usa,st. louis,STL,38.748,-90.36,2023-01-21,51
543327,1982-06-06,M,False,False,usa,houston,HOU,29.645,-95.279,2023-01-21,44
543339,1996-03-26,F,False,False,canada,montreal,YMX,45.68,-74.039,2023-01-21,30
543375,1980-10-06,F,False,False,usa,los angeles,LAX,33.942,-118.408,2023-01-21,45
543385,1983-07-13,F,False,False,usa,new york,JFK,40.64,-73.779,2023-01-21,43
543428,1989-07-11,F,False,True,usa,portland,PWM,43.646,-70.309,2023-01-21,37
543437,1988-09-24,F,False,False,usa,san diego,SAN,32.733,-117.189,2023-01-21,38
543476,1988-10-06,F,True,True,usa,oklahoma city,TIK,35.415,-97.386,2023-01-21,37
543557,1987-12-25,F,False,False,usa,new york,JFK,40.64,-73.779,2023-01-21,38
543559,1977-02-09,M,True,True,usa,new orleans,NBG,29.825,-90.035,2023-01-21,49
543618,1988-02-25,M,False,False,usa,seattle,BFI,47.53,-122.302,2023-01-21,38
543659,1990-02-02,F,False,False,usa,los angeles,LAX,33.942,-118.408,2023-01-21,36
543671,1971-08-13,F,True,True,usa,phoenix,LUF,33.535,-112.383,2023-01-21,55
543716,1983-07-12,F,True,True,usa,philadelphia,PNE,40.082,-75.011,2023-01-21,43
543778,1967-10-14,F,True,True,usa,new york,JFK,40.64,-73.779,2023-01-21,58
543810,1991-05-28,F,False,False,usa,new york,JFK,40.64,-73.779,2023-01-21,35
543885,1984-03-19,F,True,False,usa,baton rouge,BTR,30.533,-91.149,2023-01-21,42
543928,2006-05-11,F,False,False,usa,houston,EFD,29.607,-95.159,2023-01-21,20
543952,1984-08-01,F,False,False,usa,san jose,SJC,37.362,-121.929,2023-01-21,42
543968,1987-12-28,F,False,False,usa,modesto,MOD,37.626,-120.954,2023-01-21,38
543976,1990-08-25,F,False,False,usa,chicago,MDW,41.786,-87.752,2023-01-21,36
544008,1986-01-22,F,False,False,usa,oklahoma city,TIK,35.415,-97.386,2023-01-21,40
544012,1975-09-03,F,False,True,usa,tulsa,TUL,36.198,-95.888,2023-01-21,51
544043,1982-11-24,F,False,True,usa,santa ana,SNA,33.676,-117.868,2023-01-21,43
544256,1979-10-08,F,True,False,usa,birmingham,BHM,33.563,-86.753,2023-01-21,46
544333,1962-05-03,F,True,False,usa,santa ana,SNA,33.676,-117.868,2023-01-21,64
544364,1992-02-23,F,False,False,usa,wichita,ICT,37.65,-97.433,2023-01-21,34
544391,1980-03-17,M,True,True,usa,phoenix,LUF,33.535,-112.383,2023-01-21,46
544414,1968-01-13,F,True,False,usa,el paso,ELP,31.807,-106.378,2023-01-21,58
544444,1969-11-20,F,False,False,usa,dallas,DAL,32.847,-96.852,2023-01-21,56
544447,1981-07-17,M,True,False,canada,edmonton,YEG,53.31,-113.58,2023-01-21,45
544449,1979-06-17,M,True,True,usa,new york,LGA,40.777,-73.872,2023-01-21,47
544469,1983-08-25,F,False,True,usa,new york,JFK,40.64,-73.779,2023-01-21,43
544476,1976-12-06,M,True,True,usa,minneapolis,MSP,44.88,-93.217,2023-01-21,49
544627,1979-08-03,F,False,True,usa,chicago,MDW,41.786,-87.752,2023-01-21,47
544647,1998-06-10,F,False,False,canada,edmonton,YEG,53.31,-113.58,2023-01-21,28
544685,1987-05-25,M,False,True,usa,kansas city,MCI,39.297,-94.714,2023-01-21,39
544694,1971-05-11,M,True,False,usa,bakersfield,BFL,35.433,-119.057,2023-01-21,55
544698,1988-01-02,F,True,True,usa,new york,LGA,40.777,-73.872,2023-01-21,38
544747,1990-06-18,M,False,False,usa,phoenix,PHX,33.434,-112.008,2023-01-21,36
544749,1980-03-08,M,False,False,usa,colorado springs,COS,38.806,-104.7,2023-01-21,46
544868,1974-04-06,F,False,False,usa,columbus,CMH,39.998,-82.892,2023-01-21,52
545011,1969-09-12,F,True,True,usa,memphis,MEM,35.042,-89.977,2023-01-21,57
545063,1941-09-20,M,True,False,usa,mobile,MOB,30.691,-88.243,2023-01-22,85
545132,1997-06-13,M,True,True,usa,denver,DEN,39.858,-104.667,2023-01-22,29
545208,1968-01-03,F,True,False,usa,atlanta,ATL,33.64,-84.427,2023-01-22,58
545209,1987-04-14,F,False,False,canada,edmonton,YEG,53.31,-113.58,2023-01-22,39
545264,1998-09-16,M,False,False,usa,wichita,ICT,37.65,-97.433,2023-01-22,28
545272,1970-08-18,M,True,False,usa,phoenix,PHX,33.434,-112.008,2023-01-22,56
545290,1979-06-08,F,False,True,usa,los angeles,LAX,33.942,-118.408,2023-01-22,47
545317,1983-08-09,F,False,True,usa,austin,AUS,30.194,-97.67,2023-01-22,43
545318,1971-12-06,F,True,True,usa,indianapolis,IND,39.717,-86.294,2023-01-22,54
545327,1995-09-11,F,True,True,usa,milwaukee,MKE,42.947,-87.896,2023-01-22,31
545345,1990-09-21,F,False,False,usa,reno,RNO,39.498,-119.768,2023-01-22,36
545360,1986-05-20,M,False,False,usa,oklahoma city,OKC,35.393,-97.601,2023-01-22,40
545404,1973-04-02,F,False,False,usa,houston,IAH,29.98,-95.34,2023-01-22,53
545465,1975-04-01,F,True,True,usa,santa ana,SNA,33.676,-117.868,2023-01-22,51
545518,1978-09-27,F,False,True,canada,edmonton,YXD,53.573,-113.521,2023-01-22,48
545551,1976-08-15,F,False,True,usa,austin,AUS,30.194,-97.67,2023-01-22,50
545577,1984-09-14,M,False,False,usa,omaha,OMA,41.302,-95.894,2023-01-22,42
545652,1980-10-06,F,False,False,usa,fayetteville,FYV,36.005,-94.17,2023-01-22,45
545684,1977-03-28,F,True,True,usa,chicago,ORD,41.979,-87.904,2023-01-22,49
545736,2000-12-19,F,False,False,usa,columbus,LCK,39.814,-82.928,2023-01-22,25
545754,2002-12-14,M,False,True,usa,fayetteville,POB,35.171,-79.014,2023-01-22,23
545770,1980-09-20,F,True,False,usa,omaha,OMA,41.302,-95.894,2023-01-22,46
545771,1969-12-04,F,False,False,usa,fayetteville,FYV,36.005,-94.17,2023-01-22,56
545803,1970-07-15,F,False,True,usa,des moines,DSM,41.534,-93.663,2023-01-22,56
545805,1975-02-21,F,True,True,usa,rochester,ROC,43.119,-77.672,2023-01-22,51
545810,2002-01-14,F,False,True,usa,phoenix,LUF,33.535,-112.383,2023-01-22,24
545848,1974-06-20,F,True,True,usa,los angeles,LAX,33.942,-118.408,2023-01-22,52
545865,1982-09-03,F,True,False,usa,newark,EWR,40.692,-74.169,2023-01-22,44
545939,1979-10-13,F,False,False,usa,newport news,PHF,37.132,-76.493,2023-01-22,46
545958,1966-11-21,F,False,False,usa,houston,IAH,29.98,-95.34,2023-01-22,59
546050,1971-10-12,F,True,False,canada,gatineau,YND,45.521,-75.564,2023-01-22,54
546064,1970-02-20,F,True,True,usa,san jose,SJC,37.362,-121.929,2023-01-22,56
546065,1976-09-03,M,True,True,usa,omaha,OMA,41.302,-95.894,2023-01-22,50
546121,2006-07-07,F,False,False,usa,milwaukee,MKE,42.947,-87.896,2023-01-22,20
546164,2002-03-19,F,False,False,canada,winnipeg,YAV,50.056,-97.032,2023-01-22,24
546224,1978-12-07,F,True,True,usa,phoenix,PHX,33.434,-112.008,2023-01-22,47
546280,1982-03-08,F,False,False,usa,los angeles,LAX,33.942,-118.408,2023-01-22,44
546307,1969-02-16,F,False,False,usa,portland,PWM,43.646,-70.309,2023-01-22,57
546399,1988-05-08,F,False,False,usa,el paso,BIF,31.849,-106.38,2023-01-22,38
546419,1969-09-07,F,False,True,usa,san diego,SAN,32.733,-117.189,2023-01-22,57
546462,1951-01-14,F,False,False,usa,los angeles,LAX,33.942,-118.408,2023-01-22,75
546470,1981-09-22,F,True,False,usa,new york,LGA,40.777,-73.872,2023-01-22,45
546529,1976-08-06,F,True,False,usa,las vegas,LAS,36.08,-115.152,2023-01-22,50
546648,1985-02-18,F,True,True,usa,san jose,SJC,37.362,-121.929,2023-01-22,41
546664,1991-04-28,F,True,False,usa,shreveport,BAD,32.502,-93.663,2023-01-22,35
546702,1978-02-17,F,True,False,usa,chicago,ORD,41.979,-87.904,2023-01-22,48
546740,1983-05-07,F,False,False,usa,new york,JFK,40.64,-73.779,2023-01-22,43
546756,1979-04-22,F,False,False,usa,fayetteville,FYV,36.005,-94.17,2023-01-22,47
546844,1978-08-06,F,True,True,canada,edmonton,YED,53.667,-113.467,2023-01-22,48
546857,1957-07-05,F,True,False,usa,kansas city,MCI,39.297,-94.714,2023-01-22,69
546864,1980-07-27,M,True,False,usa,boston,BOS,42.364,-71.005,2023-01-23,46
546881,1982-08-22,F,True,True,usa,new york,LGA,40.777,-73.872,2023-01-23,44
546900,1985-07-08,F,False,False,usa,san antonio,SAT,29.534,-98.47,2023-01-23,41
546964,1979-08-21,F,True,False,usa,new york,JFK,40.64,-73.779,2023-01-23,47
547100,1974-01-14,F,False,False,canada,toronto,YZD,43.742,-79.466,2023-01-23,52
547130,2004-06-01,F,False,False,usa,new york,LGA,40.777,-73.872,2023-01-23,22
547175,2005-12-22,F,False,False,canada,toronto,YZD,43.742,-79.466,2023-01-23,20
547181,1961-01-21,F,True,False,usa,tucson,TUS,32.116,-110.941,2023-01-23,65
547320,1994-09-07,F,False,False,usa,knoxville,TYS,35.812,-83.993,2023-01-23,32
547336,1981-05-21,F,True,False,usa,madison,MSN,43.14,-89.337,2023-01-23,45
547342,1997-08-05,M,False,False,usa,los angeles,LAX,33.942,-118.408,2023-01-23,29
547412,1971-03-28,M,False,False,usa,new york,LGA,40.777,-73.872,2023-01-23,55
547453,1995-02-11,F,False,True,usa,st. louis,STL,38.748,-90.36,2023-01-23,31
547459,1964-09-28,F,True,False,usa,los angeles,LAX,33.942,-118.408,2023-01-23,62
547568,1993-10-06,F,False,False,usa,new york,JFK,40.64,-73.779,2023-01-23,32
547606,1968-03-12,F,True,True,usa,little rock,LIT,34.729,-92.224,2023-01-23,58
547617,1970-08-05,F,True,False,usa,charlotte,CLT,35.214,-80.943,2023-01-23,56
547663,1979-11-24,F,False,False,canada,london,YXU,43.036,-81.154,2023-01-23,46
547693,1981-01-17,M,False,True,usa,bakersfield,BFL,35.433,-119.057,2023-01-23,45
547761,1974-12-15,F,False,False,usa,las vegas,LAS,36.08,-115.152,2023-01-23,51
547779,1982-03-07,F,True,True,usa,los angeles,LAX,33.942,-118.408,2023-01-23,44
547792,1985-08-16,F,False,True,usa,seattle,BFI,47.53,-122.302,2023-01-23,41
547817,1996-12-14,F,False,False,usa,newport news,PHF,37.132,-76.493,2023-01-23,29
547823,1968-11-15,F,True,False,usa,reno,RNO,39.498,-119.768,2023-01-23,57
547825,2002-02-08,F,False,False,usa,colorado springs,COS,38.806,-104.7,2023-01-23,24
547834,1998-01-21,F,False,False,usa,providence,PVD,41.724,-71.428,2023-01-23,28
547857,1959-05-08,F,True,True,usa,new york,JFK,40.64,-73.779,2023-01-23,67
547911,1984-02-11,F,False,True,usa,san francisco,SFO,37.619,-122.375,2023-01-23,42
547966,1980-09-02,F,True,True,usa,wichita,ICT,37.65,-97.433,2023-01-23,46
547997,1965-11-14,F,True,False,usa,los angeles,LAX,33.942,-118.408,2023-01-23,60
548022,1977-01-08,F,True,False,usa,san antonio,SAT,29.534,-98.47,2023-01-23,49
548032,1982-02-23,F,False,False,usa,chicago,ORD,41.979,-87.904,2023-01-23,44
548037,1975-08-22,F,True,False,usa,new york,JFK,40.64,-73.779,2023-01-23,51
548120,1976-11-12,F,False,False,usa,tampa,MCF,27.849,-82.521,2023-01-23,49
548123,1976-06-13,M,True,True,canada,edmonton,YEG,53.31,-113.58,2023-01-23,50
548185,1997-04-11,F,False,False,usa,long beach,LGB,33.818,-118.151,2023-01-23,29
548189,1994-05-03,F,False,False,canada,montreal,YUL,45.468,-73.741,2023-01-23,32
548193,2006-09-09,F,False,True,usa,denver,DEN,39.858,-104.667,2023-01-23,20
548256,1982-03-03,F,True,True,usa,cleveland,CLE,41.412,-81.85,2023-01-23,44
548258,1979-07-08,M,False,False,usa,louisville,LOU,38.228,-85.664,2023-01-23,47
548272,1981-08-28,F,True,True,usa,chicago,MDW,41.786,-87.752,2023-01-23,45
548391,1966-12-23,F,True,True,canada,toronto,YKZ,43.862,-79.37,2023-01-23,59
548422,1985-03-11,F,True,False,usa,tulsa,TUL,36.198,-95.888,2023-01-23,41
548448,1960-11-18,F,False,False,usa,sacramento,SAC,38.513,-121.493,2023-01-23,65
548474,1991-03-08,F,True,True,usa,anchorage,ANC,61.174,-149.996,2023-01-23,35
548488,1987-07-07,F,False,False,usa,new york,JFK,40.64,-73.779,2023-01-23,39
548651,1980-05-16,F,True,True,usa,milwaukee,MKE,42.947,-87.896,2023-01-23,46
548708,1985-07-15,M,True,False,usa,cleveland,CLE,41.412,-81.85,2023-01-23,41
548853,1970-07-27,F,True,False,canada,quebec,YQB,46.788,-71.398,2023-01-23,56
548872,2003-12-14,F,False,True,usa,chicago,MDW,41.786,-87.752,2023-01-23,22
548961,1984-06-19,F,False,True,usa,san antonio,RND,29.529,-98.279,2023-01-23,42
548990,1991-09-13,F,False,False,usa,los angeles,LAX,33.942,-118.408,2023-01-23,35
549115,1990-10-10,F,False,True,canada,victoria,YYJ,48.647,-123.426,2023-01-24,35
549116,1980-03-13,F,True,True,usa,columbus,LCK,39.814,-82.928,2023-01-24,46
549121,1950-10-11,F,False,False,usa,san antonio,SKF,29.384,-98.581,2023-01-24,76
549152,1991-03-25,F,False,False,canada,quebec,YQB,46.788,-71.398,2023-01-24,35
549154,1975-05-17,M,True,True,canada,toronto,YKZ,43.862,-79.37,2023-01-24,51
549190,2006-11-16,F,False,False,canada,montreal,YMX,45.68,-74.039,2023-01-24,19
549235,1983-05-24,F,True,True,usa,los angeles,LAX,33.942,-118.408,2023-01-24,43
549251,1993-08-14,F,False,True,usa,los angeles,LAX,33.942,-118.408,2023-01-24,33
549290,2005-06-13,M,False,False,usa,norfolk,ORF,36.894,-76.201,2023-01-24,21
549313,1979-05-23,F,False,True,usa,corpus christi,CRP,27.77,-97.501,2023-01-24,47
549320,2006-08-13,F,False,True,usa,long beach,LGB,33.818,-118.151,2023-01-24,20
549357,1978-01-03,F,False,False,usa,new orleans,MSY,29.993,-90.258,2023-01-24,48
549359,1987-10-28,F,False,True,usa,colorado springs,COS,38.806,-104.7,2023-01-24,38
549361,1972-05-03,F,True,True,usa,new york,JFK,40.64,-73.779,2023-01-24,54
549366,1975-11-10,M,True,True,usa,new york,JFK,40.64,-73.779,2023-01-24,50
549389,2005-09-25,F,False,True,usa,phoenix,LUF,33.535,-112.383,2023-01-24,21
549450,1979-09-07,F,True,True,usa,richmond,RIC,37.505,-77.319,2023-01-24,47
549466,1976-04-22,F,True,False,usa,philadelphia,PNE,40.082,-75.011,2023-01-24,50
549472,2000-11-07,F,False,False,canada,hamilton,YHM,43.173,-79.935,2023-01-24,25
549515,1980-07-06,F,False,True,canada,ottawa,YOW,45.323,-75.669,2023-01-24,46
549569,1975-09-22,F,True,False,usa,minneapolis,MSP,44.88,-93.217,2023-01-24,51
549572,1969-07-05,F,False,True,usa,new york,LGA,40.777,-73.872,2023-01-24,57
549579,1981-04-20,F,False,False,usa,st. louis,STL,38.748,-90.36,2023-01-24,45
549580,1977-03-26,F,True,False,usa,dallas,DAL,32.847,-96.852,2023-01-24,49
549584,1980-07-11,F,True,False,usa,san francisco,SFO,37.619,-122.375,2023-01-24,46
549608,1965-04-27,F,True,True,usa,columbus,LCK,39.814,-82.928,2023-01-24,61
549623,1985-06-16,M,False,True,usa,louisville,LOU,38.228,-85.664,2023-01-24,41
549710,1985-11-26,F,True,True,usa,los angeles,LAX,33.942,-118.408,2023-01-24,40
549733,1989-02-07,M,False,False,usa,chicago,ORD,41.979,-87.904,2023-01-24,37
549759,1957-01-05,F,True,False,canada,montreal,YHU,45.517,-73.417,2023-01-24,69
549777,1994-08-14,F,True,True,canada,edmonton,YXD,53.573,-113.521,2023-01-24,32
549800,1984-04-22,F,True,True,usa,knoxville,TYS,35.812,-83.993,2023-01-24,42
549850,1974-03-23,F,False,False,canada,winnipeg,YAV,50.056,-97.032,2023-01-24,52
549894,1975-04-05,F,True,True,usa,denver,DEN,39.858,-104.667,2023-01-24,51
549938,1985-10-13,F,False,False,usa,los angeles,LAX,33.942,-118.408,2023-01-24,40
549988,1973-12-16,F,True,False,usa,los angeles,LAX,33.942,-118.408,2023-01-24,52
550022,2001-05-09,F,False,False,canada,edmonton,YXD,53.573,-113.521,2023-01-24,25
550077,1972-11-16,M,True,False,canada,montreal,YUL,45.468,-73.741,2023-01-24,53
550110,1969-11-07,F,True,False,canada,halifax,YHZ,44.881,-63.509,2023-01-24,56
550229,1986-05-11,F,False,False,canada,edmonton,YEG,53.31,-113.58,2023-01-24,40
550298,2000-05-02,F,False,False,usa,las vegas,LSV,36.236,-115.034,2023-01-24,26
550400,1951-06-09,F,True,False,usa,new york,JFK,40.64,-73.779,2023-01-24,75
550426,1974-08-01,F,True,True,canada,windsor,YQG,42.276,-82.956,2023-01-24,52
550455,1973-01-27,F,True,True,usa,jacksonville,NZC,30.219,-81.876,2023-01-24,53
550460,1979-01-21,F,False,False,usa,las vegas,LAS,36.08,-115.152,2023-01-24,47
550482,2002-04-12,F,False,True,canada,windsor,YQG,42.276,-82.956,2023-01-24,24
550506,1983-11-12,F,True,True,usa,montgomery,MXF,32.379,-86.362,2023-01-24,42
550579,1977-12-25,F,True,True,usa,portland,PDX,45.589,-122.597,2023-01-24,48
550703,1955-07-06,F,True,False,usa,san jose,SJC,37.362,-121.929,2023-01-24,71
550711,2006-10-11,F,False,False,usa,new york,LGA,40.777,-73.872,2023-01-24,19
550754,1971-12-02,F,True,True,usa,tulsa,TUL,36.198,-95.888,2023-01-24,54
550804,1977-08-10,M,True,True,usa,dallas,DAL,32.847,-96.852,2023-01-24,49
550830,1946-05-11,F,True,False,usa,atlanta,ATL,33.64,-84.427,2023-01-25,80
550868,1976-06-13,F,True,False,usa,jacksonville,NIP,30.236,-81.681,2023-01-25,50
550904,1977-04-13,F,True,False,usa,new york,JFK,40.64,-73.779,2023-01-25,49
550973,1980-10-13,F,False,False,usa,detroit,YIP,42.238,-83.53,2023-01-25,45
550985,1976-10-27,F,False,False,usa,laredo,LRD,27.544,-99.461,2023-01-25,49
551023,1967-09-02,F,False,False,usa,denver,DEN,39.858,-104.667,2023-01-25,59
551051,1975-09-15,F,False,True,canada,london,YXU,43.036,-81.154,2023-01-25,51
551116,1984-08-09,F,False,False,canada,ottawa,YOW,45.323,-75.669,2023-01-25,42
551237,1980-12-17,F,False,False,usa,tulsa,TUL,36.198,-95.888,2023-01-25,45
551241,1995-05-02,M,False,False,usa,los angeles,LAX,33.942,-118.408,2023-01-25,31
551278,1982-10-12,F,True,False,usa,austin,AUS,30.194,-97.67,2023-01-25,43
551282,1969-07-11,F,True,False,usa,oakland,OAK,37.721,-122.221,2023-01-25,57
551331,1974-08-09,F,True,True,canada,winnipeg,YWG,49.91,-97.234,2023-01-25,52
551340,1988-09-05,F,True,False,usa,portland,PWM,43.646,-70.309,2023-01-25,38
551359,1979-01-06,F,False,False,usa,denver,DEN,39.858,-104.667,2023-01-25,47
551430,1980-10-03,F,False,True,canada,vancouver,YVR,49.195,-123.182,2023-01-25,46
551431,2002-03-28,F,False,False,usa,san diego,SAN,32.733,-117.189,2023-01-25,24
551448,1976-12-15,F,True,False,usa,grand rapids,GRR,42.881,-85.523,2023-01-25,49
551468,1972-05-19,F,False,False,usa,oakland,OAK,37.721,-122.221,2023-01-25,54
551486,2006-05-09,F,False,True,usa,chicago,ORD,41.979,-87.904,2023-01-25,20
551501,1957-07-13,F,True,False,usa,shreveport,BAD,32.502,-93.663,2023-01-25,69
551549,1965-09-09,F,False,True,canada,toronto,YTZ,43.627,-79.396,2023-01-25,61
551560,1987-08-19,F,False,True,usa,minneapolis,MSP,44.88,-93.217,2023-01-25,39
551567,1973-09-25,F,True,False,usa,los angeles,LAX,33.942,-118.408,2023-01-25,53
551576,2006-06-21,F,False,False,usa,tallahassee,TLH,30.396,-84.35,2023-01-25,20
551600,2006-06-10,F,False,False,usa,boston,BOS,42.364,-71.005,2023-01-25,20
551615,1994-06-14,F,True,False,usa,omaha,OFF,41.118,-95.913,2023-01-25,32
551620,1994-08-06,F,False,False,usa,chicago,UGN,42.422,-87.868,2023-01-25,32
551622,1966-05-26,M,True,False,usa,san antonio,SKF,29.384,-98.581,2023-01-25,60
551662,1978-06-20,F,False,False,usa,san diego,SAN,32.733,-117.189,2023-01-25,48
551671,1999-10-06,F,False,True,canada,winnipeg,YAV,50.056,-97.032,2023-01-25,26
551681,1993-01-02,F,False,False,canada,edmonton,YXD,53.573,-113.521,2023-01-25,33
551718,1990-10-10,F,False,True,usa,baltimore,BWI,39.175,-76.668,2023-01-25,35
551834,1969-02-15,F,True,False,usa,cleveland,CLE,41.412,-81.85,2023-01-25,57
551847,1987-07-07,F,True,False,usa,washington,DCA,38.852,-77.037,2023-01-25,39
551914,1973-04-12,F,False,False,canada,calgary,YYC,51.114,-114.02,2023-01-25,53
551990,2006-04-18,F,False,False,usa,washington,IAD,38.944,-77.456,2023-01-25,20
552088,1994-10-12,F,False,False,usa,kansas city,MCI,39.297,-94.714,2023-01-25,31
552165,1967-07-16,F,True,True,usa,bakersfield,BFL,35.433,-119.057,2023-01-25,59
552192,1986-01-20,F,False,False,usa,los angeles,LAX,33.942,-118.408,2023-01-25,40
552209,1972-09-28,F,False,False,usa,indianapolis,IND,39.717,-86.294,2023-01-25,54
552303,1968-05-03,F,True,False,usa,oklahoma city,OKC,35.393,-97.601,2023-01-25,58
552314,1971-08-10,F,True,True,usa,san diego,SAN,32.733,-117.189,2023-01-25,55
552345,1982-12-05,M,True,True,usa,san jose,SJC,37.362,-121.929,2023-01-25,43
552363,1992-03-15,F,True,False,canada,saskatoon,YXE,52.171,-106.7,2023-01-25,34
552372,1974-11-09,F,True,False,canada,ottawa,YOW,45.323,-75.669,2023-01-25,51
552414,1992-03-13,F,False,False,usa,las vegas,LSV,36.236,-115.034,2023-01-25,34
552432,1975-08-12,F,True,False,usa,new york,JFK,40.64,-73.779,2023-01-25,51
552440,1968-01-24,F,True,True,usa,san jose,SJC,37.362,-121.929,2023-01-25,58
552473,1985-03-23,F,False,False,canada,montreal,YUL,45.468,-73.741,2023-01-25,41
552487,1973-12-18,F,True,False,usa,new orleans,NBG,29.825,-90.035,2023-01-25,52
552532,1970-07-05,F,True,True,usa,los angeles,LAX,33.942,-118.408,2023-01-25,56
552558,1971-10-18,F,True,True,canada,vancouver,YVR,49.195,-123.182,2023-01-25,54
552598,1971-04-11,F,True,True,usa,san diego,SAN,32.733,-117.189,2023-01-25,55
552613,1980-09-18,F,False,True,usa,philadelphia,PNE,40.082,-75.011,2023-01-25,46
552623,2006-07-21,F,False,True,usa,austin,AUS,30.194,-97.67,2023-01-25,20
552642,1980-10-23,F,True,False,usa,phoenix,LUF,33.535,-112.383,2023-01-25,45
552643,1978-10-13,F,True,True,canada,saskatoon,YXE,52.171,-106.7,2023-01-25,47
552653,1965-01-25,F,True,False,usa,philadelphia,PHL,39.872,-75.241,2023-01-25,61
552661,1993-10-19,F,False,False,usa,dallas,DAL,32.847,-96.852,2023-01-25,32
552726,1964-02-08,F,True,True,canada,victoria,YYJ,48.647,-123.426,2023-01-25,62
552734,1972-04-01,F,False,True,usa,nashville,BNA,36.124,-86.678,2023-01-25,54
552763,1980-12-16,M,True,False,usa,omaha,OMA,41.302,-95.894,2023-01-25,45
552775,2003-02-25,F,False,False,canada,calgary,YYC,51.114,-114.02,2023-01-25,23
552809,1990-07-19,F,False,False,usa,nashville,BNA,36.124,-86.678,2023-01-25,36
552861,1978-11-28,F,True,False,usa,new york,LGA,40.777,-73.872,2023-01-25,47
552904,1976-03-06,F,False,True,usa,new york,JFK,40.64,-73.779,2023-01-26,50
553139,1983-03-14,F,False,False,usa,st. louis,STL,38.748,-90.36,2023-01-26,43
553151,1977-04-27,F,True,True,usa,omaha,OFF,41.118,-95.913,2023-01-26,49
553208,1999-06-06,F,False,False,usa,richmond,RIC,37.505,-77.319,2023-01-26,27
553220,1966-04-19,F,False,True,usa,bakersfield,BFL,35.433,-119.057,2023-01-26,60
553231,1975-09-20,F,True,True,usa,milwaukee,MKE,42.947,-87.896,2023-01-26,51
553339,1981-02-09,F,False,False,usa,riverside,RIV,33.881,-117.259,2023-01-26,45
553456,1980-12-22,M,False,False,usa,nashville,BNA,36.124,-86.678,2023-01-26,45
553533,1982-10-07,F,False,True,usa,rochester,ROC,43.119,-77.672,2023-01-26,43
553607,1972-03-24,F,True,True,usa,omaha,OFF,41.118,-95.913,2023-01-26,54
553645,1970-09-22,F,True,False,usa,cleveland,CLE,41.412,-81.85,2023-01-26,56
553664,1971-09-11,F,False,False,canada,ottawa,YOW,45.323,-75.669,2023-01-26,55
553690,1956-04-26,F,True,False,usa,los angeles,LAX,33.942,-118.408,2023-01-26,70
553704,1999-08-02,F,False,False,usa,los angeles,LAX,33.942,-118.408,2023-01-26,27
553754,1975-11-10,F,True,True,usa,shreveport,SHV,32.446,-93.826,2023-01-26,50
553783,1990-04-28,F,False,False,usa,los angeles,LAX,33.942,-118.408,2023-01-26,36
553805,1974-04-27,F,True,True,usa,minneapolis,MSP,44.88,-93.217,2023-01-26,52
553938,1980-01-19,F,False,False,usa,oakland,OAK,37.721,-122.221,2023-01-26,46
553943,1977-01-18,F,False,False,usa,tucson,DMA,32.166,-110.883,2023-01-26,49
553967,1983-06-24,F,False,True,usa,phoenix,LUF,33.535,-112.383,2023-01-26,43
553985,1987-08-12,F,False,False,usa,san jose,SJC,37.362,-121.929,2023-01-26,39
554175,1978-01-03,F,True,False,usa,tallahassee,TLH,30.396,-84.35,2023-01-26,48
554202,2006-05-21,F,False,False,usa,new york,LGA,40.777,-73.872,2023-01-26,20
554213,1994-08-07,F,False,False,usa,memphis,MEM,35.042,-89.977,2023-01-26,32
554217,1999-07-12,F,False,False,usa,boston,BOS,42.364,-71.005,2023-01-26,27
554284,1988-09-18,F,True,True,usa,san antonio,SAT,29.534,-98.47,2023-01-26,38
554289,2002-08-17,F,False,False,usa,newark,EWR,40.692,-74.169,2023-01-26,24
554299,1955-11-19,F,True,False,usa,santa ana,SNA,33.676,-117.868,2023-01-26,70
554413,1981-10-10,F,False,True,usa,santa ana,SNA,33.676,-117.868,2023-01-26,44
554450,1999-05-17,F,False,False,usa,boston,BOS,42.364,-71.005,2023-01-26,27
554532,1985-05-27,F,False,False,canada,vancouver,YVR,49.195,-123.182,2023-01-26,41
554560,2004-04-05,F,False,False,canada,calgary,YYC,51.114,-114.02,2023-01-26,22
554670,1970-03-04,F,True,False,usa,austin,AUS,30.194,-97.67,2023-01-26,56
554681,2000-05-10,F,True,True,usa,columbus,CMH,39.998,-82.892,2023-01-26,26
554801,1972-04-01,F,False,False,canada,toronto,YYZ,43.677,-79.631,2023-01-26,54
554866,2004-11-13,F,False,False,usa,akron,AKR,41.038,-81.467,2023-01-26,21
554922,1984-04-18,F,True,False,usa,winston-salem,INT,36.134,-80.222,2023-01-26,42
554939,2000-01-08,F,False,False,usa,phoenix,PHX,33.434,-112.008,2023-01-26,26
555030,2000-04-24,F,False,False,usa,long beach,LGB,33.818,-118.151,2023-01-26,26
555075,2006-01-19,F,False,False,usa,memphis,MEM,35.042,-89.977,2023-01-26,20
555083,1965-06-16,F,True,True,usa,louisville,LOU,38.228,-85.664,2023-01-26,61
555108,1985-04-09,F,False,False,usa,fort worth,FTW,32.82,-97.362,2023-01-26,41
555135,1973-12-12,F,False,False,usa,houston,EFD,29.607,-95.159,2023-01-26,52
555147,2006-12-07,F,False,False,usa,denver,DEN,39.858,-104.667,2023-01-26,19
555180,1979-10-10,F,True,True,usa,houston,IAH,29.98,-95.34,2023-01-27,46
555186,1984-09-25,F,False,True,usa,portland,PDX,45.589,-122.597,2023-01-27,42
555187,1960-07-21,F,True,False,usa,winston-salem,INT,36.134,-80.222,2023-01-27,66
555191,1970-06-05,F,True,False,usa,new orleans,NBG,29.825,-90.035,2023-01-27,56
555193,1974-02-04,M,True,True,usa,jacksonville,JAX,30.494,-81.688,2023-01-27,52
555203,1960-06-04,F,False,False,usa,boston,BOS,42.364,-71.005,2023-01-27,66
555257,1996-03-15,F,False,True,usa,new york,JFK,40.64,-73.779,2023-01-27,30
555275,1964-09-11,F,False,False,usa,chicago,UGN,42.422,-87.868,2023-01-27,62
555301,1978-10-13,F,True,True,usa,des moines,DSM,41.534,-93.663,2023-01-27,47
555418,1948-07-03,F,True,False,usa,jacksonville,JAX,30.494,-81.688,2023-01-27,78
555478,1994-05-14,F,False,False,usa,new york,LGA,40.777,-73.872,2023-01-27,32
555484,1984-08-16,F,False,False,usa,el paso,BIF,31.849,-106.38,2023-01-27,42
555492,1973-08-05,F,False,False,usa,atlanta,ATL,33.64,-84.427,2023-01-27,53
555499,1981-01-23,F,True,True,canada,montreal,YMX,45.68,-74.039,2023-01-27,45
555521,1974-08-09,F,True,False,usa,tulsa,TUL,36.198,-95.888,2023-01-27,52
555587,1988-02-14,F,True,False,usa,miami,OPF,25.907,-80.278,2023-01-27,38
555648,1983-05-21,M,False,False,usa,austin,AUS,30.194,-97.67,2023-01-27,43
555656,1993-06-04,F,False,False,usa,new york,JFK,40.64,-73.779,2023-01-27,33
555710,1977-01-14,F,True,False,canada,toronto,YZD,43.742,-79.466,2023-01-27,49
555773,2001-10-19,F,False,False,usa,minneapolis,MSP,44.88,-93.217,2023-01-27,24
555784,1989-04-09,M,True,True,usa,oklahoma city,TIK,35.415,-97.386,2023-01-27,37
555818,2000-08-01,F,False,False,usa,cleveland,CLE,41.412,-81.85,2023-01-27,26
555850,1974-03-09,F,True,True,usa,memphis,MEM,35.042,-89.977,2023-01-27,52
555894,1977-11-12,F,True,False,usa,birmingham,BHM,33.563,-86.753,2023-01-27,48
555934,1989-01-17,M,False,False,canada,quebec,YQB,46.788,-71.398,2023-01-27,37
555960,1955-07-18,F,True,False,usa,colorado springs,COS,38.806,-104.7,2023-01-27,71
555997,1982-06-08,F,False,False,canada,montreal,YUL,45.468,-73.741,2023-01-27,44
556019,1966-08-28,F,True,False,usa,indianapolis,IND,39.717,-86.294,2023-01-27,60
556138,1987-03-21,F,False,False,usa,tulsa,TUL,36.198,-95.888,2023-01-27,39
556214,1976-11-01,F,False,False,usa,houston,HOU,29.645,-95.279,2023-01-27,49
556215,1966-12-12,F,False,False,usa,houston,IAH,29.98,-95.34,2023-01-27,59
556395,2006-01-05,F,False,False,canada,edmonton,YED,53.667,-113.467,2023-01-27,20
556417,1994-01-16,M,True,True,usa,dallas,DAL,32.847,-96.852,2023-01-27,32
556621,1966-12-19,F,False,False,canada,toronto,YKZ,43.862,-79.37,2023-01-27,59
556622,1971-01-27,F,True,False,usa,los angeles,LAX,33.942,-118.408,2023-01-27,55
556623,1984-10-15,F,True,False,usa,newark,EWR,40.692,-74.169,2023-01-27,41
556647,1978-03-17,F,False,False,canada,ottawa,YOW,45.323,-75.669,2023-01-27,48
556714,1985-11-11,F,False,False,usa,memphis,MEM,35.042,-89.977,2023-01-27,40
556830,1973-01-08,F,True,False,usa,new york,JFK,40.64,-73.779,2023-01-27,53
556841,1990-03-18,F,False,True,canada,toronto,YKZ,43.862,-79.37,2023-01-27,36
556900,2006-04-08,F,False,False,usa,new york,JFK,40.64,-73.779,2023-01-27,20
556904,1965-07-23,F,True,False,usa,los angeles,LAX,33.942,-118.408,2023-01-27,61
557005,1974-01-22,M,False,True,canada,hamilton,YHM,43.173,-79.935,2023-01-27,52
557010,2006-02-14,F,False,False,usa,salt lake city,SLC,40.788,-111.978,2023-01-27,20
557033,1967-12-21,F,True,False,usa,milwaukee,MKE,42.947,-87.896,2023-01-27,58
557118,1984-02-17,F,False,False,usa,dallas,DAL,32.847,-96.852,2023-01-28,42
557134,1967-05-02,F,True,False,usa,washington,IAD,38.944,-77.456,2023-01-28,59
557236,1970-05-18,F,True,False,usa,los angeles,LAX,33.942,-118.408,2023-01-28,56
557262,1997-08-23,F,True,True,usa,los angeles,LAX,33.942,-118.408,2023-01-28,29
557298,1977-11-01,F,False,False,canada,calgary,YYC,51.114,-114.02,2023-01-28,48
557307,1975-11-04,O,True,True,usa,st. louis,STL,38.748,-90.36,2023-01-28,50
557314,1977-07-21,F,True,False,usa,houston,IAH,29.98,-95.34,2023-01-28,49
557343,1981-09-15,F,False,False,usa,new york,LGA,40.777,-73.872,2023-01-28,45
557449,1985-11-15,F,False,False,usa,san antonio,SAT,29.534,-98.47,2023-01-28,40
557476,1976-07-05,M,False,False,usa,seattle,SEA,47.449,-122.309,2023-01-28,50
557492,1998-07-21,M,False,True,usa,chicago,MDW,41.786,-87.752,2023-01-28,28
557508,1989-06-26,F,False,False,usa,san jose,SJC,37.362,-121.929,2023-01-28,37
557525,1981-12-22,M,False,True,canada,toronto,YYZ,43.677,-79.631,2023-01-28,44
557562,1985-07-11,F,True,False,usa,new york,JFK,40.64,-73.779,2023-01-28,41
557643,1978-03-07,F,False,False,canada,vancouver,YVR,49.195,-123.182,2023-01-28,48
557726,1974-05-09,F,True,False,usa,des moines,DSM,41.534,-93.663,2023-01-28,52
557815,1975-05-14,F,True,False,usa,louisville,LOU,38.228,-85.664,2023-01-28,51
557834,2006-09-03,F,False,False,usa,los angeles,LAX,33.942,-118.408,2023-01-28,20
557851,1977-07-24,F,True,False,usa,philadelphia,PHL,39.872,-75.241,2023-01-28,49
557876,1985-03-23,F,False,False,usa,grand rapids,GRR,42.881,-85.523,2023-01-28,41
557963,1978-04-22,F,True,False,usa,newport news,PHF,37.132,-76.493,2023-01-28,48
557986,2006-08-05,F,False,False,usa,san jose,SJC,37.362,-121.929,2023-01-28,20
558019,1985-08-16,F,True,False,canada,london,YXU,43.036,-81.154,2023-01-28,41
558081,1974-04-02,M,True,False,usa,austin,AUS,30.194,-97.67,2023-01-28,52
558138,1988-06-27,F,False,False,usa,dallas,DAL,32.847,-96.852,2023-01-28,38
558202,2006-08-17,F,False,False,usa,san diego,SAN,32.733,-117.189,2023-01-28,20
558300,1984-09-19,F,False,True,usa,san diego,SAN,32.733,-117.189,2023-01-28,42
558388,1984-06-14,F,True,True,usa,houston,HOU,29.645,-95.279,2023-01-28,42
558394,1967-09-01,F,True,False,usa,memphis,MEM,35.042,-89.977,2023-01-28,59
558506,1968-11-15,F,True,True,usa,new york,LGA,40.777,-73.872,2023-01-28,57
558651,1979-07-03,F,True,True,usa,philadelphia,PNE,40.082,-75.011,2023-01-28,47
558682,1980-10-09,F,True,True,usa,laredo,LRD,27.544,-99.461,2023-01-28,45
558774,1979-07-11,F,True,False,canada,london,YXU,43.036,-81.154,2023-01-28,47
558786,1985-05-04,F,True,True,usa,houston,EFD,29.607,-95.159,2023-01-28,41
558852,1965-07-07,F,False,True,usa,austin,AUS,30.194,-97.67,2023-01-28,61
558966,1980-03-22,F,True,True,usa,austin,AUS,30.194,-97.67,2023-01-28,46
559094,1972-02-21,F,True,True,canada,vancouver,YVR,49.195,-123.182,2023-01-28,54
559146,1989-07-25,F,True,True,canada,montreal,YHU,45.517,-73.417,2023-01-28,37
559176,1959-12-08,F,True,True,usa,columbus,LCK,39.814,-82.928,2023-01-28,66
559194,1964-11-05,F,True,False,canada,victoria,YYJ,48.647,-123.426,2023-01-28,61
559226,1985-07-02,F,True,True,usa,rochester,ROC,43.119,-77.672,2023-01-28,41
559228,1966-06-14,M,False,False,usa,chicago,ORD,41.979,-87.904,2023-01-28,60
559345,1985-10-14,F,False,False,canada,toronto,YKZ,43.862,-79.37,2023-01-29,40
559368,1976-02-12,F,False,True,usa,atlanta,ATL,33.64,-84.427,2023-01-29,50
559407,1970-07-17,F,True,False,usa,chicago,UGN,42.422,-87.868,2023-01-29,56
559441,1957-08-12,F,True,False,usa,montgomery,MXF,32.379,-86.362,2023-01-29,69
559461,1999-01-23,F,True,True,usa,new york,JFK,40.64,-73.779,2023-01-29,27
559465,2006-08-09,F,False,False,usa,los angeles,LAX,33.942,-118.408,2023-01-29,20
559468,1994-05-03,F,False,False,usa,des moines,DSM,41.534,-93.663,2023-01-29,32
559473,1982-06-11,F,False,False,usa,new york,LGA,40.777,-73.872,2023-01-29,44
559547,1955-10-10,F,True,False,usa,dallas,DAL,32.847,-96.852,2023-01-29,71
559661,2002-03-14,F,False,False,canada,toronto,YZD,43.742,-79.466,2023-01-29,24
559712,1983-09-17,F,False,False,canada,toronto,YZD,43.742,-79.466,2023-01-29,43
559775,1977-05-04,F,True,False,usa,san antonio,RND,29.529,-98.279,2023-01-29,49
559787,1972-03-14,F,True,False,usa,los angeles,LAX,33.942,-118.408,2023-01-29,54
559846,1966-10-20,F,True,True,usa,los angeles,LAX,33.942,-118.408,2023-01-29,59
560015,2006-09-01,F,False,False,usa,boston,BOS,42.364,-71.005,2023-01-29,20
560035,1973-03-13,F,False,False,usa,san diego,NZY,32.699,-117.215,2023-01-29,53
560065,1974-02-18,F,True,False,usa,san jose,SJC,37.362,-121.929,2023-01-29,52
560078,1968-03-10,F,True,False,usa,nashville,BNA,36.124,-86.678,2023-01-29,58
560085,1977-06-17,F,True,True,usa,fresno,FAT,36.776,-119.718,2023-01-29,49
560090,1994-03-06,F,False,False,usa,new york,LGA,40.777,-73.872,2023-01-29,32
560279,1957-10-25,F,False,False,usa,el paso,ELP,31.807,-106.378,2023-01-29,68
560374,1979-02-10,F,True,False,usa,new york,LGA,40.777,-73.872,2023-01-29,47
560495,1956-12-21,F,True,False,usa,los angeles,LAX,33.942,-118.408,2023-01-29,69
560519,1972-09-24,F,False,False,usa,riverside,RAL,33.952,-117.445,2023-01-29,54
560529,2006-09-08,F,False,False,usa,san diego,NZY,32.699,-117.215,2023-01-29,20
560627,1982-12-26,F,False,False,usa,bakersfield,BFL,35.433,-119.057,2023-01-29,43
560672,1991-11-07,F,False,False,usa,los angeles,LAX,33.942,-118.408,2023-01-29,34
560680,1975-10-23,F,True,True,usa,washington,IAD,38.944,-77.456,2023-01-29,50
560733,1971-07-02,F,True,False,usa,indianapolis,IND,39.717,-86.294,2023-01-29,55
560739,1987-03-08,F,True,True,usa,columbus,LCK,39.814,-82.928,2023-01-29,39
560747,1981-07-11,F,True,False,usa,chicago,MDW,41.786,-87.752,2023-01-29,45
560796,1985-09-16,F,True,False,canada,calgary,YYC,51.114,-114.02,2023-01-29,41
560870,1969-12-04,M,True,False,usa,spokane,SFF,47.683,-117.322,2023-01-29,56
560897,1970-08-12,F,False,False,usa,los angeles,LAX,33.942,-118.408,2023-01-29,56
560929,1995-09-17,F,True,True,usa,seattle,SEA,47.449,-122.309,2023-01-29,31
560948,1999-10-05,F,False,False,usa,san diego,NZY,32.699,-117.215,2023-01-29,26
560949,1985-02-16,F,False,False,usa,lubbock,LBB,33.664,-101.823,2023-01-29,41
561013,1981-05-16,F,True,False,usa,washington,DCA,38.852,-77.037,2023-01-29,45
561054,1998-07-27,M,False,False,canada,winnipeg,YAV,50.056,-97.032,2023-01-29,28
561156,1946-01-07,F,True,False,usa,seattle,BFI,47.53,-122.302,2023-01-30,80
561201,1964-08-22,F,True,True,canada,montreal,YUL,45.468,-73.741,2023-01-30,62
561288,1976-06-28,F,False,True,usa,laredo,LRD,27.544,-99.461,2023-01-30,50
561326,1986-07-11,F,False,False,usa,new orleans,MSY,29.993,-90.258,2023-01-30,40
561367,1982-06-07,F,True,False,usa,san diego,NZY,32.699,-117.215,2023-01-30,44
561386,1975-07-23,F,False,True,usa,chicago,MDW,41.786,-87.752,2023-01-30,51
561699,2006-03-16,F,False,False,usa,new york,JFK,40.64,-73.779,2023-01-30,20
561837,1979-09-10,F,True,False,usa,philadelphia,PNE,40.082,-75.011,2023-01-30,47
561908,1989-08-05,F,False,False,canada,ottawa,YOW,45.323,-75.669,2023-01-30,37
561945,1997-02-23,F,False,False,canada,toronto,YKZ,43.862,-79.37,2023-01-30,29
562032,2001-09-28,F,False,False,usa,minneapolis,MSP,44.88,-93.217,2023-01-30,25
562042,1980-10-07,M,True,True,canada,edmonton,YED,53.667,-113.467,2023-01-30,45
562108,1979-02-12,F,False,False,usa,chicago,MDW,41.786,-87.752,2023-01-30,47
562192,1981-11-02,F,True,True,usa,las vegas,LSV,36.236,-115.034,2023-01-30,44
562283,1997-08-27,F,False,True,usa,anchorage,ANC,61.174,-149.996,2023-01-30,29
562334,1981-07-12,F,False,False,usa,mobile,BFM,30.626,-88.068,2023-01-30,45
562338,1979-03-22,F,True,False,usa,houston,EFD,29.607,-95.159,2023-01-30,47
562362,1994-11-28,F,False,True,usa,fort worth,FTW,32.82,-97.362,2023-01-30,31
562416,1989-03-18,F,True,False,usa,dallas,DAL,32.847,-96.852,2023-01-30,37
562417,1967-12-26,F,True,False,usa,dallas,DAL,32.847,-96.852,2023-01-30,58
562490,1971-08-15,F,True,False,usa,new york,JFK,40.64,-73.779,2023-01-30,55
562516,2006-08-25,F,False,False,usa,phoenix,LUF,33.535,-112.383,2023-01-30,20
562585,1979-11-26,F,False,False,usa,san diego,SAN,32.733,-117.189,2023-01-30,46
562641,1983-03-16,F,False,True,usa,anchorage,EDF,61.251,-149.806,2023-01-30,43
562648,1980-12-28,F,False,True,usa,oklahoma city,OKC,35.393,-97.601,2023-01-30,45
562832,1990-04-23,F,True,True,usa,bakersfield,BFL,35.433,-119.057,2023-01-30,36
562843,1969-05-25,M,True,False,usa,san jose,SJC,37.362,-121.929,2023-01-30,57
562869,1974-07-20,F,True,False,usa,new york,JFK,40.64,-73.779,2023-01-30,52
562894,1985-03-03,M,False,True,usa,miami,MIA,25.793,-80.291,2023-01-30,41
563012,1999-08-05,F,False,False,usa,chicago,ORD,41.979,-87.904,2023-01-30,27
563021,1973-10-18,F,True,True,usa,corpus christi,CRP,27.77,-97.501,2023-01-30,52
563100,2003-12-21,F,False,False,usa,memphis,MEM,35.042,-89.977,2023-01-31,22
563148,1993-04-26,F,False,False,usa,new york,JFK,40.64,-73.779,2023-01-31,33
563165,1970-02-04,M,False,False,usa,colorado springs,COS,38.806,-104.7,2023-01-31,56
563221,1984-11-06,F,False,True,usa,riverside,RAL,33.952,-117.445,2023-01-31,41
563253,1992-01-11,F,False,False,usa,new york,JFK,40.64,-73.779,2023-01-31,34
563266,2004-03-05,F,False,False,canada,montreal,YMX,45.68,-74.039,2023-01-31,22
563315,1975-10-09,F,True,False,canada,calgary,YYC,51.114,-114.02,2023-01-31,50
563340,1982-04-24,F,True,False,usa,jacksonville,NCA,34.708,-77.439,2023-01-31,44
563343,1957-11-08,F,True,False,usa,riverside,RIV,33.881,-117.259,2023-01-31,68
563375,1959-02-24,F,True,True,usa,los angeles,LAX,33.942,-118.408,2023-01-31,67
563410,1963-11-27,F,True,True,canada,winnipeg,YWG,49.91,-97.234,2023-01-31,62
563425,1960-09-21,F,True,True,usa,el paso,BIF,31.849,-106.38,2023-01-31,66
563482,1969-07-13,F,False,False,usa,new york,JFK,40.64,-73.779,2023-01-31,57
563507,1986-03-17,F,True,False,usa,san francisco,SFO,37.619,-122.375,2023-01-31,40
563588,1981-08-25,F,True,True,usa,houston,EFD,29.607,-95.159,2023-01-31,45
563592,1986-10-14,M,False,False,usa,newark,EWR,40.692,-74.169,2023-01-31,39
563679,2002-08-10,F,False,True,usa,san diego,SAN,32.733,-117.189,2023-01-31,24
563711,1978-11-25,F,True,False,usa,riverside,RIV,33.881,-117.259,2023-01-31,47
563740,1994-08-17,F,False,False,canada,winnipeg,YAV,50.056,-97.032,2023-01-31,32
563831,1945-03-09,F,True,False,usa,providence,PVD,41.724,-71.428,2023-01-31,81
563896,1980-04-07,M,False,True,usa,jacksonville,NCA,34.708,-77.439,2023-01-31,46
564052,1974-02-22,F,False,True,usa,wichita,ICT,37.65,-97.433,2023-01-31,52
564101,2006-10-22,F,False,False,usa,oklahoma city,OKC,35.393,-97.601,2023-01-31,19
564112,1987-06-27,F,False,False,usa,san diego,NZY,32.699,-117.215,2023-01-31,39
564182,1984-05-23,M,False,False,usa,dallas,DAL,32.847,-96.852,2023-01-31,42
564204,1969-08-01,F,True,False,canada,toronto,YKZ,43.862,-79.37,2023-01-31,57
564234,1978-10-19,F,False,False,usa,grand rapids,GRR,42.881,-85.523,2023-01-31,47
564258,2006-10-16,F,False,False,usa,rochester,ROC,43.119,-77.672,2023-01-31,19
564306,1982-03-21,F,False,False,usa,shreveport,SHV,32.446,-93.826,2023-01-31,44
564312,1980-05-17,F,True,False,usa,new york,LGA,40.777,-73.872,2023-01-31,46
564364,1969-02-04,F,False,True,usa,omaha,OFF,41.118,-95.913,2023-01-31,57
564369,1970-08-11,F,True,True,usa,oakland,OAK,37.721,-122.221,2023-01-31,56
564434,1988-04-05,F,True,True,canada,hamilton,YHM,43.173,-79.935,2023-01-31,38
564616,1969-05-24,F,True,False,usa,houston,IAH,29.98,-95.34,2023-01-31,57
564792,1979-01-01,F,True,True,usa,new york,LGA,40.777,-73.872,2023-01-31,47
564822,2000-08-03,F,False,False,usa,miami,OPF,25.907,-80.278,2023-01-31,26
564842,2002-12-11,M,False,True,usa,indianapolis,IND,39.717,-86.294,2023-01-31,23
564854,1984-02-08,F,False,False,usa,new york,LGA,40.777,-73.872,2023-01-31,42
565056,2006-01-24,F,False,False,usa,houston,IAH,29.98,-95.34,2023-01-31,20
565131,1985-11-18,F,True,False,canada,winnipeg,YAV,50.056,-97.032,2023-01-31,40
565212,1973-12-12,F,False,False,usa,nashville,BNA,36.124,-86.678,2023-01-31,52
565240,1984-08-14,F,False,False,canada,vancouver,YVR,49.195,-123.182,2023-01-31,42
565265,1997-04-12,M,False,False,canada,quebec,YQB,46.788,-71.398,2023-01-31,29
565275,1966-08-18,F,True,True,usa,philadelphia,PNE,40.082,-75.011,2023-02-01,60
565294,1977-12-01,F,False,False,usa,el paso,ELP,31.807,-106.378,2023-02-01,48
565301,1985-06-09,F,False,True,usa,new orleans,MSY,29.993,-90.258,2023-02-01,41
565348,1967-12-10,F,True,False,usa,colorado springs,COS,38.806,-104.7,2023-02-01,58
565365,1972-10-09,M,False,True,usa,memphis,MEM,35.042,-89.977,2023-02-01,53
565377,1981-05-07,F,False,False,usa,orlando,ORL,28.545,-81.333,2023-02-01,45
565387,2002-10-06,F,False,False,usa,new york,JFK,40.64,-73.779,2023-02-01,23
565467,1997-01-11,F,False,False,usa,las vegas,LAS,36.08,-115.152,2023-02-01,29
565487,2006-02-26,F,False,False,canada,halifax,YHZ,44.881,-63.509,2023-02-01,20
565508,1978-05-18,F,False,True,usa,dallas,DAL,32.847,-96.852,2023-02-01,48
565514,1976-03-12,F,False,False,canada,hamilton,YHM,43.173,-79.935,2023-02-01,50
565565,1964-08-12,F,True,True,usa,chicago,MDW,41.786,-87.752,2023-02-01,62
565582,1997-05-06,F,True,True,usa,anchorage,ANC,61.174,-149.996,2023-02-01,29
565601,1974-02-16,M,True,True,usa,austin,AUS,30.194,-97.67,2023-02-01,52
565718,1973-01-22,F,False,False,usa,san antonio,RND,29.529,-98.279,2023-02-01,53
565755,1991-08-16,M,False,False,usa,newark,EWR,40.692,-74.169,2023-02-01,35
565841,1980-10-07,F,True,True,canada,toronto,YYZ,43.677,-79.631,2023-02-01,45
565902,2001-06-19,F,False,True,usa,nashville,BNA,36.124,-86.678,2023-02-01,25
565910,1994-07-24,F,False,False,canada,edmonton,YXD,53.573,-113.521,2023-02-01,32
565912,1969-12-04,F,False,False,usa,philadelphia,PNE,40.082,-75.011,2023-02-01,56
565915,2006-10-22,F,False,True,usa,new york,LGA,40.777,-73.872,2023-02-01,19
565949,1986-09-21,F,False,True,usa,los angeles,LAX,33.942,-118.408,2023-02-01,40
566002,1955-08-02,F,True,False,usa,new york,JFK,40.64,-73.779,2023-02-01,71
566044,1965-04-05,M,True,True,usa,dallas,DAL,32.847,-96.852,2023-02-01,61
566097,1957-11-07,F,True,False,usa,long beach,LGB,33.818,-118.151,2023-02-01,68
566152,1983-09-27,F,False,False,usa,phoenix,LUF,33.535,-112.383,2023-02-01,43
566173,1978-07-22,F,False,True,usa,san francisco,SFO,37.619,-122.375,2023-02-01,48
566174,1976-09-17,M,True,True,usa,new york,LGA,40.777,-73.872,2023-02-01,50
566196,1974-03-28,M,True,False,usa,shreveport,SHV,32.446,-93.826,2023-02-01,52
566312,2006-02-11,F,False,False,canada,vancouver,YVR,49.195,-123.182,2023-02-01,20
566336,1974-07-27,F,True,False,canada,edmonton,YED,53.667,-113.467,2023-02-01,52
566366,1986-07-04,M,False,False,usa,grand rapids,GRR,42.881,-85.523,2023-02-01,40
566424,1986-04-02,F,True,False,usa,los angeles,LAX,33.942,-118.408,2023-02-01,40
566455,1980-07-02,F,False,True,usa,new york,LGA,40.777,-73.872,2023-02-01,46
566456,1990-11-18,M,False,True,usa,new york,LGA,40.777,-73.872,2023-02-01,35
566489,1974-09-14,M,False,False,usa,phoenix,LUF,33.535,-112.383,2023-02-01,52
566533,2003-03-16,F,False,False,usa,los angeles,LAX,33.942,-118.408,2023-02-01,23
566592,1961-11-04,F,True,False,usa,birmingham,BHM,33.563,-86.753,2023-02-01,64
566614,1995-06-05,F,False,False,usa,new york,JFK,40.64,-73.779,2023-02-01,31
566625,1975-06-24,F,True,True,usa,austin,AUS,30.194,-97.67,2023-02-01,51
566650,1973-07-06,F,False,False,usa,new york,LGA,40.777,-73.872,2023-02-01,53
566682,1972-03-11,F,False,True,usa,spokane,GEG,47.62,-117.534,2023-02-01,54
566726,1969-04-19,F,True,True,usa,portland,PDX,45.589,-122.597,2023-02-01,57
566749,2003-03-21,F,False,False,usa,chicago,MDW,41.786,-87.752,2023-02-01,23
566762,1983-09-21,F,True,True,usa,mobile,MOB,30.691,-88.243,2023-02-01,43
566861,1976-11-22,F,True,True,usa,indianapolis,IND,39.717,-86.294,2023-02-01,49
566964,1985-12-09,M,False,False,usa,new york,JFK,40.64,-73.779,2023-02-01,40
566992,1987-05-10,F,False,False,canada,ottawa,YOW,45.323,-75.669,2023-02-01,39
566996,1994-02-23,F,True,True,usa,dallas,DAL,32.847,-96.852,2023-02-01,32
566999,1977-08-12,F,False,False,usa,las vegas,LSV,36.236,-115.034,2023-02-01,49
567061,1990-08-20,F,True,True,usa,chicago,UGN,42.422,-87.868,2023-02-01,36
567114,1972-10-02,F,True,False,canada,ottawa,YOW,45.323,-75.669,2023-02-01,54
567172,1969-06-03,F,True,False,canada,hamilton,YHM,43.173,-79.935,2023-02-01,57
567195,1980-09-03,F,True,False,usa,corpus christi,CRP,27.77,-97.501,2023-02-01,46
567211,1978-12-21,F,False,False,usa,tampa,MCF,27.849,-82.521,2023-02-01,47
567256,1978-07-03,F,True,False,canada,montreal,YMX,45.68,-74.039,2023-02-01,48
567342,1994-07-22,F,False,True,usa,chicago,MDW,41.786,-87.752,2023-02-01,32
567390,1999-11-10,F,False,False,usa,los angeles,LAX,33.942,-118.408,2023-02-02,26
567431,1984-04-21,F,False,False,usa,new york,JFK,40.64,-73.779,2023-02-02,42
567518,1968-05-04,F,False,False,usa,new york,JFK,40.64,-73.779,2023-02-02,58
567548,1978-04-02,F,True,False,usa,tucson,TUS,32.116,-110.941,2023-02-02,48
567558,1987-10-13,F,False,True,usa,honolulu,HNL,21.316,-157.927,2023-02-02,38
567563,1979-01-13,F,True,False,usa,new york,LGA,40.777,-73.872,2023-02-02,47
567589,1996-06-20,F,False,False,usa,chicago,ORD,41.979,-87.904,2023-02-02,30
567682,1986-12-22,F,False,False,canada,calgary,YYC,51.114,-114.02,2023-02-02,39
567824,1989-04-08,F,False,True,canada,ottawa,YOW,45.323,-75.669,2023-02-02,37
567849,1983-01-12,F,True,False,usa,washington,IAD,38.944,-77.456,2023-02-02,43
567885,1984-12-22,F,False,True,canada,toronto,YZD,43.742,-79.466,2023-02-02,41
567906,1983-12-13,F,False,False,usa,new york,JFK,40.64,-73.779,2023-02-02,42
567961,1997-02-20,F,False,False,usa,philadelphia,PHL,39.872,-75.241,2023-02-02,29
568013,1983-02-27,F,True,False,usa,nashville,BNA,36.124,-86.678,2023-02-02,43
568060,1982-08-12,F,False,True,usa,laredo,LRD,27.544,-99.461,2023-02-02,44
568093,1984-10-06,F,False,False,canada,toronto,YYZ,43.677,-79.631,2023-02-02,41
568101,1970-08-02,F,True,True,canada,montreal,YUL,45.468,-73.741,2023-02-02,56
568105,1984-01-01,F,False,True,usa,new york,LGA,40.777,-73.872,2023-02-02,42
568121,1983-03-20,M,True,True,usa,chicago,MDW,41.786,-87.752,2023-02-02,43
568182,1985-12-07,F,False,True,usa,jacksonville,JAX,30.494,-81.688,2023-02-02,40
568258,2000-03-05,F,False,False,usa,houston,IAH,29.98,-95.34,2023-02-02,26
568325,1957-02-02,F,True,False,usa,houston,HOU,29.645,-95.279,2023-02-02,69
568371,1991-02-22,F,False,False,usa,akron,AKR,41.038,-81.467,2023-02-02,35
568536,1947-05-17,F,True,False,usa,los angeles,LAX,33.942,-118.408,2023-02-02,79
568605,2000-04-13,F,False,False,usa,new york,LGA,40.777,-73.872,2023-02-02,26
568641,1978-11-13,F,True,False,usa,sacramento,SAC,38.513,-121.493,2023-02-02,47
568696,1975-05-03,F,True,True,usa,tulsa,TUL,36.198,-95.888,2023-02-02,51
568716,1981-12-21,F,False,False,usa,kansas city,MCI,39.297,-94.714,2023-02-02,44
568773,1978-12-08,F,True,True,usa,dallas,DAL,32.847,-96.852,2023-02-02,47
568931,1980-04-25,F,True,True,usa,detroit,DTW,42.212,-83.353,2023-02-02,46
568970,1978-11-06,F,False,True,usa,las vegas,LAS,36.08,-115.152,2023-02-02,47
569031,1991-06-03,F,False,False,canada,montreal,YMX,45.68,-74.039,2023-02-02,35
569082,1976-02-11,F,True,False,canada,montreal,YUL,45.468,-73.741,2023-02-02,50
569180,1979-07-14,F,False,True,usa,washington,IAD,38.944,-77.456,2023-02-02,47
569203,1983-11-19,M,False,False,usa,jacksonville,NIP,30.236,-81.681,2023-02-02,42
569236,1967-12-19,F,True,False,usa,philadelphia,PNE,40.082,-75.011,2023-02-02,58
569243,1986-05-02,F,False,True,usa,louisville,LOU,38.228,-85.664,2023-02-02,40
569300,1957-02-25,F,False,False,usa,washington,DCA,38.852,-77.037,2023-02-02,69
569335,1988-05-14,F,True,True,usa,chicago,UGN,42.422,-87.868,2023-02-02,38
569364,1984-05-27,F,True,True,usa,fort worth,FTW,32.82,-97.362,2023-02-02,42
569530,1977-12-23,F,True,False,usa,charlotte,CLT,35.214,-80.943,2023-02-03,48
569733,1975-05-05,F,False,False,usa,dallas,DAL,32.847,-96.852,2023-02-03,51
569754,1985-07-21,F,True,False,usa,akron,AKR,41.038,-81.467,2023-02-03,41
569779,1979-11-09,F,True,False,usa,columbus,CMH,39.998,-82.892,2023-02-03,46
569788,1986-04-02,M,False,False,usa,atlanta,ATL,33.64,-84.427,2023-02-03,40
569792,1988-01-19,F,False,False,usa,tulsa,TUL,36.198,-95.888,2023-02-03,38
569829,1984-10-05,F,True,False,usa,chicago,ORD,41.979,-87.904,2023-02-03,41
569832,1990-09-04,F,True,False,usa,tacoma,TCM,47.138,-122.476,2023-02-03,36
569863,1984-07-27,F,False,False,usa,new york,LGA,40.777,-73.872,2023-02-03,42
569883,1973-01-05,F,True,False,usa,nashville,BNA,36.124,-86.678,2023-02-03,53
569920,1990-01-10,F,True,False,usa,new york,LGA,40.777,-73.872,2023-02-03,36
570215,1977-11-24,F,False,False,usa,honolulu,HNL,21.316,-157.927,2023-02-03,48
570242,2004-11-17,F,False,False,usa,memphis,MEM,35.042,-89.977,2023-02-03,21
570329,1998-04-06,M,False,True,usa,jacksonville,LRF,34.918,-92.146,2023-02-03,28
570330,1969-01-13,F,True,False,usa,new york,LGA,40.777,-73.872,2023-02-03,57
570418,1984-08-01,F,False,False,canada,toronto,YKZ,43.862,-79.37,2023-02-03,42
570436,1979-09-18,F,True,False,usa,san diego,SAN,32.733,-117.189,2023-02-03,47
570439,1985-10-02,F,False,False,usa,san antonio,RND,29.529,-98.279,2023-02-03,41
570600,1957-05-21,F,True,False,usa,richmond,RIC,37.505,-77.319,2023-02-03,69
570625,2001-07-01,F,False,True,usa,new york,LGA,40.777,-73.872,2023-02-03,25
570626,1975-03-12,F,True,False,usa,new york,LGA,40.777,-73.872,2023-02-03,51
570639,1991-09-20,F,False,False,usa,new york,JFK,40.64,-73.779,2023-02-03,35
570654,1990-08-25,F,False,False,usa,el paso,BIF,31.849,-106.38,2023-02-03,36
570683,1975-12-28,F,False,False,usa,new york,LGA,40.777,-73.872,2023-02-03,50
570692,1989-05-20,F,False,False,usa,washington,IAD,38.944,-77.456,2023-02-03,37
570693,1967-03-13,F,False,False,canada,toronto,YTZ,43.627,-79.396,2023-02-03,59
570697,2006-10-20,M,False,False,canada,calgary,YYC,51.114,-114.02,2023-02-03,19
570713,1973-09-09,F,False,False,usa,new york,JFK,40.64,-73.779,2023-02-03,53
570746,1981-11-04,F,False,False,usa,new york,JFK,40.64,-73.779,2023-02-03,44
570750,1955-09-11,F,False,False,canada,ottawa,YOW,45.323,-75.669,2023-02-03,71
570821,1983-02-07,F,True,True,usa,miami,TNT,25.862,-80.897,2023-02-03,43
570829,1978-06-15,M,True,False,usa,baltimore,BWI,39.175,-76.668,2023-02-03,48
570837,1985-08-04,F,False,False,canada,gatineau,YND,45.521,-75.564,2023-02-03,41
570928,1976-04-24,F,False,False,usa,fresno,FAT,36.776,-119.718,2023-02-03,50
570945,1968-07-02,F,True,False,usa,phoenix,PHX,33.434,-112.008,2023-02-03,58
571084,1963-12-21,F,True,False,usa,san diego,NZY,32.699,-117.215,2023-02-03,62
571208,1989-09-04,F,True,True,usa,new york,JFK,40.64,-73.779,2023-02-03,37
571233,1979-07-03,F,False,False,usa,houston,HOU,29.645,-95.279,2023-02-03,47
571243,1977-06-09,F,False,True,usa,portland,PDX,45.589,-122.597,2023-02-03,49
571300,1975-09-09,M,True,False,usa,new york,JFK,40.64,-73.779,2023-02-03,51
571348,1970-06-19,F,True,False,usa,philadelphia,PNE,40.082,-75.011,2023-02-03,56
571454,1986-11-15,F,True,False,usa,los angeles,LAX,33.942,-118.408,2023-02-03,39
571523,1978-05-19,F,True,False,usa,dallas,DAL,32.847,-96.852,2023-02-04,48
571525,1992-05-03,F,False,False,usa,charlotte,CLT,35.214,-80.943,2023-02-04,34
571553,1974-04-11,M,True,True,usa,tucson,TUS,32.116,-110.941,2023-02-04,52
571566,1967-08-01,F,False,False,canada,montreal,YUL,45.468,-73.741,2023-02-04,59
571580,1995-05-07,F,False,False,usa,omaha,OMA,41.302,-95.894,2023-02-04,31
571643,1987-12-03,F,False,False,usa,houston,EFD,29.607,-95.159,2023-02-04,38
571819,1974-06-01,F,True,False,usa,los angeles,LAX,33.942,-118.408,2023-02-04,52
571876,1967-02-20,F,True,False,usa,houston,HOU,29.645,-95.279,2023-02-04,59
572133,1950-12-27,F,True,False,usa,montgomery,MXF,32.379,-86.362,2023-02-04,75
572176,1952-04-28,M,False,False,usa,boston,BOS,42.364,-71.005,2023-02-04,74
572214,1954-12-14,F,True,False,usa,oakland,OAK,37.721,-122.221,2023-02-04,71
572428,1983-02-15,F,True,True,usa,omaha,OFF,41.118,-95.913,2023-02-04,43
572489,1978-10-04,F,True,True,usa,los angeles,LAX,33.942,-118.408,2023-02-04,48
572502,1966-02-08,F,True,False,usa,fresno,FAT,36.776,-119.718,2023-02-04,60
572529,1960-09-13,F,True,False,usa,los angeles,LAX,33.942,-118.408,2023-02-04,66
572554,1970-03-04,F,False,False,usa,norfolk,NGU,36.938,-76.289,2023-02-04,56
572578,1983-12-27,F,False,False,canada,montreal,YUL,45.468,-73.741,2023-02-04,42
572609,1983-02-09,F,True,False,usa,kansas city,MCI,39.297,-94.714,2023-02-04,43
572669,1972-12-13,F,True,False,canada,winnipeg,YWG,49.91,-97.234,2023-02-04,53
572728,1968-03-06,F,False,True,usa,jacksonville,LRF,34.918,-92.146,2023-02-04,58
572826,1981-03-02,F,True,True,usa,houston,IAH,29.98,-95.34,2023-02-04,45
572898,1974-06-02,F,True,True,usa,norfolk,NGU,36.938,-76.289,2023-02-04,52
572908,1972-08-03,F,True,True,usa,new york,JFK,40.64,-73.779,2023-02-04,54
572992,1976-06-23,F,False,False,usa,phoenix,PHX,33.434,-112.008,2023-02-04,50
573010,1978-08-21,F,False,True,usa,new york,JFK,40.64,-73.779,2023-02-04,48
573011,1981-05-14,F,True,False,usa,san antonio,SKF,29.384,-98.581,2023-02-04,45
573040,1976-12-01,M,False,False,usa,portland,PDX,45.589,-122.597,2023-02-04,49
573086,1979-03-27,F,False,True,usa,new york,LGA,40.777,-73.872,2023-02-04,47
573122,1973-04-16,F,True,False,usa,new orleans,MSY,29.993,-90.258,2023-02-04,53
573147,1982-01-13,F,True,False,usa,chicago,ORD,41.979,-87.904,2023-02-04,44
573153,1981-03-20,M,False,False,usa,los angeles,LAX,33.942,-118.408,2023-02-04,45
573189,1972-08-06,F,True,False,usa,santa ana,SNA,33.676,-117.868,2023-02-04,54
573191,1986-02-21,M,False,False,usa,cleveland,CLE,41.412,-81.85,2023-02-04,40
573373,1975-05-24,F,False,False,usa,madison,MSN,43.14,-89.337,2023-02-04,51
573423,2002-11-17,F,False,False,usa,omaha,OMA,41.302,-95.894,2023-02-04,23
573427,1969-01-14,F,True,False,usa,winston-salem,INT,36.134,-80.222,2023-02-04,57
573493,1975-08-06,F,True,True,usa,el paso,BIF,31.849,-106.38,2023-02-04,51
573564,1996-10-11,F,False,False,usa,cleveland,CLE,41.412,-81.85,2023-02-04,29
573584,1986-01-02,M,True,False,usa,oklahoma city,OKC,35.393,-97.601,2023-02-04,40
573588,1984-05-12,F,False,False,canada,vancouver,YVR,49.195,-123.182,2023-02-04,42
573621,1974-06-27,F,True,True,usa,knoxville,TYS,35.812,-83.993,2023-02-05,52
573670,1992-02-24,F,False,False,usa,phoenix,LUF,33.535,-112.383,2023-02-05,34
573720,1977-12-12,F,False,False,canada,vancouver,YVR,49.195,-123.182,2023-02-05,48
573792,1978-09-07,F,False,False,usa,denver,DEN,39.858,-104.667,2023-02-05,48
573807,1988-05-09,F,True,True,usa,milwaukee,MKE,42.947,-87.896,2023-02-05,38
573841,1979-11-06,F,True,True,usa,sacramento,MCC,38.667,-121.401,2023-02-05,46
573926,1999-12-18,F,False,True,usa,colorado springs,COS,38.806,-104.7,2023-02-05,26
573931,2006-10-25,F,False,False,canada,toronto,YZD,43.742,-79.466,2023-02-05,19
573988,1975-12-13,F,True,True,usa,houston,HOU,29.645,-95.279,2023-02-05,50
574150,1969-02-25,M,True,False,usa,columbus,LCK,39.814,-82.928,2023-02-05,57
574206,1988-05-06,F,True,True,usa,phoenix,PHX,33.434,-112.008,2023-02-05,38
574465,1991-09-19,F,True,False,usa,chicago,MDW,41.786,-87.752,2023-02-05,35
574467,1978-07-21,M,True,True,usa,san antonio,RND,29.529,-98.279,2023-02-05,48
574489,1972-03-02,F,True,True,usa,rochester,ROC,43.119,-77.672,2023-02-05,54
574493,1986-11-23,F,True,False,usa,indianapolis,IND,39.717,-86.294,2023-02-05,39
574513,1979-01-09,F,False,False,usa,houston,HOU,29.645,-95.279,2023-02-05,47
574603,1981-11-08,F,True,True,usa,indianapolis,IND,39.717,-86.294,2023-02-05,44
574625,1972-10-06,F,True,False,usa,las vegas,LAS,36.08,-115.152,2023-02-05,53
574680,1982-11-19,F,False,False,canada,toronto,YYZ,43.677,-79.631,2023-02-05,43
574885,1987-04-22,F,False,False,usa,las vegas,LSV,36.236,-115.034,2023-02-05,39
574987,1981-12-27,F,True,True,usa,new york,LGA,40.777,-73.872,2023-02-05,44
575092,1998-10-21,F,False,False,canada,london,YXU,43.036,-81.154,2023-02-05,27
575131,1985-11-17,F,False,False,canada,windsor,YQG,42.276,-82.956,2023-02-05,40
575208,1984-06-08,F,False,False,usa,san diego,NZY,32.699,-117.215,2023-02-05,42
575253,1980-05-11,M,True,True,canada,ottawa,YOW,45.323,-75.669,2023-02-05,46
575433,1967-10-10,F,True,False,usa,los angeles,LAX,33.942,-118.408,2023-02-05,58
575459,1968-09-02,F,False,False,usa,laredo,LRD,27.544,-99.461,2023-02-05,58
575500,1971-12-18,M,False,False,usa,san diego,NZY,32.699,-117.215,2023-02-05,54
575528,1969-11-20,F,True,False,usa,phoenix,PHX,33.434,-112.008,2023-02-05,56
575677,1980-09-25,F,True,False,canada,toronto,YYZ,43.677,-79.631,2023-02-05,46
575756,1985-07-11,F,False,False,usa,colorado springs,COS,38.806,-104.7,2023-02-06,41
575823,1981-12-26,F,True,False,usa,new york,JFK,40.64,-73.779,2023-02-06,44
575868,1957-10-13,F,True,False,usa,dallas,DAL,32.847,-96.852,2023-02-06,68
575964,1965-08-02,F,True,False,usa,kansas city,MCI,39.297,-94.714,2023-02-06,61
575971,1972-04-08,F,False,False,usa,chicago,MDW,41.786,-87.752,2023-02-06,54
576159,1995-10-25,F,True,True,usa,new york,LGA,40.777,-73.872,2023-02-06,30
576169,1985-03-19,F,False,False,usa,dallas,DAL,32.847,-96.852,2023-02-06,41
576231,1993-05-16,F,True,True,canada,toronto,YYZ,43.677,-79.631,2023-02-06,33
576272,1983-09-20,F,False,True,usa,charlotte,CLT,35.214,-80.943,2023-02-06,43
576370,1989-04-16,M,False,False,canada,edmonton,YXD,53.573,-113.521,2023-02-06,37
576373,1976-02-03,F,False,False,canada,halifax,YHZ,44.881,-63.509,2023-02-06,50
576663,1980-10-18,F,True,True,usa,new york,JFK,40.64,-73.779,2023-02-06,45
576668,2006-06-05,F,False,False,usa,baton rouge,BTR,30.533,-91.149,2023-02-06,20
576677,1971-07-26,F,True,False,canada,toronto,YZD,43.742,-79.466,2023-02-06,55
576691,1980-10-06,F,True,True,canada,winnipeg,YWG,49.91,-97.234,2023-02-06,45
576712,1954-05-22,F,False,False,canada,toronto,YKZ,43.862,-79.37,2023-02-06,72
576765,2002-10-16,F,False,False,canada,calgary,YYC,51.114,-114.02,2023-02-06,23
576833,1983-05-09,F,False,True,usa,san antonio,SAT,29.534,-98.47,2023-02-06,43
576846,2003-12-17,F,False,True,usa,grand rapids,GRR,42.881,-85.523,2023-02-06,22
576945,1974-07-17,M,True,True,usa,orlando,MCO,28.429,-81.316,2023-02-06,52
576985,1984-06-03,F,True,False,usa,austin,AUS,30.194,-97.67,2023-02-06,42
577007,1984-08-25,F,True,False,usa,minneapolis,MSP,44.88,-93.217,2023-02-06,42
577044,1969-07-26,F,True,True,usa,chicago,UGN,42.422,-87.868,2023-02-06,57
577089,1960-06-09,F,True,True,usa,new york,JFK,40.64,-73.779,2023-02-06,66
577115,1993-03-04,F,False,False,usa,indianapolis,IND,39.717,-86.294,2023-02-06,33
577208,1979-11-01,F,False,True,usa,tallahassee,TLH,30.396,-84.35,2023-02-06,46
577215,1992-07-11,F,False,False,usa,jacksonville,NIP,30.236,-81.681,2023-02-06,34
577216,1977-01-27,F,True,True,usa,tucson,TUS,32.116,-110.941,2023-02-06,49
577225,1977-10-24,F,True,False,usa,amarillo,AMA,35.219,-101.706,2023-02-06,48
577386,1970-12-28,F,False,False,usa,houston,EFD,29.607,-95.159,2023-02-06,55
577410,1988-06-17,F,True,True,usa,milwaukee,MKE,42.947,-87.896,2023-02-06,38
577541,1989-10-24,F,False,False,usa,baltimore,BWI,39.175,-76.668,2023-02-06,36
577598,1971-01-13,F,False,False,usa,new york,JFK,40.64,-73.779,2023-02-06,55
577626,1979-02-05,F,True,True,usa,indianapolis,IND,39.717,-86.294,2023-02-06,47
577643,2004-06-20,F,False,False,usa,madison,MSN,43.14,-89.337,2023-02-06,22
577667,1985-10-25,F,True,False,usa,minneapolis,MSP,44.88,-93.217,2023-02-06,40
577682,2006-04-06,M,False,False,usa,newport news,PHF,37.132,-76.493,2023-02-06,20
577851,1996-07-16,F,True,True,usa,santa ana,SNA,33.676,-117.868,2023-02-06,30
577915,1979-02-26,M,True,False,usa,chicago,UGN,42.422,-87.868,2023-02-06,47
577930,1978-03-06,F,True,False,usa,columbus,LCK,39.814,-82.928,2023-02-06,48
578058,1993-01-28,F,False,False,usa,wichita,IAB,37.623,-97.267,2023-02-07,33
578088,1982-06-27,F,False,False,usa,houston,HOU,29.645,-95.279,2023-02-07,44
578120,1964-03-23,F,True,False,usa,las vegas,LSV,36.236,-115.034,2023-02-07,62
578459,1984-11-06,F,False,False,usa,san jose,SJC,37.362,-121.929,2023-02-07,41
578488,1972-03-28,F,False,False,usa,chicago,ORD,41.979,-87.904,2023-02-07,54
578511,1970-03-06,F,True,True,usa,buffalo,BUF,42.94,-78.732,2023-02-07,56
578824,1990-06-23,M,False,False,usa,phoenix,PHX,33.434,-112.008,2023-02-07,36
578872,1990-03-22,F,False,False,usa,grand rapids,GRR,42.881,-85.523,2023-02-07,36
578886,1998-07-26,F,True,True,usa,new york,JFK,40.64,-73.779,2023-02-07,28
578993,1995-06-25,F,False,True,usa,houston,HOU,29.645,-95.279,2023-02-07,31
579040,1977-06-03,F,True,False,canada,london,YXU,43.036,-81.154,2023-02-07,49
579307,1969-08-18,F,True,True,usa,nashville,BNA,36.124,-86.678,2023-02-07,57
579503,1951-04-11,F,True,False,usa,tucson,TUS,32.116,-110.941,2023-02-07,75
579792,1977-08-20,F,True,False,canada,toronto,YZD,43.742,-79.466,2023-02-07,49
579804,1968-10-26,F,True,False,usa,baton rouge,BTR,30.533,-91.149,2023-02-07,57
579950,1988-08-08,F,False,True,usa,baltimore,BWI,39.175,-76.668,2023-02-07,38
579971,1946-01-09,F,True,False,usa,baltimore,BWI,39.175,-76.668,2023-02-07,80
580211,1985-02-15,F,False,False,usa,oklahoma city,TIK,35.415,-97.386,2023-02-08,41
580212,1978-08-24,F,False,False,usa,baltimore,BWI,39.175,-76.668,2023-02-08,48
580402,1982-10-12,F,False,False,usa,las vegas,LAS,36.08,-115.152,2023-02-08,43
580515,1976-09-08,F,False,False,usa,corpus christi,CRP,27.77,-97.501,2023-02-08,50
580611,1985-11-07,F,False,False,usa,new york,JFK,40.64,-73.779,2023-02-08,40
580622,1956-04-20,F,True,False,canada,london,YXU,43.036,-81.154,2023-02-08,70
580658,1977-09-28,F,False,False,canada,windsor,YQG,42.276,-82.956,2023-02-08,49
580895,1951-11-14,F,True,False,usa,austin,AUS,30.194,-97.67,2023-02-08,74
580902,1970-04-27,F,True,False,usa,philadelphia,PHL,39.872,-75.241,2023-02-08,56
581005,1979-01-01,F,False,False,usa,el paso,ELP,31.807,-106.378,2023-02-08,47
581086,1980-10-22,F,False,False,usa,los angeles,LAX,33.942,-118.408,2023-02-08,45
581120,1982-12-21,F,False,False,canada,quebec,YQB,46.788,-71.398,2023-02-08,43
581239,1987-09-15,M,False,True,usa,chicago,UGN,42.422,-87.868,2023-02-08,39
581343,1999-01-04,F,False,False,canada,halifax,YAW,44.64,-63.499,2023-02-08,27
581385,1973-06-21,F,True,True,canada,calgary,YYC,51.114,-114.02,2023-02-08,53
581491,2006-01-21,F,False,False,usa,kansas city,MCI,39.297,-94.714,2023-02-08,20
581577,1986-05-12,M,True,False,usa,portland,PWM,43.646,-70.309,2023-02-08,40
581595,2006-07-13,F,False,True,canada,edmonton,YEG,53.31,-113.58,2023-02-08,20
582038,1995-01-22,F,False,False,usa,norfolk,NGU,36.938,-76.289,2023-02-08,31
582190,1955-07-12,F,True,False,usa,new york,JFK,40.64,-73.779,2023-02-09,71
582254,1973-11-02,F,False,False,usa,indianapolis,IND,39.717,-86.294,2023-02-09,52
582319,1968-01-07,F,False,False,usa,denver,DEN,39.858,-104.667,2023-02-09,58
582320,1966-07-07,F,True,False,canada,ottawa,YOW,45.323,-75.669,2023-02-09,60
582326,1978-10-08,F,True,False,usa,baltimore,BWI,39.175,-76.668,2023-02-09,47
582333,1980-11-02,F,True,False,usa,san antonio,SKF,29.384,-98.581,2023-02-09,45
582343,1988-09-06,F,False,False,usa,tampa,MCF,27.849,-82.521,2023-02-09,38
582446,1990-09-10,F,False,True,usa,rochester,ROC,43.119,-77.672,2023-02-09,36
582586,1935-05-10,F,True,False,usa,chicago,ORD,41.979,-87.904,2023-02-09,91
582664,1969-10-13,F,True,True,usa,anchorage,MRI,61.214,-149.846,2023-02-09,56
582723,1975-10-19,F,True,True,usa,new york,LGA,40.777,-73.872,2023-02-09,50
582729,1961-07-09,F,True,True,usa,kansas city,MCI,39.297,-94.714,2023-02-09,65
582768,1981-05-28,F,True,False,usa,chicago,ORD,41.979,-87.904,2023-02-09,45
582785,1970-02-17,F,False,True,usa,stockton,SCK,37.894,-121.239,2023-02-09,56
582796,1999-05-04,F,False,False,canada,toronto,YKZ,43.862,-79.37,2023-02-09,27
582801,1972-09-15,F,True,False,usa,milwaukee,MKE,42.947,-87.896,2023-02-09,54
582828,1993-07-02,F,False,False,usa,san antonio,SAT,29.534,-98.47,2023-02-09,33
582833,1980-09-06,F,False,False,usa,detroit,YIP,42.238,-83.53,2023-02-09,46
582979,1977-08-28,F,False,False,usa,reno,RNO,39.498,-119.768,2023-02-09,49
583023,1970-09-21,F,True,False,usa,cleveland,CLE,41.412,-81.85,2023-02-09,56
583038,1979-04-26,M,True,False,usa,chicago,MDW,41.786,-87.752,2023-02-09,47
583052,1982-02-12,F,False,False,usa,miami,MIA,25.793,-80.291,2023-02-09,44
583070,1997-10-10,F,False,True,usa,new york,LGA,40.777,-73.872,2023-02-09,28
583166,2003-04-05,F,False,True,usa,columbus,CMH,39.998,-82.892,2023-02-09,23
583335,2005-07-21,F,False,True,usa,san jose,SJC,37.362,-121.929,2023-02-09,21
583342,1957-10-16,F,False,False,usa,riverside,RIV,33.881,-117.259,2023-02-09,68
583446,1990-01-17,F,False,False,usa,los angeles,LAX,33.942,-118.408,2023-02-09,36
583454,2002-05-19,F,False,True,usa,montgomery,MXF,32.379,-86.362,2023-02-09,24
583490,1999-07-16,M,False,False,usa,los angeles,LAX,33.942,-118.408,2023-02-09,27
583499,1975-06-23,F,False,False,canada,ottawa,YOW,45.323,-75.669,2023-02-09,51
583664,1976-01-04,F,True,False,usa,detroit,DET,42.409,-83.01,2023-02-09,50
583759,1987-01-07,F,False,True,usa,akron,AKR,41.038,-81.467,2023-02-09,39
583931,1975-10-02,M,False,False,usa,newark,EWR,40.692,-74.169,2023-02-09,51
583955,1996-07-15,F,False,False,usa,new york,LGA,40.777,-73.872,2023-02-09,30
584001,2006-10-21,F,False,False,canada,calgary,YYC,51.114,-114.02,2023-02-09,19
584012,1976-11-28,F,True,True,usa,milwaukee,MKE,42.947,-87.896,2023-02-09,49
584030,1970-11-08,F,True,True,usa,chicago,ORD,41.979,-87.904,2023-02-09,55
584034,1984-12-06,F,False,False,usa,new york,JFK,40.64,-73.779,2023-02-09,41
584115,1987-11-01,F,False,True,usa,houston,IAH,29.98,-95.34,2023-02-09,38
584241,1967-11-13,F,False,True,usa,charlotte,CLT,35.214,-80.943,2023-02-09,58
584288,1986-07-17,F,False,False,usa,tallahassee,TLH,30.396,-84.35,2023-02-09,40
584525,1973-11-13,F,False,False,usa,new york,LGA,40.777,-73.872,2023-02-10,52
584537,1974-07-23,F,True,False,usa,el paso,BIF,31.849,-106.38,2023-02-10,52
584787,1958-07-21,F,True,False,usa,los angeles,LAX,33.942,-118.408,2023-02-10,68
584875,1983-10-13,F,True,False,usa,las vegas,LAS,36.08,-115.152,2023-02-10,42
584912,1987-03-21,F,False,False,usa,tucson,DMA,32.166,-110.883,2023-02-10,39
584977,1978-02-18,M,False,False,usa,fort worth,FTW,32.82,-97.362,2023-02-10,48
584998,1968-05-20,F,True,False,usa,lincoln,LNK,40.851,-96.759,2023-02-10,58
585169,1989-04-07,M,True,True,usa,los angeles,LAX,33.942,-118.408,2023-02-10,37
585187,1967-04-27,F,True,False,usa,philadelphia,PHL,39.872,-75.241,2023-02-10,59
585231,1974-12-15,M,False,False,usa,new york,LGA,40.777,-73.872,2023-02-10,51
585248,1975-12-12,F,True,True,usa,el paso,ELP,31.807,-106.378,2023-02-10,50
585250,1977-03-15,F,False,False,usa,new york,JFK,40.64,-73.779,2023-02-10,49
585310,1989-01-24,F,False,False,canada,toronto,YZD,43.742,-79.466,2023-02-10,37
585361,2001-07-24,F,False,True,usa,new york,LGA,40.777,-73.872,2023-02-10,25
585492,1978-11-05,F,False,False,usa,new york,LGA,40.777,-73.872,2023-02-10,47
585522,1956-05-17,M,True,False,usa,phoenix,LUF,33.535,-112.383,2023-02-10,70
585583,1986-07-10,F,False,True,usa,milwaukee,MKE,42.947,-87.896,2023-02-10,40
585650,1992-09-16,F,False,False,usa,portland,PDX,45.589,-122.597,2023-02-10,34
585717,2004-03-06,M,False,False,usa,houston,HOU,29.645,-95.279,2023-02-10,22
585768,1980-05-12,F,False,True,usa,san francisco,SFO,37.619,-122.375,2023-02-10,46
585832,1974-02-09,F,False,False,canada,hamilton,YHM,43.173,-79.935,2023-02-10,52
585915,1977-07-06,F,True,False,usa,los angeles,LAX,33.942,-118.408,2023-02-10,49
585946,1976-09-01,F,True,False,usa,akron,AKR,41.038,-81.467,2023-02-10,50
586096,1976-11-26,F,True,False,usa,chicago,ORD,41.979,-87.904,2023-02-10,49
586257,2004-01-03,M,False,False,usa,norfolk,NGU,36.938,-76.289,2023-02-10,22
586270,1988-09-12,F,False,True,usa,boston,BOS,42.364,-71.005,2023-02-10,38
586272,2006-04-05,F,False,False,usa,colorado springs,COS,38.806,-104.7,2023-02-10,20
586344,2006-02-18,F,False,False,canada,edmonton,YED,53.667,-113.467,2023-02-10,20
586357,2002-06-13,F,False,False,usa,san diego,SAN,32.733,-117.189,2023-02-10,24
586384,1990-07-20,F,False,False,canada,toronto,YTZ,43.627,-79.396,2023-02-10,36
586458,1954-03-20,F,True,False,usa,el paso,BIF,31.849,-106.38,2023-02-10,72
586471,1976-03-16,F,False,False,usa,philadelphia,PNE,40.082,-75.011,2023-02-10,50
586637,1977-05-22,F,True,False,usa,chicago,MDW,41.786,-87.752,2023-02-11,49
586644,1973-03-25,F,True,False,usa,philadelphia,PNE,40.082,-75.011,2023-02-11,53
586656,1978-07-28,F,True,False,canada,toronto,YTZ,43.627,-79.396,2023-02-11,48
586762,1987-09-26,F,False,False,canada,montreal,YUL,45.468,-73.741,2023-02-11,39
586774,1984-04-13,F,True,True,usa,new york,LGA,40.777,-73.872,2023-02-11,42
586811,1981-08-01,F,False,True,usa,baltimore,BWI,39.175,-76.668,2023-02-11,45
586820,1981-06-03,F,True,False,canada,toronto,YYZ,43.677,-79.631,2023-02-11,45
586829,2006-11-09,F,False,False,usa,los angeles,LAX,33.942,-118.408,2023-02-11,19
586850,1979-01-09,F,False,False,canada,hamilton,YHM,43.173,-79.935,2023-02-11,47
586876,1989-09-18,F,False,True,canada,toronto,YZD,43.742,-79.466,2023-02-11,37
586953,1983-12-16,F,False,True,usa,memphis,MEM,35.042,-89.977,2023-02-11,42
587470,1968-01-26,F,True,True,usa,indianapolis,IND,39.717,-86.294,2023-02-11,58
587483,1976-06-22,F,False,False,usa,miami,MIA,25.793,-80.291,2023-02-11,50
587538,1982-12-24,F,False,True,usa,kansas city,MCI,39.297,-94.714,2023-02-11,43
587577,1973-07-27,F,True,False,canada,toronto,YTZ,43.627,-79.396,2023-02-11,53
587642,1953-07-07,F,False,False,usa,fresno,FAT,36.776,-119.718,2023-02-11,73
587675,1980-10-19,F,False,False,usa,atlanta,ATL,33.64,-84.427,2023-02-11,45
587698,2003-02-15,F,False,False,usa,salt lake city,SLC,40.788,-111.978,2023-02-11,23
588013,1995-10-08,M,False,False,canada,hamilton,YHM,43.173,-79.935,2023-02-11,30
588048,1980-04-28,F,True,False,usa,san antonio,SKF,29.384,-98.581,2023-02-11,46
588103,1975-04-24,F,True,False,usa,san jose,SJC,37.362,-121.929,2023-02-11,51
588497,2004-02-14,F,False,True,usa,san jose,SJC,37.362,-121.929,2023-02-11,22
588507,1974-04-21,F,False,False,usa,st. petersburg,PIE,27.911,-82.687,2023-02-11,52
588677,1990-07-18,F,True,True,usa,atlanta,ATL,33.64,-84.427,2023-02-12,36
588732,1986-04-04,F,False,False,usa,lincoln,LNK,40.851,-96.759,2023-02-12,40
588893,1980-10-27,F,False,False,usa,phoenix,LUF,33.535,-112.383,2023-02-12,45
588919,1970-04-16,F,True,True,usa,fort worth,FTW,32.82,-97.362,2023-02-12,56
589121,2001-12-12,F,False,False,usa,madison,MSN,43.14,-89.337,2023-02-12,24
589140,1994-03-02,F,False,True,usa,los angeles,LAX,33.942,-118.408,2023-02-12,32
589162,1974-08-08,F,False,True,usa,sacramento,SMF,38.695,-121.591,2023-02-12,52
589171,1988-05-13,F,True,True,usa,los angeles,LAX,33.942,-118.408,2023-02-12,38
589228,1973-01-19,M,True,False,usa,los angeles,LAX,33.942,-118.408,2023-02-12,53
589259,1985-12-26,M,True,True,usa,los angeles,LAX,33.942,-118.408,2023-02-12,40
589311,1982-02-04,F,True,True,usa,portland,PWM,43.646,-70.309,2023-02-12,44
589414,1977-12-19,F,True,True,usa,omaha,OMA,41.302,-95.894,2023-02-12,48
589822,2003-02-06,F,False,False,usa,columbus,CMH,39.998,-82.892,2023-02-12,23
589995,1973-11-27,F,True,False,usa,nashville,BNA,36.124,-86.678,2023-02-12,52
590014,2004-01-24,F,False,False,canada,toronto,YKZ,43.862,-79.37,2023-02-12,22
590095,1986-02-20,F,False,False,usa,providence,PVD,41.724,-71.428,2023-02-12,40
590103,1975-07-14,F,True,False,usa,philadelphia,PNE,40.082,-75.011,2023-02-12,51
590130,1964-11-16,F,False,False,usa,austin,AUS,30.194,-97.67,2023-02-12,61
590230,1996-06-23,F,False,False,usa,new york,JFK,40.64,-73.779,2023-02-12,30
590394,1982-06-18,F,True,True,usa,san francisco,SFO,37.619,-122.375,2023-02-12,44
590400,1979-08-04,F,True,False,canada,montreal,YMX,45.68,-74.039,2023-02-12,47
590404,1972-03-23,F,True,True,usa,san antonio,RND,29.529,-98.279,2023-02-12,54
590429,1967-04-15,F,False,False,usa,louisville,LOU,38.228,-85.664,2023-02-12,59
590434,1970-03-13,M,False,False,usa,riverside,RIV,33.881,-117.259,2023-02-12,56
590442,1979-04-06,F,True,False,usa,rochester,ROC,43.119,-77.672,2023-02-12,47
590558,1997-01-11,F,True,False,usa,milwaukee,MKE,42.947,-87.896,2023-02-13,29
590744,2003-04-23,F,False,False,usa,los angeles,LAX,33.942,-118.408,2023-02-13,23
590829,1980-06-13,F,False,False,usa,minneapolis,MSP,44.88,-93.217,2023-02-13,46
590905,1982-09-10,F,True,False,usa,houston,EFD,29.607,-95.159,2023-02-13,44
590922,1958-08-19,F,False,False,canada,montreal,YUL,45.468,-73.741,2023-02-13,68
590967,1978-04-11,F,False,True,usa,houston,HOU,29.645,-95.279,2023-02-13,48
591003,1977-06-15,F,False,True,usa,philadelphia,PNE,40.082,-75.011,2023-02-13,49
591155,1982-12-26,M,True,False,canada,windsor,YQG,42.276,-82.956,2023-02-13,43
591255,1995-12-04,F,False,False,usa,omaha,OMA,41.302,-95.894,2023-02-13,30
591271,1977-03-25,F,True,False,canada,halifax,YAW,44.64,-63.499,2023-02-13,49
591433,1988-03-28,F,False,False,usa,dallas,DAL,32.847,-96.852,2023-02-13,38
591478,2004-06-11,F,False,False,usa,new york,JFK,40.64,-73.779,2023-02-13,22
591582,1993-08-27,M,True,False,canada,montreal,YUL,45.468,-73.741,2023-02-13,33
591593,1999-06-22,F,False,False,usa,long beach,LGB,33.818,-118.151,2023-02-13,27
591599,1969-01-23,F,False,True,usa,lincoln,LNK,40.851,-96.759,2023-02-13,57
591746,1984-11-02,F,False,False,usa,san antonio,RND,29.529,-98.279,2023-02-13,41
591835,1948-04-24,F,False,False,usa,reno,RNO,39.498,-119.768,2023-02-13,78
592035,1980-07-11,F,False,True,usa,jacksonville,LRF,34.918,-92.146,2023-02-13,46
592082,1965-05-15,F,True,False,usa,boston,BOS,42.364,-71.005,2023-02-13,61
592118,2006-02-08,F,False,False,usa,san jose,SJC,37.362,-121.929,2023-02-13,20
592158,1980-06-17,F,True,True,usa,washington,IAD,38.944,-77.456,2023-02-13,46
592221,1987-04-01,F,False,False,usa,bakersfield,BFL,35.433,-119.057,2023-02-13,39
592372,2006-12-06,M,False,False,usa,charlotte,CLT,35.214,-80.943,2023-02-13,19
592399,1992-03-22,F,False,False,canada,toronto,YKZ,43.862,-79.37,2023-02-13,34
592445,1987-02-28,M,False,True,usa,new york,JFK,40.64,-73.779,2023-02-13,39
592491,1985-07-17,F,True,False,usa,rochester,ROC,43.119,-77.672,2023-02-13,41
592598,1973-10-06,F,True,True,usa,fresno,FAT,36.776,-119.718,2023-02-13,52
592707,2000-05-13,F,True,False,usa,boston,BOS,42.364,-71.005,2023-02-13,26
592792,1977-04-10,F,False,True,canada,montreal,YUL,45.468,-73.741,2023-02-13,49
592833,1984-04-21,F,False,True,usa,chicago,MDW,41.786,-87.752,2023-02-13,42
592958,2006-05-28,F,False,False,usa,chicago,ORD,41.979,-87.904,2023-02-14,20
593020,1986-05-21,F,False,False,usa,oakland,OAK,37.721,-122.221,2023-02-14,40
593047,1964-02-21,F,True,True,usa,dallas,DAL,32.847,-96.852,2023-02-14,62
593244,1993-12-18,F,False,False,usa,columbus,LCK,39.814,-82.928,2023-02-14,32
593386,1986-01-09,F,False,False,usa,sacramento,SMF,38.695,-121.591,2023-02-14,40
593632,1968-11-07,F,True,True,usa,dallas,DAL,32.847,-96.852,2023-02-14,57
593719,1986-10-26,M,False,True,usa,houston,HOU,29.645,-95.279,2023-02-14,39
593786,1978-10-13,F,False,True,canada,vancouver,YVR,49.195,-123.182,2023-02-14,47
593804,1994-07-02,F,True,False,canada,victoria,YYJ,48.647,-123.426,2023-02-14,32
593910,1968-02-01,M,True,False,canada,winnipeg,YAV,50.056,-97.032,2023-02-14,58
594103,1987-12-09,F,False,True,usa,tampa,TPA,27.975,-82.533,2023-02-14,38
594123,1976-12-08,F,False,True,canada,quebec,YQB,46.788,-71.398,2023-02-14,49
594188,1970-05-22,F,False,True,usa,oakland,OAK,37.721,-122.221,2023-02-14,56
594238,1969-03-11,F,True,True,usa,amarillo,AMA,35.219,-101.706,2023-02-14,57
594240,1981-08-12,F,False,True,usa,austin,AUS,30.194,-97.67,2023-02-14,45
594446,1998-09-01,F,False,True,canada,montreal,YUL,45.468,-73.741,2023-02-14,28
594503,2001-06-04,F,False,False,usa,los angeles,LAX,33.942,-118.408,2023-02-14,25
594601,1988-12-16,F,True,False,usa,honolulu,HNL,21.316,-157.927,2023-02-14,37
594695,1968-03-18,F,True,False,usa,denver,DEN,39.858,-104.667,2023-02-14,58
594737,1990-05-24,F,True,True,usa,los angeles,LAX,33.942,-118.408,2023-02-14,36
594892,1972-09-11,F,True,False,usa,san antonio,SKF,29.384,-98.581,2023-02-15,54
594914,1980-10-15,F,False,False,canada,halifax,YHZ,44.881,-63.509,2023-02-15,45
594948,1959-04-23,F,False,False,canada,edmonton,YXD,53.573,-113.521,2023-02-15,67
594985,1982-01-21,F,False,False,canada,toronto,YKZ,43.862,-79.37,2023-02-15,44
595026,1977-07-20,F,False,False,canada,montreal,YMX,45.68,-74.039,2023-02-15,49
595087,1982-08-03,F,False,False,usa,los angeles,LAX,33.942,-118.408,2023-02-15,44
595122,1966-06-10,F,True,False,canada,toronto,YZD,43.742,-79.466,2023-02-15,60
595126,1991-09-05,F,False,False,canada,gatineau,YND,45.521,-75.564,2023-02-15,35
595184,1974-08-08,F,False,False,canada,toronto,YYZ,43.677,-79.631,2023-02-15,52
595284,1971-12-12,F,True,False,usa,new york,LGA,40.777,-73.872,2023-02-15,54
595414,1975-07-14,F,True,False,usa,dallas,DAL,32.847,-96.852,2023-02-15,51
595431,1986-10-27,F,False,False,usa,new york,LGA,40.777,-73.872,2023-02-15,39
595624,1988-04-01,F,False,False,usa,anchorage,ANC,61.174,-149.996,2023-02-15,38
595626,1978-02-25,F,False,False,usa,los angeles,LAX,33.942,-118.408,2023-02-15,48
595740,1966-05-15,F,True,True,usa,san diego,NZY,32.699,-117.215,2023-02-15,60
595852,1970-06-16,F,False,False,canada,montreal,YMX,45.68,-74.039,2023-02-15,56
595861,1983-08-15,F,False,False,usa,new york,LGA,40.777,-73.872,2023-02-15,43
595958,1972-11-28,F,True,False,usa,sacramento,MCC,38.667,-121.401,2023-02-15,53
596329,2003-04-27,F,False,False,usa,phoenix,PHX,33.434,-112.008,2023-02-15,23
596335,1985-06-20,M,True,False,canada,hamilton,YHM,43.173,-79.935,2023-02-15,41
596442,2006-02-20,O,False,False,usa,omaha,OMA,41.302,-95.894,2023-02-15,20
596559,2005-01-03,F,False,False,canada,edmonton,YEG,53.31,-113.58,2023-02-15,21
596611,2001-01-26,M,False,False,canada,halifax,YAW,44.64,-63.499,2023-02-15,25
596856,1994-02-03,F,False,True,canada,quebec,YQB,46.788,-71.398,2023-02-15,32
597003,1980-04-04,F,True,False,usa,stockton,SCK,37.894,-121.239,2023-02-16,46
597010,1984-05-04,F,True,False,canada,edmonton,YXD,53.573,-113.521,2023-02-16,42
597410,1976-04-21,M,False,False,usa,new york,JFK,40.64,-73.779,2023-02-16,50
597498,1965-09-24,M,True,False,canada,london,YXU,43.036,-81.154,2023-02-16,61
597510,1970-10-15,F,False,True,canada,montreal,YHU,45.517,-73.417,2023-02-16,55
597662,2006-08-02,F,False,True,canada,ottawa,YOW,45.323,-75.669,2023-02-16,20
597948,2004-10-05,M,False,True,canada,montreal,YHU,45.517,-73.417,2023-02-16,21
597954,1982-12-04,F,True,False,usa,new york,JFK,40.64,-73.779,2023-02-16,43
598069,1993-01-14,F,False,False,usa,tampa,TPA,27.975,-82.533,2023-02-16,33
598185,1989-07-21,F,True,True,usa,cleveland,CLE,41.412,-81.85,2023-02-16,37
598276,1978-08-15,F,True,False,usa,mobile,BFM,30.626,-88.068,2023-02-16,48
598306,1975-08-04,F,True,False,usa,miami,TNT,25.862,-80.897,2023-02-16,51
598687,1984-04-16,M,False,False,usa,modesto,MOD,37.626,-120.954,2023-02-16,42
598691,1987-06-18,F,False,False,canada,ottawa,YOW,45.323,-75.669,2023-02-16,39
598832,1971-11-08,F,True,True,usa,louisville,LOU,38.228,-85.664,2023-02-16,54
599065,1984-08-23,M,False,True,usa,new york,LGA,40.777,-73.872,2023-02-16,42
599239,1985-01-03,F,False,True,usa,nashville,BNA,36.124,-86.678,2023-02-16,41
599311,1984-10-09,F,False,True,canada,quebec,YQB,46.788,-71.398,2023-02-17,41
599348,1984-03-05,F,False,False,usa,san antonio,RND,29.529,-98.279,2023-02-17,42
599649,1968-04-21,F,True,True,usa,new york,JFK,40.64,-73.779,2023-02-17,58
599651,1981-07-20,F,True,False,usa,shreveport,SHV,32.446,-93.826,2023-02-17,45
599657,1975-06-06,F,True,False,canada,london,YXU,43.036,-81.154,2023-02-17,51
599765,1970-02-21,F,False,False,usa,los angeles,LAX,33.942,-118.408,2023-02-17,56
599790,1967-07-23,F,False,False,usa,new york,JFK,40.64,-73.779,2023-02-17,59
599927,1980-12-17,F,False,False,usa,los angeles,LAX,33.942,-118.408,2023-02-17,45
599999,1957-07-14,F,False,False,canada,victoria,YYJ,48.647,-123.426,2023-02-17,69
600011,1978-12-13,F,False,False,usa,new york,JFK,40.64,-73.779,2023-02-17,47
600163,1969-05-17,M,True,True,usa,minneapolis,MSP,44.88,-93.217,2023-02-17,57
600265,1988-10-27,F,False,True,canada,victoria,YYJ,48.647,-123.426,2023-02-17,37
600395,1970-05-25,F,True,False,usa,houston,HOU,29.645,-95.279,2023-02-17,56
600444,1971-02-18,F,True,False,canada,edmonton,YXD,53.573,-113.521,2023-02-17,55
600515,1987-11-09,F,True,False,canada,toronto,YZD,43.742,-79.466,2023-02-17,38
600605,1968-03-24,F,True,False,usa,oakland,OAK,37.721,-122.221,2023-02-17,58
600796,1944-02-07,F,True,False,canada,vancouver,YVR,49.195,-123.182,2023-02-17,82
600833,1952-01-01,F,True,False,usa,san diego,SAN,32.733,-117.189,2023-02-17,74
600926,1976-07-18,M,True,True,usa,kansas city,MCI,39.297,-94.714,2023-02-17,50
600930,1967-07-04,F,True,True,usa,sacramento,SAC,38.513,-121.493,2023-02-17,59
601094,2005-10-15,M,False,False,usa,chicago,ORD,41.979,-87.904,2023-02-17,20
601104,1969-03-27,F,True,False,usa,santa ana,SNA,33.676,-117.868,2023-02-17,57
601158,1993-08-13,F,False,False,usa,new york,LGA,40.777,-73.872,2023-02-17,33
601582,1971-06-27,M,False,True,usa,sacramento,SMF,38.695,-121.591,2023-02-17,55
601882,1977-06-24,F,True,False,usa,omaha,OFF,41.118,-95.913,2023-02-18,49
602120,1981-08-19,F,False,False,canada,montreal,YMX,45.68,-74.039,2023-02-18,45
602323,2005-04-26,F,False,True,usa,dallas,DAL,32.847,-96.852,2023-02-18,21
602433,1970-12-15,F,False,False,usa,madison,MSN,43.14,-89.337,2023-02-18,55
602476,1988-06-12,F,False,False,canada,edmonton,YED,53.667,-113.467,2023-02-18,38
602598,1992-06-01,F,True,True,usa,new york,LGA,40.777,-73.872,2023-02-18,34
602734,1987-08-19,F,False,False,usa,chicago,UGN,42.422,-87.868,2023-02-18,39
602748,1981-04-05,M,True,False,usa,oklahoma city,TIK,35.415,-97.386,2023-02-18,45
602793,1986-12-13,F,False,True,usa,miami,OPF,25.907,-80.278,2023-02-18,39
602827,1967-10-07,F,True,True,usa,san jose,SJC,37.362,-121.929,2023-02-18,59
602918,1979-06-15,F,True,False,canada,winnipeg,YWG,49.91,-97.234,2023-02-18,47
602953,1983-08-16,F,False,False,usa,memphis,MEM,35.042,-89.977,2023-02-18,43
602962,1983-07-02,F,True,True,canada,ottawa,YOW,45.323,-75.669,2023-02-18,43
603160,1987-07-06,F,False,False,usa,los angeles,LAX,33.942,-118.408,2023-02-18,39
603278,1990-06-13,F,True,False,canada,calgary,YYC,51.114,-114.02,2023-02-18,36
603296,1982-07-01,F,False,False,canada,halifax,YHZ,44.881,-63.509,2023-02-18,44
603345,1972-07-26,F,True,True,canada,saskatoon,YXE,52.171,-106.7,2023-02-18,54
603440,1981-03-26,F,False,False,usa,colorado springs,COS,38.806,-104.7,2023-02-18,45
603515,1986-01-06,M,False,False,usa,san diego,NZY,32.699,-117.215,2023-02-18,40
603592,1986-02-24,F,False,False,usa,oklahoma city,OKC,35.393,-97.601,2023-02-18,40
603635,1958-10-12,F,True,False,canada,hamilton,YHM,43.173,-79.935,2023-02-18,67
603715,1978-09-20,F,True,False,usa,phoenix,LUF,33.535,-112.383,2023-02-18,48
603883,1964-05-09,F,True,False,usa,baltimore,BWI,39.175,-76.668,2023-02-18,62
604136,1984-11-04,F,True,False,canada,toronto,YKZ,43.862,-79.37,2023-02-18,41
604355,1992-04-23,F,False,False,usa,houston,EFD,29.607,-95.159,2023-02-19,34
604617,1971-08-17,F,True,False,usa,new orleans,NBG,29.825,-90.035,2023-02-19,55
604688,1984-01-27,F,True,True,usa,san francisco,SFO,37.619,-122.375,2023-02-19,42
604804,1975-01-10,F,True,True,usa,new york,LGA,40.777,-73.872,2023-02-19,51
604840,1986-04-06,F,False,False,usa,tampa,TPA,27.975,-82.533,2023-02-19,40
604916,1998-06-06,F,False,True,usa,new york,JFK,40.64,-73.779,2023-02-19,28
605004,1982-03-27,F,True,False,usa,buffalo,BUF,42.94,-78.732,2023-02-19,44
605096,1971-01-20,M,True,True,usa,dallas,DAL,32.847,-96.852,2023-02-19,55
605308,1955-09-17,F,True,False,usa,houston,EFD,29.607,-95.159,2023-02-19,71
605311,1979-10-04,F,False,True,usa,cleveland,CLE,41.412,-81.85,2023-02-19,47
605578,1991-07-11,F,False,False,usa,honolulu,HNL,21.316,-157.927,2023-02-19,35
605619,1980-01-16,F,True,True,usa,miami,OPF,25.907,-80.278,2023-02-19,46
605878,1981-10-04,F,True,False,usa,brownsville,BRO,25.907,-97.426,2023-02-19,44
606094,1969-10-15,F,True,False,usa,new orleans,NBG,29.825,-90.035,2023-02-19,56
606290,1985-10-20,F,True,False,usa,new york,JFK,40.64,-73.779,2023-02-19,40
606362,1973-01-09,F,True,False,usa,new york,LGA,40.777,-73.872,2023-02-19,53
606568,1977-06-10,M,False,False,usa,los angeles,LAX,33.942,-118.408,2023-02-19,49
606635,1978-05-01,F,False,False,usa,reno,RNO,39.498,-119.768,2023-02-19,48
606862,1985-01-10,F,False,False,canada,calgary,YYC,51.114,-114.02,2023-02-20,41
606930,1983-09-15,F,False,False,usa,charlotte,CLT,35.214,-80.943,2023-02-20,43
607017,1981-02-05,F,False,False,usa,sacramento,MCC,38.667,-121.401,2023-02-20,45
607028,1975-05-20,F,False,False,usa,seattle,BFI,47.53,-122.302,2023-02-20,51
607197,2006-01-19,F,False,True,usa,dallas,DAL,32.847,-96.852,2023-02-20,20
607270,1981-08-06,F,True,False,usa,columbus,CMH,39.998,-82.892,2023-02-20,45
607524,1959-08-13,F,True,False,usa,miami,MIA,25.793,-80.291,2023-02-20,67
607799,1988-02-16,F,False,True,usa,los angeles,LAX,33.942,-118.408,2023-02-20,38
607931,1994-12-19,F,False,False,canada,edmonton,YED,53.667,-113.467,2023-02-20,31
607949,2006-02-20,F,False,False,usa,new york,JFK,40.64,-73.779,2023-02-20,20
607998,1984-01-21,F,False,False,usa,new york,JFK,40.64,-73.779,2023-02-20,42
608343,1980-04-07,F,True,False,usa,new orleans,MSY,29.993,-90.258,2023-02-20,46
608520,1972-10-14,F,True,False,usa,new orleans,MSY,29.993,-90.258,2023-02-20,53
608725,1977-06-05,F,True,True,usa,tacoma,TCM,47.138,-122.476,2023-02-20,49
608727,1969-02-01,F,False,True,canada,hamilton,YHM,43.173,-79.935,2023-02-20,57
608823,2006-04-15,F,False,False,canada,windsor,YQG,42.276,-82.956,2023-02-20,20
608860,1979-12-24,F,False,False,usa,san antonio,RND,29.529,-98.279,2023-02-20,46
609102,1981-12-06,F,False,True,usa,new york,LGA,40.777,-73.872,2023-02-21,44
609167,1985-05-25,F,False,False,usa,omaha,OMA,41.302,-95.894,2023-02-21,41
609221,1993-09-06,F,False,False,usa,oakland,OAK,37.721,-122.221,2023-02-21,33
609228,1967-11-05,F,True,False,usa,los angeles,LAX,33.942,-118.408,2023-02-21,58
609230,1993-12-03,F,False,False,usa,austin,AUS,30.194,-97.67,2023-02-21,32
609236,1982-11-17,F,False,False,usa,milwaukee,MKE,42.947,-87.896,2023-02-21,43
609240,1970-10-05,F,False,True,canada,toronto,YYZ,43.677,-79.631,2023-02-21,56
609393,1985-08-12,M,False,False,canada,ottawa,YOW,45.323,-75.669,2023-02-21,41
609413,1972-06-20,F,False,True,canada,quebec,YQB,46.788,-71.398,2023-02-21,54
609683,2006-12-28,F,False,False,usa,memphis,MEM,35.042,-89.977,2023-02-21,19
609720,1986-09-17,F,False,True,usa,phoenix,PHX,33.434,-112.008,2023-02-21,40
609763,2006-03-06,F,False,True,canada,vancouver,YVR,49.195,-123.182,2023-02-21,20
609800,1976-01-06,F,True,True,canada,ottawa,YOW,45.323,-75.669,2023-02-21,50
609817,1971-05-13,F,False,False,usa,bakersfield,BFL,35.433,-119.057,2023-02-21,55
609838,1957-09-13,F,True,False,usa,buffalo,BUF,42.94,-78.732,2023-02-21,69
609868,1969-03-09,F,True,True,canada,halifax,YAW,44.64,-63.499,2023-02-21,57
610144,1978-03-27,F,False,False,usa,los angeles,LAX,33.942,-118.408,2023-02-21,48
610226,1966-09-06,F,False,True,usa,houston,IAH,29.98,-95.34,2023-02-21,60
610280,1965-10-20,F,True,True,canada,toronto,YKZ,43.862,-79.37,2023-02-21,60
610474,1971-09-12,F,True,False,usa,indianapolis,IND,39.717,-86.294,2023-02-21,55
610482,1987-10-08,F,False,False,usa,winston-salem,INT,36.134,-80.222,2023-02-21,38
610492,2003-11-05,F,False,True,canada,calgary,YYC,51.114,-114.02,2023-02-21,22
610530,1999-02-19,F,False,False,usa,oklahoma city,TIK,35.415,-97.386,2023-02-21,27
610670,1987-12-28,F,False,True,canada,toronto,YTZ,43.627,-79.396,2023-02-21,38
610763,1999-01-08,F,False,True,usa,milwaukee,MKE,42.947,-87.896,2023-02-21,27
610793,1988-11-09,F,False,True,usa,dallas,DAL,32.847,-96.852,2023-02-21,37
610806,1975-11-04,F,True,False,usa,laredo,LRD,27.544,-99.461,2023-02-21,50
611065,1981-08-20,F,False,False,usa,los angeles,LAX,33.942,-118.408,2023-02-22,45
611251,1975-06-13,F,False,False,canada,ottawa,YOW,45.323,-75.669,2023-02-22,51
611371,1989-03-22,F,False,False,canada,calgary,YYC,51.114,-114.02,2023-02-22,37
611583,1985-12-05,M,False,True,usa,jacksonville,JAX,30.494,-81.688,2023-02-22,40
611887,1991-12-02,F,False,False,usa,philadelphia,PNE,40.082,-75.011,2023-02-22,34
611954,1981-02-24,F,False,False,usa,st. louis,STL,38.748,-90.36,2023-02-22,45
612002,1980-10-03,F,False,True,usa,los angeles,LAX,33.942,-118.408,2023-02-22,46
612128,1978-10-23,M,True,True,usa,phoenix,PHX,33.434,-112.008,2023-02-22,47
612175,1986-09-09,F,True,True,usa,little rock,LIT,34.729,-92.224,2023-02-22,40
612797,1970-10-06,F,True,True,usa,phoenix,LUF,33.535,-112.383,2023-02-22,56
612812,1955-04-23,M,True,False,usa,orlando,MCO,28.429,-81.316,2023-02-22,71
612976,1997-11-19,F,False,False,usa,tucson,TUS,32.116,-110.941,2023-02-22,28
613252,2002-08-21,F,False,False,usa,austin,AUS,30.194,-97.67,2023-02-23,24
613386,2006-01-21,F,False,True,usa,chicago,UGN,42.422,-87.868,2023-02-23,20
613442,1988-08-08,M,False,False,usa,fresno,FAT,36.776,-119.718,2023-02-23,38
613655,1964-10-24,F,False,False,canada,calgary,YYC,51.114,-114.02,2023-02-23,61
613921,1993-06-07,F,False,False,usa,milwaukee,MKE,42.947,-87.896,2023-02-23,33
613941,1979-11-07,F,True,False,usa,new york,LGA,40.777,-73.872,2023-02-23,46
614111,1990-01-26,M,False,False,usa,tampa,MCF,27.849,-82.521,2023-02-23,36
614165,1996-07-12,F,False,False,usa,columbus,CMH,39.998,-82.892,2023-02-23,30
614311,1974-04-10,F,True,False,usa,memphis,MEM,35.042,-89.977,2023-02-23,52
614549,1996-01-12,F,False,False,usa,el paso,BIF,31.849,-106.38,2023-02-23,30
614595,1974-06-16,F,True,True,usa,santa ana,SNA,33.676,-117.868,2023-02-23,52
614814,1955-09-22,F,True,False,usa,montgomery,MXF,32.379,-86.362,2023-02-23,71
614918,1984-12-25,F,False,False,canada,toronto,YKZ,43.862,-79.37,2023-02-23,41
614933,1969-02-16,F,True,False,usa,indianapolis,IND,39.717,-86.294,2023-02-23,57
615006,1973-12-27,F,False,False,usa,columbus,CMH,39.998,-82.892,2023-02-23,52
615489,1967-04-26,F,True,True,usa,montgomery,MXF,32.379,-86.362,2023-02-23,59
615749,1975-09-19,F,False,False,usa,san francisco,SFO,37.619,-122.375,2023-02-24,51
615881,1959-04-13,F,False,False,usa,riverside,RIV,33.881,-117.259,2023-02-24,67
616222,1975-11-14,F,True,True,canada,quebec,YQB,46.788,-71.398,2023-02-24,50
616491,1974-01-16,F,False,True,usa,nashville,BNA,36.124,-86.678,2023-02-24,52
616518,1978-10-05,F,False,False,usa,new york,LGA,40.777,-73.872,2023-02-24,47
616718,1978-09-15,F,True,False,canada,hamilton,YHM,43.173,-79.935,2023-02-24,48
616752,2006-03-15,F,False,True,usa,honolulu,HNL,21.316,-157.927,2023-02-24,20
616802,1979-11-20,F,True,False,usa,montgomery,MXF,32.379,-86.362,2023-02-24,46
617052,1975-10-28,F,True,True,usa,laredo,LRD,27.544,-99.461,2023-02-24,50
617199,1972-04-28,M,True,False,usa,kansas city,MCI,39.297,-94.714,2023-02-24,54
617458,1994-09-21,F,True,True,canada,montreal,YMX,45.68,-74.039,2023-02-24,32
617964,1992-04-26,F,False,True,usa,miami,OPF,25.907,-80.278,2023-02-25,34
618230,1996-03-22,F,True,False,usa,omaha,OMA,41.302,-95.894,2023-02-25,30
618266,1980-11-15,F,False,True,usa,miami,OPF,25.907,-80.278,2023-02-25,45
618308,1965-02-05,F,True,True,usa,memphis,MEM,35.042,-89.977,2023-02-25,61
618343,1984-04-27,M,True,True,usa,new york,LGA,40.777,-73.872,2023-02-25,42
618418,1978-10-23,F,False,False,canada,toronto,YKZ,43.862,-79.37,2023-02-25,47
618429,1977-06-14,M,False,True,usa,philadelphia,PHL,39.872,-75.241,2023-02-25,49
618642,1984-06-17,F,True,False,usa,honolulu,HNL,21.316,-157.927,2023-02-25,42
618759,2000-04-13,F,False,True,usa,san diego,SAN,32.733,-117.189,2023-02-25,26
618780,1989-01-15,F,False,True,usa,new york,JFK,40.64,-73.779,2023-02-25,37
618815,1992-08-26,F,False,True,usa,san francisco,SFO,37.619,-122.375,2023-02-25,34
619109,1984-05-24,F,False,False,usa,portland,PWM,43.646,-70.309,2023-02-25,42
619218,1980-12-17,F,True,False,usa,orlando,MCO,28.429,-81.316,2023-02-25,45
619362,1977-01-16,F,True,False,usa,san francisco,SFO,37.619,-122.375,2023-02-25,49
619520,1986-12-16,F,True,False,canada,ottawa,YOW,45.323,-75.669,2023-02-25,39
619615,1975-02-21,F,False,False,usa,nashville,BNA,36.124,-86.678,2023-02-25,51
619938,1998-03-23,F,False,False,usa,houston,IAH,29.98,-95.34,2023-02-25,28
619971,1985-02-04,F,True,False,usa,san diego,NZY,32.699,-117.215,2023-02-25,41
619988,2006-11-12,F,False,False,usa,providence,PVD,41.724,-71.428,2023-02-25,19
620274,1960-07-23,F,True,False,usa,tucson,DMA,32.166,-110.883,2023-02-26,66
620300,1975-01-20,F,True,True,usa,houston,IAH,29.98,-95.34,2023-02-26,51
620382,2006-09-02,F,False,True,usa,st. louis,STL,38.748,-90.36,2023-02-26,20
620453,1975-07-06,F,True,True,usa,richmond,RIC,37.505,-77.319,2023-02-26,51
620884,1990-04-17,F,False,False,usa,chicago,MDW,41.786,-87.752,2023-02-26,36
620972,1985-08-12,M,False,False,usa,kansas city,MCI,39.297,-94.714,2023-02-26,41
621072,1969-09-19,F,True,True,usa,providence,PVD,41.724,-71.428,2023-02-26,57
621085,1974-12-15,F,False,False,usa,minneapolis,MSP,44.88,-93.217,2023-02-26,51
621113,1994-12-03,F,False,False,usa,new york,LGA,40.777,-73.872,2023-02-26,31
621150,2005-12-28,F,False,True,usa,phoenix,LUF,33.535,-112.383,2023-02-26,20
621291,1971-04-16,F,True,False,usa,indianapolis,IND,39.717,-86.294,2023-02-26,55
621607,1991-04-09,F,False,True,canada,ottawa,YOW,45.323,-75.669,2023-02-26,35
621665,1976-12-01,F,False,True,usa,chicago,MDW,41.786,-87.752,2023-02-26,49
621811,1983-02-24,F,True,True,usa,norfolk,NGU,36.938,-76.289,2023-02-26,43
621922,2002-09-13,F,False,False,usa,milwaukee,MKE,42.947,-87.896,2023-02-26,24
622149,1977-10-27,F,True,False,usa,santa ana,SNA,33.676,-117.868,2023-02-26,48
622293,1995-06-25,F,False,False,usa,las vegas,LAS,36.08,-115.152,2023-02-26,31
622343,1977-06-15,F,False,False,usa,chicago,ORD,41.979,-87.904,2023-02-26,49
623077,1988-12-14,M,False,False,usa,miami,TNT,25.862,-80.897,2023-02-27,37
623087,1976-03-10,F,False,False,usa,new york,LGA,40.777,-73.872,2023-02-27,50
623417,1969-06-06,F,True,True,usa,sacramento,MHR,38.554,-121.297,2023-02-27,57
623691,1999-06-05,F,False,False,usa,detroit,YIP,42.238,-83.53,2023-02-27,27
623815,1991-11-06,F,False,False,canada,calgary,YYC,51.114,-114.02,2023-02-27,34
623935,1965-02-01,F,True,True,usa,new york,LGA,40.777,-73.872,2023-02-27,61
624215,1985-05-14,F,False,True,usa,austin,AUS,30.194,-97.67,2023-02-27,41
624258,1984-08-15,F,True,False,canada,calgary,YYC,51.114,-114.02,2023-02-27,42
624497,1995-10-22,F,False,True,canada,edmonton,YXD,53.573,-113.521,2023-02-27,30
624593,1983-10-04,M,True,True,usa,new york,JFK,40.64,-73.779,2023-02-27,42
624636,1980-05-06,F,True,False,usa,jacksonville,NIP,30.236,-81.681,2023-02-27,46
624913,1983-09-25,M,False,True,canada,halifax,YAW,44.64,-63.499,2023-02-27,43
625030,1983-04-05,F,False,False,usa,oklahoma city,OKC,35.393,-97.601,2023-02-27,43
625703,1990-05-19,F,False,False,canada,ottawa,YOW,45.323,-75.669,2023-02-28,36
625984,1974-04-10,F,True,False,usa,new york,JFK,40.64,-73.779,2023-02-28,52
626037,1998-09-27,F,False,False,usa,anchorage,ANC,61.174,-149.996,2023-02-28,28
626067,2004-07-13,F,False,False,usa,long beach,LGB,33.818,-118.151,2023-02-28,22
626249,1994-07-22,F,False,False,canada,gatineau,YND,45.521,-75.564,2023-02-28,32
626318,1968-12-17,F,True,False,usa,new york,JFK,40.64,-73.779,2023-02-28,57
626329,1979-01-08,F,False,False,usa,little rock,LIT,34.729,-92.224,2023-02-28,47
626558,1991-08-28,F,False,False,usa,st. petersburg,PIE,27.911,-82.687,2023-02-28,35
626587,2006-06-11,M,False,False,usa,lincoln,LNK,40.851,-96.759,2023-02-28,20
627041,1982-09-15,F,False,False,canada,gatineau,YND,45.521,-75.564,2023-02-28,44
627158,1975-06-14,M,True,True,usa,houston,IAH,29.98,-95.34,2023-02-28,51
627176,1975-09-24,F,False,False,usa,indianapolis,IND,39.717,-86.294,2023-02-28,51
627475,2006-10-07,F,False,False,canada,calgary,YYC,51.114,-114.02,2023-02-28,19
627518,2006-02-11,F,False,True,usa,anchorage,ANC,61.174,-149.996,2023-02-28,20
627617,2003-03-01,F,True,False,usa,laredo,LRD,27.544,-99.461,2023-03-01,23
627729,2000-06-17,F,False,True,canada,toronto,YKZ,43.862,-79.37,2023-03-01,26
628023,1976-08-06,F,True,False,usa,el paso,BIF,31.849,-106.38,2023-03-01,50
628033,1990-05-06,M,True,True,usa,st. petersburg,PIE,27.911,-82.687,2023-03-01,36
628671,1988-01-27,F,False,True,usa,new york,JFK,40.64,-73.779,2023-03-01,38
629345,2006-02-04,F,False,False,usa,new orleans,NBG,29.825,-90.035,2023-03-01,20
629725,1978-06-19,F,False,False,usa,atlanta,ATL,33.64,-84.427,2023-03-01,48
629747,2005-03-18,F,False,False,usa,milwaukee,MKE,42.947,-87.896,2023-03-01,21
629803,1983-04-15,M,False,True,usa,tulsa,TUL,36.198,-95.888,2023-03-01,43
629877,1979-09-13,F,True,False,canada,halifax,YHZ,44.881,-63.509,2023-03-02,47
629952,1978-08-05,F,False,False,usa,cincinnati,CVG,39.046,-84.662,2023-03-02,48
630039,1983-11-20,F,False,False,usa,los angeles,LAX,33.942,-118.408,2023-03-02,42
630097,1979-05-06,F,True,False,usa,santa ana,SNA,33.676,-117.868,2023-03-02,47
630176,1971-10-15,F,True,True,usa,montgomery,MXF,32.379,-86.362,2023-03-02,54
630607,1997-03-20,F,False,False,usa,seattle,BFI,47.53,-122.302,2023-03-02,29
630738,1981-02-11,F,False,False,usa,birmingham,BHM,33.563,-86.753,2023-03-02,45
630992,1965-03-04,F,True,True,usa,montgomery,MXF,32.379,-86.362,2023-03-02,61
631319,1974-03-14,F,True,False,canada,montreal,YMX,45.68,-74.039,2023-03-02,52
631384,1969-01-22,F,True,False,usa,richmond,RIC,37.505,-77.319,2023-03-02,57
631448,1984-03-11,F,True,True,usa,cincinnati,CVG,39.046,-84.662,2023-03-02,42
631477,1964-06-11,F,True,True,usa,riverside,RAL,33.952,-117.445,2023-03-02,62
631970,1970-01-04,F,False,False,usa,memphis,MEM,35.042,-89.977,2023-03-02,56
631975,1985-05-25,F,False,False,canada,montreal,YMX,45.68,-74.039,2023-03-02,41
631993,1975-11-24,F,True,True,canada,ottawa,YOW,45.323,-75.669,2023-03-02,50
632239,1969-05-25,F,True,False,usa,los angeles,LAX,33.942,-118.408,2023-03-03,57
632475,1955-10-22,F,True,False,canada,ottawa,YOW,45.323,-75.669,2023-03-03,70
632665,1988-09-24,F,False,False,usa,dallas,DAL,32.847,-96.852,2023-03-03,38
632866,1976-03-23,F,True,False,usa,austin,AUS,30.194,-97.67,2023-03-03,50
633183,1984-03-02,F,False,False,usa,new york,LGA,40.777,-73.872,2023-03-03,42
633195,1992-10-03,F,False,False,canada,winnipeg,YAV,50.056,-97.032,2023-03-03,33
633725,1976-03-17,F,True,False,canada,hamilton,YHM,43.173,-79.935,2023-03-03,50
633972,1952-05-14,F,True,False,usa,richmond,RIC,37.505,-77.319,2023-03-03,74
634130,1973-12-27,F,True,False,usa,new york,JFK,40.64,-73.779,2023-03-03,52
634795,1978-09-11,F,True,True,usa,houston,HOU,29.645,-95.279,2023-03-04,48
634824,1986-01-17,F,True,False,usa,new york,LGA,40.777,-73.872,2023-03-04,40
635300,1978-11-09,F,True,False,usa,chicago,ORD,41.979,-87.904,2023-03-04,47
635303,1980-10-24,F,False,True,usa,los angeles,LAX,33.942,-118.408,2023-03-04,45
635375,2006-11-11,F,False,False,usa,fayetteville,FYV,36.005,-94.17,2023-03-04,19
635576,1984-06-24,F,True,False,canada,toronto,YKZ,43.862,-79.37,2023-03-04,42
635790,1975-09-17,F,False,False,usa,boston,BOS,42.364,-71.005,2023-03-04,51
636251,1956-01-16,F,True,False,usa,louisville,LOU,38.228,-85.664,2023-03-04,70
636873,1980-09-03,F,False,False,usa,chicago,ORD,41.979,-87.904,2023-03-04,46
636874,1975-06-23,F,False,False,usa,reno,RNO,39.498,-119.768,2023-03-04,51
637421,1993-06-26,F,True,True,usa,new york,LGA,40.777,-73.872,2023-03-05,33
638237,2000-10-09,F,False,True,canada,toronto,YZD,43.742,-79.466,2023-03-05,25
638565,1976-04-10,F,True,True,usa,chicago,MDW,41.786,-87.752,2023-03-05,50
638576,1986-04-02,F,False,True,usa,phoenix,PHX,33.434,-112.008,2023-03-05,40
638580,1981-03-11,F,False,False,canada,victoria,YYJ,48.647,-123.426,2023-03-05,45
638598,2006-05-09,F,False,False,usa,dallas,DAL,32.847,-96.852,2023-03-05,20
638600,1950-10-06,F,False,False,canada,winnipeg,YWG,49.91,-97.234,2023-03-05,76
639009,1988-06-20,F,False,False,usa,oklahoma city,OKC,35.393,-97.601,2023-03-05,38
639168,1982-08-08,F,False,True,canada,montreal,YUL,45.468,-73.741,2023-03-05,44
639458,1981-04-01,F,False,False,usa,stockton,SCK,37.894,-121.239,2023-03-05,45
639510,1967-03-22,F,True,False,usa,san diego,NZY,32.699,-117.215,2023-03-05,59
639554,2006-04-20,F,False,False,usa,los angeles,LAX,33.942,-118.408,2023-03-05,20
639894,1980-03-01,F,True,True,usa,brownsville,BRO,25.907,-97.426,2023-03-06,46
640580,1969-12-10,F,True,False,canada,montreal,YMX,45.68,-74.039,2023-03-06,56
640689,1973-01-27,F,False,False,usa,omaha,OFF,41.118,-95.913,2023-03-06,53
640867,1972-10-20,F,False,True,canada,montreal,YHU,45.517,-73.417,2023-03-06,53
640968,1969-07-23,F,True,False,usa,indianapolis,IND,39.717,-86.294,2023-03-06,57
641364,1993-10-01,F,False,False,usa,las vegas,LSV,36.236,-115.034,2023-03-06,32
642578,1959-12-04,F,True,True,usa,new york,LGA,40.777,-73.872,2023-03-07,66
642786,1982-04-17,F,False,False,usa,charlotte,CLT,35.214,-80.943,2023-03-07,44
642820,1975-10-28,F,True,True,usa,las vegas,LAS,36.08,-115.152,2023-03-07,50
643359,1998-07-28,M,False,False,usa,santa ana,SNA,33.676,-117.868,2023-03-07,28
643469,1980-12-03,F,True,False,usa,new york,LGA,40.777,-73.872,2023-03-07,45
643929,1983-02-02,F,True,False,usa,new york,LGA,40.777,-73.872,2023-03-07,43
644467,1991-07-27,F,False,True,usa,detroit,DTW,42.212,-83.353,2023-03-07,35
644639,1965-09-07,F,True,True,usa,santa ana,SNA,33.676,-117.868,2023-03-07,61
644870,1975-12-16,F,False,False,usa,bakersfield,BFL,35.433,-119.057,2023-03-07,50
645022,2006-08-05,F,False,False,usa,corpus christi,CRP,27.77,-97.501,2023-03-07,20
645168,1985-12-28,F,True,False,usa,baton rouge,BTR,30.533,-91.149,2023-03-08,40
645685,1973-08-14,M,False,False,usa,orlando,MCO,28.429,-81.316,2023-03-08,53
645933,1986-07-03,F,True,False,usa,fresno,FAT,36.776,-119.718,2023-03-08,40
645939,1972-09-16,F,True,True,usa,austin,AUS,30.194,-97.67,2023-03-08,54
646127,2000-10-28,F,False,True,usa,shreveport,SHV,32.446,-93.826,2023-03-08,25
646197,2000-11-28,F,False,False,usa,los angeles,LAX,33.942,-118.408,2023-03-08,25
646257,1987-06-19,F,False,False,usa,indianapolis,IND,39.717,-86.294,2023-03-08,39
646259,2000-04-07,F,True,True,usa,new york,JFK,40.64,-73.779,2023-03-08,26
646424,1980-01-28,F,True,False,canada,montreal,YMX,45.68,-74.039,2023-03-08,46
646455,1972-05-08,F,True,False,usa,houston,IAH,29.98,-95.34,2023-03-08,54
646937,1978-06-02,F,False,True,usa,mobile,MOB,30.691,-88.243,2023-03-08,48
647555,1966-05-22,M,True,False,usa,cleveland,CLE,41.412,-81.85,2023-03-09,60
647638,2006-03-02,F,False,False,canada,winnipeg,YAV,50.056,-97.032,2023-03-09,20
647674,1987-05-08,F,False,True,usa,chicago,ORD,41.979,-87.904,2023-03-09,39
648201,2006-06-12,F,False,False,usa,anchorage,ANC,61.174,-149.996,2023-03-09,20
648379,1983-12-22,M,True,True,canada,montreal,YMX,45.68,-74.039,2023-03-09,42
648990,1976-01-17,F,True,False,usa,san jose,SJC,37.362,-121.929,2023-03-09,50
649080,1985-11-05,F,False,True,usa,houston,IAH,29.98,-95.34,2023-03-09,40
649081,1980-09-23,F,False,False,usa,nashville,BNA,36.124,-86.678,2023-03-09,46
649208,1989-10-09,F,False,True,usa,el paso,BIF,31.849,-106.38,2023-03-09,36
649935,2000-12-06,F,False,False,usa,stockton,SCK,37.894,-121.239,2023-03-10,25
650049,2000-06-27,F,False,True,canada,gatineau,YND,45.521,-75.564,2023-03-10,26
650055,1990-05-03,F,True,False,usa,new york,LGA,40.777,-73.872,2023-03-10,36
650079,1981-10-25,F,True,False,usa,san antonio,SKF,29.384,-98.581,2023-03-10,44
650606,2004-12-15,F,False,False,canada,quebec,YQB,46.788,-71.398,2023-03-10,21
651390,1994-07-28,F,False,True,usa,stockton,SCK,37.894,-121.239,2023-03-10,32
651675,1969-08-21,F,False,True,usa,tulsa,TUL,36.198,-95.888,2023-03-10,57
651805,1975-12-05,M,True,True,usa,new york,JFK,40.64,-73.779,2023-03-10,50
651828,1981-10-11,F,True,True,usa,phoenix,PHX,33.434,-112.008,2023-03-10,44
652003,1976-05-14,F,True,True,canada,toronto,YYZ,43.677,-79.631,2023-03-10,50
652040,1969-11-15,F,False,False,canada,calgary,YYC,51.114,-114.02,2023-03-10,56
652190,2005-03-20,F,False,True,usa,los angeles,LAX,33.942,-118.408,2023-03-10,21
652527,1995-07-06,F,False,False,usa,akron,AKR,41.038,-81.467,2023-03-11,31
653332,1970-12-18,F,True,True,usa,new york,LGA,40.777,-73.872,2023-03-11,55
653852,1975-03-10,F,False,False,usa,new york,JFK,40.64,-73.779,2023-03-11,51
654233,1985-07-01,F,False,False,usa,memphis,MEM,35.042,-89.977,2023-03-11,41
654259,1978-01-28,F,True,False,usa,san diego,SAN,32.733,-117.189,2023-03-11,48
655300,1971-11-03,F,False,False,usa,new orleans,NBG,29.825,-90.035,2023-03-12,54
655499,1956-10-26,F,False,False,usa,baltimore,BWI,39.175,-76.668,2023-03-12,69
656150,1976-12-15,F,True,True,usa,st. louis,STL,38.748,-90.36,2023-03-12,49
656346,1976-09-11,F,True,True,usa,chicago,UGN,42.422,-87.868,2023-03-12,50
656422,1986-11-17,F,False,False,canada,quebec,YQB,46.788,-71.398,2023-03-12,39
656471,1995-05-05,F,False,True,usa,new york,JFK,40.64,-73.779,2023-03-12,31
656560,1984-06-06,F,True,True,canada,london,YXU,43.036,-81.154,2023-03-12,42
656708,1971-06-04,F,True,True,canada,edmonton,YXD,53.573,-113.521,2023-03-12,55
656850,2000-08-26,F,False,False,usa,new york,LGA,40.777,-73.872,2023-03-12,26
656873,1977-09-28,F,False,False,canada,ottawa,YOW,45.323,-75.669,2023-03-12,49
656920,1987-07-15,F,True,False,usa,jacksonville,NIP,30.236,-81.681,2023-03-12,39
657122,1964-11-06,F,True,True,canada,toronto,YTZ,43.627,-79.396,2023-03-12,61
657343,1967-06-22,F,True,False,usa,corpus christi,CRP,27.77,-97.501,2023-03-12,59
657514,1981-08-02,F,True,False,usa,tulsa,TUL,36.198,-95.888,2023-03-12,45
657629,1995-01-20,M,False,False,usa,phoenix,LUF,33.535,-112.383,2023-03-12,31
658234,1984-06-13,F,False,True,usa,tacoma,TCM,47.138,-122.476,2023-03-13,42
658528,1975-09-07,F,True,True,usa,sacramento,SAC,38.513,-121.493,2023-03-13,51
659128,1975-03-23,F,True,True,usa,new york,JFK,40.64,-73.779,2023-03-13,51
659161,1984-08-06,F,False,False,usa,new york,LGA,40.777,-73.872,2023-03-13,42
659832,1980-06-12,F,True,False,usa,los angeles,LAX,33.942,-118.408,2023-03-13,46
660110,1998-10-09,F,False,False,usa,dallas,DAL,32.847,-96.852,2023-03-13,27
660903,2006-07-05,F,False,True,usa,philadelphia,PNE,40.082,-75.011,2023-03-14,20
662010,1981-10-20,F,True,False,usa,denver,DEN,39.858,-104.667,2023-03-14,44
662535,1982-05-05,F,False,False,usa,kansas city,MCI,39.297,-94.714,2023-03-14,44
662596,2004-05-04,F,False,False,usa,nashville,BNA,36.124,-86.678,2023-03-14,22
662750,1975-10-04,F,True,True,usa,dallas,DAL,32.847,-96.852,2023-03-14,51
663017,1983-09-07,M,True,False,usa,houston,HOU,29.645,-95.279,2023-03-14,43
663565,1982-11-25,F,False,False,usa,san antonio,SKF,29.384,-98.581,2023-03-15,43
664084,1988-03-08,F,False,False,usa,new york,JFK,40.64,-73.779,2023-03-15,38
664119,1967-10-27,F,True,False,usa,st. petersburg,SPG,27.765,-82.627,2023-03-15,58
664401,1981-12-20,F,False,False,usa,columbus,LCK,39.814,-82.928,2023-03-15,44
664405,1970-06-26,F,True,True,canada,montreal,YHU,45.517,-73.417,2023-03-15,56
664998,1974-10-09,F,True,False,usa,houston,EFD,29.607,-95.159,2023-03-15,51
665746,1977-03-19,F,True,False,usa,boston,BOS,42.364,-71.005,2023-03-15,49
665892,1992-06-13,F,False,True,usa,knoxville,TYS,35.812,-83.993,2023-03-16,34
666174,1982-05-20,M,True,False,canada,toronto,YKZ,43.862,-79.37,2023-03-16,44
666718,1978-07-06,F,True,False,usa,memphis,MEM,35.042,-89.977,2023-03-16,48
667299,1955-01-09,F,True,False,usa,los angeles,LAX,33.942,-118.408,2023-03-16,71
667536,1998-11-02,F,False,False,usa,portland,PDX,45.589,-122.597,2023-03-16,27
667718,1986-03-02,F,False,False,usa,nashville,BNA,36.124,-86.678,2023-03-16,40
667916,1976-04-26,F,False,False,canada,vancouver,YVR,49.195,-123.182,2023-03-16,50
667929,1988-09-23,F,False,False,usa,new york,LGA,40.777,-73.872,2023-03-16,38
667981,1976-06-27,F,True,False,usa,san antonio,RND,29.529,-98.279,2023-03-16,50
668083,2002-03-16,M,False,False,canada,montreal,YUL,45.468,-73.741,2023-03-16,24
668172,1990-10-09,F,False,False,usa,san francisco,SFO,37.619,-122.375,2023-03-16,35
668677,1994-01-06,F,False,False,usa,new york,LGA,40.777,-73.872,2023-03-17,32
668776,1986-08-18,F,True,True,usa,sacramento,SMF,38.695,-121.591,2023-03-17,40
669140,1960-07-06,F,True,True,usa,detroit,YIP,42.238,-83.53,2023-03-17,66
669155,2003-10-28,F,False,True,usa,new york,LGA,40.777,-73.872,2023-03-17,22
669329,1991-12-01,F,False,False,canada,vancouver,YVR,49.195,-123.182,2023-03-17,34
669348,1983-11-17,F,True,False,usa,bakersfield,BFL,35.433,-119.057,2023-03-17,42
670471,1984-09-01,F,True,True,usa,louisville,LOU,38.228,-85.664,2023-03-17,42
670971,1982-11-01,F,False,False,usa,st. louis,STL,38.748,-90.36,2023-03-17,43
671066,1975-04-19,F,True,True,usa,providence,PVD,41.724,-71.428,2023-03-17,51
671151,1973-06-07,F,True,False,usa,milwaukee,MKE,42.947,-87.896,2023-03-17,53
671999,2006-12-24,F,False,True,usa,los angeles,LAX,33.942,-118.408,2023-03-18,19
672009,1973-02-07,F,True,False,usa,indianapolis,IND,39.717,-86.294,2023-03-18,53
672112,1973-10-25,F,True,True,usa,madison,MSN,43.14,-89.337,2023-03-18,52
673076,2003-07-09,F,False,False,usa,new york,JFK,40.64,-73.779,2023-03-18,23
674375,1978-04-17,F,True,False,usa,sacramento,SMF,38.695,-121.591,2023-03-19,48
675201,1979-03-22,M,False,True,usa,phoenix,PHX,33.434,-112.008,2023-03-19,47
676043,1960-12-22,F,True,False,usa,wichita,IAB,37.623,-97.267,2023-03-19,65
676373,1989-08-23,F,True,True,usa,new york,LGA,40.777,-73.872,2023-03-19,37
677209,1984-08-14,F,False,False,canada,toronto,YTZ,43.627,-79.396,2023-03-20,42
677896,1958-11-25,F,True,True,usa,denver,DEN,39.858,-104.667,2023-03-20,67
678536,1992-07-25,F,True,False,usa,milwaukee,MKE,42.947,-87.896,2023-03-20,34
678547,1992-10-23,F,False,False,canada,toronto,YKZ,43.862,-79.37,2023-03-20,33
679047,1986-09-14,F,False,False,usa,riverside,RAL,33.952,-117.445,2023-03-20,40
679066,1978-03-02,F,True,False,usa,montgomery,MXF,32.379,-86.362,2023-03-20,48
679442,1981-01-01,M,True,False,usa,winston-salem,INT,36.134,-80.222,2023-03-21,45
680424,1974-03-22,F,True,True,usa,new york,LGA,40.777,-73.872,2023-03-21,52
681050,1973-09-12,F,False,False,usa,orlando,ORL,28.545,-81.333,2023-03-21,53
681720,1985-01-25,M,False,True,usa,new york,LGA,40.777,-73.872,2023-03-21,41
682005,1992-11-18,F,False,False,usa,los angeles,LAX,33.942,-118.408,2023-03-22,33
683663,1957-11-13,F,True,False,usa,austin,AUS,30.194,-97.67,2023-03-22,68
683976,2001-03-08,F,False,True,usa,los angeles,LAX,33.942,-118.408,2023-03-22,25
683978,1970-05-04,F,True,True,usa,columbus,CMH,39.998,-82.892,2023-03-22,56
684510,1988-02-07,F,False,True,usa,corpus christi,CRP,27.77,-97.501,2023-03-22,38
684806,1996-03-26,F,False,True,usa,dallas,DAL,32.847,-96.852,2023-03-22,30
685604,1967-10-22,F,True,False,usa,new york,LGA,40.777,-73.872,2023-03-23,58
686920,1969-08-22,F,True,False,usa,richmond,RIC,37.505,-77.319,2023-03-23,57
688312,1996-08-05,F,True,False,usa,fort worth,FTW,32.82,-97.362,2023-03-24,30
689374,1968-04-12,F,True,True,usa,san jose,SJC,37.362,-121.929,2023-03-24,58
689624,1995-08-16,F,False,True,canada,toronto,YYZ,43.677,-79.631,2023-03-24,31
689984,2003-04-11,F,False,True,usa,philadelphia,PHL,39.872,-75.241,2023-03-24,23
690420,1968-10-22,F,True,True,usa,st. petersburg,PIE,27.911,-82.687,2023-03-24,57
690422,1979-06-15,F,False,False,usa,new york,LGA,40.777,-73.872,2023-03-24,47
691334,1975-02-24,F,False,True,usa,new york,JFK,40.64,-73.779,2023-03-25,51
691546,1977-08-03,F,False,True,usa,portland,PWM,43.646,-70.309,2023-03-25,49
693301,1950-01-12,F,False,False,usa,el paso,ELP,31.807,-106.378,2023-03-25,76
693729,1995-01-28,F,True,True,usa,dallas,DAL,32.847,-96.852,2023-03-26,31
694265,1994-06-18,F,True,True,usa,des moines,DSM,41.534,-93.663,2023-03-26,32
695094,1982-01-14,F,True,False,usa,san diego,SAN,32.733,-117.189,2023-03-26,44
695132,1975-03-07,F,True,True,usa,san antonio,SAT,29.534,-98.47,2023-03-26,51
695557,1993-04-24,F,False,False,usa,san diego,SAN,32.733,-117.189,2023-03-26,33
698291,1996-12-23,F,False,False,usa,corpus christi,CRP,27.77,-97.501,2023-03-27,29
699040,1988-07-12,F,False,False,usa,kansas city,MCI,39.297,-94.714,2023-03-28,38
700289,1953-08-17,F,True,False,usa,new york,JFK,40.64,-73.779,2023-03-28,73
700666,1965-09-15,F,True,True,usa,portland,PDX,45.589,-122.597,2023-03-28,61
701565,1970-12-26,F,True,True,usa,charlotte,CLT,35.214,-80.943,2023-03-29,55
702595,1983-01-18,F,False,True,usa,fort worth,FTW,32.82,-97.362,2023-03-29,43
703333,1981-06-02,F,False,True,usa,boston,BOS,42.364,-71.005,2023-03-29,45
704652,1974-01-07,F,False,True,usa,new york,JFK,40.64,-73.779,2023-03-30,52
707525,1978-11-08,F,True,True,usa,indianapolis,IND,39.717,-86.294,2023-03-31,47
708887,2001-08-23,F,False,False,usa,rochester,ROC,43.119,-77.672,2023-03-31,25
710489,1987-02-07,F,False,False,usa,buffalo,BUF,42.94,-78.732,2023-04-01,39
710523,2006-07-04,F,False,False,canada,london,YXU,43.036,-81.154,2023-04-01,20
713557,1965-10-22,F,True,False,usa,minneapolis,MSP,44.88,-93.217,2023-04-02,60
714420,1981-06-11,F,True,True,usa,nashville,BNA,36.124,-86.678,2023-04-02,45
714504,1977-12-18,F,False,False,usa,san antonio,SAT,29.534,-98.47,2023-04-02,48
715059,1982-10-01,F,False,False,usa,houston,IAH,29.98,-95.34,2023-04-02,44
716337,1988-01-24,F,True,False,usa,indianapolis,IND,39.717,-86.294,2023-04-03,38
716801,1956-09-10,F,True,False,usa,sacramento,SAC,38.513,-121.493,2023-04-03,70
717149,1992-08-23,F,True,False,canada,ottawa,YOW,45.323,-75.669,2023-04-03,34
717546,1958-01-23,F,True,False,usa,new orleans,NBG,29.825,-90.035,2023-04-03,68
720860,1986-03-17,F,False,True,usa,long beach,LGB,33.818,-118.151,2023-04-04,40
721496,1973-12-10,F,True,True,usa,chicago,MDW,41.786,-87.752,2023-04-05,52
721570,1980-03-02,F,False,False,usa,newark,EWR,40.692,-74.169,2023-04-05,46
725357,1978-10-06,F,True,False,usa,cincinnati,CVG,39.046,-84.662,2023-04-06,47
727886,1978-04-20,F,True,False,usa,san francisco,SFO,37.619,-122.375,2023-04-07,48
728820,1985-07-15,M,False,True,usa,houston,HOU,29.645,-95.279,2023-04-07,41
733654,1956-05-26,F,True,False,usa,portland,PWM,43.646,-70.309,2023-04-09,70
734565,1966-02-08,F,True,False,usa,honolulu,HNL,21.316,-157.927,2023-04-09,60
741190,2003-04-24,F,False,True,canada,toronto,YTZ,43.627,-79.396,2023-04-12,23
741902,1976-09-05,F,True,True,canada,halifax,YAW,44.64,-63.499,2023-04-12,50
743151,1990-08-24,F,False,True,usa,seattle,BFI,47.53,-122.302,2023-04-12,36
752933,1955-11-09,F,True,False,usa,fresno,FAT,36.776,-119.718,2023-04-16,70
756434,1982-01-24,F,False,True,usa,omaha,OFF,41.118,-95.913,2023-04-17,44
757930,1978-03-24,F,False,False,usa,las vegas,LAS,36.08,-115.152,2023-04-17,48
760793,1983-03-20,F,True,False,usa,modesto,MOD,37.626,-120.954,2023-04-18,43
767426,1987-04-27,F,True,True,usa,fayetteville,FYV,36.005,-94.17,2023-04-21,39
770252,1998-12-12,F,False,False,usa,oakland,OAK,37.721,-122.221,2023-04-22,27
774666,1978-11-21,F,True,False,usa,minneapolis,MSP,44.88,-93.217,2023-04-23,47
777366,1975-07-02,F,False,False,usa,new york,JFK,40.64,-73.779,2023-04-24,51
780167,1974-06-08,F,True,True,usa,los angeles,LAX,33.942,-118.408,2023-04-25,52
785186,1979-06-03,F,True,True,usa,little rock,LIT,34.729,-92.224,2023-04-27,47
792549,1978-01-25,F,False,False,usa,kansas city,MCI,39.297,-94.714,2023-04-30,48
811077,1979-02-22,F,True,True,usa,knoxville,TYS,35.812,-83.993,2023-05-06,47
844489,2000-05-09,M,False,True,usa,el paso,BIF,31.849,-106.38,2023-05-18,26
