user_id,gender,married,has_children,home_country,home_city,home_airport,age,state,num_session,num_trips,num_flights,num_hotels,booking_discount_rate,average_seats,average_checked_bags,average_seat_price,weekend_trip_ratio,average_nights,total_flight_cost,total_hotels_cost
94883,F,True,False,usa,kansas city,MCI,54,Missouri,8,2,2,2,0.0,1.5,0.5,276.2525,0.5,1.0,864.0899999999999,230.0
101486,F,True,True,usa,tacoma,TCM,53,Washington,8,2,1,2,0.0,1.0,0.0,189.91,1.0,4.0,189.91,2199.0
101961,F,True,False,usa,boston,BOS,46,Massachusetts,8,5,5,5,0.2,1.0,0.4,248.53199999999998,0.2,3.8,1237.693,2429.0
106907,F,True,True,usa,miami,TNT,47,Florida,8,0,0,0,,,,,,,,
118043,F,False,True,usa,los angeles,LAX,54,California,8,5,3,4,0.6,2.0,1.0,445.8472222222222,0.25,5.5,2339.29,5616.45
149058,F,False,True,usa,birmingham,BHM,53,Alabama,8,5,5,5,0.2,1.2,0.4,336.31600000000003,0.2,5.2,1919.1325000000002,5579.0
153982,F,False,True,canada,toronto,YKZ,48,Ontario,8,3,3,3,0.0,1.0,0.3333333333333333,218.95666666666668,0.0,1.3333333333333333,656.87,681.0
167852,F,False,False,usa,tampa,MCF,20,Florida,8,0,0,0,,,,,,,,
174997,F,False,False,usa,grand rapids,GRR,34,Michigan,8,2,2,2,0.0,1.0,0.0,295.215,0.0,2.0,590.43,448.0
181157,F,True,False,usa,houston,HOU,56,Texas,8,3,3,3,0.6666666666666666,2.0,1.0,212.46916666666667,0.0,3.3333333333333335,959.0255,4987.8
190866,F,False,False,usa,tallahassee,TLH,40,Florida,9,5,5,5,0.0,1.0,0.4,416.2,0.0,2.0,2081.0,1496.0
204997,F,True,False,usa,kansas city,MCI,41,Missouri,8,2,2,1,0.0,1.0,0.5,244.235,0.0,4.0,488.47,284.0
217114,O,True,True,usa,long beach,LGB,22,California,9,0,0,0,,,,,,,,
228195,F,False,True,usa,los angeles,LAX,29,California,9,0,0,0,,,,,,,,
229009,F,False,False,usa,stockton,SCK,20,California,8,2,2,2,0.0,1.0,0.5,530.815,0.5,1.5,1061.63,474.0
252835,F,False,True,usa,chicago,ORD,40,Illinois,8,5,5,4,0.2,1.0,0.6,335.31,0.25,2.75,1615.635,1460.0
281952,F,False,False,usa,louisville,LOU,39,Kentucky,8,2,2,2,0.5,1.0,1.5,342.36,0.0,1.0,684.72,236.29999999999998
283325,F,True,False,usa,dallas,DAL,53,Texas,8,2,1,2,0.5,1.0,0.0,453.27,0.5,3.0,407.943,2884.0
298253,F,True,True,usa,los angeles,LAX,49,California,8,1,1,0,0.0,1.0,2.0,712.42,,,712.42,
299476,F,True,False,usa,atlanta,ATL,41,Georgia,9,1,1,1,0.0,1.0,0.0,192.38,0.0,1.0,192.38,71.0
306165,F,False,False,usa,cleveland,CLE,23,Ohio,8,0,0,0,,,,,,,,
312488,M,True,False,usa,new york,JFK,33,New York,8,1,1,1,0.0,1.0,1.0,407.1,1.0,1.0,407.1,299.0
316527,F,True,True,canada,winnipeg,YWG,44,Manitoba,8,4,4,4,0.25,1.25,0.25,347.87875,0.5,3.0,1739.89,5658.3
330764,F,False,False,usa,detroit,DET,41,Michigan,8,2,0,2,0.0,,,,0.0,4.5,,1094.0
330893,F,True,True,usa,oklahoma city,OKC,45,Oklahoma,8,3,3,3,0.0,1.0,0.6666666666666666,287.2033333333333,0.3333333333333333,2.0,861.61,750.0
337227,F,True,False,usa,santa ana,SNA,37,California,8,0,0,0,,,,,,,,
338086,F,False,True,usa,washington,IAD,42,Virginia,8,2,2,2,0.5,1.0,0.5,490.845,0.0,1.5,981.69,192.0
340166,M,True,True,usa,san francisco,SFO,53,California,8,1,0,1,0.0,,,,0.0,2.0,,474.0
347778,F,False,False,usa,las vegas,LSV,52,Nevada,9,5,5,4,0.0,1.6,1.0,436.608,0.0,2.25,4233.69,4474.0
348863,F,True,False,usa,san antonio,SKF,69,Texas,8,0,0,0,,,,,,,,
350648,F,False,False,usa,lincoln,LNK,20,Nebraska,8,0,0,0,,,,,,,,
353271,F,False,True,usa,milwaukee,MKE,29,Wisconsin,8,1,1,1,0.0,2.0,0.0,204.2,0.0,1.0,408.4,272.0
353694,F,False,True,usa,new york,LGA,42,New York,8,2,2,2,0.0,1.5,0.5,167.6475,0.0,4.5,461.37,1634.0
354050,F,False,False,usa,detroit,DET,52,Michigan,8,5,5,5,0.4,1.2,0.2,324.466,0.2,2.4,1928.776,2512.6
354260,F,False,False,usa,providence,PVD,52,Rhode Island,8,2,2,1,0.0,1.0,1.0,582.505,0.0,2.0,1165.01,520.0
354311,F,True,False,usa,tucson,DMA,48,Arizona,8,2,2,1,0.0,1.0,0.5,536.4449999999999,1.0,3.0,1072.8899999999999,291.0
357737,F,True,True,usa,san diego,SAN,43,California,8,4,3,4,0.5,1.0,0.0,653.2333333333333,0.25,3.0,1959.7,1236.1
359072,F,True,True,canada,montreal,YUL,53,Quebec,8,2,2,2,0.0,1.0,0.5,66.575,1.0,1.5,133.15,447.0
359080,F,True,False,usa,new york,JFK,44,New York,8,4,4,2,0.25,1.25,1.0,816.9712499999999,0.0,2.0,5153.5599999999995,1383.0
361459,F,True,True,usa,houston,EFD,44,Texas,8,1,1,1,0.0,1.0,1.0,393.91,1.0,1.0,393.91,165.0
365825,F,False,False,usa,los angeles,LAX,47,California,8,1,1,1,0.0,1.0,1.0,64.63,0.0,10.0,64.63,950.0
372970,F,False,False,usa,charlotte,CLT,36,North Carolina,8,2,2,2,0.0,1.0,0.5,646.6500000000001,0.5,1.0,1293.3000000000002,408.0
373489,F,True,True,usa,wichita,ICT,39,Kansas,9,1,1,1,1.0,4.0,3.0,1862.8275,0.0,12.0,5588.4825,1224.0
374331,M,False,False,usa,milwaukee,MKE,44,Wisconsin,8,1,0,1,0.0,,,,1.0,12.0,,6720.0
374341,F,False,False,usa,detroit,YIP,28,Michigan,8,3,0,3,0.0,,,,0.0,7.333333333333333,,6840.0
375160,F,False,False,usa,houston,EFD,22,Texas,8,0,0,0,,,,,,,,
375729,F,False,False,usa,atlanta,ATL,55,Georgia,8,3,3,3,0.6666666666666666,1.0,0.3333333333333333,344.05333333333334,0.0,2.0,896.282,1667.0
375751,F,True,False,usa,cleveland,CLE,52,Ohio,8,3,3,2,0.0,1.0,0.3333333333333333,235.85333333333332,0.0,3.0,707.56,999.0
376159,F,False,False,usa,long beach,LGB,44,California,8,2,1,2,0.0,1.0,1.0,367.24,0.0,3.0,367.24,708.0
377411,F,True,False,canada,montreal,YMX,40,Quebec,8,2,2,2,0.5,1.5,0.0,275.41999999999996,0.0,2.5,989.996,1026.0
378565,F,True,True,usa,nashville,BNA,43,Tennessee,8,5,2,5,0.4,1.0,0.5,354.815,0.0,8.8,687.941,8600.0
380434,F,True,True,usa,oklahoma city,TIK,52,Oklahoma,8,3,3,3,0.3333333333333333,1.0,0.3333333333333333,356.92,0.3333333333333333,2.3333333333333335,999.3374999999999,1426.0
380757,F,False,True,usa,los angeles,LAX,48,California,8,3,3,3,0.3333333333333333,1.0,0.3333333333333333,165.20666666666668,0.0,4.666666666666667,495.62,1310.35
380949,F,False,False,usa,san antonio,SAT,48,Texas,8,4,4,3,0.0,1.0,0.25,379.27250000000004,0.0,2.3333333333333335,1517.0900000000001,1654.0
382181,F,True,False,canada,halifax,YHZ,38,Nova Scotia,8,3,3,2,0.0,1.0,0.6666666666666666,357.68,0.0,2.5,1073.04,920.0
382384,F,True,False,usa,st. petersburg,PIE,59,Florida,8,1,1,1,0.0,1.0,1.0,228.63,0.0,1.0,228.63,156.0
382533,F,False,False,usa,long beach,LGB,20,California,8,0,0,0,,,,,,,,
385689,F,False,True,usa,nashville,BNA,51,Tennessee,8,4,3,4,0.5,1.3333333333333333,0.3333333333333333,338.9916666666667,0.5,4.0,1238.843,3545.0
386255,F,False,True,usa,mobile,BFM,34,Alabama,8,1,0,1,0.0,,,,1.0,4.0,,2144.0
386469,F,False,False,usa,stockton,SCK,19,California,9,0,0,0,,,,,,,,
388328,F,True,True,canada,toronto,YYZ,52,Ontario,9,5,3,5,0.4,1.0,1.0,413.56666666666666,0.4,4.6,1240.7,4770.9
388767,F,True,True,usa,tallahassee,TLH,47,Florida,8,1,1,1,0.0,1.0,1.0,372.34,1.0,10.0,372.34,1890.0
388947,M,False,False,usa,new york,LGA,42,New York,9,3,3,2,0.3333333333333333,1.0,0.6666666666666666,434.6966666666667,1.0,2.0,1196.2385,684.0
389434,F,False,False,usa,new york,LGA,44,New York,8,4,4,4,0.25,1.0,0.25,462.9175,0.75,1.75,1725.28,1309.0
389662,F,False,False,usa,fresno,FAT,41,California,8,3,2,3,0.3333333333333333,1.0,1.0,330.09000000000003,0.0,1.3333333333333333,631.063,815.0
389759,F,False,True,usa,anchorage,ANC,35,Alaska,8,3,3,3,0.3333333333333333,1.6666666666666667,0.3333333333333333,764.818888888889,0.3333333333333333,2.0,3088.631,2628.0
390811,F,False,False,usa,los angeles,LAX,43,California,8,3,3,3,0.0,1.0,0.6666666666666666,366.34,0.6666666666666666,3.6666666666666665,1099.02,1387.0
392453,F,False,False,usa,el paso,ELP,60,Texas,8,1,1,1,1.0,1.0,1.0,393.98,0.0,11.0,374.281,1166.0
395981,F,True,False,canada,vancouver,YVR,54,British Columbia,8,3,3,3,0.3333333333333333,1.3333333333333333,1.0,474.12166666666667,0.3333333333333333,1.0,1777.8980000000001,1399.0
399218,F,True,True,usa,fort worth,FTW,46,Texas,8,2,2,1,0.0,1.0,0.5,243.95,1.0,2.0,487.9,246.0
400275,F,True,True,usa,phoenix,LUF,58,Arizona,8,2,2,1,1.0,1.0,0.5,536.525,0.0,4.0,871.941,1052.0
401245,F,False,False,usa,omaha,OFF,30,Nebraska,8,3,3,2,0.3333333333333333,1.0,0.0,317.26666666666665,0.0,3.0,915.168,722.0
402332,F,False,False,usa,sacramento,MCC,34,California,8,2,2,2,1.0,1.5,0.0,371.035,1.0,1.0,767.414,424.65
403881,F,False,False,usa,san diego,NZY,46,California,8,4,4,4,0.0,1.5,0.75,459.1875,0.25,2.75,2971.67,1974.0
404879,F,True,False,usa,newark,EWR,41,New Jersey,8,4,4,3,0.0,1.25,0.5,255.885,0.0,3.3333333333333335,1046.8799999999999,5029.0
407250,F,False,False,usa,laredo,LRD,39,Texas,8,4,4,3,0.0,1.0,0.25,478.64250000000004,0.3333333333333333,3.0,1914.5700000000002,1025.0
407275,F,False,False,usa,philadelphia,PNE,44,Pennsylvania,8,4,4,3,0.0,1.0,0.5,186.73749999999998,0.6666666666666666,5.0,746.9499999999999,2576.0
408551,F,True,True,usa,chicago,UGN,45,Illinois,9,2,2,2,0.0,1.0,0.5,323.695,0.0,2.5,647.39,1076.0
409073,F,True,False,usa,sacramento,MCC,45,California,8,3,3,3,0.0,1.0,1.0,526.1866666666666,0.0,1.6666666666666667,1578.56,803.0
413340,F,True,True,usa,nashville,BNA,50,Tennessee,8,3,3,1,0.3333333333333333,1.0,0.6666666666666666,177.35333333333332,0.0,8.0,532.06,1096.0
413658,F,True,True,usa,philadelphia,PNE,54,Pennsylvania,8,2,1,2,0.0,1.0,1.0,189.04,0.0,3.0,189.04,1593.0
415381,F,True,False,usa,chicago,UGN,48,Illinois,8,3,3,2,0.0,1.0,1.0,150.40333333333334,0.0,2.5,451.21000000000004,704.0
416319,F,True,False,usa,new york,LGA,57,New York,8,2,2,2,0.0,1.0,0.5,73.8,0.5,1.0,147.6,219.0
418692,F,False,False,usa,fort worth,FTW,41,Texas,10,2,2,2,1.0,2.0,0.5,268.2366666666667,0.0,1.5,968.713,631.65
420669,F,True,True,canada,calgary,YYC,53,Alberta,8,2,1,2,0.0,1.0,1.0,597.15,0.5,6.0,597.15,1566.0
421870,M,True,True,usa,little rock,LIT,32,Arkansas,8,3,3,2,0.6666666666666666,3.3333333333333335,2.6666666666666665,1126.5116666666668,0.5,2.5,22177.841,1435.0
422668,F,False,False,usa,houston,HOU,20,Texas,8,0,0,0,,,,,,,,
424553,F,True,False,usa,oklahoma city,TIK,51,Oklahoma,8,3,1,3,0.0,1.0,1.0,393.35,0.6666666666666666,5.333333333333333,393.35,1798.0
425632,F,True,False,usa,tampa,MCF,47,Florida,8,3,2,2,0.3333333333333333,1.0,0.5,444.49,0.5,5.0,888.98,2280.0
425953,F,True,False,usa,nashville,BNA,40,Tennessee,8,4,4,4,0.25,1.75,0.0,136.05666666666667,0.5,2.0,822.3255,1162.85
425966,F,True,False,usa,las vegas,LAS,58,Nevada,8,2,2,2,0.0,1.0,0.5,659.335,0.5,2.0,1318.67,537.0
428552,F,True,False,usa,new york,LGA,39,New York,8,2,2,2,0.5,1.0,0.0,392.445,0.5,1.5,692.4375,610.0
428858,F,False,False,usa,san diego,NZY,23,California,8,2,1,2,0.0,1.0,1.0,689.01,0.5,6.0,689.01,4072.0
429345,M,True,True,usa,tallahassee,TLH,68,Florida,8,1,0,1,1.0,,,,0.0,6.0,,714.0
429375,F,False,False,usa,new york,LGA,36,New York,8,2,2,2,0.0,1.0,1.0,188.615,0.5,1.5,377.23,753.0
430722,M,False,False,usa,mobile,BFM,30,Alabama,8,2,2,2,0.5,1.0,1.0,187.72500000000002,0.0,2.5,336.86400000000003,921.4
431746,F,False,False,usa,des moines,DSM,43,Iowa,8,1,1,1,1.0,2.0,2.0,275.08,1.0,1.0,550.16,207.1
431899,F,True,False,usa,seattle,SEA,46,Washington,8,0,0,0,,,,,,,,
431912,F,False,True,usa,detroit,DET,38,Michigan,8,1,1,0,0.0,2.0,1.0,147.945,,,295.89,
432333,F,True,True,usa,milwaukee,MKE,52,Wisconsin,8,2,1,2,0.5,1.0,1.0,515.36,0.0,4.5,515.36,1460.0
433080,F,True,False,usa,colorado springs,COS,46,Colorado,8,4,4,4,0.5,1.25,0.75,295.21125,0.5,3.25,1350.21,1675.6
433339,F,False,True,usa,detroit,DET,28,Michigan,8,2,1,2,0.5,1.0,1.0,54.64,1.0,7.0,54.64,2230.0
435596,F,False,False,usa,houston,EFD,55,Texas,8,2,2,2,0.0,1.0,0.5,401.71500000000003,0.0,2.0,803.4300000000001,892.0
435882,F,True,False,usa,washington,DCA,53,Virginia,9,2,2,2,0.0,1.0,0.5,295.615,0.5,2.0,591.23,1312.0
436320,F,True,True,usa,milwaukee,MKE,52,Wisconsin,8,2,2,2,1.0,1.0,0.5,199.715,0.5,2.5,379.03700000000003,629.0
436894,F,True,False,usa,louisville,LOU,44,Kentucky,8,2,2,2,0.0,1.0,0.5,156.905,0.0,4.0,313.81,931.0
437069,F,False,False,usa,tucson,DMA,45,Arizona,8,5,5,5,0.4,1.2,0.6,318.39,0.4,3.6,1755.51,2491.9
437162,F,False,False,usa,madison,MSN,33,Wisconsin,8,1,1,1,1.0,1.0,1.0,546.44,0.0,1.0,546.44,253.64999999999998
437251,F,False,False,canada,london,YXU,46,Ontario,8,3,3,3,0.0,1.0,0.3333333333333333,362.3733333333334,0.3333333333333333,1.3333333333333333,1087.1200000000001,281.0
438189,F,True,False,usa,fort worth,FTW,38,Texas,9,6,6,5,0.16666666666666666,1.1666666666666667,0.8333333333333334,274.1191666666667,0.0,2.2,2054.23,2669.3
438839,F,False,True,usa,new york,JFK,52,New York,8,3,3,3,0.3333333333333333,1.0,0.6666666666666666,210.77666666666664,0.3333333333333333,6.666666666666667,576.574,2932.0
438937,F,False,False,usa,sacramento,SMF,40,California,8,2,2,2,0.5,1.0,0.5,332.67,0.0,2.5,665.34,1255.25
438985,F,False,False,usa,new york,JFK,32,New York,8,2,2,2,0.5,1.0,0.5,654.72,0.0,2.0,1281.7385,584.1
440212,F,True,True,usa,winston-salem,INT,41,North Carolina,8,1,1,1,1.0,1.0,1.0,578.68,1.0,2.0,520.812,116.0
441205,F,True,True,usa,san antonio,RND,49,Texas,8,2,2,0,0.5,1.0,0.5,398.87,,,797.74,
441982,F,False,False,usa,new york,JFK,49,New York,8,5,5,3,0.4,1.4,0.4,208.72333333333336,0.6666666666666666,2.6666666666666665,1176.8029999999999,2418.0
442484,F,True,False,usa,houston,EFD,46,Texas,8,3,3,1,0.3333333333333333,1.0,0.3333333333333333,281.79333333333335,0.0,1.0,757.417,85.0
442718,F,True,True,usa,new york,JFK,51,New York,8,4,4,2,0.5,1.25,0.25,568.89375,0.0,5.0,2808.9295,1264.8
442833,F,True,False,canada,calgary,YYC,42,Alberta,8,4,4,4,0.0,1.25,0.25,491.76,0.25,1.25,2566.2400000000002,1594.0
443305,F,False,False,usa,chicago,ORD,23,Illinois,8,1,1,1,0.0,1.0,1.0,206.2,1.0,3.0,206.2,435.0
444885,F,True,False,usa,amarillo,AMA,35,Texas,8,1,1,1,0.0,1.0,2.0,469.48,1.0,3.0,469.48,333.0
446138,F,True,False,usa,houston,IAH,42,Texas,8,2,1,2,0.5,1.0,0.0,236.69,0.0,8.0,236.69,5291.0
447737,F,False,False,canada,calgary,YYC,44,Alberta,8,3,3,2,0.3333333333333333,1.3333333333333333,1.0,506.7716666666667,0.5,1.5,2087.05,229.6
447951,F,False,False,usa,columbus,LCK,45,Ohio,8,2,2,2,0.0,1.0,0.5,93.20500000000001,0.5,1.5,186.41000000000003,676.0
448025,F,False,False,canada,montreal,YHU,32,Quebec,8,1,1,1,0.0,1.0,0.0,147.12,0.0,4.0,147.12,608.0
448154,F,False,False,usa,los angeles,LAX,58,California,8,2,2,1,0.0,3.0,0.0,551.0075,1.0,7.0,2833.6000000000004,1806.0
448295,M,True,False,usa,lubbock,LBB,54,Texas,8,2,2,2,0.0,1.0,0.5,263.225,0.0,1.5,526.45,556.0
449326,F,False,False,canada,halifax,YAW,41,,8,2,2,2,0.0,1.0,0.5,646.53,0.0,3.5,1293.06,715.0
449980,F,False,False,canada,winnipeg,YAV,20,,8,0,0,0,,,,,,,,
450164,F,True,False,usa,phoenix,PHX,39,Arizona,8,4,4,4,0.0,1.5,0.5,236.0575,0.25,3.25,1393.51,2401.0
450193,F,False,False,canada,montreal,YUL,37,Quebec,8,2,2,2,0.5,1.0,0.5,562.235,0.0,8.0,1062.793,6068.0
451291,F,True,False,usa,st. louis,STL,57,Missouri,9,4,4,1,0.5,1.25,0.5,587.8125,0.0,1.0,3322.2270000000003,182.0
452034,F,False,False,usa,cleveland,CLE,52,Ohio,8,1,1,1,0.0,1.0,1.0,262.41,1.0,5.0,262.41,1570.0
452532,F,False,False,usa,el paso,ELP,35,Texas,8,2,2,0,0.5,1.0,1.0,370.255,,,641.1675,
452594,F,False,True,usa,las vegas,LSV,46,Nevada,8,4,3,4,0.25,1.0,0.3333333333333333,351.6766666666667,0.25,5.25,1025.8809999999999,4048.0
452612,F,True,True,usa,rochester,ROC,45,New York,8,1,1,1,0.0,1.0,2.0,341.65,1.0,4.0,341.65,592.0
453168,F,True,False,usa,new york,LGA,48,New York,9,4,4,3,0.25,1.0,0.5,340.4625,0.0,3.0,1326.442,728.0
454934,F,True,False,usa,tacoma,TCM,44,Washington,8,2,2,2,0.0,1.0,0.5,382.1,0.0,2.5,764.2,735.0
456318,F,False,False,usa,los angeles,LAX,32,California,8,1,1,1,0.0,1.0,0.0,347.66,1.0,2.0,347.66,302.0
456663,F,True,True,usa,new york,LGA,40,New York,9,2,2,2,0.5,1.0,1.5,427.695,0.5,2.0,812.981,744.0
456671,F,False,False,usa,san antonio,SAT,40,Texas,8,1,1,1,0.0,1.0,2.0,392.49,1.0,1.0,392.49,160.0
457468,F,True,False,usa,phoenix,LUF,43,Arizona,8,4,2,4,0.5,2.0,2.0,85.59333333333333,0.0,4.5,293.5325,3247.0
458479,F,False,False,usa,chicago,UGN,47,Illinois,8,2,1,2,0.5,1.0,1.0,441.3,0.0,7.0,397.17,2612.0
458725,F,False,False,usa,montgomery,MXF,20,Alabama,8,0,0,0,,,,,,,,
458762,F,True,True,canada,montreal,YHU,42,Quebec,9,4,3,1,0.0,1.0,1.0,240.24,1.0,5.0,720.72,425.0
458814,F,False,False,usa,oklahoma city,OKC,34,Oklahoma,8,4,3,3,1.0,1.6666666666666667,0.0,144.54666666666665,0.3333333333333333,4.333333333333333,611.879,4386.0
458855,F,True,True,usa,tucson,TUS,32,Arizona,9,2,2,2,0.5,1.5,0.5,301.89250000000004,0.0,1.5,830.6600000000001,520.8
458919,F,False,False,usa,fresno,FAT,39,California,8,2,2,2,0.0,1.0,1.5,668.115,0.0,1.0,1336.23,298.0
459229,F,True,False,usa,new york,LGA,44,New York,8,4,4,3,0.75,1.75,0.5,295.009375,0.0,6.333333333333333,3513.944,5252.0
460072,M,False,False,usa,kansas city,MCI,51,Missouri,8,2,1,2,0.5,1.0,0.0,335.73,0.0,4.0,335.73,1420.6999999999998
460553,F,True,True,usa,laredo,LRD,57,Texas,8,3,1,3,0.0,1.0,1.0,513.07,0.0,8.666666666666666,513.07,3853.0
461559,F,False,False,canada,victoria,YYJ,34,British Columbia,8,4,4,3,0.5,1.0,0.5,288.9675,0.0,3.6666666666666665,1155.87,946.8
462894,F,False,False,usa,columbus,LCK,53,Ohio,9,1,1,0,0.0,1.0,1.0,490.43,,,490.43,
463783,F,False,False,usa,st. louis,STL,52,Missouri,9,4,3,2,0.25,1.0,0.6666666666666666,305.8233333333333,0.0,4.5,917.47,5582.0
463867,F,False,False,usa,detroit,DTW,33,Michigan,8,2,2,2,0.0,1.0,1.0,250.755,0.0,1.0,501.51,275.0
464080,F,True,False,canada,quebec,YQB,73,Quebec,8,1,1,1,0.0,1.0,2.0,126.7,0.0,5.0,126.7,600.0
464239,F,False,False,usa,columbus,CMH,51,Ohio,8,3,3,3,0.0,1.0,0.3333333333333333,275.01666666666665,0.0,2.3333333333333335,825.05,941.0
465138,F,False,False,usa,birmingham,BHM,39,Alabama,8,4,4,4,0.0,1.0,0.75,211.4925,0.25,2.5,845.97,2224.0
465343,F,True,True,usa,los angeles,LAX,55,California,8,2,2,2,0.5,1.5,1.0,526.155,0.0,3.0,1709.7884999999999,3189.0
465531,F,True,False,usa,newark,EWR,36,New Jersey,8,2,2,2,0.0,1.0,0.0,202.855,0.5,3.5,405.71,792.0
465568,F,True,True,usa,el paso,BIF,52,Texas,8,1,0,1,1.0,,,,0.0,3.0,,525.6
465731,F,False,False,usa,phoenix,LUF,58,Arizona,8,2,2,2,0.0,1.0,0.0,531.9100000000001,0.5,5.0,1063.8200000000002,2052.0
467092,F,False,True,usa,los angeles,LAX,20,California,8,0,0,0,,,,,,,,
467339,F,False,True,usa,san diego,SAN,45,California,8,3,3,2,0.0,1.3333333333333333,1.3333333333333333,173.96333333333334,0.0,2.5,566.14,741.0
467809,F,False,True,usa,reno,RNO,49,Nevada,8,3,3,3,0.6666666666666666,1.0,0.3333333333333333,453.32333333333327,0.0,1.3333333333333333,1359.9699999999998,647.0
467892,F,False,False,usa,new york,JFK,34,New York,8,4,3,4,0.25,1.0,0.0,383.10999999999996,0.5,2.5,1149.33,1625.4
468409,F,True,False,usa,jacksonville,NZC,52,Ica,8,4,4,4,0.25,1.0,0.75,227.45,0.0,3.0,870.79,2250.0
468832,F,True,False,canada,montreal,YMX,40,Quebec,8,4,3,4,0.0,1.0,0.6666666666666666,427.39333333333326,0.0,4.0,1282.1799999999998,2044.0
469440,F,True,True,usa,los angeles,LAX,46,California,8,3,3,2,0.0,1.0,0.3333333333333333,344.1933333333333,0.5,1.5,1032.58,531.0
469464,F,True,False,usa,mobile,BFM,48,Alabama,8,4,2,3,0.5,2.0,1.5,302.095,0.6666666666666666,4.666666666666667,1208.38,2105.35
469699,F,True,True,usa,new york,LGA,57,New York,9,2,1,2,0.0,1.0,2.0,94.0,0.0,2.5,94.0,705.0
469824,F,False,False,usa,los angeles,LAX,54,California,8,3,2,3,0.3333333333333333,1.0,1.0,95.125,0.3333333333333333,5.0,190.25,2130.0
471161,F,False,False,usa,houston,EFD,43,Texas,8,2,2,2,0.5,1.5,1.5,431.55499999999995,0.0,1.5,1079.366,279.2
471186,F,True,False,usa,los angeles,LAX,52,California,8,2,2,2,0.5,1.0,0.0,589.24,0.5,1.0,1178.48,246.8
471649,F,True,True,usa,fort worth,FTW,50,Texas,8,1,0,1,1.0,,,,1.0,4.0,,96.0
471687,F,True,False,usa,los angeles,LAX,43,California,9,4,4,4,0.0,1.25,0.5,399.515,0.75,2.0,1691.71,2531.0
471935,F,True,False,usa,laredo,LRD,50,Texas,9,3,2,3,0.0,1.5,0.0,406.86249999999995,0.0,2.0,1307.37,1440.0
471946,F,True,True,usa,santa ana,SNA,47,California,8,1,0,1,0.0,,,,1.0,3.0,,282.0
472394,F,False,False,usa,tucson,TUS,44,Arizona,8,2,1,2,0.0,1.0,1.0,377.85,0.0,5.0,377.85,3046.0
472446,F,False,False,canada,toronto,YZD,19,,8,2,2,1,0.0,1.0,0.0,102.635,0.0,1.0,205.27,420.0
473847,F,False,True,usa,chicago,MDW,34,Illinois,8,1,1,1,1.0,2.0,1.0,403.04,1.0,4.0,564.256,836.0
474007,F,False,False,usa,chicago,ORD,20,Illinois,8,1,1,1,0.0,1.0,0.0,77.23,0.0,1.0,77.23,146.0
474120,M,False,True,canada,quebec,YQB,45,Quebec,8,3,3,3,0.0,1.3333333333333333,0.3333333333333333,545.625,0.6666666666666666,4.0,2390.79,4032.0
474239,F,True,True,usa,el paso,BIF,27,Texas,8,0,0,0,,,,,,,,
474261,F,False,False,canada,toronto,YZD,36,,8,3,1,3,0.3333333333333333,1.0,1.0,63.7,0.0,6.666666666666667,63.7,2852.0
474278,F,False,False,usa,portland,PWM,27,Maine,8,0,0,0,,,,,,,,
474464,F,True,False,usa,new york,LGA,59,New York,8,3,3,2,0.3333333333333333,1.6666666666666667,1.6666666666666667,480.8211111111111,0.5,2.5,2477.078,1248.0
475060,F,False,False,usa,new york,LGA,33,New York,8,2,2,2,0.0,1.0,1.0,147.74,0.5,3.0,295.48,668.0
475467,F,False,False,usa,san antonio,SAT,38,Texas,8,3,3,3,0.3333333333333333,1.0,1.0,325.4633333333333,0.6666666666666666,2.6666666666666665,959.4565,1920.3
475531,F,False,False,usa,detroit,YIP,40,Michigan,9,4,4,3,0.0,1.0,0.75,329.95,0.0,2.0,1319.8,649.0
476104,F,False,True,usa,san jose,SJC,52,California,8,7,6,7,0.0,1.0,1.1666666666666667,441.0516666666667,0.2857142857142857,2.2857142857142856,2646.31,6417.0
476124,F,False,False,canada,edmonton,YED,37,,8,3,3,3,0.3333333333333333,1.0,0.6666666666666666,418.17333333333335,0.3333333333333333,2.6666666666666665,1224.9924999999998,1253.0
476270,M,False,False,canada,edmonton,YXD,53,,8,3,2,3,0.0,1.0,0.5,313.645,0.3333333333333333,4.333333333333333,627.29,2251.0
476535,F,False,True,canada,vancouver,YVR,51,British Columbia,9,4,4,3,0.25,1.0,0.75,448.0525,0.3333333333333333,1.3333333333333333,1792.21,269.05
476742,M,False,True,usa,orlando,ORL,51,Florida,8,2,1,1,0.5,1.0,1.0,209.8,0.0,9.0,209.8,2249.1
476956,F,False,False,canada,montreal,YUL,30,Quebec,8,3,2,3,0.0,1.0,0.0,482.76,0.6666666666666666,2.3333333333333335,965.52,1097.0
477285,F,True,False,usa,akron,AKR,54,Ondo,8,2,2,2,0.5,1.0,0.5,316.28000000000003,0.5,1.5,632.5600000000001,513.0999999999999
477597,F,True,True,usa,san diego,SAN,50,California,8,2,2,2,0.5,1.0,0.0,700.0,0.0,2.0,1262.0140000000001,591.0
477730,F,False,False,usa,san diego,SAN,47,California,8,5,5,5,0.2,1.2,0.0,559.121,0.6,3.8,3485.71,5655.5
477805,F,False,False,usa,nashville,BNA,35,Tennessee,8,1,0,1,0.0,,,,0.0,10.0,,2000.0
478291,F,True,True,usa,new york,LGA,49,New York,8,2,2,2,0.0,1.0,1.0,401.15999999999997,0.5,1.0,802.3199999999999,494.0
478533,F,True,False,usa,phoenix,PHX,50,Arizona,8,1,1,1,0.0,1.0,0.0,445.66,1.0,4.0,445.66,348.0
478801,F,True,False,usa,wichita,ICT,52,Kansas,10,3,3,3,0.0,1.0,0.6666666666666666,318.0733333333333,0.6666666666666666,1.6666666666666667,954.22,357.0
478834,M,False,True,usa,st. petersburg,SPG,43,Florida,8,0,0,0,,,,,,,,
479078,M,False,False,usa,san francisco,SFO,20,California,8,1,1,1,0.0,1.0,0.0,680.86,0.0,6.0,680.86,870.0
480186,F,False,False,usa,san jose,SJC,26,California,8,0,0,0,,,,,,,,
480690,F,False,False,usa,louisville,LOU,49,Kentucky,8,4,4,4,0.5,1.0,0.5,212.1475,0.5,2.25,838.664,2479.3
480877,F,True,False,usa,columbus,LCK,50,Ohio,8,4,4,3,0.5,1.25,1.0,243.58125,0.6666666666666666,1.6666666666666667,1079.892,1499.0
480895,F,False,False,usa,san antonio,SKF,44,Texas,8,2,2,2,0.0,1.0,0.5,497.45500000000004,0.5,5.5,994.9100000000001,1470.0
480975,F,True,False,canada,montreal,YMX,73,Quebec,8,0,0,0,,,,,,,,
481358,F,False,False,usa,dallas,DAL,20,Texas,8,1,1,0,0.0,1.0,0.0,9.27,,,9.27,
481622,F,True,False,canada,london,YXU,44,Ontario,8,4,4,4,0.25,1.25,0.0,213.5275,0.0,3.0,1254.92,4325.8
481772,F,False,False,usa,oakland,OAK,36,California,8,3,1,2,0.6666666666666666,1.0,1.0,99.92,0.5,17.0,84.932,9588.0
481781,F,False,False,usa,los angeles,LAX,77,California,9,0,0,0,,,,,,,,
482335,F,False,False,usa,houston,HOU,44,Texas,9,1,0,1,0.0,,,,0.0,2.0,,228.0
482424,F,False,False,usa,portland,PDX,42,Oregon,9,4,3,4,0.25,1.3333333333333333,0.6666666666666666,365.70666666666665,0.5,2.5,1232.672,2066.0
482548,F,False,True,usa,houston,HOU,31,Texas,8,3,3,3,0.0,1.0,0.6666666666666666,218.50666666666666,0.6666666666666666,3.6666666666666665,655.52,1832.0
482602,F,False,False,usa,chicago,MDW,47,Illinois,8,4,4,2,0.0,1.75,0.5,174.33375,0.0,2.0,1225.98,490.0
482621,F,True,True,usa,new york,LGA,50,New York,8,2,1,2,0.5,2.0,1.0,643.6,0.0,6.0,1287.2,2334.0
483345,F,True,True,usa,new york,LGA,47,New York,8,5,5,5,0.0,1.4,0.4,280.35,0.0,2.2,1775.71,2723.0
483483,F,True,True,canada,hamilton,YHM,48,Ontario,8,2,2,2,0.0,1.0,0.5,137.905,0.0,1.5,275.81,387.0
483525,F,True,True,canada,edmonton,YED,48,,8,1,1,1,0.0,1.0,1.0,360.81,0.0,2.0,360.81,306.0
483982,F,False,False,usa,oklahoma city,OKC,20,Oklahoma,8,2,2,2,0.0,1.0,0.5,256.865,0.0,3.5,513.73,1205.0
484418,F,True,False,usa,new york,JFK,39,New York,8,3,3,3,0.0,1.0,0.6666666666666666,437.4866666666667,0.3333333333333333,3.6666666666666665,1312.46,1057.0
485393,F,False,False,usa,new york,LGA,29,New York,8,0,0,0,,,,,,,,
485505,F,False,False,usa,phoenix,PHX,30,Arizona,8,2,2,2,0.5,1.5,1.0,140.8725,0.0,2.0,300.733,1110.0
485658,F,False,False,usa,los angeles,LAX,34,California,8,2,2,2,0.0,1.0,1.0,377.35,0.5,1.0,754.7,271.0
485780,F,False,True,usa,el paso,BIF,42,Texas,8,3,2,3,0.3333333333333333,1.0,0.5,247.3,0.3333333333333333,5.333333333333333,494.6,5125.4
485785,F,False,False,usa,anchorage,EDF,33,Alaska,8,3,2,2,0.0,1.0,1.0,832.315,1.0,2.5,1664.63,1256.0
485891,F,False,True,usa,knoxville,TYS,35,Tennessee,8,1,1,1,1.0,1.0,0.0,227.86,0.0,2.0,227.86,176.4
486113,F,True,False,canada,halifax,YHZ,51,Nova Scotia,8,2,2,2,0.5,1.0,0.5,373.815,1.0,1.5,620.276,286.0
486261,F,False,False,usa,kansas city,MCI,40,Missouri,8,2,1,2,0.5,3.0,0.0,410.15000000000003,1.0,4.5,1168.9275,702.0
486366,F,True,False,usa,miami,TNT,50,Florida,8,3,1,3,0.0,1.0,1.0,686.38,0.0,3.6666666666666665,686.38,2241.0
486454,M,True,True,usa,new york,LGA,48,New York,8,3,3,3,0.0,1.0,0.0,295.62333333333333,0.3333333333333333,2.0,886.87,411.0
486605,F,False,False,usa,new york,LGA,32,New York,8,1,1,1,1.0,1.0,0.0,327.44,1.0,2.0,278.324,716.0
486751,F,True,False,usa,los angeles,LAX,52,California,10,3,3,2,0.6666666666666666,1.6666666666666667,0.6666666666666666,454.58666666666664,0.5,3.0,2361.9700000000003,1325.6
487002,F,False,False,usa,wichita,ICT,22,Kansas,8,1,1,1,0.0,1.0,0.0,163.15,0.0,7.0,163.15,714.0
487352,F,False,True,usa,phoenix,PHX,20,Arizona,8,2,1,2,0.5,1.0,0.0,295.39,0.5,3.5,295.39,995.4
487453,F,False,False,usa,houston,HOU,44,Texas,8,5,5,4,0.6,1.2,0.4,271.235,0.25,5.0,1636.69,3992.5
487637,M,False,True,usa,austin,AUS,54,Texas,8,3,2,3,0.3333333333333333,1.0,0.5,342.105,0.0,3.0,684.21,941.8000000000001
488099,F,False,False,usa,new york,LGA,19,New York,8,0,0,0,,,,,,,,
488480,M,True,False,canada,victoria,YYJ,44,British Columbia,8,2,1,1,0.0,1.0,0.0,681.33,0.0,3.0,681.33,960.0
488672,F,True,False,usa,chicago,MDW,51,Illinois,8,4,3,4,0.5,1.3333333333333333,0.6666666666666666,313.98833333333334,0.5,4.0,1053.298,3245.5
488827,F,False,False,usa,san antonio,SKF,39,Texas,8,6,6,4,0.5,1.1666666666666667,0.3333333333333333,187.02416666666667,0.25,2.75,1111.392,837.6
488865,F,False,False,canada,hamilton,YHM,38,Ontario,8,3,3,3,0.0,1.0,1.0,191.70000000000002,0.6666666666666666,3.3333333333333335,575.1,895.0
488870,F,True,True,usa,new york,LGA,60,New York,9,2,2,2,0.0,1.0,1.0,689.745,0.0,6.5,1379.49,2210.0
488918,F,False,False,usa,san diego,SAN,50,California,8,6,6,5,0.3333333333333333,1.3333333333333333,0.5,372.9983333333333,0.4,2.8,3392.06,3366.4
489096,F,False,False,usa,los angeles,LAX,41,California,8,3,3,3,0.0,1.3333333333333333,0.0,488.2816666666667,0.3333333333333333,1.0,2219.48,321.0
489131,F,False,False,usa,new york,JFK,26,New York,8,0,0,0,,,,,,,,
489575,F,True,True,canada,hamilton,YHM,47,Ontario,9,4,4,4,0.0,1.0,0.75,232.3175,0.0,1.5,929.27,1069.0
489730,F,False,False,usa,el paso,BIF,45,Texas,8,4,4,2,0.0,1.0,0.5,370.02,0.0,2.5,1480.08,522.0
489785,F,True,True,usa,atlanta,ATL,40,Georgia,9,3,3,3,0.6666666666666666,1.3333333333333333,0.3333333333333333,169.93666666666667,0.3333333333333333,5.0,542.0085,1894.4
489949,F,False,True,usa,tampa,TPA,50,Florida,8,2,2,2,0.0,2.0,0.0,727.3116666666666,0.0,4.5,2801.0099999999998,1209.0
489992,M,False,False,usa,bakersfield,BFL,31,California,8,3,2,3,0.3333333333333333,2.0,0.5,407.75166666666667,0.0,3.6666666666666665,1214.255,4211.15
490201,F,False,True,usa,columbus,LCK,44,Ohio,8,2,2,2,0.5,1.0,1.0,367.825,0.0,3.0,735.65,355.4
490348,F,False,False,usa,lincoln,LNK,40,Nebraska,8,1,1,1,0.0,1.0,1.0,410.54,0.0,2.0,410.54,526.0
490517,F,True,True,usa,charlotte,CLT,53,North Carolina,8,3,3,1,0.3333333333333333,1.3333333333333333,1.0,133.19500000000002,0.0,1.0,567.36,434.0
490576,M,True,False,usa,san jose,SJC,59,California,8,2,2,2,0.5,1.0,0.5,318.31,1.0,2.0,636.62,612.4
490608,F,False,False,usa,new york,LGA,37,New York,9,2,2,1,0.0,1.5,1.5,440.385,0.0,1.0,1324.8,407.0
490629,F,False,True,usa,new york,LGA,39,New York,8,4,4,4,0.25,1.0,0.5,137.745,0.0,2.5,541.6139999999999,2303.0
491141,F,False,False,usa,omaha,OFF,52,Nebraska,8,5,5,4,0.2,1.4,0.6,258.3713333333333,0.5,2.5,1483.232,4479.0
491175,F,True,True,usa,houston,HOU,58,Texas,10,4,4,4,0.0,1.0,0.5,354.3075,0.25,2.5,1417.23,1545.0
491182,F,False,False,canada,montreal,YUL,49,Quebec,9,5,5,5,0.2,1.0,0.6,314.70799999999997,0.2,2.4,1572.4975,1393.0
491241,F,True,True,usa,new york,JFK,53,New York,8,3,3,2,0.3333333333333333,1.0,0.0,590.82,0.0,2.0,1712.43,1258.0
491617,F,False,False,canada,hamilton,YHM,55,Ontario,9,4,3,4,0.25,2.0,1.3333333333333333,351.71999999999997,0.5,6.75,1960.456,4955.0
491930,F,False,False,usa,mobile,MOB,44,Alabama,8,3,3,3,0.0,1.6666666666666667,1.0,252.09,0.0,2.0,1122.37,1095.0
491995,M,False,False,usa,new orleans,NBG,20,Louisiana,8,0,0,0,,,,,,,,
492371,M,True,False,usa,dallas,DAL,45,Texas,8,2,2,2,0.0,1.0,0.5,372.73,0.0,3.0,745.46,365.0
492497,F,True,False,usa,boston,BOS,43,Massachusetts,8,0,0,0,,,,,,,,
493177,F,True,False,usa,chicago,ORD,49,Illinois,8,4,4,4,0.5,1.0,0.5,200.5975,0.25,6.0,802.39,4766.9
493476,F,False,True,usa,detroit,YIP,44,Michigan,8,1,1,1,1.0,1.0,0.0,157.03,0.0,1.0,125.62400000000001,309.0
493718,F,True,True,usa,san antonio,SAT,56,Texas,9,4,3,4,0.5,2.0,0.0,453.7394444444444,0.0,4.75,2448.6575000000003,6523.450000000001
494294,F,True,False,usa,miami,TNT,41,Florida,8,4,4,4,0.25,1.0,0.75,506.3325,0.75,2.75,2025.33,1713.0
494374,F,False,False,canada,halifax,YHZ,50,Nova Scotia,8,2,2,2,0.5,1.0,0.5,370.21500000000003,1.0,1.0,681.945,345.0
494463,F,False,True,usa,washington,IAD,37,Virginia,8,4,4,2,0.5,1.5,0.25,215.87125,0.0,1.0,965.41,351.0
494484,F,False,False,usa,amarillo,AMA,20,Texas,8,3,1,3,0.3333333333333333,2.0,1.0,499.31,0.0,7.333333333333333,898.758,5388.6
494630,F,False,False,usa,modesto,MOD,20,California,9,1,0,1,0.0,,,,0.0,6.0,,384.0
494985,F,False,False,canada,winnipeg,YWG,51,Manitoba,8,6,6,5,0.0,1.0,0.3333333333333333,332.285,0.0,4.0,1993.71,3510.0
495029,F,True,False,usa,houston,EFD,47,Texas,9,3,2,3,0.3333333333333333,1.0,0.5,114.22,0.0,3.6666666666666665,228.44,971.6
495386,F,True,True,canada,edmonton,YED,57,,8,3,3,2,1.0,1.0,0.6666666666666666,355.38000000000005,0.5,2.5,888.8545,993.6000000000001
495592,M,True,True,usa,fort worth,FTW,57,Texas,9,0,0,0,,,,,,,,
495727,F,True,False,usa,san diego,NZY,50,California,8,6,6,6,0.0,1.3333333333333333,1.1666666666666667,382.8233333333333,0.16666666666666666,2.8333333333333335,2934.17,4053.0
496016,F,True,False,usa,new york,JFK,45,New York,8,4,4,4,0.5,1.0,0.75,226.49,0.0,2.0,894.642,1770.6999999999998
496332,F,False,False,usa,new york,LGA,48,New York,8,4,4,4,0.25,1.5,0.75,334.91499999999996,0.25,4.25,1474.8825,4716.0
496566,F,False,False,canada,montreal,YHU,49,Quebec,8,4,3,2,0.0,1.0,0.6666666666666666,396.59666666666664,0.0,5.0,1189.79,4345.0
496899,F,False,False,usa,new york,LGA,25,New York,8,1,1,1,0.0,1.0,1.0,98.45,0.0,4.0,98.45,1416.0
496972,F,False,False,usa,dallas,DAL,36,Texas,9,3,3,1,0.0,1.0,0.3333333333333333,290.9766666666667,1.0,2.0,872.9300000000001,500.0
497077,F,False,False,usa,san jose,SJC,45,California,8,2,2,2,0.5,1.0,0.5,438.225,0.0,2.5,807.629,1337.0
497225,F,True,False,usa,phoenix,LUF,50,Arizona,8,5,5,5,0.4,1.0,0.2,326.804,0.4,3.0,1547.1675,3058.0
497678,F,True,False,usa,houston,IAH,45,Texas,9,2,2,2,0.5,1.0,0.5,363.99,0.0,2.0,727.98,568.8
497829,M,False,True,usa,baltimore,BWI,58,Maryland,8,2,2,2,0.5,1.0,0.5,568.975,0.0,1.5,1080.826,538.7
497915,F,True,False,usa,tucson,DMA,41,Arizona,8,4,4,4,0.25,1.0,1.0,328.395,0.0,2.0,1313.58,1942.75
498287,M,False,False,usa,san francisco,SFO,44,California,8,5,5,5,0.0,1.8,0.8,297.0795,0.2,1.4,3210.69,2222.0
498357,F,False,False,usa,new york,LGA,47,New York,8,5,4,5,0.4,1.25,1.0,486.07875,0.0,2.8,2270.508,3403.8
498574,F,True,False,usa,columbus,LCK,40,Ohio,8,4,3,3,0.0,1.0,0.6666666666666666,215.65333333333334,0.3333333333333333,4.0,646.96,2213.0
498607,F,True,False,canada,winnipeg,YWG,45,Manitoba,8,2,2,2,0.5,1.5,1.0,395.97249999999997,0.5,1.0,1122.037,345.0
499028,F,True,False,usa,indianapolis,IND,39,Gujarat,8,3,3,3,0.0,1.0,0.3333333333333333,137.77,0.3333333333333333,3.0,413.31,1130.0
499252,F,True,False,usa,chicago,ORD,42,Illinois,8,1,1,1,1.0,1.0,2.0,216.21,0.0,6.0,205.3995,780.0
499313,F,False,False,usa,new york,LGA,48,New York,8,1,1,1,0.0,1.0,1.0,100.12,0.0,7.0,100.12,700.0
499366,F,False,False,canada,quebec,YQB,50,Quebec,8,4,4,3,0.25,1.75,1.25,348.73749999999995,0.6666666666666666,2.3333333333333335,2595.672,2246.0
499375,F,False,False,canada,winnipeg,YAV,45,,8,5,5,5,0.2,1.2,0.6,413.51800000000003,0.4,2.0,2485.13,2011.4
499461,F,False,False,usa,amarillo,AMA,53,Texas,8,2,2,2,0.0,1.0,0.0,162.73000000000002,0.0,2.0,325.46000000000004,1087.0
499475,F,True,False,usa,oakland,OAK,40,California,8,3,3,3,0.3333333333333333,1.0,0.0,190.27333333333334,0.0,2.0,570.0070000000001,1049.0
499633,F,False,False,usa,dallas,DAL,33,Texas,8,5,4,3,0.4,1.0,1.25,300.39750000000004,0.3333333333333333,3.0,1178.847,1550.3
499634,F,False,True,usa,amarillo,AMA,37,Texas,9,1,1,1,0.0,1.0,1.0,161.83,1.0,2.0,161.83,180.0
499659,F,True,True,usa,san diego,NZY,60,California,8,1,0,1,1.0,,,,1.0,8.0,,2289.6
499669,F,True,True,usa,corpus christi,CRP,34,Texas,10,1,1,1,0.0,1.0,1.0,168.98,0.0,2.0,168.98,572.0
499780,F,False,True,canada,toronto,YYZ,39,Ontario,8,0,0,0,,,,,,,,
499847,F,True,True,usa,oklahoma city,OKC,52,Oklahoma,9,3,3,3,0.0,1.3333333333333333,0.0,274.7133333333333,0.3333333333333333,2.0,984.28,1865.0
499979,F,True,False,canada,toronto,YYZ,52,Ontario,10,5,5,4,0.2,1.2,0.2,533.1270000000001,0.5,2.25,3293.25,1489.3
500288,F,False,True,usa,st. petersburg,SPG,20,Florida,8,0,0,0,,,,,,,,
500299,F,False,False,usa,san antonio,RND,21,Texas,8,1,0,1,0.0,,,,0.0,2.0,,360.0
500745,F,False,False,canada,toronto,YYZ,31,Ontario,8,4,2,3,0.25,1.0,0.5,424.155,0.0,4.333333333333333,848.31,1921.4
500773,F,False,False,canada,winnipeg,YWG,29,Manitoba,8,4,3,4,0.5,1.0,0.0,322.8,0.5,4.0,968.4,4319.65
500791,F,True,False,canada,quebec,YQB,75,Quebec,8,1,0,1,1.0,,,,0.0,6.0,,765.0
500828,F,True,False,usa,rochester,ROC,48,New York,8,3,3,2,0.0,1.0,0.3333333333333333,415.17,0.5,2.0,1245.51,500.0
500972,F,True,True,usa,boston,BOS,44,Massachusetts,8,3,3,3,0.3333333333333333,2.3333333333333335,0.6666666666666666,426.68249999999995,0.3333333333333333,1.6666666666666667,2422.2585,1788.0
500974,F,False,False,usa,san jose,SJC,44,California,8,6,5,6,0.0,1.0,0.4,549.99,0.16666666666666666,4.333333333333333,2749.95,2085.0
501087,F,True,False,usa,los angeles,LAX,59,California,8,2,2,2,0.0,1.0,0.5,367.635,0.0,2.5,735.27,1186.0
501125,M,True,True,usa,kansas city,MCI,48,Missouri,8,2,2,2,0.0,1.0,0.5,204.0,0.0,4.5,408.0,1296.0
501184,F,True,True,usa,reno,RNO,58,Nevada,8,4,3,4,0.0,1.0,0.6666666666666666,596.0633333333334,0.0,7.0,1788.19,7196.0
501512,F,True,True,usa,fort worth,FTW,37,Texas,8,2,2,2,1.0,1.0,0.5,415.975,0.5,3.5,831.95,396.0
501764,F,True,False,canada,saskatoon,YXE,50,Saskatchewan,8,2,2,2,0.0,1.0,0.5,281.685,0.0,3.0,563.37,1139.0
501830,F,True,True,canada,toronto,YYZ,36,Ontario,9,2,1,2,0.0,1.0,0.0,422.97,0.5,4.5,422.97,2712.0
501897,F,True,True,usa,new york,LGA,46,New York,8,1,0,1,0.0,,,,0.0,9.0,,936.0
501947,F,True,True,canada,toronto,YKZ,54,Ontario,10,4,3,3,0.25,1.0,0.0,377.82666666666665,0.6666666666666666,2.0,1055.1100000000001,3811.0
502063,F,True,False,usa,new york,JFK,51,New York,8,1,1,1,0.0,1.0,0.0,690.73,0.0,5.0,690.73,210.0
502212,F,False,False,usa,san diego,NZY,27,California,8,1,1,1,1.0,1.0,0.0,715.35,1.0,1.0,608.0475,92.0
502412,F,True,True,usa,new york,JFK,58,New York,8,3,2,3,0.6666666666666666,1.0,0.5,433.11,0.3333333333333333,5.666666666666667,778.638,842.0
502435,F,True,True,usa,oklahoma city,TIK,42,Oklahoma,8,2,2,2,0.5,1.5,1.0,298.3,1.0,3.0,693.97,819.0
502444,F,False,False,canada,ottawa,YOW,37,Ontario,8,6,6,5,0.16666666666666666,1.0,0.3333333333333333,255.60000000000002,0.6,2.4,1533.6000000000001,1950.0
502609,F,True,False,usa,dallas,DAL,52,Texas,9,5,5,5,0.2,1.0,0.0,187.478,0.4,2.2,929.741,1476.0
502626,F,True,True,canada,toronto,YYZ,40,Ontario,8,2,2,2,0.0,1.0,1.0,260.615,0.0,2.0,521.23,811.0
502799,F,True,False,usa,nashville,BNA,49,Tennessee,8,4,4,4,0.0,1.0,0.75,251.56,0.25,2.5,1006.24,1581.0
502819,F,True,False,usa,knoxville,TYS,38,Tennessee,8,0,0,0,,,,,,,,
502826,F,True,True,usa,los angeles,LAX,50,California,8,3,3,1,0.0,1.0,0.3333333333333333,393.31333333333333,1.0,1.0,1179.94,167.0
502850,F,False,True,usa,riverside,RAL,44,California,8,0,0,0,,,,,,,,
502875,F,True,True,canada,montreal,YUL,48,Quebec,8,3,3,2,0.0,1.3333333333333333,0.6666666666666666,403.565,0.5,1.0,1348.1799999999998,430.0
503042,F,False,False,usa,montgomery,MXF,28,Alabama,8,1,1,1,1.0,1.0,1.0,181.51,0.0,2.0,181.51,160.5
503058,F,False,False,canada,edmonton,YXD,28,,10,3,2,3,0.0,1.0,0.5,398.015,0.0,3.0,796.03,1026.0
503161,F,True,False,canada,halifax,YAW,49,,9,0,0,0,,,,,,,,
503483,F,False,True,usa,los angeles,LAX,22,California,8,0,0,0,,,,,,,,
503621,F,True,False,usa,corpus christi,CRP,44,Texas,8,2,1,2,0.0,1.0,0.0,416.13,0.0,9.5,416.13,1741.0
503918,F,False,False,usa,new york,JFK,29,New York,8,0,0,0,,,,,,,,
503973,F,False,False,canada,toronto,YYZ,47,Ontario,9,4,3,3,0.75,1.0,0.3333333333333333,151.16333333333333,0.0,3.3333333333333335,412.855,1375.0
504240,F,False,False,usa,los angeles,LAX,47,California,8,6,6,5,0.3333333333333333,1.1666666666666667,0.16666666666666666,486.5933333333333,0.2,2.4,2907.0875,1900.0
504435,F,False,False,usa,long beach,LGB,47,California,8,3,3,3,0.3333333333333333,1.6666666666666667,1.0,465.1933333333333,0.6666666666666666,1.3333333333333333,1372.764,1129.5
504473,F,False,False,usa,richmond,RIC,35,Virginia,8,2,2,2,0.0,1.0,1.0,266.495,0.5,2.0,532.99,398.0
504610,F,True,False,usa,philadelphia,PNE,65,Pennsylvania,8,1,1,1,0.0,2.0,1.0,151.315,1.0,2.0,302.63,372.0
504665,F,False,False,usa,charlotte,CLT,34,North Carolina,9,2,1,2,1.0,1.0,2.0,545.28,0.0,6.5,518.016,1404.0
504786,F,True,True,usa,omaha,OMA,51,Iowa,8,3,1,3,0.3333333333333333,1.0,1.0,245.1,0.3333333333333333,3.3333333333333335,245.1,3230.35
504892,F,False,False,usa,dallas,DAL,33,Texas,8,3,2,2,0.3333333333333333,1.5,0.0,230.565,0.0,11.0,534.06,7245.6
504916,M,False,True,usa,memphis,MEM,38,Tennessee,8,0,0,0,,,,,,,,
504936,F,True,False,usa,houston,IAH,60,Texas,9,3,2,3,0.6666666666666666,1.5,0.5,389.92499999999995,0.3333333333333333,5.333333333333333,1176.37,3149.8
505062,F,False,True,usa,philadelphia,PHL,39,Pennsylvania,8,3,3,3,0.3333333333333333,1.0,0.3333333333333333,457.0833333333333,0.3333333333333333,3.0,1371.25,1161.25
505172,M,True,True,usa,tampa,MCF,33,Florida,8,1,1,1,0.0,1.0,1.0,529.14,1.0,1.0,529.14,168.0
505285,F,False,True,usa,new york,LGA,46,New York,8,4,4,4,0.5,1.0,0.75,285.715,0.25,3.5,1142.86,2309.15
505414,F,True,False,usa,boston,BOS,50,Massachusetts,8,2,2,2,0.0,1.0,0.0,356.125,0.0,5.5,712.25,1691.0
505498,M,False,True,usa,houston,IAH,39,Texas,8,2,2,1,0.5,1.0,1.5,279.47,0.0,2.0,558.94,608.0
505713,F,True,False,canada,montreal,YHU,47,Quebec,8,4,4,3,0.25,1.25,0.5,261.8175,0.6666666666666666,2.6666666666666665,1071.205,1408.0
505747,F,False,False,usa,los angeles,LAX,40,California,8,2,2,2,0.0,1.5,1.0,229.51749999999998,1.0,2.5,887.25,1383.0
505771,F,True,True,canada,montreal,YUL,58,Quebec,9,5,5,4,0.0,1.4,0.4,300.35900000000004,0.25,1.25,1977.98,1201.0
505933,F,True,False,usa,houston,IAH,50,Texas,8,1,1,1,0.0,1.0,0.0,446.23,1.0,2.0,446.23,220.0
505941,F,True,True,usa,new york,LGA,53,New York,8,3,2,3,0.6666666666666666,1.0,0.5,205.59,0.0,2.6666666666666665,380.193,1192.0
506013,F,False,False,canada,vancouver,YVR,43,British Columbia,8,4,4,4,0.5,1.25,0.75,431.14875,0.25,1.5,2188.663,526.85
506186,F,False,False,usa,detroit,DTW,28,Michigan,8,3,2,2,0.0,1.5,0.5,332.79499999999996,1.0,3.0,779.75,981.0
506234,F,True,False,usa,riverside,RIV,40,California,9,4,3,3,0.25,1.0,1.0,401.18666666666667,0.6666666666666666,4.333333333333333,1129.6609999999998,1132.0
506250,F,False,True,usa,lincoln,LNK,46,Nebraska,8,3,3,3,0.0,1.0,0.6666666666666666,247.53333333333333,0.6666666666666666,1.6666666666666667,742.6,511.0
506347,F,False,False,usa,los angeles,LAX,20,California,8,0,0,0,,,,,,,,
506652,F,True,True,usa,kansas city,MCI,55,Missouri,8,3,3,1,0.0,1.3333333333333333,0.0,201.23666666666668,0.0,1.0,730.94,236.0
506675,F,False,True,usa,detroit,DTW,50,Michigan,8,4,3,4,0.25,1.0,0.6666666666666666,486.3033333333333,0.25,4.25,1430.605,2027.5
506704,F,True,False,canada,montreal,YUL,58,Quebec,8,2,2,1,0.5,1.0,1.0,678.69,0.0,3.0,1295.828,270.0
506777,F,True,False,usa,tulsa,TUL,62,Oklahoma,8,1,1,1,1.0,2.0,2.0,120.19,1.0,2.0,228.361,700.0
506807,F,True,False,usa,los angeles,LAX,45,California,8,4,4,2,0.5,1.0,0.0,473.845,0.0,1.5,1713.7215,1065.0
506858,F,False,True,usa,houston,EFD,49,Texas,8,3,3,3,0.3333333333333333,1.3333333333333333,0.3333333333333333,473.48499999999996,0.6666666666666666,1.0,1944.203,817.05
506990,F,False,False,usa,lubbock,LBB,28,Texas,8,0,0,0,,,,,,,,
507036,F,False,False,usa,minneapolis,MSP,38,Minnesota,8,2,1,2,0.0,1.0,1.0,181.34,0.0,4.0,181.34,895.0
507376,F,True,False,usa,honolulu,HNL,37,Hawaii,8,2,1,2,0.0,1.0,1.0,1274.53,0.0,4.0,1274.53,505.0
507395,F,True,True,usa,winston-salem,INT,48,North Carolina,9,2,2,2,0.0,1.5,1.5,293.1175,0.0,2.5,694.1899999999999,1505.0
507431,F,False,False,canada,toronto,YYZ,39,Ontario,8,4,3,4,0.25,1.0,0.6666666666666666,589.5533333333334,0.25,3.5,1768.66,1058.2
507505,F,True,True,usa,newark,EWR,52,New Jersey,9,2,2,2,0.0,1.0,1.0,374.59999999999997,0.0,6.5,749.1999999999999,6871.0
507513,F,False,False,usa,sacramento,MHR,20,California,12,0,0,0,,,,,,,,
507531,F,False,False,usa,oakland,OAK,26,California,9,1,0,1,0.0,,,,0.0,13.0,,1742.0
507617,F,True,False,canada,montreal,YUL,51,Quebec,9,2,2,2,0.5,1.5,1.0,278.9675,0.0,2.0,1018.19,673.7
507732,M,False,False,usa,new york,JFK,48,New York,8,4,2,4,0.5,1.0,0.0,287.77,0.25,4.0,575.54,2478.0
507773,F,False,False,usa,little rock,LIT,42,Arkansas,8,3,2,3,0.0,1.0,0.5,442.01,0.6666666666666666,2.6666666666666665,884.02,1197.0
508240,F,False,False,usa,san antonio,SKF,31,Texas,8,3,3,3,0.6666666666666666,1.0,0.6666666666666666,138.80666666666664,0.3333333333333333,2.3333333333333335,348.8835,622.0
508360,F,False,False,usa,new york,JFK,39,New York,8,2,2,2,0.5,1.5,0.0,220.135,0.0,1.5,826.607,798.0
508512,F,True,False,usa,providence,PVD,70,Rhode Island,8,1,0,1,0.0,,,,0.0,4.0,,968.0
508625,F,False,False,usa,new york,JFK,46,New York,8,3,2,2,0.0,1.5,1.0,333.04999999999995,0.0,8.5,728.14,4154.0
508693,F,True,False,canada,halifax,YAW,57,,8,3,2,3,0.6666666666666666,1.5,0.5,389.9475,0.3333333333333333,3.0,1447.98,1240.3
508848,F,True,True,usa,st. louis,STL,55,Missouri,8,2,2,2,0.0,1.0,1.0,172.765,0.0,5.0,345.53,1293.0
508857,F,True,False,canada,ottawa,YOW,46,Ontario,8,5,5,5,0.0,1.2,0.4,368.082,0.6,3.4,2432.99,2520.0
508860,M,True,False,usa,los angeles,LAX,30,California,8,2,2,2,0.5,1.0,0.5,85.51,0.5,1.5,171.02,749.2
508866,F,False,False,usa,el paso,BIF,33,Texas,8,3,3,3,0.3333333333333333,1.6666666666666667,0.3333333333333333,284.31555555555553,0.0,4.333333333333333,1628.53,3119.0
508877,F,True,True,usa,phoenix,PHX,55,Arizona,9,6,6,5,0.16666666666666666,1.1666666666666667,0.8333333333333334,492.97499999999997,0.2,3.8,3561.05,2456.0
508912,M,False,False,usa,tallahassee,TLH,46,Florida,8,2,2,1,0.5,1.0,1.0,272.185,0.0,1.0,544.37,27.900000000000002
508938,F,True,False,usa,atlanta,ATL,45,Georgia,8,3,3,3,0.0,1.0,0.6666666666666666,232.01,0.3333333333333333,3.3333333333333335,696.03,1144.0
508940,M,False,False,usa,grand rapids,GRR,42,Michigan,9,4,4,4,0.25,1.0,0.0,442.96999999999997,0.25,3.75,1741.7105,2423.0
508946,M,False,False,usa,louisville,LOU,29,Kentucky,8,4,3,4,0.25,1.0,0.3333333333333333,347.68333333333334,0.0,2.5,1043.05,1164.0
508973,F,False,False,usa,modesto,MOD,38,California,9,2,2,2,0.0,1.5,2.0,388.35249999999996,0.5,2.0,1291.11,410.0
509036,F,False,True,usa,new york,JFK,42,New York,8,2,2,1,0.5,1.0,1.0,492.83500000000004,0.0,3.0,985.6700000000001,111.0
509069,F,True,False,usa,new york,JFK,47,New York,8,4,2,3,0.0,1.0,1.0,649.3800000000001,0.3333333333333333,2.0,1298.7600000000002,813.0
509098,F,False,False,usa,los angeles,LAX,46,California,9,2,2,1,1.0,2.0,0.5,489.56166666666667,0.0,6.0,1699.0700000000002,364.79999999999995
509160,M,False,True,usa,new orleans,NBG,56,Louisiana,8,2,2,2,0.5,1.0,1.0,452.125,0.0,1.5,845.892,380.0
509162,F,False,False,usa,new york,JFK,49,New York,9,2,0,2,0.5,,,,1.0,11.5,,8600.0
509221,F,False,False,usa,kansas city,MCI,41,Missouri,9,4,3,4,0.25,1.0,1.0,165.85999999999999,0.0,3.25,490.1735,2156.0
509242,M,False,False,usa,st. petersburg,PIE,45,Florida,8,3,3,3,0.3333333333333333,1.0,0.0,374.2,0.0,1.3333333333333333,1097.342,501.0
509272,F,False,True,usa,dallas,DAL,23,Texas,8,1,0,1,0.0,,,,0.0,9.0,,873.0
509341,F,False,False,canada,vancouver,YVR,26,British Columbia,8,2,2,1,0.5,1.0,0.0,468.93500000000006,0.0,2.0,937.8700000000001,402.0
509353,F,False,False,usa,dallas,DAL,32,Texas,9,1,1,1,0.0,2.0,0.0,334.34,0.0,4.0,668.68,1632.0
509359,F,False,False,usa,oakland,OAK,45,California,8,4,4,4,0.25,1.0,0.25,663.91,0.75,4.25,2655.64,2735.8
509411,F,True,False,usa,salt lake city,SLC,45,Utah,8,4,4,2,0.75,1.0,0.25,485.52750000000003,0.5,1.0,1824.14,192.4
509419,F,False,False,usa,philadelphia,PNE,44,Pennsylvania,8,4,4,4,0.25,1.0,1.0,446.83,0.5,1.25,1779.0615,659.0
509445,F,True,False,usa,san francisco,SFO,42,California,8,4,3,3,0.0,1.0,0.3333333333333333,567.5533333333333,0.3333333333333333,3.3333333333333335,1702.6599999999999,2634.0
509454,F,False,True,usa,tampa,MCF,42,Florida,8,2,1,2,0.0,1.0,1.0,559.49,0.5,14.0,559.49,11408.0
509467,M,False,False,usa,seattle,SEA,30,Washington,8,2,2,2,0.0,2.0,1.5,385.845,0.0,6.0,2052.9700000000003,7042.0
509516,F,False,False,usa,colorado springs,COS,48,Colorado,9,3,2,3,0.3333333333333333,1.5,1.0,341.77,0.3333333333333333,1.3333333333333333,1220.51,854.1
509552,F,False,False,usa,los angeles,LAX,20,California,8,3,1,2,0.0,1.0,1.0,697.33,0.0,6.5,697.33,2125.0
509626,F,False,True,usa,brownsville,BRO,54,Texas,8,3,3,3,0.3333333333333333,1.3333333333333333,1.0,371.4316666666667,0.0,6.0,1528.02,1411.6
509635,M,True,False,usa,austin,AUS,39,Texas,8,3,3,3,0.0,1.0,0.0,344.8333333333333,0.3333333333333333,1.0,1034.5,498.0
509638,F,True,True,usa,reno,RNO,49,Nevada,8,1,1,0,0.0,1.0,0.0,207.08,,,207.08,
509645,M,True,False,usa,riverside,RAL,56,California,8,3,3,3,1.0,1.0,0.3333333333333333,260.49333333333334,0.3333333333333333,3.6666666666666665,737.945,1508.4
509681,F,False,True,usa,milwaukee,MKE,45,Wisconsin,8,4,3,4,0.0,1.3333333333333333,0.3333333333333333,267.87333333333333,0.5,5.0,1034.6,4856.0
509713,F,True,True,usa,dallas,DAL,37,Texas,8,3,3,3,0.3333333333333333,1.3333333333333333,0.6666666666666666,286.84,0.3333333333333333,3.3333333333333335,1035.57,4441.5
509717,F,False,False,usa,new york,JFK,46,New York,8,4,4,4,0.25,1.0,0.0,512.9175,0.25,2.25,2012.9119999999998,1431.0
509749,M,False,False,usa,new york,JFK,44,New York,8,7,6,7,0.42857142857142855,1.0,0.6666666666666666,286.56333333333333,0.14285714285714285,2.7142857142857144,1596.9315,2353.85
509763,F,True,False,usa,los angeles,LAX,52,California,8,6,6,5,0.5,1.0,0.5,628.695,0.0,2.6,3676.458,2086.6
509765,F,False,False,usa,los angeles,LAX,32,California,9,4,4,4,0.25,1.0,0.25,703.5025,0.25,1.5,2814.01,917.6
509822,M,False,False,usa,charlotte,CLT,41,North Carolina,8,3,3,3,0.0,1.0,0.3333333333333333,314.7133333333333,0.0,2.0,944.14,1324.0
509826,F,True,True,usa,miami,TNT,66,Florida,9,1,1,1,0.0,1.0,0.0,215.25,1.0,4.0,215.25,216.0
509876,F,True,False,usa,baltimore,BWI,71,Maryland,8,0,0,0,,,,,,,,
509892,M,True,False,usa,san jose,SJC,70,California,8,1,0,1,0.0,,,,0.0,7.0,,910.0
509903,F,False,False,usa,long beach,LGB,43,California,8,5,5,5,0.2,1.0,0.8,483.064,0.4,3.0,2273.4120000000003,2818.0
509919,M,True,False,usa,tampa,TPA,49,Florida,8,3,2,3,0.0,1.0,0.0,632.3499999999999,0.3333333333333333,4.333333333333333,1264.6999999999998,2138.0
509990,M,False,False,usa,minneapolis,MSP,43,Minnesota,8,1,1,1,1.0,1.0,0.0,356.87,0.0,1.0,339.0265,64.0
510003,F,True,True,usa,tulsa,TUL,48,Oklahoma,8,1,1,1,0.0,2.0,1.0,325.25,0.0,4.0,650.5,504.0
510044,M,False,False,usa,santa ana,SNA,49,California,8,3,3,3,0.6666666666666666,1.3333333333333333,0.3333333333333333,514.645,0.3333333333333333,2.6666666666666665,1563.9275,1317.0
510078,F,True,False,usa,grand rapids,GRR,39,Michigan,10,2,2,2,0.0,1.0,0.0,141.5,0.5,2.0,283.0,1028.0
510079,F,False,False,usa,new york,LGA,32,New York,9,1,1,1,0.0,1.0,0.0,406.43,0.0,1.0,406.43,82.0
510094,F,False,False,usa,long beach,LGB,48,California,8,1,1,1,0.0,1.0,2.0,5.35,1.0,9.0,5.35,1179.0
510104,F,False,True,canada,montreal,YHU,39,Quebec,8,3,3,2,0.0,1.0,0.3333333333333333,390.07,0.5,2.0,1170.21,538.0
510108,F,True,False,usa,colorado springs,COS,54,Colorado,9,2,2,1,0.0,1.5,1.0,254.625,0.0,7.0,656.64,1267.0
510114,M,False,False,usa,omaha,OMA,43,Iowa,8,6,6,5,0.16666666666666666,1.0,0.3333333333333333,300.815,0.4,5.4,1681.647,4647.0
510134,F,False,False,usa,newark,EWR,50,New Jersey,8,6,5,6,0.5,1.2,0.8,68.13399999999999,0.16666666666666666,6.0,494.153,5801.0
510155,M,True,True,usa,dallas,DAL,47,Texas,8,4,2,3,0.0,1.5,0.0,320.4575,0.0,9.0,993.6700000000001,7929.0
510156,M,False,False,usa,seattle,SEA,45,Washington,8,5,4,5,0.0,1.25,0.5,637.5475,0.6,4.6,3223.1,4311.0
510170,F,False,False,canada,ottawa,YOW,29,Ontario,8,3,3,3,0.3333333333333333,1.3333333333333333,0.6666666666666666,279.37833333333333,0.0,4.333333333333333,932.57,1639.9
510185,F,True,False,usa,houston,HOU,47,Texas,8,4,3,4,0.5,1.0,0.3333333333333333,357.55,0.5,5.0,1072.65,7456.1
510195,M,True,False,usa,houston,IAH,56,Texas,8,4,3,4,0.25,1.0,0.6666666666666666,304.92,0.25,5.0,863.7,4048.0
510215,F,True,False,usa,mobile,MOB,32,Alabama,9,3,1,3,0.3333333333333333,1.0,1.0,256.62,0.0,9.0,256.62,2065.8
510219,M,True,False,canada,montreal,YUL,46,Quebec,8,3,3,2,0.0,1.0,0.0,352.52,0.5,4.0,1057.56,1128.0
510227,M,False,False,usa,tulsa,TUL,35,Oklahoma,8,2,2,2,0.0,1.0,0.5,309.26,0.5,2.0,618.52,346.0
510257,F,True,False,usa,las vegas,LSV,51,Nevada,8,2,2,1,0.0,1.5,0.0,525.2825,0.0,1.0,1596.22,78.0
510270,F,True,True,usa,columbus,LCK,49,Ohio,8,1,1,0,0.0,2.0,0.0,393.145,,,786.29,
510315,F,False,False,usa,norfolk,NGU,46,Virginia,8,2,2,1,0.5,1.0,1.5,82.35,0.0,1.0,152.358,231.0
510316,F,False,True,usa,phoenix,PHX,20,Arizona,8,1,0,1,0.0,,,,0.0,17.0,,2057.0
510326,M,False,False,canada,quebec,YQB,44,Quebec,8,6,6,6,0.5,1.3333333333333333,1.5,264.565,0.0,3.5,1552.2759999999998,4850.65
510328,F,False,False,usa,detroit,DET,39,Michigan,8,5,5,4,0.2,1.0,0.2,235.87599999999998,0.5,2.25,1179.3799999999999,1221.8
510343,F,True,True,usa,oklahoma city,OKC,41,Oklahoma,9,4,4,4,0.25,1.25,0.75,221.14875,0.25,2.25,1180.4745,2242.2
510356,F,True,False,usa,wichita,ICT,54,Kansas,8,2,2,2,0.5,1.0,0.5,282.67,1.0,4.0,545.3475000000001,1101.0
510365,F,False,False,usa,boston,BOS,48,Massachusetts,8,4,4,4,0.0,1.5,0.25,474.07000000000005,0.0,4.5,2149.02,7009.0
510369,F,False,False,usa,bakersfield,BFL,51,California,8,3,3,3,0.3333333333333333,1.0,0.0,473.3633333333333,0.0,4.666666666666667,1399.6585,1578.0
510393,M,False,False,canada,calgary,YYC,52,Alberta,8,1,1,1,0.0,1.0,0.0,404.58,0.0,9.0,404.58,792.0
510418,F,True,True,usa,dallas,DAL,38,Texas,9,0,0,0,,,,,,,,
510423,M,True,True,usa,oakland,OAK,55,California,8,2,1,1,0.5,1.0,1.0,105.21,1.0,7.0,105.21,938.7
510449,F,False,True,usa,charlotte,CLT,55,North Carolina,9,4,4,3,0.5,1.0,0.75,172.9875,0.0,1.3333333333333333,635.8305,498.0
510459,M,False,False,canada,ottawa,YOW,33,Ontario,8,3,3,3,0.0,1.3333333333333333,0.6666666666666666,227.6816666666667,0.3333333333333333,2.3333333333333335,824.64,1527.0
510494,F,True,False,usa,kansas city,MCI,50,Missouri,9,5,5,5,0.2,1.2,0.4,328.322,0.6,2.0,1849.818,1061.0
510537,F,True,True,usa,austin,AUS,50,Texas,10,5,4,4,0.2,1.5,1.25,864.7258333333334,0.75,5.25,7980.1900000000005,2414.2
510543,M,False,True,canada,toronto,YYZ,22,Ontario,8,0,0,0,,,,,,,,
510545,F,False,False,usa,los angeles,LAX,61,California,8,1,0,1,0.0,,,,0.0,5.0,,1710.0
510558,M,False,True,usa,newark,EWR,26,New Jersey,9,1,1,1,0.0,1.0,1.0,359.89,0.0,1.0,359.89,114.0
510575,F,False,True,usa,los angeles,LAX,25,California,8,0,0,0,,,,,,,,
510610,F,True,False,usa,new york,LGA,37,New York,8,1,1,1,1.0,1.0,0.0,523.74,1.0,6.0,523.74,683.4
510676,F,True,True,usa,new york,LGA,51,New York,8,3,3,3,0.0,1.3333333333333333,0.3333333333333333,273.35833333333335,0.0,1.3333333333333333,872.09,248.0
510686,F,True,False,usa,st. petersburg,PIE,38,Florida,8,3,2,3,0.3333333333333333,2.0,0.0,289.105,0.6666666666666666,2.6666666666666665,983.902,4975.0
510707,F,False,True,canada,toronto,YKZ,43,Ontario,8,2,2,1,0.0,1.5,1.0,101.0425,0.0,2.0,257.98,700.0
510779,F,False,False,canada,montreal,YHU,43,Quebec,8,4,3,4,0.0,1.3333333333333333,0.6666666666666666,582.345,0.0,1.75,2466.13,1204.0
510828,F,False,False,usa,new york,LGA,23,New York,9,0,0,0,,,,,,,,
510836,F,False,False,usa,nashville,BNA,43,Tennessee,8,5,5,5,0.0,1.0,0.6,228.36399999999998,0.2,1.6,1141.82,1117.0
510841,M,False,False,canada,montreal,YMX,40,Quebec,10,7,7,7,0.14285714285714285,1.0,0.2857142857142857,377.70285714285717,0.14285714285714285,2.4285714285714284,2643.92,2745.6
510890,F,False,False,usa,dallas,DAL,36,Texas,9,5,4,3,0.2,1.0,1.0,313.6825,0.3333333333333333,3.6666666666666665,1254.73,1328.6
510899,F,True,False,usa,kansas city,MCI,57,Missouri,10,2,2,2,0.0,1.0,0.5,161.73000000000002,1.0,3.0,323.46000000000004,1364.0
510946,F,True,False,canada,london,YXU,49,Ontario,8,3,3,3,0.0,1.6666666666666667,0.6666666666666666,429.9122222222222,0.0,5.333333333333333,2165.65,6826.0
510960,F,False,False,usa,tallahassee,TLH,41,Florida,8,3,3,2,0.0,1.0,0.3333333333333333,231.42,0.0,2.0,694.26,574.0
510972,F,True,True,usa,tucson,TUS,30,Arizona,8,3,3,3,0.3333333333333333,1.3333333333333333,0.6666666666666666,226.8033333333333,0.0,2.0,1082.25,2180.0
511055,F,False,False,usa,des moines,DSM,37,Iowa,8,2,2,2,0.5,1.5,0.5,202.35250000000002,0.5,1.5,584.077,754.0
511093,F,False,True,usa,milwaukee,MKE,40,Wisconsin,8,3,2,3,0.6666666666666666,1.0,0.0,221.68,0.3333333333333333,3.0,413.741,874.6
511122,F,True,False,canada,montreal,YHU,49,Quebec,8,2,2,2,0.5,1.0,0.0,94.47,0.5,2.0,170.994,746.0
511126,F,False,False,usa,boston,BOS,30,Massachusetts,9,5,3,5,0.4,1.3333333333333333,0.6666666666666666,524.9316666666667,0.4,4.0,2326.25,3564.1
511140,F,False,False,usa,san diego,NZY,42,California,8,3,2,2,0.6666666666666666,1.5,0.0,174.05249999999998,0.0,16.0,657.6619999999999,3610.7999999999997
511142,F,True,True,usa,new york,JFK,44,New York,8,3,3,3,0.0,1.3333333333333333,1.3333333333333333,161.655,0.0,4.333333333333333,696.25,2102.0
511195,F,True,False,usa,tallahassee,TLH,55,Florida,8,2,1,2,0.0,1.0,1.0,573.78,0.0,3.5,573.78,1802.0
511219,F,False,False,usa,phoenix,PHX,20,Arizona,8,1,0,1,1.0,,,,1.0,2.0,,412.0
511298,F,False,False,usa,new york,JFK,37,New York,8,4,3,4,0.25,1.0,1.0,265.7033333333333,0.25,4.25,797.11,2082.4
511331,F,False,True,canada,calgary,YYC,50,Alberta,9,6,6,5,0.3333333333333333,1.6666666666666667,0.6666666666666666,361.0158333333334,0.0,1.2,3794.7200000000003,1619.45
511377,F,True,False,canada,gatineau,YND,67,Quebec,8,2,0,2,0.5,,,,0.5,4.0,,3266.0
511397,F,False,True,usa,new york,LGA,39,New York,9,5,5,5,0.2,1.6,0.2,346.822,0.2,2.2,2006.353,3996.0
511399,F,True,True,usa,san diego,NZY,50,California,9,2,2,1,0.0,1.0,0.5,660.355,0.0,6.0,1320.71,390.0
511418,F,True,True,usa,new york,JFK,54,New York,8,2,2,1,1.0,1.0,0.5,736.5799999999999,0.0,4.0,1289.1825,460.8
511433,F,True,False,usa,orlando,MCO,52,Florida,9,5,4,4,0.4,1.5,0.75,428.57625,0.0,4.75,2008.3500000000001,1979.6
511469,F,False,False,usa,los angeles,LAX,59,California,8,3,2,2,0.0,1.0,1.0,355.785,0.5,3.5,711.57,918.0
511489,F,True,False,usa,louisville,LOU,45,Kentucky,8,3,1,3,0.3333333333333333,2.0,1.0,526.065,0.0,5.0,1052.13,3046.6
511502,M,True,True,usa,milwaukee,MKE,49,Wisconsin,10,2,2,2,0.0,1.0,1.0,307.235,1.0,5.5,614.47,4327.0
511504,F,False,False,usa,washington,IAD,36,Virginia,8,3,3,3,0.0,1.0,0.0,506.53666666666663,0.3333333333333333,2.3333333333333335,1519.61,1179.0
511535,F,True,True,usa,chicago,ORD,54,Illinois,8,3,3,2,0.3333333333333333,1.0,0.6666666666666666,348.48333333333335,0.5,4.0,1031.5795,906.6
511549,F,True,True,canada,hamilton,YHM,54,Ontario,8,2,2,1,0.0,1.0,0.5,91.955,1.0,3.0,183.91,516.0
511552,M,False,True,usa,minneapolis,MSP,21,Minnesota,8,0,0,0,,,,,,,,
511560,F,False,True,usa,wichita,IAB,41,Kansas,8,4,4,4,0.25,1.5,0.0,323.4175,0.75,2.25,1702.9099999999999,2454.0
511568,F,False,False,usa,baltimore,BWI,23,Maryland,8,1,1,0,0.0,1.0,0.0,1229.22,,,1229.22,
511577,F,True,False,usa,fresno,FAT,45,California,8,2,2,1,1.0,1.0,0.0,547.46,1.0,1.0,975.0729999999999,327.0
511587,F,True,True,canada,toronto,YTZ,55,Ontario,8,2,2,2,0.0,1.0,1.5,391.29,0.0,1.5,782.58,211.0
511613,F,False,False,usa,miami,TNT,45,Florida,8,3,3,3,0.0,1.0,1.3333333333333333,370.1333333333334,0.0,1.6666666666666667,1110.4,1186.0
511638,F,False,True,usa,fresno,FAT,37,California,8,3,2,3,0.3333333333333333,1.0,0.5,398.235,0.0,3.0,796.47,2411.0
511665,M,False,True,usa,nashville,BNA,49,Tennessee,8,1,1,1,1.0,2.0,1.0,503.175,0.0,2.0,754.7625,908.0
511680,F,False,False,usa,jacksonville,JAX,30,Florida,8,4,3,4,0.0,1.0,0.6666666666666666,311.33,0.0,4.0,933.99,3557.0
511712,F,False,False,usa,buffalo,BUF,31,New York,8,3,3,2,0.6666666666666666,1.3333333333333333,0.6666666666666666,201.285,0.5,4.5,1024.552,1598.8
511764,M,True,True,usa,long beach,LGB,57,California,8,1,1,1,0.0,1.0,0.0,613.96,1.0,4.0,613.96,668.0
511772,F,False,False,usa,chicago,UGN,30,Illinois,8,3,3,3,0.3333333333333333,1.0,0.3333333333333333,334.01,0.6666666666666666,5.333333333333333,1002.03,1609.75
511783,F,True,False,usa,riverside,RAL,50,California,8,4,4,3,0.25,1.0,0.25,135.73,0.0,2.6666666666666665,542.92,1226.4
511784,F,False,False,usa,bakersfield,BFL,38,California,9,0,0,0,,,,,,,,
511800,F,False,False,usa,san jose,SJC,51,California,8,7,6,7,0.14285714285714285,1.5,0.8333333333333334,397.705,0.2857142857142857,2.4285714285714284,3655.09,6854.0
511803,F,True,True,usa,detroit,YIP,40,Michigan,8,4,3,3,0.5,2.0,0.3333333333333333,343.3866666666667,1.0,4.0,2391.77,5521.2
511805,F,False,False,usa,los angeles,LAX,41,California,9,4,4,4,0.0,1.0,0.5,392.4175,0.25,3.75,1569.67,2501.0
511809,M,False,False,usa,fort worth,FTW,44,Texas,8,2,1,2,0.5,2.0,0.0,407.49,0.5,2.5,814.98,1015.0
511811,F,False,False,usa,dallas,DAL,38,Texas,8,3,3,2,0.3333333333333333,1.3333333333333333,0.3333333333333333,294.10166666666663,0.5,2.0,1292.85,730.3
511860,F,False,True,usa,detroit,YIP,42,Michigan,8,4,3,4,0.0,1.0,0.6666666666666666,275.17333333333335,0.25,2.75,825.52,1204.0
511878,F,False,True,usa,san francisco,SFO,19,California,9,0,0,0,,,,,,,,
511884,F,False,False,usa,los angeles,LAX,45,California,8,4,4,4,0.0,1.0,0.25,416.4425,0.0,2.0,1665.77,1698.0
511902,F,True,True,canada,montreal,YMX,54,Quebec,9,3,3,3,0.3333333333333333,1.0,0.3333333333333333,367.51666666666665,0.3333333333333333,2.3333333333333335,1102.55,1146.2
511910,F,False,True,usa,los angeles,LAX,20,California,8,1,0,1,0.0,,,,0.0,9.0,,774.0
511936,F,False,False,usa,san antonio,RND,40,Texas,8,3,2,2,0.0,1.0,0.5,456.64,0.5,7.0,913.28,1322.0
511977,F,True,False,usa,fresno,FAT,45,California,8,1,1,1,0.0,1.0,1.0,255.76,0.0,2.0,255.76,300.0
511998,F,False,False,usa,milwaukee,MKE,44,Wisconsin,8,2,2,2,0.0,1.0,0.0,362.7,0.0,2.5,725.4,353.0
512009,M,False,True,usa,new york,JFK,46,New York,8,3,3,2,0.0,1.3333333333333333,1.0,412.50333333333333,1.0,6.0,1341.06,1149.0
512028,F,False,False,usa,new york,LGA,46,New York,8,2,2,2,0.0,1.0,0.5,382.145,0.0,1.0,764.29,160.0
512063,F,True,False,usa,long beach,LGB,48,California,8,1,1,1,1.0,2.0,0.0,347.42,0.0,2.0,625.356,624.0
512078,F,False,False,usa,santa ana,SNA,33,California,8,2,2,2,0.0,1.0,1.0,359.22999999999996,0.5,2.0,718.4599999999999,796.0
512147,M,False,False,canada,calgary,YYC,47,Alberta,9,2,0,2,0.0,,,,0.0,5.0,,1547.0
512148,F,False,False,usa,indianapolis,IND,24,Gujarat,8,1,0,1,0.0,,,,0.0,3.0,,372.0
512173,M,True,False,usa,san francisco,SFO,51,California,8,4,4,3,0.5,1.5,0.5,976.61875,0.3333333333333333,7.0,6761.849999999999,5694.4
512201,F,True,False,usa,san jose,SJC,55,California,8,4,4,3,0.25,1.0,0.75,518.44,0.6666666666666666,4.0,2073.76,1961.2
512204,F,False,False,usa,jacksonville,NZC,57,Ica,8,4,4,4,0.5,1.0,0.5,344.1075,0.5,2.5,1351.712,2176.5
512243,F,True,True,usa,charlotte,CLT,39,North Carolina,9,3,2,3,0.3333333333333333,1.0,0.5,371.095,0.0,3.3333333333333335,722.172,2364.0
512289,F,False,False,usa,charlotte,CLT,67,North Carolina,8,2,2,1,0.5,1.0,0.5,471.85,1.0,4.0,930.5815,812.0
512294,F,True,True,usa,houston,IAH,55,Texas,8,5,4,5,0.0,1.25,1.0,396.55625,0.0,2.8,1996.96,1835.0
512295,F,False,False,usa,las vegas,LAS,46,Nevada,8,5,5,4,0.4,1.2,0.4,298.96500000000003,0.25,1.75,2137.753,1272.2
512301,F,False,False,usa,columbus,LCK,45,Ohio,8,5,4,3,0.4,1.0,1.25,298.5025,0.3333333333333333,2.6666666666666665,1194.01,1079.6
512305,F,False,False,usa,san jose,SJC,27,California,8,2,0,2,0.0,,,,0.5,4.5,,1756.0
512362,F,False,False,usa,chicago,UGN,34,Illinois,9,3,3,3,0.3333333333333333,1.0,0.6666666666666666,286.99666666666667,0.3333333333333333,2.3333333333333335,857.3205,614.0
512397,F,False,True,usa,brownsville,BRO,19,Texas,10,0,0,0,,,,,,,,
512402,F,False,True,canada,london,YXU,47,Ontario,9,1,1,1,0.0,1.0,0.0,607.78,0.0,1.0,607.78,188.0
512419,F,True,True,canada,ottawa,YOW,57,Ontario,8,3,3,3,0.0,2.0,2.0,252.93999999999997,0.0,4.333333333333333,1159.17,4266.0
512440,F,True,False,usa,columbus,CMH,36,Ohio,8,3,3,3,0.0,1.0,0.6666666666666666,214.28666666666666,0.3333333333333333,2.3333333333333335,642.86,2804.0
512447,F,False,False,usa,stockton,SCK,23,California,8,2,1,2,0.5,3.0,1.0,582.84,0.5,7.0,1311.3899999999999,1656.0
512463,M,False,False,usa,lincoln,LNK,40,Nebraska,8,4,4,3,0.0,1.25,0.75,479.79499999999996,0.3333333333333333,4.0,2141.29,1810.0
512495,F,False,False,usa,louisville,LOU,41,Kentucky,8,6,4,6,0.0,1.25,0.5,152.7025,0.0,6.333333333333333,705.61,6016.0
512529,F,True,True,usa,miami,TNT,43,Florida,8,0,0,0,,,,,,,,
512536,F,True,True,usa,los angeles,LAX,55,California,8,2,2,2,0.0,1.5,0.5,312.7175,0.0,3.5,973.24,1094.0
512587,F,False,False,usa,oakland,OAK,40,California,8,2,2,2,0.0,1.0,1.0,595.9649999999999,0.0,2.0,1191.9299999999998,367.0
512628,F,False,False,canada,winnipeg,YAV,37,,8,4,3,4,0.25,1.0,0.6666666666666666,403.4166666666667,0.25,3.25,1210.25,2232.0
512655,F,False,False,usa,nashville,BNA,46,Tennessee,9,4,4,3,0.5,1.25,0.25,208.675,0.0,1.6666666666666667,1033.4279999999999,840.55
512680,F,True,True,canada,montreal,YMX,66,Quebec,8,1,1,1,0.0,1.0,0.0,585.09,0.0,3.0,585.09,462.0
512691,F,False,True,usa,new york,LGA,35,New York,8,2,2,2,0.5,1.0,0.0,606.585,1.0,2.0,1213.17,397.4
512696,F,False,False,usa,buffalo,BUF,19,New York,8,3,1,3,0.3333333333333333,1.0,1.0,726.92,0.0,9.333333333333334,726.92,9131.0
512704,F,True,True,usa,san antonio,SAT,33,Texas,8,1,1,0,1.0,1.0,0.0,401.05,,,380.9975,
512780,F,False,False,canada,vancouver,YVR,45,British Columbia,9,3,2,3,0.3333333333333333,1.0,0.5,382.91499999999996,0.0,3.6666666666666665,765.8299999999999,3192.0
512791,F,False,True,usa,atlanta,ATL,36,Georgia,8,3,3,3,0.3333333333333333,1.3333333333333333,1.0,342.87833333333333,0.3333333333333333,2.6666666666666665,1118.396,1004.0
512826,F,True,False,usa,richmond,RIC,43,Virginia,8,4,4,2,0.0,1.5,1.0,270.87624999999997,0.0,2.0,1917.11,393.0
512846,F,True,True,canada,montreal,YUL,40,Quebec,8,4,4,3,0.25,1.0,0.0,360.07,0.0,2.0,1440.28,736.5
512848,F,False,False,usa,houston,EFD,38,Texas,8,3,2,3,0.3333333333333333,1.0,0.0,261.09000000000003,0.3333333333333333,2.0,522.1800000000001,601.5
512887,M,False,False,usa,san diego,SAN,41,California,8,3,3,3,1.0,1.0,0.6666666666666666,474.51,0.0,2.6666666666666665,1261.3004999999998,1303.0
512888,F,True,False,usa,chicago,MDW,40,Illinois,8,3,2,3,0.3333333333333333,1.0,0.5,341.025,0.6666666666666666,8.333333333333334,682.05,5229.0
512922,F,False,True,usa,tucson,TUS,36,Arizona,8,2,2,1,0.5,1.0,1.0,339.64,0.0,1.0,679.28,136.5
512943,F,True,True,canada,toronto,YKZ,49,Ontario,8,4,4,2,0.0,1.0,0.5,410.4375,1.0,2.0,1641.75,1331.0
512945,F,False,False,usa,los angeles,LAX,27,California,8,3,2,2,0.0,1.0,0.0,482.375,0.5,8.5,964.75,2783.0
512999,F,True,False,usa,new york,JFK,37,New York,8,3,3,2,0.0,1.3333333333333333,0.6666666666666666,472.0166666666667,0.0,1.5,1543.25,503.0
513006,F,True,False,usa,st. petersburg,SPG,60,Florida,10,2,2,2,0.5,1.5,1.0,505.985,0.5,4.0,1328.77,1011.5999999999999
513026,F,True,False,usa,chicago,MDW,43,Illinois,8,3,3,3,0.3333333333333333,1.0,0.3333333333333333,231.51333333333332,0.6666666666666666,5.333333333333333,663.764,3173.0
513030,F,False,False,usa,san jose,SJC,41,California,8,3,3,3,0.0,1.0,0.0,202.27666666666667,0.3333333333333333,4.0,606.83,2161.0
513031,F,True,True,usa,detroit,DTW,49,Michigan,9,3,2,2,0.3333333333333333,1.0,1.0,350.4,0.5,4.0,700.8,2990.0
513058,F,False,True,usa,new york,JFK,54,New York,8,6,5,3,0.3333333333333333,1.2,0.4,361.778,0.6666666666666666,3.6666666666666665,1926.3100000000002,1787.0
513089,F,True,False,usa,sacramento,SMF,41,California,8,3,1,3,0.6666666666666666,1.0,1.0,215.62,0.6666666666666666,8.333333333333334,215.62,2220.6000000000004
513103,F,False,True,usa,philadelphia,PHL,34,Pennsylvania,8,3,3,3,0.3333333333333333,1.3333333333333333,0.3333333333333333,380.68833333333333,0.0,2.3333333333333335,1804.327,1147.0
513138,F,False,True,usa,seattle,BFI,19,Washington,8,0,0,0,,,,,,,,
513164,F,False,False,usa,mobile,BFM,45,Alabama,8,2,2,1,0.5,1.0,0.0,154.885,0.0,4.0,309.77,400.0
513220,F,False,False,usa,indianapolis,IND,47,Gujarat,8,5,5,5,0.6,1.0,0.4,260.16999999999996,0.2,3.0,1212.719,5222.0
513221,F,False,False,usa,kansas city,MCI,33,Missouri,8,1,1,1,0.0,2.0,0.0,373.605,1.0,6.0,747.21,1092.0
513237,F,True,True,canada,toronto,YZD,38,,8,2,1,2,0.5,1.0,0.0,588.8,0.0,4.0,588.8,1470.0
513241,F,False,True,usa,las vegas,LAS,39,Nevada,8,0,0,0,,,,,,,,
513261,F,True,True,usa,new york,JFK,62,New York,9,0,0,0,,,,,,,,
513289,F,False,False,canada,calgary,YYC,37,Alberta,8,1,1,1,0.0,1.0,0.0,189.31,0.0,2.0,189.31,874.0
513322,F,False,False,usa,new york,LGA,53,New York,9,3,3,3,0.0,1.0,1.0,567.8866666666667,0.0,1.3333333333333333,1703.66,695.0
513347,F,True,True,usa,los angeles,LAX,51,California,10,1,1,1,1.0,1.0,1.0,378.92,0.0,2.0,322.082,258.0
513381,F,True,True,usa,akron,AKR,53,Ondo,8,3,3,3,0.3333333333333333,1.0,0.6666666666666666,433.13000000000005,0.0,1.3333333333333333,1299.39,513.4
513387,F,True,True,usa,chicago,ORD,51,Illinois,8,5,4,5,0.0,1.25,0.25,171.5175,0.4,3.0,742.54,6357.0
513397,F,False,False,usa,new york,JFK,56,New York,8,5,4,4,0.2,1.0,0.5,362.6825,0.25,2.75,1450.73,1463.1999999999998
513408,M,False,True,usa,modesto,MOD,34,California,8,2,2,2,0.5,2.5,0.5,443.635,0.5,5.5,2530.886,2610.0
513425,F,True,True,usa,burlington,BTV,52,Vermont,9,0,0,0,,,,,,,,
513438,F,True,True,usa,san antonio,RND,54,Texas,8,1,1,1,0.0,1.0,1.0,348.1,0.0,12.0,348.1,7416.0
513441,F,False,True,usa,madison,MSN,38,Wisconsin,8,0,0,0,,,,,,,,
513495,F,False,False,usa,san diego,SAN,33,California,8,2,1,2,0.5,1.0,1.0,344.89,0.0,8.5,344.89,5536.0
513497,F,False,False,usa,las vegas,LSV,47,Nevada,8,2,1,2,0.5,1.0,0.0,673.96,0.0,4.0,673.96,984.65
513546,F,False,False,usa,louisville,LOU,47,Kentucky,8,0,0,0,,,,,,,,
513569,F,False,False,usa,boston,BOS,20,Massachusetts,9,2,1,2,1.0,1.0,1.0,628.7,0.0,1.5,628.7,139.4
513582,F,True,False,usa,los angeles,LAX,51,California,8,3,3,2,0.0,1.0,0.6666666666666666,680.5133333333333,1.0,2.5,2041.54,591.0
513602,F,False,False,usa,new york,JFK,29,New York,8,0,0,0,,,,,,,,
513611,F,False,False,usa,washington,DCA,51,Virginia,8,3,2,3,0.6666666666666666,1.0,0.5,409.58000000000004,0.3333333333333333,5.666666666666667,786.4435000000001,5193.5
513613,M,False,False,usa,orlando,MCO,49,Florida,8,3,2,3,0.3333333333333333,1.0,0.0,334.97,0.0,4.333333333333333,669.94,2124.8
513625,F,False,True,usa,kansas city,MCI,31,Missouri,8,1,1,1,1.0,4.0,1.0,272.51,0.0,2.0,1035.538,880.0
513627,F,True,False,usa,atlanta,ATL,60,Georgia,8,3,3,3,0.0,1.0,0.6666666666666666,218.32333333333335,0.6666666666666666,1.6666666666666667,654.97,1556.0
513659,F,False,False,usa,honolulu,HNL,44,Hawaii,8,3,3,3,0.0,1.0,0.0,717.5833333333334,0.0,4.666666666666667,2152.75,1157.0
513742,F,False,True,usa,louisville,LOU,34,Kentucky,8,0,0,0,,,,,,,,
513761,F,False,False,usa,los angeles,LAX,41,California,8,3,3,3,0.3333333333333333,1.0,0.3333333333333333,525.9033333333333,0.0,4.666666666666667,1577.71,3178.25
513787,M,True,False,usa,memphis,MEM,45,Tennessee,8,4,4,3,0.5,1.0,1.0,286.0675,0.6666666666666666,3.0,1079.844,1087.6
513791,F,False,False,canada,toronto,YTZ,41,Ontario,8,4,4,4,0.25,1.25,0.5,392.2975,0.5,6.5,1612.8,3561.0
513796,F,True,False,usa,tacoma,TCM,47,Washington,8,3,3,2,0.0,1.3333333333333333,0.6666666666666666,581.42,0.5,7.5,2239.94,4554.0
513826,F,False,False,usa,el paso,BIF,45,Texas,10,4,4,2,0.25,1.5,0.5,361.66249999999997,0.0,2.0,1590.453,736.0
513844,M,True,False,usa,oklahoma city,TIK,39,Oklahoma,8,3,2,2,0.0,2.0,0.5,210.7866666666667,0.5,5.0,1044.6200000000001,7290.0
513856,M,False,False,canada,london,YXU,39,Ontario,8,1,1,1,1.0,1.0,1.0,376.91,0.0,8.0,320.37350000000004,1104.0
513875,F,True,True,usa,orlando,MCO,37,Florida,8,3,2,3,0.0,2.5,1.5,466.01750000000004,0.6666666666666666,3.6666666666666665,2938.15,2428.0
513953,F,True,False,usa,tacoma,TCM,42,Washington,9,2,1,2,0.5,1.0,0.0,261.42,0.5,2.0,209.13600000000002,668.0
513964,F,False,False,usa,colorado springs,COS,51,Colorado,8,5,5,3,0.2,1.0,0.4,331.352,0.0,1.3333333333333333,1656.76,1358.0
514002,F,False,False,usa,los angeles,LAX,41,California,8,5,5,5,0.0,1.0,0.4,468.16,0.2,2.6,2340.8,2201.0
514021,F,False,False,usa,nashville,BNA,79,Tennessee,8,2,0,2,1.0,,,,0.0,18.5,,10000.4
514023,M,False,True,usa,los angeles,LAX,46,California,8,3,2,3,0.6666666666666666,1.0,0.0,398.69,0.0,3.0,797.38,1383.0
514053,F,True,True,canada,victoria,YYJ,45,British Columbia,8,2,1,2,1.0,1.0,0.0,339.66,0.0,8.5,305.694,2644.25
514132,F,False,True,usa,san antonio,RND,40,Texas,8,5,5,4,0.0,1.2,0.4,323.413,0.0,3.0,1916.08,1732.0
514133,F,True,False,usa,portland,PDX,44,Oregon,8,3,2,2,0.3333333333333333,1.0,0.5,240.945,0.0,2.0,474.129,1020.0
514164,F,True,False,usa,bakersfield,BFL,49,California,10,4,3,4,0.25,1.0,0.3333333333333333,618.8866666666667,0.5,3.0,1856.66,2414.2
514167,F,False,False,usa,phoenix,PHX,54,Arizona,8,2,2,2,0.0,1.0,0.5,433.57000000000005,0.5,1.5,867.1400000000001,289.0
514210,F,False,False,canada,toronto,YZD,45,,9,3,3,3,0.6666666666666666,1.0,0.3333333333333333,248.01666666666665,0.6666666666666666,2.3333333333333335,738.9445000000001,665.3
514235,F,False,True,usa,oakland,OAK,32,California,8,1,1,1,0.0,1.0,0.0,226.18,1.0,3.0,226.18,357.0
514261,F,False,False,canada,toronto,YTZ,34,Ontario,8,3,3,3,0.6666666666666666,1.3333333333333333,0.6666666666666666,250.21166666666667,0.3333333333333333,1.0,762.5699999999999,498.70000000000005
514289,F,True,True,canada,montreal,YUL,54,Quebec,9,0,0,0,,,,,,,,
514300,M,False,False,usa,oklahoma city,TIK,42,Oklahoma,8,2,2,1,0.5,1.0,1.0,346.755,1.0,1.0,693.51,100.0
514315,F,False,False,canada,winnipeg,YAV,25,,8,1,1,1,0.0,1.0,1.0,411.04,0.0,2.0,411.04,628.0
514318,F,True,True,usa,seattle,SEA,55,Washington,8,4,2,4,0.75,1.0,1.0,522.375,0.0,3.0,824.7180000000001,2469.5
514337,F,False,False,usa,chicago,ORD,49,Illinois,9,4,2,4,0.75,1.0,1.0,355.005,0.25,6.25,698.3879999999999,8303.8
514342,F,False,False,usa,baltimore,BWI,44,Maryland,8,4,4,2,0.25,1.5,1.0,336.95916666666665,1.0,4.0,1561.51,6010.0
514370,F,False,False,usa,new york,JFK,45,New York,8,3,3,3,0.3333333333333333,1.3333333333333333,0.0,470.2166666666667,0.3333333333333333,4.0,1993.1525,9702.0
514384,F,False,False,canada,toronto,YKZ,46,Ontario,8,1,1,1,0.0,2.0,1.0,590.25,0.0,1.0,1180.5,202.0
514457,F,False,False,usa,modesto,MOD,44,California,10,4,4,4,0.25,1.0,0.5,554.87,0.0,4.5,2209.517,4256.0
514460,F,True,False,usa,san jose,SJC,40,California,8,4,3,3,0.25,1.0,0.6666666666666666,293.65333333333336,1.0,6.666666666666667,833.5764999999999,3762.3
514503,F,False,False,usa,lubbock,LBB,24,Texas,8,2,0,2,0.5,,,,0.5,11.0,,10392.0
514515,F,False,False,canada,vancouver,YVR,41,British Columbia,8,3,3,2,0.3333333333333333,1.6666666666666667,1.0,472.29333333333335,0.0,1.0,2254.95,1246.0
514586,F,False,False,usa,chicago,ORD,46,Illinois,9,3,3,3,0.0,1.0,0.6666666666666666,216.5,1.0,3.6666666666666665,649.5,1061.0
514589,F,True,False,usa,los angeles,LAX,50,California,8,1,1,1,0.0,1.0,1.0,374.73,0.0,2.0,374.73,580.0
514623,F,True,True,usa,sacramento,SMF,40,California,8,1,1,1,0.0,1.0,1.0,321.28,1.0,4.0,321.28,536.0
514638,F,True,True,usa,montgomery,MXF,42,Alabama,8,4,3,4,0.5,2.0,1.0,484.0972222222222,0.25,6.0,2508.1549999999997,3025.0
514660,F,True,True,usa,phoenix,PHX,43,Arizona,8,4,4,3,0.0,1.25,0.5,535.98,0.0,1.6666666666666667,2714.5899999999997,852.0
514675,F,True,False,usa,chicago,UGN,53,Illinois,9,3,3,3,0.0,1.3333333333333333,0.6666666666666666,323.0833333333333,0.0,2.0,1171.29,1571.0
514737,F,True,True,usa,washington,IAD,58,Virginia,8,4,4,4,0.25,1.0,0.75,129.23749999999998,0.5,4.5,499.12199999999996,1759.0
514830,F,False,False,usa,los angeles,LAX,56,California,9,2,2,1,0.0,1.0,1.0,389.06,0.0,3.0,778.12,921.0
514867,F,True,True,usa,denver,DEN,47,Colorado,8,3,3,3,0.0,1.6666666666666667,0.3333333333333333,305.11555555555555,0.3333333333333333,4.333333333333333,1717.3200000000002,4537.0
514892,F,False,False,usa,phoenix,PHX,41,Arizona,9,5,5,5,0.4,1.2,0.8,300.453,0.6,4.2,1703.465,3990.0
514893,F,True,False,usa,rochester,ROC,71,New York,8,1,0,1,1.0,,,,0.0,10.0,,3135.0
514931,F,False,False,usa,baton rouge,BTR,20,Louisiana,9,0,0,0,,,,,,,,
514944,M,True,True,usa,los angeles,LAX,51,California,9,1,1,1,0.0,1.0,1.0,610.81,1.0,4.0,610.81,340.0
514980,M,False,False,usa,indianapolis,IND,41,Gujarat,8,7,7,7,0.7142857142857143,1.4285714285714286,0.5714285714285714,311.86285714285714,0.2857142857142857,4.285714285714286,2527.8675,6381.25
514981,F,True,False,usa,long beach,LGB,50,California,8,3,3,3,0.0,1.3333333333333333,0.3333333333333333,75.12666666666667,0.0,3.6666666666666665,317.28,2063.0
515004,F,True,True,usa,sacramento,MHR,53,California,8,2,1,2,0.0,1.0,1.0,734.59,0.0,4.5,734.59,1693.0
515013,F,False,False,usa,milwaukee,MKE,51,Wisconsin,8,2,2,1,0.5,1.5,0.5,284.46,0.0,1.0,782.247,352.0
515051,F,True,False,canada,calgary,YYC,49,Alberta,9,5,5,5,0.2,1.0,1.2,504.98400000000004,0.4,5.4,2524.92,4491.6
515161,F,True,True,usa,santa ana,SNA,50,California,8,3,2,3,0.6666666666666666,1.0,1.0,271.78,0.6666666666666666,4.666666666666667,541.1825,1685.2
515182,F,False,False,usa,dallas,DAL,41,Texas,8,6,6,6,0.0,1.1666666666666667,0.8333333333333334,277.2375,0.8333333333333334,2.0,2113.2200000000003,2797.0
515200,F,True,False,usa,mobile,BFM,37,Alabama,8,2,2,2,0.5,2.0,0.5,344.98333333333335,0.0,3.5,1613.734,1199.7
515202,F,True,False,usa,chicago,MDW,78,Illinois,9,1,0,1,0.0,,,,0.0,3.0,,3033.0
515229,F,True,True,usa,los angeles,LAX,55,California,9,4,3,4,0.5,1.6666666666666667,0.3333333333333333,543.6916666666667,0.0,4.25,2606.19,3794.3
515240,F,True,True,usa,indianapolis,IND,46,Gujarat,8,1,0,1,0.0,,,,0.0,5.0,,2410.0
515271,F,False,True,canada,montreal,YHU,59,Quebec,8,3,3,3,0.0,1.0,0.0,460.2,0.0,1.0,1380.6,357.0
515306,F,True,False,usa,modesto,MOD,51,California,9,4,3,4,0.0,1.0,0.6666666666666666,420.07,0.5,8.25,1260.21,5435.0
515330,F,False,False,usa,houston,IAH,51,Texas,8,3,3,3,0.0,1.3333333333333333,0.3333333333333333,413.285,0.3333333333333333,1.6666666666666667,1770.37,1076.0
515344,M,False,False,usa,new york,LGA,50,New York,8,5,3,5,0.4,1.0,0.6666666666666666,442.95,0.6,4.2,1261.566,8395.6
515409,F,True,True,usa,new york,JFK,47,New York,8,3,3,3,0.3333333333333333,1.6666666666666667,1.0,323.60833333333335,0.0,1.6666666666666667,1607.3940000000002,1248.0
515423,F,True,False,canada,victoria,YYJ,58,British Columbia,8,2,2,1,0.0,1.0,0.5,478.11,1.0,6.0,956.22,360.0
515478,F,True,True,usa,winston-salem,INT,33,North Carolina,8,2,2,2,0.0,1.5,0.0,118.325,0.0,2.0,391.11,570.0
515502,F,False,True,usa,phoenix,PHX,36,Arizona,9,1,0,1,1.0,,,,0.0,4.0,,1550.3999999999999
515516,M,True,False,usa,houston,EFD,36,Texas,8,0,0,0,,,,,,,,
515523,M,False,False,usa,las vegas,LAS,25,Nevada,8,3,1,3,0.3333333333333333,1.0,0.0,518.65,0.0,5.333333333333333,518.65,6335.45
515530,F,False,True,canada,calgary,YYC,21,Alberta,8,0,0,0,,,,,,,,
515580,F,False,False,usa,indianapolis,IND,47,Gujarat,8,4,3,4,0.25,1.0,0.6666666666666666,390.64000000000004,0.25,5.25,1171.92,5483.8
515586,F,False,False,usa,san diego,SAN,57,California,9,5,5,3,0.0,1.0,0.6,556.3399999999999,0.3333333333333333,2.3333333333333335,2781.7,1714.0
515610,M,True,True,canada,vancouver,YVR,35,British Columbia,8,2,2,1,0.5,2.5,0.5,576.425,0.0,3.0,2965.752,264.0
515634,F,False,False,usa,austin,AUS,20,Texas,8,0,0,0,,,,,,,,
515639,F,False,False,usa,los angeles,LAX,42,California,9,7,7,6,0.2857142857142857,1.1428571428571428,0.8571428571428571,577.9292857142857,0.3333333333333333,2.6666666666666665,4445.402,4861.0
515645,F,True,False,usa,new york,LGA,38,New York,8,3,2,2,0.0,1.0,1.0,120.785,0.5,8.0,241.57,11841.0
515666,F,True,False,usa,columbus,LCK,41,Ohio,8,4,4,4,0.5,1.0,0.5,195.02999999999997,0.75,3.5,780.1199999999999,1254.2
515684,F,False,False,usa,new york,LGA,56,New York,9,7,7,5,0.14285714285714285,1.1428571428571428,0.8571428571428571,300.22214285714284,0.4,1.6,2276.3395,2270.9
515727,F,True,False,usa,laredo,LRD,41,Texas,8,4,4,4,0.5,1.0,0.25,379.205,0.25,2.25,1516.82,1399.6
515735,F,True,True,usa,chicago,MDW,66,Illinois,9,1,1,1,0.0,1.0,1.0,517.22,1.0,1.0,517.22,119.0
515751,F,True,True,usa,new york,JFK,45,New York,8,3,3,3,0.0,1.3333333333333333,0.6666666666666666,359.41166666666663,0.6666666666666666,3.0,1762.1699999999998,4140.0
515778,F,True,False,usa,milwaukee,MKE,55,Wisconsin,8,3,2,3,0.3333333333333333,1.0,0.5,363.23,0.0,4.0,726.46,1513.2
515818,M,False,False,usa,chicago,ORD,69,Illinois,8,1,1,0,0.0,2.0,0.0,514.055,,,1028.11,
515831,F,False,True,usa,indianapolis,IND,34,Gujarat,8,2,2,1,0.5,1.0,0.5,364.81499999999994,1.0,1.0,729.6299999999999,323.0
515854,F,True,False,usa,reno,RNO,69,Nevada,8,2,0,2,0.0,,,,0.0,5.0,,1097.0
515874,F,True,False,usa,anchorage,ANC,70,Alaska,9,1,0,1,0.0,,,,0.0,9.0,,1962.0
515891,F,False,False,usa,indianapolis,IND,43,Gujarat,8,5,5,4,0.2,1.0,0.4,404.794,0.5,3.25,2023.97,4424.8
515901,F,False,False,usa,phoenix,PHX,38,Arizona,9,2,2,2,0.5,1.0,0.5,302.09000000000003,0.0,2.5,604.1800000000001,809.4
515974,M,False,True,usa,dallas,DAL,25,Texas,8,3,1,3,0.0,1.0,0.0,347.94,0.0,11.0,347.94,4907.0
515985,F,True,False,canada,ottawa,YOW,45,Ontario,9,3,2,3,0.3333333333333333,1.0,0.5,66.08,0.3333333333333333,3.3333333333333335,132.16,1968.0
516001,F,True,False,usa,anchorage,EDF,34,Alaska,9,1,0,1,0.0,,,,0.0,3.0,,918.0
516006,F,True,False,usa,san antonio,RND,50,Texas,8,5,5,5,0.2,1.0,0.4,199.972,0.4,3.6,988.404,3667.0
516053,F,False,True,usa,los angeles,LAX,45,California,9,5,5,3,0.2,1.0,0.4,595.112,0.6666666666666666,2.6666666666666665,2963.548,540.0
516057,F,False,False,usa,houston,HOU,40,Texas,8,3,3,2,0.3333333333333333,1.3333333333333333,0.6666666666666666,384.5816666666667,0.5,3.5,1461.4865,1711.1
516076,F,True,False,usa,riverside,RAL,73,California,8,0,0,0,,,,,,,,
516086,F,False,True,usa,new york,LGA,20,New York,10,1,0,1,1.0,,,,0.0,18.0,,1591.2
516105,F,True,True,usa,austin,AUS,53,Texas,8,3,1,2,0.0,1.0,0.0,282.67,0.0,8.0,282.67,2644.0
516117,F,False,True,usa,charlotte,CLT,49,North Carolina,9,3,2,2,0.0,1.5,0.5,150.3375,0.0,4.5,392.28999999999996,1690.0
516127,F,True,False,usa,denver,DEN,33,Colorado,8,0,0,0,,,,,,,,
516132,F,False,True,usa,dallas,DAL,51,Texas,9,2,2,1,0.0,1.0,1.0,215.515,1.0,2.0,431.03,258.0
516152,F,False,False,usa,madison,MSN,38,Wisconsin,8,1,1,1,0.0,1.0,1.0,467.68,1.0,2.0,467.68,244.0
516211,M,True,False,usa,philadelphia,PHL,43,Pennsylvania,8,3,3,2,0.0,1.0,0.0,244.20333333333335,0.0,5.0,732.61,1324.0
516216,F,False,False,usa,philadelphia,PHL,40,Pennsylvania,8,4,4,4,0.25,1.0,0.25,308.47749999999996,0.0,2.0,1191.702,1254.0
516217,M,True,False,canada,edmonton,YEG,47,Alberta,8,1,1,0,0.0,1.0,0.0,509.57,,,509.57,
516243,F,False,True,usa,buffalo,BUF,35,New York,8,0,0,0,,,,,,,,
516273,F,False,True,usa,tampa,TPA,44,Florida,8,2,2,2,0.0,1.0,0.5,274.245,0.5,2.0,548.49,1120.0
516283,M,True,True,usa,phoenix,PHX,26,Arizona,9,1,1,1,1.0,1.0,1.0,271.77,0.0,1.0,203.8275,171.0
516290,M,False,False,usa,omaha,OMA,47,Iowa,8,3,2,3,0.0,1.5,0.0,269.7525,0.6666666666666666,4.333333333333333,779.94,3296.0
516296,F,False,False,usa,fort worth,FTW,43,Texas,10,2,2,2,0.5,1.0,0.5,238.91,0.5,6.0,447.57849999999996,1198.0
516301,F,False,False,usa,los angeles,LAX,29,California,8,4,4,4,0.0,1.5,0.75,472.73333333333335,0.5,1.75,2978.94,1019.0
516340,F,False,False,usa,omaha,OFF,20,Nebraska,9,1,0,1,0.0,,,,0.0,6.0,,372.0
516351,F,False,False,usa,omaha,OFF,44,Nebraska,8,3,3,3,0.0,1.0,0.6666666666666666,260.84666666666664,0.0,3.3333333333333335,782.54,1338.0
516368,F,True,True,usa,denver,DEN,49,Colorado,8,0,0,0,,,,,,,,
516433,F,False,False,usa,phoenix,PHX,20,Arizona,9,1,1,0,0.0,1.0,0.0,191.33,,,191.33,
516516,M,True,False,usa,shreveport,SHV,62,Louisiana,9,1,1,1,0.0,2.0,1.0,181.585,1.0,4.0,363.17,2032.0
516543,M,True,False,usa,madison,MSN,52,Wisconsin,8,1,1,1,0.0,2.0,1.0,308.56,0.0,6.0,617.12,3252.0
516556,F,False,True,usa,kansas city,MCI,39,Missouri,8,1,1,1,0.0,1.0,0.0,313.91,0.0,3.0,313.91,723.0
516561,F,True,False,usa,dallas,DAL,51,Texas,9,2,2,2,0.5,1.0,1.0,194.445,0.0,2.0,335.0525,632.0
516578,F,False,False,canada,winnipeg,YWG,42,Manitoba,8,4,4,4,0.25,1.25,0.25,366.94875,0.0,4.25,1880.97,1966.0
516583,F,False,True,usa,providence,PVD,48,Rhode Island,8,0,0,0,,,,,,,,
516594,F,False,False,usa,louisville,LOU,56,Kentucky,8,4,4,4,0.0,1.0,0.25,464.525,0.25,5.0,1858.1,3184.0
516616,F,False,True,usa,new york,LGA,56,New York,8,6,4,6,0.3333333333333333,1.0,0.75,619.93,0.6666666666666666,4.666666666666667,2377.1324999999997,6095.0
516620,M,False,False,usa,salt lake city,SLC,68,Utah,8,0,0,0,,,,,,,,
516647,F,True,False,usa,san antonio,RND,45,Texas,8,4,4,3,0.25,1.0,1.0,305.0525,0.6666666666666666,3.6666666666666665,1218.409,2174.0
516682,F,False,False,usa,buffalo,BUF,28,New York,8,3,1,2,0.3333333333333333,1.0,1.0,100.34,0.0,4.5,100.34,930.0
516694,F,True,True,usa,norfolk,NGU,55,Virginia,9,2,2,1,0.0,1.5,0.5,332.0625,0.0,10.0,740.0500000000001,960.0
516732,F,True,True,usa,new york,LGA,41,New York,10,3,2,3,0.0,1.0,0.5,282.21500000000003,0.6666666666666666,3.3333333333333335,564.4300000000001,1550.0
516765,F,False,True,usa,los angeles,LAX,29,California,8,0,0,0,,,,,,,,
516798,F,True,False,usa,san jose,SJC,44,California,8,1,1,1,0.0,1.0,1.0,818.81,0.0,1.0,818.81,187.0
516806,F,False,False,usa,washington,DCA,44,Virginia,8,5,5,4,0.6,1.0,0.6,302.904,0.5,8.0,1514.52,6394.75
516827,F,False,False,usa,las vegas,LSV,55,Nevada,8,6,4,5,0.3333333333333333,1.0,0.75,308.91,0.4,5.6,1235.64,3245.5
516841,M,False,True,usa,fresno,FAT,22,California,8,1,1,1,1.0,1.0,1.0,794.63,0.0,3.0,675.4354999999999,1329.0
516862,F,True,False,usa,new york,LGA,70,New York,8,2,1,1,0.0,1.0,0.0,1091.79,0.0,9.0,1091.79,2790.0
516939,F,True,True,canada,gatineau,YND,32,Quebec,8,1,1,1,1.0,1.0,1.0,104.12,1.0,1.0,57.266000000000005,92.0
516967,M,False,True,usa,fresno,FAT,28,California,8,0,0,0,,,,,,,,
516972,F,True,True,usa,new york,JFK,45,New York,8,2,2,2,1.0,1.0,1.0,409.025,0.0,2.5,746.5140000000001,1070.8000000000002
517033,F,False,False,canada,calgary,YYC,24,Alberta,8,3,0,3,1.0,,,,0.6666666666666666,12.333333333333334,,6029.8
517061,F,True,True,usa,jacksonville,NIP,56,Florida,10,6,4,6,0.16666666666666666,1.25,1.0,281.155,0.6666666666666666,3.6666666666666665,1361.4724999999999,4308.0
517064,F,False,True,usa,dallas,DAL,20,Texas,9,3,2,3,0.6666666666666666,1.0,0.0,359.91499999999996,0.0,1.6666666666666667,683.191,1234.0
517076,F,False,False,usa,charlotte,CLT,41,North Carolina,8,5,2,5,0.6,1.0,0.0,459.085,0.4,6.8,918.17,4380.7
517105,F,False,False,usa,santa ana,SNA,50,California,9,4,4,3,0.5,1.0,0.25,361.2425,0.0,2.6666666666666665,1440.223,1016.0
517119,F,False,True,usa,columbus,CMH,48,Ohio,8,4,3,4,0.25,1.0,0.6666666666666666,242.88,0.0,5.75,671.352,2193.0
517143,F,False,False,usa,kansas city,MCI,28,Missouri,8,2,0,2,0.0,,,,0.0,5.0,,1740.0
517150,M,False,False,usa,columbus,CMH,40,Ohio,8,6,6,6,0.5,1.3333333333333333,0.16666666666666666,426.8627777777778,0.5,3.0,2533.616,3475.0
517158,M,True,True,usa,montgomery,MXF,55,Alabama,8,3,3,3,0.0,1.0,0.6666666666666666,251.95000000000002,0.3333333333333333,1.3333333333333333,755.85,883.0
517330,M,True,False,usa,newark,EWR,72,New Jersey,8,1,1,1,0.0,1.0,1.0,467.35,0.0,6.0,467.35,852.0
517467,F,False,False,usa,lincoln,LNK,39,Nebraska,8,2,1,2,0.5,1.0,2.0,323.87,0.0,5.0,259.096,5486.0
517486,F,True,False,usa,columbus,LCK,49,Ohio,10,3,3,3,0.0,1.0,0.0,158.32000000000002,0.3333333333333333,1.0,474.96000000000004,454.0
517491,F,False,False,usa,nashville,BNA,58,Tennessee,8,8,6,7,0.0,1.0,0.5,328.9266666666667,0.2857142857142857,3.857142857142857,1973.56,5799.0
517543,F,True,False,canada,vancouver,YVR,47,British Columbia,9,0,0,0,,,,,,,,
517549,F,False,False,usa,salt lake city,SLC,53,Utah,9,6,6,5,0.16666666666666666,1.1666666666666667,0.6666666666666666,458.4458333333334,0.2,2.8,2965.778,3805.0
517571,M,False,False,usa,phoenix,LUF,47,Arizona,8,1,1,1,1.0,1.0,1.0,504.02,0.0,2.0,428.417,278.0
517581,F,False,False,usa,san antonio,SKF,38,Texas,8,3,3,3,0.0,1.3333333333333333,0.6666666666666666,386.23333333333335,1.0,4.666666666666667,1654.31,3106.0
517674,F,False,False,usa,los angeles,LAX,33,California,9,3,3,2,0.0,2.0,1.6666666666666667,373.44555555555553,0.0,2.0,2790.83,4992.0
517675,F,True,False,canada,toronto,YTZ,32,Ontario,8,4,4,4,0.5,1.5,1.0,226.65416666666667,0.0,4.25,1080.96,3940.0
517739,F,True,True,usa,chicago,MDW,28,Illinois,8,1,1,1,0.0,1.0,1.0,114.12,0.0,5.0,114.12,1115.0
517787,F,False,False,usa,madison,MSN,35,Wisconsin,8,1,1,1,0.0,3.0,2.0,283.94,0.0,7.0,851.82,1974.0
517803,M,True,False,usa,los angeles,LAX,50,California,8,5,4,5,0.4,1.0,0.25,501.905,0.2,3.0,1971.917,1733.7
517819,F,False,False,canada,vancouver,YVR,36,British Columbia,8,1,1,1,0.0,1.0,2.0,336.32,0.0,3.0,336.32,600.0
517847,F,True,False,usa,denver,DEN,51,Colorado,9,4,3,4,0.5,1.0,0.6666666666666666,256.42333333333335,0.25,2.25,769.27,703.0
517871,F,False,True,usa,boston,BOS,29,Massachusetts,9,1,1,1,0.0,1.0,0.0,234.08,0.0,1.0,234.08,204.0
517931,F,False,False,usa,philadelphia,PHL,39,Pennsylvania,9,5,3,5,0.4,1.0,0.6666666666666666,364.0833333333333,0.2,4.6,1092.25,13085.9
517961,F,True,True,canada,montreal,YUL,64,Quebec,8,2,2,2,0.0,1.5,1.0,727.8050000000001,0.5,1.0,2185.4300000000003,321.0
518015,F,False,True,usa,austin,AUS,43,Texas,8,4,4,4,0.5,1.0,0.25,332.3625,0.75,8.0,1283.1375,3803.8
518041,F,False,False,usa,new york,LGA,22,New York,8,1,0,1,1.0,,,,0.0,4.0,,437.0
518044,F,True,True,usa,cincinnati,LUK,56,Ohio,9,4,2,3,0.25,1.0,1.0,377.70500000000004,0.6666666666666666,5.666666666666667,755.4100000000001,1900.0
518074,F,False,False,usa,milwaukee,MKE,32,Wisconsin,9,2,2,1,0.5,1.5,0.5,389.86,0.0,4.0,1019.8019999999999,1080.0
518092,F,False,False,usa,new york,JFK,47,New York,8,5,5,3,0.0,1.0,0.4,356.34000000000003,0.3333333333333333,2.0,1781.7,1149.0
518121,F,False,False,canada,vancouver,YVR,34,British Columbia,9,3,3,3,0.3333333333333333,1.3333333333333333,0.6666666666666666,478.1383333333333,0.3333333333333333,2.3333333333333335,1809.7515,2374.8
518135,F,False,False,usa,new york,JFK,38,New York,8,2,1,2,0.5,1.0,0.0,464.26,0.0,3.0,464.26,410.0
518191,F,True,False,usa,detroit,YIP,48,Michigan,9,2,2,1,0.0,1.0,0.5,110.305,1.0,2.0,220.61,370.0
518196,F,True,True,usa,san jose,SJC,58,California,8,3,2,2,0.3333333333333333,1.0,1.0,645.9200000000001,0.0,8.0,1291.8400000000001,9384.8
518281,F,True,True,canada,montreal,YMX,56,Quebec,8,4,4,3,0.25,1.0,0.5,471.7775,0.3333333333333333,2.6666666666666665,1742.897,1265.0
518334,F,True,True,usa,mobile,BFM,35,Alabama,8,2,1,2,0.5,1.0,1.0,312.88,0.0,4.0,312.88,1645.6000000000001
518338,F,False,True,usa,fort worth,FTW,38,Texas,8,4,3,4,0.0,1.0,0.0,223.70666666666668,0.75,5.25,671.12,3338.0
518347,F,True,True,usa,boston,BOS,57,Massachusetts,8,4,4,3,0.0,1.0,0.25,275.43,0.6666666666666666,1.6666666666666667,1101.72,1004.0
518372,F,False,False,usa,riverside,RAL,33,California,8,2,2,2,0.5,1.0,0.5,294.72,0.0,2.0,511.27049999999997,1106.0
518406,F,True,False,usa,new york,JFK,54,New York,8,3,3,3,0.0,1.0,0.3333333333333333,89.33666666666666,0.3333333333333333,3.0,268.01,952.0
518450,F,True,True,usa,cincinnati,LUK,65,Ohio,8,2,1,1,0.0,1.0,0.0,504.17,0.0,7.0,504.17,1995.0
518480,F,True,True,usa,lubbock,LBB,47,Texas,8,4,3,4,0.25,1.6666666666666667,1.3333333333333333,360.83,0.25,4.0,1751.3774999999998,4300.4
518495,F,False,False,canada,montreal,YMX,26,Quebec,8,2,2,2,0.5,1.0,1.0,197.6,0.5,10.5,368.4425,4222.0
518526,M,False,False,usa,new york,JFK,56,New York,8,5,5,5,0.2,1.4,0.2,336.7013333333333,0.0,2.6,1836.145,4034.0
518535,M,True,False,usa,houston,HOU,47,Texas,9,3,2,2,0.3333333333333333,1.0,0.5,386.8,1.0,3.5,773.6,1166.9
518567,F,False,False,usa,chicago,UGN,20,Illinois,9,1,1,1,0.0,1.0,1.0,222.33,0.0,2.0,222.33,106.0
518579,M,False,False,usa,seattle,SEA,44,Washington,8,3,2,3,0.0,1.0,0.5,508.66999999999996,0.3333333333333333,4.0,1017.3399999999999,2104.0
518585,F,True,True,usa,chicago,UGN,46,Illinois,8,3,3,3,0.3333333333333333,1.0,0.6666666666666666,414.0133333333333,0.0,2.3333333333333335,1172.164,864.0
518645,F,True,False,usa,newark,EWR,25,New Jersey,8,0,0,0,,,,,,,,
518694,F,False,False,usa,los angeles,LAX,43,California,8,2,1,2,0.0,1.0,0.0,674.92,0.0,12.0,674.92,3622.0
518711,F,True,False,usa,salt lake city,SLC,47,Utah,9,2,1,2,0.0,1.0,1.0,429.92,0.0,2.5,429.92,1073.0
518735,F,False,True,usa,san francisco,SFO,31,California,8,1,0,1,0.0,,,,1.0,5.0,,1190.0
518743,F,False,False,usa,washington,DCA,37,Virginia,8,3,3,3,0.0,1.3333333333333333,0.0,396.9783333333333,0.3333333333333333,4.0,1791.75,3579.0
518747,F,True,True,usa,los angeles,LAX,52,California,8,2,2,2,0.5,2.0,0.5,332.4,0.5,2.0,1310.744,914.0
518751,F,False,False,usa,indianapolis,IND,35,Gujarat,8,5,5,3,0.4,1.2,0.2,269.431,0.0,1.0,1841.95,939.0
518756,F,False,False,usa,boston,BOS,54,Massachusetts,8,2,2,2,0.0,1.0,0.5,617.345,0.0,3.5,1234.69,955.0
518826,F,False,True,canada,montreal,YUL,41,Quebec,8,1,1,1,0.0,1.0,0.0,222.37,0.0,2.0,222.37,514.0
518827,M,True,True,usa,los angeles,LAX,52,California,8,4,2,4,0.5,1.0,0.5,463.605,0.25,5.0,868.8975,6906.0
518865,F,False,True,usa,long beach,LGB,30,California,8,3,3,3,0.0,1.0,0.6666666666666666,380.99,0.0,2.6666666666666665,1142.97,1362.0
518866,F,True,False,usa,los angeles,LAX,57,California,8,3,3,3,0.0,1.0,0.0,624.96,0.3333333333333333,2.3333333333333335,1874.88,752.0
518870,F,False,False,usa,los angeles,LAX,40,California,8,3,2,3,0.0,1.0,0.0,464.66999999999996,0.3333333333333333,3.3333333333333335,929.3399999999999,994.0
518896,F,True,False,usa,chicago,MDW,59,Illinois,8,3,2,3,0.0,1.0,0.5,316.885,0.6666666666666666,10.666666666666666,633.77,7129.0
518922,F,True,False,usa,sacramento,SAC,86,California,8,1,0,1,1.0,,,,0.0,15.0,,4332.0
518956,F,True,False,usa,houston,IAH,50,Texas,9,2,1,2,1.0,1.0,0.0,420.84,0.0,4.0,420.84,1064.9
518971,F,False,False,canada,quebec,YQB,42,Quebec,9,2,2,2,0.5,1.0,0.5,326.15,0.0,1.0,592.412,139.0
519059,F,False,True,canada,victoria,YYJ,29,British Columbia,8,2,2,2,1.0,1.0,0.5,668.15,0.5,2.0,1253.1025,697.8
519079,F,False,False,usa,phoenix,PHX,52,Arizona,8,5,4,4,0.4,1.0,0.5,476.195,0.25,5.5,1871.752,5776.0
519091,F,True,False,usa,san francisco,SFO,56,California,8,2,1,2,0.5,2.0,1.0,793.6,0.0,14.0,1587.2,6504.0
519205,F,True,False,usa,santa ana,SNA,46,California,8,2,2,2,0.5,1.0,0.5,495.75,0.0,1.5,991.5,662.5999999999999
519248,F,True,True,usa,richmond,RIC,29,Virginia,8,1,1,1,1.0,3.0,2.0,113.58333333333333,1.0,9.0,340.75,3505.5
519254,F,False,False,usa,tucson,TUS,33,Arizona,8,7,6,7,0.14285714285714285,1.1666666666666667,0.3333333333333333,481.4708333333333,0.0,2.857142857142857,3368.17,4781.8
519285,F,False,False,usa,portland,PDX,33,Oregon,8,4,3,4,0.0,1.0,0.3333333333333333,540.0566666666667,0.0,3.5,1620.17,1181.0
519313,M,False,True,usa,san diego,NZY,26,California,8,1,1,1,0.0,1.0,0.0,482.88,0.0,2.0,482.88,452.0
519335,F,True,True,usa,tucson,TUS,66,Arizona,10,2,0,2,0.0,,,,0.0,4.0,,1534.0
519348,M,False,False,usa,new york,LGA,48,New York,8,3,3,3,0.3333333333333333,1.0,0.6666666666666666,223.82666666666668,1.0,2.0,671.48,737.5
519368,F,False,True,usa,atlanta,ATL,22,Georgia,9,1,1,1,0.0,1.0,0.0,207.24,1.0,1.0,207.24,198.0
519393,F,False,True,usa,chicago,MDW,52,Illinois,8,3,2,2,0.3333333333333333,1.0,0.5,451.645,0.0,3.5,903.29,538.0
519406,F,False,False,canada,halifax,YHZ,26,Nova Scotia,8,0,0,0,,,,,,,,
519446,F,True,False,usa,los angeles,LAX,50,California,8,4,4,3,0.0,1.0,1.25,427.745,0.6666666666666666,5.0,1710.98,1596.0
519469,M,False,False,usa,nashville,BNA,37,Tennessee,8,2,1,2,0.5,1.0,1.0,244.6,0.5,3.5,244.6,1078.65
519532,F,False,False,canada,quebec,YQB,46,Quebec,9,3,3,3,0.0,1.6666666666666667,1.3333333333333333,363.0477777777778,0.0,1.6666666666666667,1353.3899999999999,588.0
519541,M,True,False,usa,san francisco,SFO,50,California,8,2,2,2,0.5,1.0,0.5,489.32,0.5,1.5,978.64,453.9
519561,F,True,False,usa,new york,LGA,74,New York,8,0,0,0,,,,,,,,
519595,M,False,False,usa,los angeles,LAX,44,California,8,4,4,3,0.25,1.0,0.25,531.4275,0.3333333333333333,2.6666666666666665,2048.3745,674.0
519596,F,True,True,usa,fayetteville,POB,43,North Carolina,8,2,2,2,0.0,1.0,0.0,386.96500000000003,0.0,3.0,773.9300000000001,801.0
519604,F,False,False,usa,burlington,BTV,57,Vermont,8,3,3,3,0.0,1.0,0.3333333333333333,124.83666666666666,0.3333333333333333,3.3333333333333335,374.51,1400.0
519687,F,True,True,usa,laredo,LRD,27,Texas,9,0,0,0,,,,,,,,
519694,F,False,False,canada,ottawa,YOW,35,Ontario,8,4,4,4,0.0,1.0,0.5,378.2875,0.0,1.25,1513.15,994.0
519706,F,False,True,canada,victoria,YYJ,65,British Columbia,8,1,0,1,1.0,,,,1.0,27.0,,5443.200000000001
519726,F,True,False,usa,milwaukee,MKE,46,Wisconsin,8,2,2,2,0.0,1.0,0.0,219.20499999999998,1.0,3.0,438.40999999999997,772.0
519747,M,True,False,usa,columbus,LCK,47,Ohio,8,5,5,5,0.2,1.2,0.2,311.98400000000004,0.2,3.6,1702.432,3483.7
519769,O,True,True,usa,atlanta,ATL,43,Georgia,8,3,3,3,0.6666666666666666,1.0,0.3333333333333333,312.78,0.3333333333333333,2.3333333333333335,859.7879999999999,968.0
519787,F,False,True,canada,edmonton,YEG,20,Alberta,9,1,0,1,0.0,,,,0.0,7.0,,1792.0
519799,F,False,True,usa,bakersfield,BFL,40,California,8,5,5,3,0.2,1.0,0.4,450.184,0.0,3.0,2123.036,1874.0
519846,F,False,True,usa,brownsville,BRO,59,Texas,9,4,3,4,0.25,1.3333333333333333,0.0,391.82666666666665,0.25,3.5,1481.6615,7592.0
519848,F,False,False,usa,los angeles,LAX,45,California,9,4,4,4,0.0,1.5,0.0,374.97749999999996,0.25,2.0,1718.51,2223.0
519853,F,False,True,usa,new york,LGA,44,New York,8,2,2,1,0.5,1.5,0.0,180.51999999999998,0.0,2.0,491.144,580.0
519888,F,False,False,usa,las vegas,LSV,41,Nevada,8,4,3,4,0.5,1.0,1.0,357.26666666666665,0.25,3.75,1071.8,1154.5
519896,F,True,False,usa,miami,OPF,49,Florida,9,3,3,3,0.6666666666666666,1.3333333333333333,0.6666666666666666,1180.01,0.3333333333333333,9.0,6133.78,5760.3
519897,F,False,False,usa,tulsa,TUL,20,Oklahoma,8,0,0,0,,,,,,,,
519905,F,True,False,canada,montreal,YUL,44,Quebec,8,2,2,2,0.0,1.0,1.0,356.105,0.5,3.0,712.21,2818.0
519911,F,False,False,canada,toronto,YYZ,42,Ontario,9,6,6,6,0.16666666666666666,1.0,0.16666666666666666,313.25666666666666,0.3333333333333333,4.0,1869.3540000000003,3298.0
519961,F,False,False,usa,new york,LGA,33,New York,9,3,3,3,0.0,1.0,0.6666666666666666,282.4433333333333,0.6666666666666666,1.6666666666666667,847.33,676.0
519965,M,False,True,usa,oakland,OAK,41,California,8,3,3,3,0.6666666666666666,1.0,0.6666666666666666,447.5466666666667,0.3333333333333333,2.0,1275.7430000000002,2121.0
519982,F,False,True,usa,memphis,MEM,24,Tennessee,8,0,0,0,,,,,,,,
520054,F,False,True,usa,fort worth,FTW,37,Texas,8,1,1,1,0.0,1.0,0.0,51.23,0.0,1.0,51.23,287.0
520063,F,False,True,usa,san antonio,SKF,40,Texas,11,2,2,2,0.0,1.0,0.0,261.29,0.0,1.0,522.58,140.0
520097,F,True,False,usa,louisville,LOU,54,Kentucky,8,4,4,3,0.25,1.0,0.5,192.0275,0.6666666666666666,1.3333333333333333,743.652,464.0
520141,F,False,False,usa,new york,JFK,45,New York,8,3,2,3,0.0,1.0,0.5,257.015,0.6666666666666666,3.6666666666666665,514.03,1876.0
520152,F,True,True,usa,phoenix,PHX,49,Arizona,9,4,3,4,0.25,1.0,1.0,237.93999999999997,0.25,4.25,703.9159999999999,2662.0
520193,F,False,False,usa,el paso,BIF,52,Texas,8,3,3,3,0.0,1.0,1.0,518.6166666666667,0.3333333333333333,2.6666666666666665,1555.85,1429.0
520225,F,False,True,usa,san jose,SJC,45,California,8,5,5,5,0.4,1.0,0.6,393.276,0.0,2.6,1839.6635,1707.0
520265,F,True,True,usa,fresno,FAT,44,California,8,5,4,5,0.2,1.0,0.25,581.515,0.2,5.0,2326.06,3847.5
520277,F,False,False,usa,omaha,OFF,41,Nebraska,8,2,2,2,0.0,1.0,0.0,242.2,0.5,1.5,484.4,265.0
520291,M,True,False,usa,los angeles,LAX,39,California,9,4,4,4,0.25,1.0,1.25,505.7875,0.0,5.5,2023.15,2783.6
520311,F,True,True,usa,milwaukee,MKE,50,Wisconsin,8,5,4,2,0.2,1.25,1.0,206.01125,0.0,6.5,906.2695,2771.0
520397,F,True,False,usa,austin,AUS,46,Texas,9,3,3,2,0.0,1.0,0.3333333333333333,464.68666666666667,0.0,2.0,1394.06,644.0
520411,F,True,False,usa,detroit,DTW,42,Michigan,8,2,2,2,0.0,1.0,0.5,136.89,0.5,3.0,273.78,1228.0
520429,M,True,True,usa,winston-salem,INT,54,North Carolina,8,2,2,2,0.0,1.0,1.0,541.1850000000001,0.0,3.0,1082.3700000000001,1174.0
520436,F,True,False,usa,chicago,MDW,49,Illinois,8,6,5,6,0.0,1.0,0.8,388.54,0.3333333333333333,3.5,1942.7,2942.0
520440,F,True,False,usa,new york,JFK,38,New York,9,0,0,0,,,,,,,,
520480,F,False,False,canada,vancouver,YVR,40,British Columbia,8,3,3,2,1.0,1.0,0.3333333333333333,703.1366666666667,0.5,4.5,1969.6100000000001,511.8
520532,F,True,False,usa,washington,DCA,49,Virginia,9,4,4,4,0.25,1.0,0.75,346.43,0.25,4.0,1385.72,1455.5
520539,F,True,True,usa,little rock,LIT,54,Arkansas,8,3,3,3,0.3333333333333333,1.0,0.3333333333333333,288.61999999999995,0.3333333333333333,1.6666666666666667,852.2715,549.0
520556,F,False,True,usa,austin,AUS,36,Texas,8,5,4,4,0.6,1.0,0.75,249.7675,0.5,10.0,988.359,9659.1
520558,F,False,False,usa,rochester,ROC,38,New York,8,1,1,1,0.0,1.0,0.0,376.12,0.0,5.0,376.12,590.0
520603,F,False,False,usa,milwaukee,MKE,27,Wisconsin,8,0,0,0,,,,,,,,
520680,F,True,False,usa,winston-salem,INT,45,North Carolina,8,2,2,2,1.0,1.0,0.0,315.91,1.0,2.0,522.588,940.0
520719,M,False,False,usa,new york,JFK,27,New York,8,4,4,4,0.0,1.0,0.5,618.3625,0.25,3.25,2473.45,3923.0
520733,F,True,False,usa,honolulu,HNL,43,Hawaii,8,3,3,3,0.3333333333333333,1.0,0.3333333333333333,1080.8,1.0,2.6666666666666665,3186.2509999999997,1144.0
520762,F,False,False,usa,baton rouge,BTR,31,Louisiana,8,2,1,2,0.5,1.0,1.0,108.89,0.5,5.0,108.89,1081.0
520770,F,False,False,usa,sacramento,SAC,42,California,8,4,4,2,0.5,1.5,0.5,520.4741666666666,0.0,1.0,3629.09,360.5
520771,F,True,True,usa,laredo,LRD,60,Texas,8,1,0,1,1.0,,,,0.0,11.0,,1760.0
520780,F,False,False,usa,new york,JFK,72,New York,8,0,0,0,,,,,,,,
520819,F,True,True,usa,jacksonville,NZC,52,Ica,9,2,2,2,0.0,1.0,0.0,236.44,0.0,2.0,472.88,2228.0
520821,F,False,False,usa,boston,BOS,44,Massachusetts,8,2,2,2,0.0,1.0,0.5,714.8199999999999,0.0,4.5,1429.6399999999999,1095.0
520844,F,False,True,usa,long beach,LGB,22,California,8,2,1,2,0.0,1.0,0.0,93.77,0.5,4.5,93.77,2112.0
520851,F,True,True,usa,san antonio,RND,56,Texas,9,5,5,5,0.0,1.8,0.4,396.7055,0.0,2.4,3126.68,2586.0
520898,F,True,True,usa,santa ana,SNA,44,California,8,3,2,3,0.3333333333333333,1.5,0.5,683.3425,0.0,6.0,2036.3694999999998,5760.0
520902,F,False,False,usa,kansas city,MCI,41,Missouri,9,4,4,4,0.25,1.25,1.0,306.29125,0.5,2.0,1586.3805,1452.0
520959,F,False,False,usa,new york,LGA,51,New York,8,1,1,1,1.0,1.0,0.0,105.77,0.0,1.0,105.77,115.6
521000,F,True,False,usa,charlotte,CLT,49,North Carolina,8,3,3,3,0.0,1.0,0.3333333333333333,206.97000000000003,0.0,1.3333333333333333,620.9100000000001,885.0
521009,F,True,False,usa,new york,LGA,70,New York,10,1,0,1,0.0,,,,0.0,4.0,,872.0
521031,F,False,False,canada,hamilton,YHM,46,Ontario,8,6,5,6,0.16666666666666666,1.6,0.4,250.81199999999998,0.0,4.0,2056.4700000000003,3457.05
521033,M,True,True,usa,chicago,ORD,45,Illinois,8,4,4,3,0.5,1.25,0.5,202.475,0.0,6.0,954.24,2464.1000000000004
521060,F,False,False,usa,burlington,BTV,42,Vermont,8,5,4,5,0.4,1.25,1.0,433.9925,0.2,3.6,2174.54,2593.4
521065,F,True,True,usa,new york,LGA,46,New York,8,3,3,2,0.6666666666666666,1.3333333333333333,0.0,480.205,0.0,1.0,1843.0774999999999,331.25
521127,F,True,False,usa,chicago,MDW,44,Illinois,9,5,3,5,0.6,1.0,0.6666666666666666,371.14333333333326,0.2,6.2,1040.032,5108.2
521152,F,True,False,canada,winnipeg,YWG,47,Manitoba,9,3,3,3,0.0,1.6666666666666667,0.0,359.40166666666664,0.0,5.333333333333333,1842.3000000000002,6496.0
521185,F,True,True,usa,los angeles,LAX,49,California,8,4,2,4,0.5,1.0,1.0,537.655,0.5,3.75,1075.31,2739.95
521186,F,False,False,usa,boston,BOS,55,Massachusetts,8,3,3,3,0.6666666666666666,1.0,0.6666666666666666,608.5733333333334,0.0,5.0,1825.72,4079.2
521187,F,True,False,usa,orlando,ORL,77,Florida,9,0,0,0,,,,,,,,
521212,M,True,True,usa,dallas,DAL,44,Texas,8,3,3,3,0.3333333333333333,1.3333333333333333,1.3333333333333333,221.57499999999996,0.3333333333333333,3.6666666666666665,573.6624999999999,3259.1
521259,F,False,False,usa,knoxville,TYS,38,Tennessee,8,2,2,2,1.0,1.0,0.0,385.525,0.0,2.5,736.0205,436.8
521282,F,False,False,usa,columbus,CMH,35,Ohio,8,2,2,1,0.5,1.0,1.0,394.13,1.0,4.0,788.26,448.0
521295,F,False,True,usa,baton rouge,BTR,43,Louisiana,8,2,2,2,0.5,1.0,0.5,302.095,0.5,6.0,508.58000000000004,1027.5
521298,F,False,False,usa,san jose,SJC,40,California,8,3,3,2,0.6666666666666666,2.0,0.3333333333333333,295.4775,0.0,2.5,1137.3000000000002,2961.7
521309,F,False,True,usa,detroit,YIP,53,Michigan,8,2,2,2,0.5,1.0,1.0,452.435,0.5,1.5,863.2139999999999,184.0
521316,F,False,False,usa,nashville,BNA,46,Tennessee,9,3,2,3,0.6666666666666666,1.0,0.5,233.69,0.0,6.0,448.5195,1490.2
521335,F,False,False,usa,denver,DEN,36,Colorado,8,3,2,3,0.0,1.0,0.0,191.915,0.3333333333333333,3.0,383.83,1244.0
521343,F,False,False,usa,charlotte,CLT,39,North Carolina,9,5,5,3,0.2,1.2,0.6,123.763,0.6666666666666666,1.6666666666666667,724.381,1493.0
521379,F,True,False,usa,new york,JFK,58,New York,8,2,2,2,0.0,1.0,0.0,673.735,0.5,2.5,1347.47,542.0
521434,F,True,False,usa,los angeles,LAX,51,California,8,4,4,3,0.25,1.25,1.25,511.41499999999996,0.3333333333333333,3.0,2531.632,1677.0
521462,F,True,True,usa,indianapolis,IND,61,Gujarat,8,3,3,2,0.0,1.6666666666666667,1.0,298.28555555555556,0.0,2.5,1240.29,1104.0
521509,F,True,False,usa,new york,LGA,57,New York,8,4,4,4,0.0,1.25,0.5,285.38625,0.5,3.25,1239.45,3343.0
521514,F,False,True,usa,nashville,BNA,32,Tennessee,8,2,2,2,1.0,1.0,0.5,140.935,0.5,4.5,265.02700000000004,1248.3
521587,F,False,False,usa,new york,LGA,35,New York,8,4,4,4,0.0,1.25,0.5,318.43375000000003,0.75,1.5,2014.0800000000002,657.0
521607,F,False,False,usa,bakersfield,BFL,44,California,8,3,3,3,0.6666666666666666,1.0,0.3333333333333333,502.93666666666667,0.0,2.3333333333333335,1433.3775,758.2
521609,M,True,True,canada,toronto,YYZ,53,Ontario,8,2,2,2,0.0,1.5,0.5,77.7825,0.0,3.5,215.31,2352.0
521642,F,True,False,usa,lubbock,LBB,61,Texas,9,2,0,2,1.0,,,,0.0,8.0,,1747.6
521663,M,False,False,usa,san francisco,SFO,36,California,8,0,0,0,,,,,,,,
521695,M,True,False,canada,halifax,YAW,41,,9,4,3,4,0.25,1.0,0.3333333333333333,238.5633333333333,0.0,2.75,715.6899999999999,2919.8
521708,F,True,False,usa,nashville,BNA,50,Tennessee,8,4,4,3,0.5,1.0,0.75,285.3325,0.3333333333333333,4.0,1123.164,1332.0
521719,F,False,False,usa,new york,JFK,23,New York,8,1,1,1,0.0,1.0,0.0,236.02,0.0,2.0,236.02,232.0
521720,M,False,False,usa,indianapolis,IND,47,Gujarat,8,4,4,4,0.25,1.0,0.75,350.97249999999997,0.25,4.5,1403.8899999999999,3719.8
521743,F,False,False,canada,calgary,YYC,41,Alberta,8,7,7,6,0.14285714285714285,1.0,0.2857142857142857,388.0442857142857,0.16666666666666666,3.5,2716.31,1702.1
521748,M,False,False,usa,philadelphia,PNE,42,Pennsylvania,9,3,2,3,0.3333333333333333,1.0,0.5,106.16499999999999,0.3333333333333333,3.6666666666666665,212.32999999999998,2181.4
521768,F,False,False,usa,omaha,OFF,49,Nebraska,8,3,3,2,0.0,1.0,0.6666666666666666,268.13666666666666,0.5,1.5,804.41,1323.0
521818,F,False,False,usa,boston,BOS,20,Massachusetts,8,1,1,1,1.0,1.0,0.0,125.66,0.0,1.0,125.66,93.60000000000001
521865,F,True,True,usa,richmond,RIC,47,Virginia,9,4,4,4,0.25,1.0,0.5,277.09,0.5,2.25,1090.237,2008.0
521956,F,False,False,canada,toronto,YTZ,30,Ontario,8,4,4,4,0.0,1.25,0.5,239.8125,0.25,2.5,1243.1200000000001,1978.0
521963,M,True,False,canada,toronto,YZD,27,,8,2,1,2,0.5,2.0,0.0,100.5,0.0,4.5,170.85,1512.0
521986,M,True,True,usa,omaha,OMA,53,Iowa,10,2,1,2,0.0,1.0,1.0,318.84,0.5,5.0,318.84,1864.0
522001,F,True,False,usa,sacramento,MCC,69,California,8,0,0,0,,,,,,,,
522005,F,False,True,usa,nashville,BNA,49,Tennessee,8,5,3,5,0.4,1.0,0.0,323.78333333333336,0.4,5.0,971.35,5875.6
522062,F,True,False,canada,edmonton,YEG,53,Alberta,8,4,4,3,0.0,1.0,0.5,513.3425,0.3333333333333333,2.6666666666666665,2053.37,1075.0
522086,F,True,True,usa,corpus christi,CRP,42,Texas,11,2,2,2,1.0,1.0,0.0,407.895,1.0,4.0,716.606,1382.0
522112,F,True,True,canada,toronto,YKZ,46,Ontario,8,2,2,2,0.0,1.0,0.5,387.595,0.5,1.5,775.19,290.0
522118,F,True,False,usa,des moines,DSM,53,Iowa,8,3,3,2,0.0,1.0,0.6666666666666666,228.47000000000003,0.0,2.0,685.4100000000001,790.0
522184,F,False,True,usa,reno,RNO,27,Nevada,9,0,0,0,,,,,,,,
522201,F,True,False,usa,minneapolis,MSP,49,Minnesota,8,1,0,1,0.0,,,,1.0,11.0,,2310.0
522233,M,False,False,usa,norfolk,NGU,43,Virginia,8,4,3,4,0.5,1.3333333333333333,1.0,349.28833333333336,0.25,3.75,1532.0610000000001,2851.8
522237,F,False,False,usa,louisville,LOU,32,Kentucky,9,4,2,4,0.25,2.0,1.0,250.68166666666667,0.25,5.0,597.95,3420.0
522315,F,False,False,usa,baltimore,BWI,37,Maryland,8,2,2,2,0.0,1.0,0.0,114.905,0.0,1.0,229.81,787.0
522364,F,False,False,usa,memphis,MEM,36,Tennessee,8,3,3,3,0.3333333333333333,1.0,0.6666666666666666,250.6,0.0,2.6666666666666665,751.8,912.6
522373,F,False,True,usa,new york,LGA,40,New York,8,2,2,2,0.0,1.5,0.0,469.9025,0.5,1.0,1484.21,319.0
522375,F,False,False,usa,kansas city,MCI,53,Missouri,8,3,3,2,0.3333333333333333,1.0,0.6666666666666666,263.91333333333336,1.0,4.0,791.74,2739.6
522402,M,False,False,usa,san antonio,RND,46,Texas,8,3,3,2,0.3333333333333333,1.3333333333333333,0.3333333333333333,158.77333333333334,0.0,1.0,486.60100000000006,659.0
522426,M,False,True,canada,toronto,YYZ,46,Ontario,8,4,4,4,0.25,1.25,0.25,99.3525,0.25,1.5,506.22,423.0
522427,M,False,False,usa,san antonio,SAT,27,Texas,8,3,2,3,0.3333333333333333,1.0,0.5,462.04499999999996,0.3333333333333333,6.333333333333333,850.5794999999999,4294.0
522438,M,True,True,canada,vancouver,YVR,57,British Columbia,8,5,5,5,0.2,1.2,0.4,443.129,0.2,2.2,2680.4900000000002,1996.7
522441,M,True,False,usa,new york,LGA,37,New York,8,3,3,3,0.3333333333333333,1.0,0.6666666666666666,297.1533333333333,0.3333333333333333,1.3333333333333333,891.4599999999999,560.8
522476,F,True,False,usa,austin,AUS,50,Texas,8,5,5,4,0.0,1.2,0.8,277.211,0.25,2.25,1505.56,2010.0
522513,F,False,False,canada,winnipeg,YWG,43,Manitoba,8,4,2,4,0.25,1.0,0.5,334.51,0.0,5.25,669.02,2206.0
522523,F,False,True,usa,fayetteville,POB,35,North Carolina,8,1,1,1,0.0,1.0,0.0,188.13,0.0,1.0,188.13,166.0
522532,F,False,False,usa,los angeles,LAX,40,California,8,5,3,5,0.2,1.3333333333333333,0.3333333333333333,252.79833333333332,0.0,3.4,1391.05,2128.85
522624,F,False,False,usa,bakersfield,BFL,31,California,8,1,0,1,1.0,,,,0.0,30.0,,4617.0
522631,F,False,False,usa,santa ana,SNA,33,California,8,1,1,1,0.0,1.0,3.0,620.07,0.0,2.0,620.07,96.0
522634,F,False,False,usa,fresno,FAT,36,California,8,4,3,3,0.5,1.0,0.6666666666666666,424.85999999999996,0.0,4.333333333333333,1234.2649999999999,6409.0
522639,F,False,False,usa,chicago,MDW,38,Illinois,8,2,2,2,0.5,1.0,0.5,298.655,0.0,5.0,575.5,2652.0
522654,F,False,True,usa,new york,LGA,44,New York,8,3,2,3,0.3333333333333333,1.0,0.5,423.495,0.3333333333333333,7.0,775.173,2953.0
522687,F,True,True,usa,new york,LGA,47,New York,10,4,3,3,0.25,1.6666666666666667,0.6666666666666666,232.12222222222223,0.0,4.666666666666667,1133.94,1430.0
522745,F,False,False,usa,new york,LGA,51,New York,8,3,2,3,0.0,1.5,0.0,383.765,0.3333333333333333,3.6666666666666665,903.95,2599.0
522788,F,True,False,usa,lincoln,LNK,51,Nebraska,8,2,0,2,0.5,,,,0.0,4.5,,896.1
522809,F,True,True,canada,victoria,YYJ,56,British Columbia,8,1,1,1,0.0,1.0,2.0,565.09,0.0,3.0,565.09,1155.0
522911,M,True,True,usa,orlando,ORL,41,Florida,8,0,0,0,,,,,,,,
522927,F,False,False,usa,new york,LGA,38,New York,8,1,1,1,0.0,1.0,1.0,800.95,0.0,4.0,800.95,464.0
522937,F,False,False,usa,phoenix,LUF,48,Arizona,8,7,7,5,0.5714285714285714,1.0,0.8571428571428571,367.50857142857143,0.2,2.6,2572.56,1186.0
522939,F,False,True,usa,cleveland,CLE,46,Ohio,8,2,2,2,0.0,1.0,0.5,227.595,0.5,3.0,455.19,698.0
522944,F,True,False,usa,new york,JFK,57,New York,8,2,2,2,0.5,1.0,1.5,655.7650000000001,0.0,1.0,1189.016,343.0
522999,F,True,False,usa,montgomery,MXF,38,Alabama,9,3,2,3,0.0,1.5,0.0,355.6825,0.0,6.333333333333333,1201.4,4435.0
523077,F,False,False,usa,corpus christi,CRP,34,Texas,8,4,1,4,0.25,1.0,1.0,551.81,0.5,6.5,551.81,4804.200000000001
523090,F,False,True,usa,tucson,TUS,38,Arizona,8,2,2,2,0.5,1.0,1.0,456.745,0.5,3.0,832.21,1014.0
523228,F,True,False,canada,montreal,YMX,35,Quebec,8,4,3,4,0.5,1.0,0.6666666666666666,435.85999999999996,0.0,2.75,1204.824,2191.95
523256,F,False,False,usa,indianapolis,IND,40,Gujarat,8,3,2,3,0.3333333333333333,1.0,0.0,357.13,0.0,7.333333333333333,714.26,11545.0
523290,F,False,False,usa,rochester,ROC,37,New York,8,3,2,3,0.0,1.0,0.5,83.02,0.0,2.3333333333333335,166.04,4081.0
523301,F,False,True,usa,phoenix,LUF,41,Arizona,8,3,3,3,0.0,1.0,0.3333333333333333,518.2033333333333,0.0,4.0,1554.61,1411.0
523338,F,True,True,usa,new york,LGA,41,New York,9,4,4,4,0.25,1.0,1.0,148.135,0.0,3.25,592.54,5482.3
523454,F,False,False,usa,cleveland,CLE,60,Ohio,8,3,3,3,0.6666666666666666,1.0,1.0,318.17333333333335,0.6666666666666666,6.666666666666667,945.557,2758.8
523484,F,False,False,usa,new york,LGA,44,New York,8,5,4,3,0.4,1.0,0.75,492.49,0.6666666666666666,3.3333333333333335,1892.852,2945.0
523503,F,True,False,usa,denver,DEN,73,Colorado,9,1,1,0,0.0,2.0,1.0,137.82,,,275.64,
523505,F,False,False,usa,chicago,UGN,50,Illinois,8,5,3,5,0.0,1.0,0.3333333333333333,379.04333333333335,0.6,2.8,1137.13,3482.0
523511,M,False,True,usa,new york,JFK,40,New York,8,3,2,1,0.3333333333333333,1.0,0.0,355.885,0.0,2.0,617.951,494.0
523517,F,False,False,usa,houston,HOU,31,Texas,8,2,1,2,0.5,1.0,1.0,377.7,0.5,13.5,377.7,2681.0
523559,M,True,False,usa,san antonio,SKF,48,Texas,8,3,3,2,0.0,1.0,0.0,340.71666666666664,0.5,5.5,1022.15,1520.0
523612,F,True,True,usa,seattle,SEA,48,Washington,8,5,2,5,0.0,1.0,0.0,625.1600000000001,0.4,4.0,1250.3200000000002,4726.0
523666,M,True,False,usa,bakersfield,BFL,56,California,8,4,4,4,0.5,1.0,0.25,550.355,0.5,3.25,2015.753,1829.0
523690,M,False,False,usa,lincoln,LNK,45,Nebraska,8,4,2,4,0.5,1.0,0.5,189.28000000000003,0.25,4.75,378.56000000000006,5547.9
523700,F,True,True,usa,charlotte,CLT,61,North Carolina,8,1,1,1,1.0,2.0,0.0,78.12,0.0,1.0,156.24,1346.4
523710,F,False,False,usa,fort worth,FTW,45,Texas,9,3,3,3,0.0,1.0,0.6666666666666666,385.8666666666666,0.0,4.0,1157.6,1189.0
523715,F,True,True,usa,portland,PWM,45,Maine,8,2,1,2,0.0,1.0,1.0,149.96,0.0,4.0,149.96,1026.0
523746,F,False,False,usa,new york,JFK,27,New York,8,2,2,1,0.5,1.0,0.5,724.905,0.0,1.0,1333.7130000000002,199.0
523768,F,True,False,canada,montreal,YMX,59,Quebec,8,2,1,2,0.5,1.0,0.0,195.42,0.5,3.0,195.42,603.0
523771,F,False,True,usa,new york,JFK,38,New York,8,3,1,3,0.3333333333333333,2.0,1.0,227.715,0.3333333333333333,7.0,455.43,4924.0
523787,F,True,True,usa,milwaukee,MKE,44,Wisconsin,8,1,1,1,0.0,1.0,0.0,470.9,1.0,1.0,470.9,119.0
523800,F,False,False,usa,san diego,SAN,40,California,8,4,2,3,0.25,1.0,0.0,357.78499999999997,0.6666666666666666,12.0,715.5699999999999,4124.8
523807,F,True,True,usa,san francisco,SFO,55,California,8,2,2,2,0.0,1.5,0.0,525.3399999999999,0.5,3.0,1347.19,936.0
523819,F,True,False,usa,riverside,RIV,45,California,8,5,2,5,0.2,1.0,0.0,384.15,0.2,2.6,768.3,3807.5
523841,F,True,False,usa,san jose,SJC,50,California,8,3,3,3,0.0,1.0,0.6666666666666666,167.78333333333333,0.6666666666666666,3.0,503.35,1495.0
523860,F,True,True,usa,knoxville,TYS,43,Tennessee,8,3,2,2,0.6666666666666666,2.5,0.0,410.87624999999997,0.0,4.5,1548.33,2445.6
523866,F,False,False,canada,toronto,YKZ,20,Ontario,8,3,3,2,0.3333333333333333,1.0,0.3333333333333333,433.42,0.5,2.0,1300.26,567.0
523887,F,False,False,usa,indianapolis,IND,26,Gujarat,8,1,0,1,1.0,,,,0.0,11.0,,1188.0
523913,M,False,True,usa,memphis,MEM,39,Tennessee,8,4,4,3,0.25,1.0,0.5,412.2025,0.3333333333333333,2.0,1619.628,1123.0
523981,F,False,False,canada,edmonton,YEG,54,Alberta,8,5,4,4,0.0,1.0,0.5,490.6125,0.25,2.75,1962.45,1714.0
524001,F,False,False,canada,toronto,YYZ,48,Ontario,8,4,4,4,0.25,1.0,0.25,574.1725,0.25,1.75,2296.69,1168.6
524038,F,False,False,canada,montreal,YUL,43,Quebec,8,4,4,4,0.25,1.0,0.0,391.9375,0.25,1.25,1567.75,422.5
524043,F,True,False,usa,wichita,IAB,58,Kansas,8,6,5,6,0.6666666666666666,1.2,0.8,302.227,0.16666666666666666,4.666666666666667,1893.51,3248.1000000000004
524046,F,True,False,usa,austin,AUS,60,Texas,9,4,3,3,0.25,1.6666666666666667,1.0,382.2966666666666,0.6666666666666666,11.666666666666666,1876.2064999999998,12913.6
524057,F,True,False,usa,new york,JFK,74,New York,8,1,0,1,0.0,,,,0.0,3.0,,426.0
524076,F,True,False,usa,tucson,DMA,57,Arizona,8,3,2,3,0.0,1.0,0.5,289.78,0.3333333333333333,2.0,579.56,801.0
524098,F,False,False,usa,houston,HOU,46,Texas,8,0,0,0,,,,,,,,
524116,M,False,False,usa,seattle,BFI,57,Washington,8,6,4,5,0.0,1.0,0.5,620.605,0.0,6.4,2482.42,5961.0
524167,M,False,True,usa,san antonio,SAT,44,Texas,8,4,4,4,0.25,1.75,0.0,259.3725,0.25,1.75,1205.8020000000001,3548.0
524169,F,True,True,usa,long beach,LGB,41,California,8,3,3,2,0.0,1.3333333333333333,0.6666666666666666,626.1216666666667,1.0,1.0,2575.6,255.0
524172,F,False,False,usa,chicago,UGN,23,Illinois,9,0,0,0,,,,,,,,
524180,F,False,False,canada,montreal,YUL,59,Quebec,8,5,5,5,0.4,1.4,1.0,289.829,0.0,1.8,2665.7099999999996,4505.75
524211,F,False,False,usa,new york,JFK,35,New York,8,3,3,3,0.0,1.6666666666666667,0.3333333333333333,161.2877777777778,0.3333333333333333,2.6666666666666665,916.43,1571.0
524244,F,False,False,usa,las vegas,LAS,39,Nevada,8,3,2,3,0.3333333333333333,1.0,0.5,546.15,0.3333333333333333,5.666666666666667,1092.3,2216.5
524251,F,True,True,usa,chicago,UGN,52,Illinois,9,3,2,3,0.3333333333333333,1.0,1.0,105.17,0.0,5.666666666666667,210.34,3077.8
524313,F,True,False,usa,san diego,SAN,53,California,8,2,2,2,0.0,2.5,0.5,405.92,0.0,4.5,2333.71,6951.0
524365,F,True,False,usa,phoenix,LUF,50,Arizona,9,6,5,6,0.16666666666666666,1.0,0.2,458.01599999999996,0.5,1.6666666666666667,2258.3995,1835.0
524383,F,False,False,canada,montreal,YUL,36,Quebec,8,1,1,1,0.0,1.0,0.0,87.04,0.0,1.0,87.04,150.0
524412,F,True,False,usa,stockton,SCK,55,California,9,5,4,5,0.4,1.25,0.75,280.305,0.2,3.2,1285.101,5856.2
524419,F,True,False,usa,columbus,CMH,77,Ohio,9,2,2,1,0.0,1.0,0.0,289.06,0.0,3.0,578.12,1053.0
524484,F,False,False,canada,hamilton,YHM,25,Ontario,8,1,1,0,0.0,2.0,1.0,2146.925,,,4293.85,
524572,F,True,True,usa,san antonio,SAT,47,Texas,9,3,2,3,0.3333333333333333,1.0,0.0,479.395,0.0,3.6666666666666665,914.74,2249.0
524606,F,False,False,usa,laredo,LRD,35,Texas,8,2,2,0,1.0,1.0,0.5,462.755,,,887.31,
524668,F,False,False,usa,new york,JFK,48,New York,10,5,4,5,0.2,1.0,1.0,292.045,0.0,2.6,1168.18,1886.5
524722,M,True,True,usa,dallas,DAL,54,Texas,8,3,3,3,0.6666666666666666,1.0,0.6666666666666666,226.2733333333333,0.3333333333333333,1.6666666666666667,659.7284999999999,591.6
524728,F,True,False,usa,los angeles,LAX,48,California,8,1,1,0,0.0,1.0,1.0,286.09,,,286.09,
524739,F,False,False,usa,shreveport,BAD,74,Louisiana,9,1,1,1,1.0,1.0,1.0,332.5,0.0,3.0,332.5,278.1
524766,M,False,True,canada,ottawa,YOW,38,Ontario,9,2,2,2,1.0,2.5,1.0,370.34,0.0,1.5,1075.6439999999998,624.0
524797,F,False,True,usa,philadelphia,PNE,33,Pennsylvania,9,0,0,0,,,,,,,,
524807,F,False,True,canada,calgary,YYC,33,Alberta,8,3,3,3,0.3333333333333333,1.0,0.3333333333333333,434.50333333333333,0.6666666666666666,1.3333333333333333,1303.51,682.0
524834,F,True,True,usa,phoenix,LUF,46,Arizona,8,2,2,2,0.5,1.0,0.5,200.47,0.5,1.5,387.7025,511.9
524842,F,True,True,usa,corpus christi,CRP,36,Texas,9,1,0,1,1.0,,,,1.0,14.0,,3729.6
524861,F,False,False,canada,calgary,YYC,34,Alberta,9,4,3,4,0.0,1.0,0.3333333333333333,419.1366666666666,0.0,4.5,1257.4099999999999,6658.0
524895,F,False,False,usa,chicago,ORD,43,Illinois,10,3,3,3,0.0,1.0,0.3333333333333333,136.13,0.3333333333333333,3.6666666666666665,408.39,1560.0
524909,M,False,False,usa,el paso,BIF,53,Texas,8,3,3,3,0.0,1.0,0.3333333333333333,324.36333333333334,0.6666666666666666,2.3333333333333335,973.09,814.0
524926,F,False,False,usa,san francisco,SFO,45,California,8,4,4,3,0.5,1.25,0.25,609.43125,0.0,3.3333333333333335,2857.323,2474.0
524940,F,True,True,usa,houston,HOU,28,Texas,8,1,0,1,0.0,,,,0.0,4.0,,2468.0
524980,F,True,False,usa,chicago,UGN,52,Illinois,8,2,2,2,1.0,1.0,0.5,359.525,0.5,1.5,636.0029999999999,301.0
525022,F,True,False,usa,st. louis,STL,51,Missouri,8,2,1,2,0.5,1.0,1.0,210.48,1.0,2.0,210.48,594.0
525034,F,True,False,canada,gatineau,YND,55,Quebec,8,2,1,2,0.5,1.0,1.0,628.0,0.5,5.0,628.0,1325.0
525081,F,True,True,usa,anchorage,ANC,59,Alaska,9,4,1,4,0.5,1.0,0.0,956.27,0.25,8.75,908.4564999999999,6489.4
525106,F,False,False,usa,houston,IAH,38,Texas,8,1,1,1,0.0,1.0,0.0,234.54,0.0,5.0,234.54,610.0
525168,F,True,False,canada,calgary,YYC,60,Alberta,9,2,2,2,0.0,1.0,0.5,443.31500000000005,0.5,1.0,886.6300000000001,483.0
525176,F,False,False,usa,washington,IAD,73,Virginia,8,1,1,1,0.0,1.0,1.0,117.16,0.0,1.0,117.16,244.0
525201,M,False,False,usa,norfolk,ORF,53,Virginia,8,6,3,5,0.0,1.3333333333333333,1.0,431.01500000000004,0.4,3.8,1918.4099999999999,1714.0
525212,M,False,False,usa,memphis,MEM,19,Tennessee,8,3,2,3,0.3333333333333333,1.0,0.5,408.16499999999996,1.0,3.0,816.3299999999999,807.6
525227,F,True,False,usa,jacksonville,LRF,41,Arkansas,8,5,4,5,0.0,1.0,0.5,378.555,0.6,2.8,1514.22,2966.0
525308,M,True,True,usa,amarillo,AMA,50,Texas,8,2,1,1,0.0,1.0,0.0,382.98,1.0,3.0,382.98,573.0
525377,F,False,False,usa,birmingham,BHM,28,Alabama,9,0,0,0,,,,,,,,
525379,F,False,False,usa,long beach,LGB,19,California,8,0,0,0,,,,,,,,
525389,F,False,False,usa,corpus christi,CRP,39,Texas,9,2,2,2,0.5,2.0,0.0,199.35166666666666,0.0,3.5,610.89,1118.8
525405,F,False,False,usa,phoenix,LUF,28,Arizona,8,1,1,1,0.0,1.0,1.0,686.15,1.0,2.0,686.15,498.0
525415,F,True,True,canada,edmonton,YED,40,,9,3,3,3,0.3333333333333333,1.0,0.3333333333333333,444.8666666666666,0.0,3.0,1334.6,951.65
525488,F,False,True,usa,long beach,LGB,30,California,10,1,1,1,0.0,2.0,0.0,769.435,0.0,4.0,1538.87,928.0
525529,F,False,False,canada,montreal,YMX,52,Quebec,8,3,3,3,0.0,1.0,0.6666666666666666,323.0833333333333,0.0,3.6666666666666665,969.25,7915.0
525546,F,True,True,usa,cincinnati,LUK,47,Ohio,8,6,4,6,0.16666666666666666,1.0,0.5,242.86,0.0,5.833333333333333,971.44,6677.0
525591,F,False,False,usa,new york,JFK,47,New York,8,4,2,3,0.5,1.0,0.5,468.89,0.3333333333333333,16.0,937.78,5635.0
525610,M,False,False,usa,portland,PWM,41,Maine,8,4,4,4,0.25,1.0,1.0,502.64250000000004,0.0,2.5,2010.5700000000002,1587.1
525671,F,True,False,usa,baltimore,BWI,47,Maryland,8,4,4,3,0.25,1.5,0.5,452.3833333333333,0.0,2.0,2185.34,979.5
525761,F,False,False,usa,los angeles,LAX,26,California,9,1,0,1,1.0,,,,0.0,5.0,,548.25
525769,F,False,False,usa,charlotte,CLT,39,North Carolina,8,6,5,5,0.0,1.0,0.6,266.356,0.4,5.2,1331.78,5643.0
525804,F,False,True,usa,new york,LGA,51,New York,10,4,2,4,0.5,1.0,0.5,270.225,0.5,2.25,540.45,2872.0
525806,F,False,True,usa,lincoln,LNK,40,Nebraska,8,2,2,1,0.5,1.0,0.5,208.695,0.0,8.0,417.39,1712.0
525842,F,True,False,usa,jacksonville,LRF,44,Arkansas,8,3,2,3,0.0,1.0,1.0,95.11500000000001,0.6666666666666666,4.0,190.23000000000002,1871.0
525844,M,False,False,usa,fort worth,FTW,38,Texas,8,3,3,3,0.0,1.0,0.3333333333333333,218.41333333333333,0.6666666666666666,2.0,655.24,1023.0
525848,F,True,True,usa,new york,LGA,61,New York,9,1,0,1,0.0,,,,0.0,9.0,,1674.0
525920,M,False,False,usa,madison,MSN,46,Wisconsin,8,5,3,4,0.2,2.0,1.0,300.8475,0.25,3.25,1546.05,3627.0
525975,F,True,False,usa,austin,AUS,45,Texas,8,4,4,4,0.5,1.0,0.75,321.97,0.5,1.25,1242.521,887.7
525996,M,False,False,usa,winston-salem,INT,48,North Carolina,9,6,4,6,0.3333333333333333,1.0,0.5,291.81,0.3333333333333333,3.3333333333333335,1167.24,4036.85
526036,F,True,False,usa,san diego,SAN,72,California,8,0,0,0,,,,,,,,
526062,M,True,False,usa,montgomery,MXF,47,Alabama,8,5,4,4,0.6,1.25,0.5,235.8525,0.25,6.0,1038.328,7138.6
526084,F,False,False,usa,new york,LGA,43,New York,8,3,3,3,0.0,1.3333333333333333,0.3333333333333333,330.03000000000003,0.3333333333333333,1.3333333333333333,1651.58,640.0
526102,F,True,False,usa,denver,DEN,50,Colorado,8,5,4,4,0.4,1.75,0.5,288.18583333333333,0.25,4.75,1725.6214999999997,4954.0
526154,F,False,True,usa,new york,LGA,41,New York,8,4,3,3,0.25,1.0,0.0,157.76333333333332,0.3333333333333333,3.0,473.28999999999996,1158.0
526174,F,False,False,usa,lubbock,LBB,53,Texas,8,2,1,2,0.5,1.0,0.0,367.9,0.5,3.5,349.50499999999994,1196.6
526206,M,False,True,usa,new orleans,MSY,20,Louisiana,8,1,1,1,0.0,1.0,0.0,571.03,1.0,2.0,571.03,328.0
526235,M,False,False,usa,tallahassee,TLH,47,Florida,8,2,2,2,0.0,2.5,0.5,175.7825,0.0,2.0,1073.71,2172.0
526239,F,True,True,usa,oakland,OAK,39,California,9,2,1,2,0.0,1.0,1.0,628.62,0.5,10.0,628.62,1512.0
526256,F,False,False,usa,washington,IAD,41,Virginia,8,6,6,6,0.16666666666666666,1.1666666666666667,0.6666666666666666,416.6991666666667,0.16666666666666666,1.5,3078.66,2339.2
526258,F,True,False,canada,victoria,YYJ,58,British Columbia,9,3,3,3,0.0,1.0,0.3333333333333333,295.29333333333335,0.3333333333333333,3.0,885.8800000000001,1442.0
526297,F,False,False,usa,newport news,PHF,42,Virginia,8,5,5,4,0.2,1.0,0.4,320.62,0.25,2.0,1576.4615,1361.0
526332,F,False,False,canada,vancouver,YVR,31,British Columbia,8,2,2,2,0.5,1.5,1.0,345.665,0.5,6.5,1036.69,7637.799999999999
526365,F,False,False,usa,nashville,BNA,31,Tennessee,8,3,3,3,0.3333333333333333,2.0,1.0,262.2705555555556,0.3333333333333333,3.3333333333333335,1309.983,2644.5
526367,F,True,False,usa,birmingham,BHM,46,Alabama,8,3,2,3,0.0,1.0,1.0,328.085,0.3333333333333333,11.333333333333334,656.17,7930.0
526372,F,False,True,usa,colorado springs,COS,49,Colorado,8,2,2,2,0.0,1.0,0.5,338.9,0.0,6.5,677.8,878.0
526378,F,False,True,canada,toronto,YKZ,51,Ontario,8,5,4,4,0.2,1.0,0.75,324.1,0.0,3.25,1260.4,1192.0
526409,M,False,False,usa,riverside,RIV,55,California,8,4,4,3,0.0,1.0,0.5,390.755,0.3333333333333333,2.3333333333333335,1563.02,873.0
526443,F,True,True,usa,san jose,SJC,47,California,8,1,1,0,1.0,1.0,1.0,711.26,,,675.697,
526490,F,False,False,usa,richmond,RIC,46,Virginia,8,2,2,2,0.5,1.0,0.5,188.265,0.5,1.0,376.53,161.10000000000002
526495,M,False,True,usa,tallahassee,TLH,39,Florida,9,2,2,1,0.0,1.5,0.5,206.205,1.0,2.0,650.46,980.0
526540,F,True,False,canada,edmonton,YED,52,,9,4,4,4,0.25,1.25,0.75,389.02,0.75,2.25,1893.06,2034.2
526565,F,False,False,usa,little rock,LIT,31,Arkansas,9,3,2,3,0.6666666666666666,1.5,1.0,195.4975,0.0,2.3333333333333335,606.0665,1282.1999999999998
526668,M,False,True,usa,san jose,SJC,41,California,8,3,3,3,0.0,1.0,0.3333333333333333,530.99,0.3333333333333333,3.6666666666666665,1592.97,601.0
526676,F,False,True,canada,calgary,YYC,40,Alberta,8,2,2,2,1.0,1.0,0.5,360.995,0.0,2.5,679.71,375.85
526690,F,False,True,usa,cleveland,CLE,25,Ohio,8,2,2,2,0.0,1.0,1.0,190.95,0.0,4.0,381.9,2400.0
526711,F,False,False,usa,san francisco,SFO,36,California,8,2,2,2,0.5,1.0,0.0,429.9,0.0,2.5,713.778,214.4
526740,F,False,False,usa,philadelphia,PNE,29,Pennsylvania,8,0,0,0,,,,,,,,
526789,F,False,False,usa,baltimore,BWI,32,Maryland,8,4,3,2,0.5,1.3333333333333333,0.3333333333333333,292.51166666666666,0.5,3.0,1000.299,913.6
526837,F,True,False,usa,honolulu,HNL,49,Hawaii,8,2,2,2,0.5,1.0,0.5,1060.94,0.5,2.0,2038.9850000000001,911.0
526855,F,False,False,usa,los angeles,LAX,40,California,10,4,4,2,0.25,1.0,0.25,668.22,0.5,3.0,2672.88,452.0
526858,F,True,True,usa,miami,TNT,53,Florida,8,0,0,0,,,,,,,,
526867,F,False,False,usa,des moines,DSM,52,Iowa,8,4,4,4,0.5,1.0,0.25,365.25,0.25,2.5,1408.744,799.7
526901,F,True,False,usa,dallas,DAL,54,Texas,9,4,4,4,0.5,1.0,0.5,449.2525,0.75,3.25,1689.0445,2315.0
526916,F,True,False,usa,omaha,OMA,59,Iowa,8,0,0,0,,,,,,,,
526925,F,False,False,usa,madison,MSN,19,Wisconsin,8,3,0,3,0.0,,,,0.0,8.666666666666666,,6054.0
526950,F,True,False,usa,akron,AKR,32,Ondo,8,3,2,3,0.0,1.0,0.5,203.485,0.3333333333333333,9.666666666666666,406.97,6812.0
526959,F,False,False,usa,seattle,SEA,45,Washington,8,3,3,3,0.0,1.3333333333333333,1.0,646.5983333333334,0.0,3.0,2571.06,614.0
527001,F,False,True,usa,indianapolis,IND,67,Gujarat,8,1,0,1,0.0,,,,1.0,16.0,,1424.0
527046,F,True,True,usa,newark,EWR,42,New Jersey,9,3,3,3,0.3333333333333333,1.3333333333333333,0.3333333333333333,296.8016666666667,0.3333333333333333,3.0,1338.3,2171.0
527081,F,False,True,usa,miami,MIA,30,Florida,8,2,2,2,0.5,1.0,0.0,334.16499999999996,0.5,2.0,651.2505,478.0
527082,M,False,False,usa,el paso,BIF,42,Texas,8,3,2,3,0.3333333333333333,1.0,1.0,207.755,0.0,3.6666666666666665,415.51,1466.4
527109,F,True,False,usa,austin,AUS,47,Texas,8,4,4,3,0.0,1.0,0.5,287.98,0.3333333333333333,5.0,1151.92,3618.0
527141,F,False,False,usa,nashville,BNA,43,Tennessee,8,5,4,3,0.0,1.25,0.25,176.62,0.3333333333333333,1.3333333333333333,872.1600000000001,1941.0
527142,F,False,False,usa,jacksonville,NZC,37,Ica,8,6,6,6,0.16666666666666666,1.0,0.5,352.92,0.6666666666666666,2.8333333333333335,2117.52,2999.25
527150,F,False,False,usa,indianapolis,IND,34,Gujarat,8,3,3,3,0.0,1.0,0.3333333333333333,399.3566666666666,0.3333333333333333,3.3333333333333335,1198.07,1384.0
527158,F,True,False,canada,victoria,YYJ,53,British Columbia,8,2,2,2,0.0,2.0,1.0,204.40166666666667,1.0,1.5,955.19,733.0
527187,M,False,True,usa,brownsville,BRO,33,Texas,9,3,3,3,0.3333333333333333,1.0,0.6666666666666666,265.1033333333333,0.6666666666666666,3.3333333333333335,795.31,1627.8
527280,F,False,False,usa,norfolk,ORF,50,Virginia,9,2,1,1,0.0,1.0,1.0,610.3,0.0,4.0,610.3,820.0
527321,F,False,False,canada,halifax,YHZ,20,Nova Scotia,8,1,0,1,0.0,,,,0.0,5.0,,340.0
527354,F,True,False,usa,las vegas,LSV,58,Nevada,8,3,2,3,0.0,1.5,1.0,91.69749999999999,0.6666666666666666,4.666666666666667,252.38,7315.0
527359,F,True,True,usa,fort worth,FTW,38,Texas,8,1,1,1,0.0,1.0,1.0,460.36,0.0,3.0,460.36,414.0
527365,F,False,True,usa,dallas,DAL,19,Texas,9,1,1,1,0.0,1.0,1.0,373.98,1.0,3.0,373.98,429.0
527393,F,False,False,canada,winnipeg,YWG,34,Manitoba,8,2,2,2,0.0,1.0,0.5,313.03,0.5,2.5,626.06,971.0
527401,F,False,False,usa,baltimore,BWI,39,Maryland,8,4,4,4,0.25,1.0,0.75,506.71500000000003,0.5,2.5,1960.923,1999.0
527452,M,False,False,usa,new orleans,MSY,45,Louisiana,8,2,2,2,0.5,2.0,0.0,281.68,0.5,4.5,1015.0229999999999,2033.6
527455,F,True,False,canada,winnipeg,YWG,30,Manitoba,8,1,1,1,1.0,1.0,1.0,430.0,0.0,6.0,430.0,448.2
527464,F,False,False,usa,denver,DEN,49,Colorado,9,6,5,6,0.0,1.0,1.2,296.404,0.16666666666666666,3.8333333333333335,1482.02,3803.0
527467,F,True,False,usa,san antonio,SAT,42,Texas,8,2,2,1,0.0,1.0,0.0,194.73000000000002,1.0,2.0,389.46000000000004,488.0
527470,F,False,True,usa,wichita,IAB,33,Kansas,8,2,1,2,0.0,1.0,1.0,320.44,0.5,9.5,320.44,2436.0
527490,F,False,True,usa,new york,LGA,44,New York,8,3,3,3,0.3333333333333333,1.0,0.6666666666666666,538.4766666666667,0.3333333333333333,2.6666666666666665,1531.754,1454.0
527508,F,True,False,usa,san antonio,SAT,56,Texas,8,3,3,2,0.0,1.0,1.0,369.24333333333334,0.5,4.0,1107.73,1585.0
527518,F,False,False,usa,cleveland,CLE,32,Ohio,8,1,1,1,0.0,1.0,0.0,594.68,0.0,2.0,594.68,1026.0
527560,F,False,True,usa,winston-salem,INT,56,North Carolina,8,2,0,2,0.5,,,,0.0,5.5,,1318.0
527690,F,False,False,usa,long beach,LGB,32,California,8,4,3,3,0.0,1.0,0.6666666666666666,507.5733333333333,0.0,2.6666666666666665,1522.72,1817.0
527726,F,True,True,usa,charlotte,CLT,50,North Carolina,8,2,2,0,0.5,1.0,0.5,480.345,,,945.538,
527750,F,True,True,usa,new york,JFK,45,New York,8,2,0,2,0.5,,,,0.5,7.0,,5880.0
527801,F,True,True,usa,modesto,MOD,60,California,9,0,0,0,,,,,,,,
527857,M,True,True,usa,winston-salem,INT,44,North Carolina,8,1,0,1,0.0,,,,0.0,14.0,,5460.0
527928,M,True,False,usa,omaha,OFF,38,Nebraska,8,2,2,2,0.0,1.5,0.5,263.3175,0.5,2.5,898.6800000000001,1236.0
527945,F,False,True,usa,sacramento,MCC,32,California,8,0,0,0,,,,,,,,
527984,F,False,True,usa,winston-salem,INT,52,North Carolina,8,4,3,4,0.25,1.6666666666666667,0.6666666666666666,199.93666666666664,0.5,3.5,947.17,2863.1
527995,F,True,True,usa,nashville,BNA,54,Tennessee,8,3,2,2,0.6666666666666666,1.0,1.0,477.745,0.0,2.5,955.49,699.8000000000001
528020,F,True,False,usa,laredo,LRD,53,Texas,8,4,4,4,0.0,1.0,0.5,406.6925,0.5,5.25,1626.77,3098.0
528028,F,True,False,usa,long beach,LGB,42,California,8,4,4,2,0.25,1.25,0.5,408.14625,0.5,4.5,2327.8725,4803.0
528046,F,False,False,usa,long beach,LGB,38,California,8,2,2,1,0.5,1.5,0.0,583.6475,0.0,4.0,1308.2005,596.0
528061,M,False,False,usa,new york,LGA,44,New York,8,3,3,3,0.3333333333333333,1.6666666666666667,0.3333333333333333,368.36666666666673,0.0,3.6666666666666665,2505.6600000000003,5303.6
528098,F,True,True,usa,santa ana,SNA,53,California,9,0,0,0,,,,,,,,
528179,F,True,True,usa,columbus,LCK,35,Ohio,8,2,0,2,0.0,,,,0.0,10.5,,3975.0
528193,F,False,False,usa,new york,JFK,42,New York,8,3,3,3,0.3333333333333333,1.0,0.3333333333333333,446.94,0.0,3.3333333333333335,1340.82,2268.2
528244,F,False,False,usa,omaha,OMA,34,Iowa,8,2,2,2,0.0,1.0,0.5,232.90500000000003,0.0,3.0,465.81000000000006,1335.0
528248,F,False,False,usa,tampa,TPA,34,Florida,8,3,2,3,0.3333333333333333,1.0,1.0,335.88,0.3333333333333333,2.3333333333333335,671.76,1437.7
528281,F,False,False,canada,calgary,YYC,55,Alberta,8,5,3,5,0.4,1.6666666666666667,0.3333333333333333,466.28000000000003,0.2,4.0,1839.5910000000001,4442.5
528322,F,True,False,canada,toronto,YZD,52,,8,4,4,3,0.0,1.0,0.25,335.62,0.3333333333333333,4.0,1342.48,3269.0
528330,F,True,True,canada,edmonton,YED,50,,8,1,1,1,0.0,1.0,1.0,372.54,0.0,2.0,372.54,686.0
528378,M,False,False,canada,calgary,YYC,45,Alberta,8,1,1,1,0.0,1.0,1.0,363.06,0.0,4.0,363.06,376.0
528413,F,True,False,usa,miami,MIA,72,Florida,8,0,0,0,,,,,,,,
528421,F,False,False,canada,winnipeg,YAV,39,,8,7,6,5,0.42857142857142855,1.1666666666666667,0.5,310.41333333333336,0.2,5.2,2020.2815,6839.0
528461,F,False,False,usa,phoenix,LUF,28,Arizona,8,0,0,0,,,,,,,,
528490,M,False,False,usa,san diego,NZY,45,California,9,4,4,4,0.5,1.25,0.25,540.4775,0.5,2.25,2734.9705,1348.7
528522,F,True,True,usa,richmond,RIC,53,Virginia,8,2,1,2,0.0,1.0,2.0,88.12,0.0,7.5,88.12,2216.0
528542,F,False,False,usa,philadelphia,PNE,58,Pennsylvania,8,3,3,3,0.0,1.6666666666666667,1.0,196.99333333333334,0.3333333333333333,4.0,935.68,5673.0
528567,F,False,False,canada,hamilton,YHM,39,Ontario,8,6,5,6,0.0,1.4,0.6,287.4806666666667,0.16666666666666666,3.3333333333333335,2159.81,2977.0
528580,F,True,False,usa,new york,JFK,50,New York,9,3,2,2,0.3333333333333333,1.5,1.0,439.83500000000004,0.0,6.0,1620.78,2473.4
528661,M,False,False,usa,corpus christi,CRP,43,Texas,8,2,2,2,0.0,1.0,0.5,320.685,0.5,2.5,641.37,674.0
528688,F,False,False,usa,new york,LGA,36,New York,8,1,0,1,0.0,,,,1.0,10.0,,2960.0
528690,F,True,True,usa,chicago,UGN,39,Illinois,9,3,3,3,0.0,1.6666666666666667,0.6666666666666666,257.76666666666665,0.0,2.3333333333333335,933.5,1189.0
528706,F,True,False,usa,new york,JFK,49,New York,8,2,2,2,0.5,1.0,1.0,562.735,0.0,1.0,1084.513,154.0
528735,F,True,True,usa,tulsa,TUL,52,Oklahoma,9,2,2,2,0.0,1.5,0.0,205.76749999999998,0.5,3.0,691.54,1543.0
528743,F,False,False,usa,riverside,RIV,54,California,8,2,2,2,0.0,1.0,0.5,700.44,0.0,1.5,1400.88,1248.0
528828,F,False,False,usa,san francisco,SFO,44,California,8,5,4,3,0.2,1.0,0.75,561.65,0.3333333333333333,3.0,2107.432,1535.0
528829,F,False,False,usa,shreveport,BAD,30,Louisiana,8,4,2,4,0.0,1.0,0.5,394.87,0.0,7.0,789.74,8423.0
528842,M,False,False,usa,honolulu,HNL,69,Hawaii,8,2,2,1,0.5,1.0,0.0,1232.72,0.0,1.0,2256.702,133.6
528909,F,False,False,usa,new york,JFK,20,New York,8,2,0,2,0.0,,,,1.0,11.5,,17120.0
528936,F,False,True,usa,boston,BOS,26,Massachusetts,8,0,0,0,,,,,,,,
528942,F,True,True,usa,new york,JFK,57,New York,8,6,6,6,0.0,1.0,0.5,279.38666666666666,0.3333333333333333,1.6666666666666667,1676.32,1274.0
528953,F,True,False,canada,saskatoon,YXE,54,Saskatchewan,8,3,2,3,0.6666666666666666,1.0,0.0,325.355,0.6666666666666666,10.0,650.71,8521.7
528967,F,False,False,usa,nashville,BNA,21,Tennessee,8,3,2,3,0.3333333333333333,2.0,1.0,196.52833333333334,0.0,2.3333333333333335,803.264,1372.0
528999,F,True,False,canada,calgary,YYC,47,Alberta,8,3,3,2,0.3333333333333333,1.0,0.6666666666666666,482.15000000000003,0.0,3.5,1369.989,1865.0
529019,F,True,False,usa,philadelphia,PNE,50,Pennsylvania,8,5,5,3,0.2,1.2,1.0,733.8149999999999,0.0,5.666666666666667,6098.1085,1665.0
529023,F,True,True,usa,honolulu,HNL,39,Hawaii,9,2,2,2,0.0,1.0,0.5,1090.085,0.0,2.5,2180.17,883.0
529082,F,False,False,usa,austin,AUS,35,Texas,8,1,1,1,0.0,1.0,0.0,470.12,0.0,3.0,470.12,783.0
529205,F,False,False,usa,fort worth,FTW,41,Texas,8,4,4,4,0.25,1.0,1.0,335.7,0.25,2.25,1330.955,1627.0
529284,F,False,False,canada,ottawa,YOW,27,Ontario,8,0,0,0,,,,,,,,
529332,F,False,False,usa,los angeles,LAX,35,California,9,3,3,3,0.0,1.0,0.3333333333333333,660.88,0.3333333333333333,3.3333333333333335,1982.6399999999999,1124.0
529338,O,False,False,usa,new york,LGA,43,New York,8,5,5,5,0.2,1.4,0.6,403.32599999999996,0.0,1.4,3129.0499999999997,2289.4
529406,F,False,False,usa,new york,LGA,42,New York,9,4,4,4,0.0,1.0,0.75,264.27,0.25,2.75,1057.08,1318.0
529420,M,True,False,usa,oakland,OAK,77,California,9,0,0,0,,,,,,,,
529422,F,True,False,usa,baltimore,BWI,58,Maryland,8,2,2,1,0.0,2.0,1.0,217.3416666666667,0.0,3.0,914.83,489.0
529424,M,True,True,usa,rochester,ROC,52,New York,9,3,3,2,0.6666666666666666,1.0,0.3333333333333333,242.55000000000004,0.0,4.5,668.826,1470.0
529428,F,False,True,usa,newport news,PHF,46,Virginia,8,2,1,2,0.5,1.0,1.0,79.15,1.0,4.0,79.15,600.0
529436,F,False,False,usa,new york,LGA,49,New York,8,6,5,4,0.16666666666666666,1.2,0.2,561.806,0.25,2.0,5223.888,2076.0
529501,M,True,True,usa,houston,HOU,50,Texas,8,4,4,4,0.5,1.0,0.75,244.0,0.0,2.75,918.4164999999999,1560.6
529510,F,False,True,usa,new york,JFK,46,New York,8,2,2,1,0.0,1.0,0.5,367.005,0.0,2.0,734.01,200.0
529566,F,False,True,usa,fayetteville,FYV,42,Arkansas,9,1,1,1,1.0,1.0,0.0,328.37,1.0,4.0,328.37,1778.4
529704,F,True,False,usa,dallas,DAL,69,Texas,9,1,0,1,0.0,,,,0.0,6.0,,1530.0
529734,F,True,False,usa,philadelphia,PNE,41,Pennsylvania,8,5,4,5,0.2,1.25,1.0,444.9675,0.4,2.4,2465.908,4428.0
529737,F,True,False,usa,los angeles,LAX,49,California,8,0,0,0,,,,,,,,
529768,M,True,False,usa,los angeles,LAX,45,California,8,4,4,3,0.25,1.0,0.25,508.9975,0.3333333333333333,2.3333333333333335,1926.814,757.0
529857,F,True,False,usa,jacksonville,NIP,71,Florida,9,1,0,1,1.0,,,,0.0,24.0,,5376.0
529879,F,False,False,usa,philadelphia,PNE,40,Pennsylvania,8,4,4,4,0.0,1.0,0.75,305.595,0.25,2.75,1222.38,1301.0
529887,F,False,True,usa,houston,IAH,41,Texas,8,1,1,1,0.0,1.0,1.0,590.21,1.0,1.0,590.21,118.0
529972,F,True,True,usa,wichita,IAB,58,Kansas,8,3,2,3,0.6666666666666666,2.0,1.0,337.9266666666666,0.3333333333333333,11.666666666666666,1352.204,3060.0
530039,F,False,False,canada,ottawa,YOW,44,Ontario,8,4,4,3,0.0,1.5,0.5,198.12833333333333,0.3333333333333333,2.6666666666666665,1340.56,3812.0
530118,F,False,False,usa,indianapolis,IND,45,Gujarat,8,5,5,5,0.2,1.0,1.0,238.602,0.0,1.4,1160.7495,1418.0
530188,F,False,False,usa,san antonio,SKF,40,Texas,9,4,4,4,0.0,1.5,1.25,362.61833333333334,0.25,3.75,2211.22,3274.0
530223,F,True,False,usa,tampa,TPA,42,Florida,8,3,2,3,0.3333333333333333,1.0,0.5,327.425,0.3333333333333333,2.0,654.85,1270.8
530240,F,False,True,usa,san antonio,SKF,48,Texas,8,2,2,2,0.5,1.5,1.0,435.96000000000004,0.5,3.5,1221.8780000000002,1959.0
530277,F,False,True,usa,austin,AUS,49,Texas,8,5,5,5,0.0,1.2,0.6,279.95,0.4,4.0,1853.13,3220.0
530278,F,False,False,usa,portland,PDX,57,Oregon,8,4,4,3,0.25,1.5,0.25,313.6158333333333,0.6666666666666666,1.0,1381.9859999999999,1886.0
530282,F,False,False,usa,chicago,MDW,40,Illinois,8,5,4,4,0.0,1.0,0.25,181.1175,0.0,3.75,724.47,1539.0
530298,F,False,True,canada,winnipeg,YWG,38,Manitoba,9,3,2,3,0.6666666666666666,1.0,0.0,336.68,0.3333333333333333,3.0,657.7755,1451.6
530315,M,False,False,usa,san antonio,SAT,59,Texas,9,2,2,2,0.5,1.0,0.5,376.575,0.0,2.5,753.15,419.09999999999997
530322,M,False,True,canada,windsor,YQG,48,Ontario,8,2,2,2,0.0,1.0,1.5,203.435,0.5,2.0,406.87,1436.0
530329,F,True,True,usa,sacramento,MHR,54,California,10,1,1,0,1.0,1.0,1.0,705.79,,,494.05299999999994,
530365,F,True,False,usa,san antonio,RND,53,Texas,8,2,2,2,0.5,1.0,0.5,191.435,0.0,3.0,377.259,581.0
530371,F,True,True,usa,new york,LGA,34,New York,8,3,1,3,0.0,1.0,0.0,668.52,0.0,2.0,668.52,1897.0
530374,F,True,False,usa,burlington,BTV,35,Vermont,9,2,2,2,0.5,1.0,0.5,267.475,0.5,3.5,534.95,928.2
530379,F,True,False,usa,des moines,DSM,45,Iowa,10,1,1,1,0.0,1.0,0.0,222.8,0.0,1.0,222.8,138.0
530385,F,True,False,canada,quebec,YQB,46,Quebec,8,3,3,3,0.3333333333333333,1.0,0.3333333333333333,361.54,0.0,2.0,1053.695,754.0
530427,M,False,False,usa,seattle,SEA,47,Washington,8,3,2,3,0.6666666666666666,1.0,1.0,635.335,0.0,3.0,1270.67,1399.7
530514,F,True,True,usa,san francisco,SFO,55,California,9,3,2,3,0.6666666666666666,1.0,1.0,324.62,0.6666666666666666,1.6666666666666667,583.1324999999999,871.0
530543,M,False,True,usa,charlotte,CLT,40,North Carolina,8,5,5,4,0.4,1.0,0.8,427.21400000000006,0.0,2.75,2084.665,4062.0
530585,F,False,False,usa,new york,LGA,49,New York,8,4,3,4,0.0,1.0,0.6666666666666666,359.40333333333336,0.25,2.5,1078.21,696.0
530592,F,False,False,canada,toronto,YYZ,26,Ontario,8,4,2,4,0.25,1.5,1.0,282.40250000000003,0.5,4.25,1021.5300000000001,5003.549999999999
530607,M,False,False,canada,hamilton,YHM,30,Ontario,8,2,2,2,0.0,1.0,0.5,347.68,0.5,2.5,695.36,1045.0
530633,M,True,False,usa,madison,MSN,65,Wisconsin,8,0,0,0,,,,,,,,
530666,F,False,False,usa,las vegas,LAS,32,Nevada,8,2,2,1,0.0,1.0,1.0,391.615,0.0,1.0,783.23,113.0
530667,F,True,True,usa,san francisco,SFO,41,California,9,4,2,3,0.5,1.5,0.5,526.3924999999999,0.6666666666666666,8.0,1763.8,4030.0
530672,F,False,False,usa,knoxville,TYS,62,Tennessee,8,0,0,0,,,,,,,,
530673,M,True,True,usa,newark,EWR,62,New Jersey,8,0,0,0,,,,,,,,
530687,F,True,True,usa,lubbock,LBB,52,Texas,8,4,4,4,0.5,1.5,0.5,297.88875,0.0,2.25,1797.635,1789.8
530719,F,False,False,usa,baltimore,BWI,51,Maryland,9,4,4,4,0.5,1.0,0.75,159.6025,0.5,2.0,589.8505,1120.6
530720,F,True,False,canada,london,YXU,45,Ontario,8,3,3,2,0.3333333333333333,1.0,0.6666666666666666,258.49333333333334,0.0,2.0,775.48,1142.8000000000002
530773,F,True,True,canada,calgary,YYC,48,Alberta,8,3,3,2,0.3333333333333333,1.3333333333333333,0.6666666666666666,471.3283333333334,0.0,6.5,1690.4660000000001,5428.0
530775,F,True,False,usa,new york,JFK,53,New York,8,3,3,2,0.3333333333333333,1.0,1.0,580.55,0.5,3.0,1741.6499999999999,731.2
530801,M,False,True,canada,toronto,YKZ,46,Ontario,8,3,2,3,0.3333333333333333,1.0,1.0,652.235,0.0,2.0,1304.47,1308.75
530810,F,True,False,canada,montreal,YMX,41,Quebec,8,3,3,3,0.0,1.0,0.3333333333333333,356.17333333333335,0.3333333333333333,2.3333333333333335,1068.52,1452.0
530833,F,True,True,usa,houston,IAH,51,Texas,9,2,1,2,0.5,1.0,1.0,393.98,0.0,6.0,393.98,1332.0
530869,F,False,True,usa,amarillo,AMA,36,Texas,8,1,0,1,0.0,,,,1.0,3.0,,780.0
530873,M,False,True,usa,phoenix,PHX,22,Arizona,8,0,0,0,,,,,,,,
530881,F,False,True,usa,jacksonville,NCA,39,Turks and Caicos Islands,8,4,4,4,0.0,1.0,0.25,301.455,0.25,3.0,1205.82,1767.0
530978,F,True,False,usa,houston,EFD,56,Texas,9,6,5,6,0.3333333333333333,1.0,0.8,358.846,0.3333333333333333,2.1666666666666665,1734.504,3161.0
531027,F,True,True,usa,new york,LGA,48,New York,9,3,3,2,0.0,1.3333333333333333,1.3333333333333333,554.3766666666667,0.0,2.0,1800.1399999999999,621.0
531031,F,True,False,usa,san francisco,SFO,81,California,8,2,1,2,0.0,2.0,1.0,1701.82,0.0,6.0,3403.64,2784.0
531054,F,False,False,usa,tampa,TPA,43,Florida,8,4,4,3,0.5,1.25,0.25,303.3825,0.0,2.3333333333333335,1519.04,2014.9
531073,F,False,False,usa,phoenix,LUF,34,Arizona,9,4,3,3,0.0,1.0,0.3333333333333333,383.1433333333334,0.3333333333333333,3.3333333333333335,1149.43,1627.0
531144,F,True,True,usa,indianapolis,IND,58,Gujarat,8,3,3,3,0.6666666666666666,2.0,1.0,173.41944444444445,0.3333333333333333,1.3333333333333333,1037.55,1269.3
531158,F,False,False,usa,newark,EWR,43,New Jersey,8,5,5,5,0.2,1.2,0.8,377.73699999999997,0.4,1.6,2287.91,2325.2
531253,F,True,True,usa,new york,LGA,53,New York,8,5,4,5,0.2,1.75,1.0,465.11062499999997,0.4,3.6,4050.3899999999994,3360.6
531255,F,True,True,usa,buffalo,BUF,39,New York,8,0,0,0,,,,,,,,
531447,F,True,False,usa,newport news,PHF,58,Virginia,8,5,5,4,0.2,1.0,0.2,595.582,0.25,2.5,2940.082,2088.0
531456,F,False,False,canada,vancouver,YVR,21,British Columbia,8,2,0,2,0.5,,,,0.5,2.5,,928.0
531467,F,False,False,usa,san antonio,RND,36,Texas,8,5,5,4,0.2,1.4,0.2,410.90599999999995,0.25,4.25,2895.7599999999998,4594.2
531475,M,False,False,canada,toronto,YTZ,19,Ontario,9,0,0,0,,,,,,,,
531500,F,True,False,usa,dallas,DAL,80,Texas,8,1,0,1,0.0,,,,0.0,9.0,,378.0
531568,F,False,False,usa,austin,AUS,43,Texas,8,5,4,5,0.2,1.5,0.25,248.4475,0.2,2.0,1628.7505,1772.0
531615,F,False,True,usa,oakland,OAK,22,California,8,1,1,0,0.0,1.0,0.0,406.27,,,406.27,
531654,F,False,False,usa,honolulu,HNL,49,Hawaii,8,2,2,1,0.0,1.0,1.0,1040.02,0.0,6.0,2080.04,948.0
531670,F,True,False,usa,los angeles,LAX,58,California,8,3,2,3,0.3333333333333333,1.0,0.0,494.025,0.3333333333333333,6.666666666666667,988.05,3740.0
531735,F,False,False,usa,oakland,OAK,23,California,8,0,0,0,,,,,,,,
531739,F,False,False,usa,tampa,TPA,41,Florida,8,4,4,4,0.5,1.25,0.5,305.71625,0.5,1.75,1453.9225,2143.8
531744,F,True,False,usa,columbus,CMH,56,Ohio,8,5,4,5,0.0,1.0,0.5,263.6975,0.4,2.6,1054.79,1344.0
531745,F,False,False,canada,edmonton,YEG,25,Alberta,8,0,0,0,,,,,,,,
531777,F,False,False,usa,columbus,CMH,41,Ohio,8,1,1,1,0.0,1.0,0.0,144.52,0.0,2.0,144.52,614.0
531795,F,False,False,usa,san francisco,SFO,73,California,8,1,1,1,0.0,1.0,1.0,472.69,0.0,12.0,472.69,984.0
531803,F,False,False,usa,detroit,YIP,26,Michigan,8,0,0,0,,,,,,,,
531807,F,False,False,usa,phoenix,LUF,40,Arizona,9,3,3,3,0.0,1.0,0.3333333333333333,530.1766666666667,0.3333333333333333,2.6666666666666665,1590.5300000000002,934.0
531834,F,False,False,usa,los angeles,LAX,20,California,8,1,1,1,0.0,1.0,1.0,490.71,0.0,1.0,490.71,148.0
531857,F,False,False,usa,philadelphia,PHL,23,Pennsylvania,9,2,2,2,0.0,1.0,0.5,349.45,0.5,5.0,698.9,1072.0
531921,F,False,False,canada,saskatoon,YXE,48,Saskatchewan,9,2,1,2,0.0,1.0,1.0,122.54,0.5,4.5,122.54,1071.0
531926,F,False,False,usa,san diego,NZY,31,California,8,2,2,0,0.5,2.0,0.5,465.98,,,1896.833,
531931,F,False,False,usa,san jose,SJC,42,California,8,2,2,2,0.0,1.5,0.5,577.9025,0.5,2.5,1888.29,985.0
531959,F,False,False,usa,oakland,OAK,33,California,8,4,2,3,0.0,1.5,0.5,605.0525,0.3333333333333333,10.0,1891.1399999999999,8206.0
531971,F,True,True,usa,burlington,BTV,61,Vermont,8,2,2,2,0.0,1.0,1.0,381.31,0.5,3.0,762.62,456.0
531994,F,True,False,canada,calgary,YYC,46,Alberta,8,2,2,2,0.0,1.0,0.5,592.985,0.5,2.0,1185.97,303.0
532063,F,True,False,usa,chicago,UGN,56,Illinois,9,6,6,6,0.16666666666666666,1.1666666666666667,0.3333333333333333,209.72083333333333,0.0,1.1666666666666667,1451.21,1692.05
532101,F,False,False,usa,oakland,OAK,28,California,8,1,0,1,0.0,,,,0.0,23.0,,4738.0
532119,F,True,False,canada,toronto,YTZ,54,Ontario,8,6,6,5,0.0,1.5,0.16666666666666666,366.21333333333337,0.2,3.8,3334.58,2974.0
532215,F,True,False,usa,san francisco,SFO,51,California,9,6,5,6,0.16666666666666666,1.0,0.6,492.18199999999996,0.16666666666666666,4.0,2460.91,2772.2
532258,F,False,True,canada,montreal,YUL,43,Quebec,8,2,2,2,0.0,2.0,0.5,61.215,0.0,2.0,320.21000000000004,4211.0
532259,M,True,True,usa,dallas,DAL,57,Texas,8,6,5,6,0.3333333333333333,1.4,0.6,245.477,0.5,3.5,1744.4815,3854.0
532279,F,False,False,usa,el paso,ELP,20,Texas,8,1,0,1,1.0,,,,0.0,12.0,,4992.0
532312,F,True,False,usa,kansas city,MCI,47,Missouri,8,3,3,3,0.6666666666666666,1.0,1.0,163.65666666666667,0.3333333333333333,1.3333333333333333,454.244,444.4
532361,F,False,False,canada,montreal,YUL,48,Quebec,8,4,3,3,0.25,1.0,0.6666666666666666,102.16666666666667,0.3333333333333333,2.6666666666666665,279.63,1218.0
532387,F,False,False,usa,denver,DEN,41,Colorado,8,3,3,3,0.0,1.0,0.6666666666666666,370.8966666666667,0.6666666666666666,5.333333333333333,1112.69,2375.0
532390,F,True,True,usa,chicago,ORD,47,Illinois,8,4,4,3,0.0,1.25,0.5,164.52125,0.3333333333333333,3.0,930.54,1479.0
532410,F,False,False,usa,denver,DEN,30,Colorado,8,3,1,3,0.3333333333333333,1.0,0.0,330.74,0.6666666666666666,7.333333333333333,330.74,2867.8999999999996
532432,F,True,False,usa,houston,IAH,71,Texas,8,1,0,1,0.0,,,,0.0,13.0,,1963.0
532433,F,False,True,usa,portland,PDX,34,Oregon,8,3,2,3,0.3333333333333333,1.5,0.5,506.865,0.6666666666666666,3.3333333333333335,1304.05,1398.3
532500,F,False,True,canada,winnipeg,YWG,42,Manitoba,8,4,4,3,0.25,1.25,0.5,818.39125,0.3333333333333333,3.0,5407.34,2739.05
532519,F,True,False,usa,tulsa,TUL,51,Oklahoma,8,3,2,3,0.0,1.5,2.0,291.595,0.6666666666666666,4.666666666666667,710.44,1586.0
532622,F,True,False,usa,kansas city,MCI,52,Missouri,8,3,3,3,0.3333333333333333,1.0,0.3333333333333333,244.13666666666666,0.0,1.3333333333333333,725.0455,1004.0
532651,F,False,True,canada,toronto,YKZ,37,Ontario,8,2,1,2,0.0,1.0,0.0,100.45,0.5,3.5,100.45,1753.0
532653,F,False,False,usa,los angeles,LAX,50,California,8,4,4,4,0.5,1.25,0.0,598.9,0.25,5.5,3131.25,3030.9
532656,F,False,False,usa,reno,RNO,35,Nevada,8,2,2,2,0.5,1.0,1.0,710.765,0.5,1.0,1346.607,392.0
532705,F,True,False,canada,halifax,YHZ,44,Nova Scotia,8,2,1,2,0.0,1.0,0.0,647.94,0.0,4.0,647.94,540.0
532710,M,False,False,canada,toronto,YZD,27,,8,1,1,1,0.0,1.0,1.0,312.38,0.0,1.0,312.38,396.0
532711,F,True,False,usa,new york,JFK,25,New York,9,2,1,2,0.0,1.0,1.0,98.31,0.0,9.5,98.31,4238.0
532725,F,False,False,usa,corpus christi,CRP,41,Texas,8,0,0,0,,,,,,,,
532730,F,False,False,usa,detroit,YIP,19,Michigan,8,2,1,2,0.5,1.0,1.0,184.45,0.0,8.0,147.56,3144.0
532748,F,False,True,usa,austin,AUS,43,Texas,8,5,4,5,0.2,1.0,1.0,390.44500000000005,0.2,1.4,1561.7800000000002,1004.25
532835,M,False,True,canada,vancouver,YVR,45,British Columbia,8,2,1,1,0.0,1.0,1.0,630.46,1.0,3.0,630.46,273.0
532843,F,True,False,canada,windsor,YQG,43,Ontario,8,3,2,3,0.3333333333333333,1.0,0.0,424.1,0.6666666666666666,3.0,848.2,1379.3
532866,F,True,True,usa,san antonio,SKF,53,Texas,8,4,4,4,0.5,1.25,1.5,414.67,0.25,2.25,2101.19,2074.6
532905,F,False,False,usa,washington,IAD,25,Virginia,8,0,0,0,,,,,,,,
533048,M,True,True,usa,chicago,ORD,50,Illinois,8,1,0,1,1.0,,,,0.0,2.0,,435.2
533117,F,False,False,usa,charlotte,CLT,53,North Carolina,8,2,2,1,0.0,1.0,0.0,167.185,0.0,2.0,334.37,252.0
533123,M,False,True,canada,edmonton,YED,44,,9,2,2,1,0.0,1.0,0.5,267.385,0.0,3.0,534.77,531.0
533129,F,False,False,usa,new york,LGA,41,New York,8,5,4,4,0.4,1.0,0.25,258.9375,0.5,2.75,1002.633,2260.95
533187,F,True,False,usa,denver,DEN,72,Colorado,8,1,0,1,1.0,,,,0.0,8.0,,737.1999999999999
533204,F,False,False,usa,phoenix,LUF,24,Arizona,8,0,0,0,,,,,,,,
533211,M,False,True,usa,austin,AUS,55,Texas,8,4,4,3,0.25,1.0,0.5,384.5775,0.0,5.0,1538.31,3278.0
533222,F,True,True,usa,seattle,SEA,56,Washington,8,3,2,3,0.3333333333333333,1.0,2.0,471.33000000000004,0.3333333333333333,5.333333333333333,942.6600000000001,4884.6
533283,F,False,False,usa,orlando,ORL,55,Florida,10,4,4,3,0.0,1.75,0.5,338.355,0.3333333333333333,1.3333333333333333,1958.82,719.0
533291,F,True,False,usa,tucson,TUS,43,Arizona,8,6,6,6,0.0,1.3333333333333333,1.0,472.8183333333333,0.3333333333333333,3.3333333333333335,3702.95,2939.0
533302,F,False,False,usa,corpus christi,CRP,43,Texas,8,3,2,3,0.6666666666666666,1.0,0.0,395.07000000000005,1.0,3.0,716.782,1145.15
533327,F,True,True,usa,winston-salem,INT,61,North Carolina,8,4,1,4,0.5,1.0,1.0,621.36,0.5,6.5,559.224,9127.0
533357,M,False,False,usa,san francisco,SFO,43,California,8,5,4,4,0.2,1.0,0.5,541.0,0.0,2.25,2164.0,898.6
533378,F,True,True,usa,long beach,LGB,42,California,8,3,3,2,0.3333333333333333,1.0,1.0,401.18,0.0,5.5,1172.2335,1256.0
533393,F,True,True,usa,columbus,LCK,61,Ohio,9,1,0,1,0.0,,,,0.0,4.0,,624.0
533402,F,False,False,usa,chicago,UGN,32,Illinois,9,3,2,2,0.3333333333333333,1.0,1.0,227.755,0.5,8.0,455.51,3111.0
533404,F,True,False,canada,ottawa,YOW,42,Ontario,8,3,3,2,0.3333333333333333,1.0,0.3333333333333333,565.38,0.0,2.0,1696.1399999999999,1278.0
533411,F,False,False,usa,new york,JFK,38,New York,8,4,4,3,0.0,1.0,0.5,349.2675,0.0,1.6666666666666667,1397.07,1268.0
533464,F,True,True,usa,washington,DCA,59,Virginia,8,2,2,1,0.0,1.0,1.0,453.605,1.0,1.0,907.21,120.0
533490,F,False,False,usa,baltimore,BWI,43,Maryland,8,4,4,3,0.5,1.0,0.25,253.93,0.0,4.0,955.252,1701.0
533497,F,False,False,usa,madison,MSN,38,Wisconsin,8,5,5,3,0.4,1.0,0.6,381.284,0.3333333333333333,1.6666666666666667,1856.085,1026.4
533518,F,True,False,usa,los angeles,LAX,54,California,8,3,3,3,0.3333333333333333,1.6666666666666667,0.3333333333333333,569.1044444444444,0.3333333333333333,3.6666666666666665,2965.22,3140.5
533527,F,True,False,usa,los angeles,LAX,28,California,8,1,1,1,1.0,1.0,2.0,280.58,0.0,5.0,182.377,471.75
533542,F,True,False,usa,las vegas,LAS,50,Nevada,9,5,5,4,0.2,1.4,0.8,447.07399999999996,0.25,2.5,2800.2095,3229.0
533550,F,True,True,usa,new york,LGA,36,New York,8,2,2,2,0.5,1.0,0.5,330.40999999999997,0.0,2.0,630.6385,428.0
533617,F,True,True,usa,dallas,DAL,48,Texas,9,3,3,3,0.0,1.0,0.6666666666666666,426.3633333333333,0.6666666666666666,3.6666666666666665,1279.09,1310.0
533759,F,True,True,usa,louisville,LOU,48,Kentucky,8,3,2,3,0.0,1.0,0.5,232.985,0.0,9.666666666666666,465.97,4779.0
533827,F,False,False,canada,edmonton,YXD,51,,8,1,0,1,1.0,,,,0.0,8.0,,512.0
533846,F,True,False,usa,chicago,UGN,37,Illinois,8,3,2,2,0.3333333333333333,1.0,1.0,334.66499999999996,1.0,3.5,669.3299999999999,1249.0
533859,F,True,False,canada,edmonton,YED,59,,8,4,4,4,0.25,1.25,0.5,494.07124999999996,0.75,4.5,2349.4425,2328.0
533908,F,False,False,usa,austin,AUS,28,Texas,9,1,1,1,0.0,1.0,0.0,263.68,0.0,3.0,263.68,447.0
533932,F,True,True,usa,corpus christi,CRP,36,Texas,8,2,1,2,0.5,1.0,1.0,339.61,0.5,5.5,339.61,1053.1999999999998
533985,F,False,False,usa,los angeles,LAX,35,California,8,2,2,1,0.0,1.5,1.0,382.7875,0.0,4.0,1272.9099999999999,1576.0
534045,F,True,False,usa,newport news,PHF,45,Virginia,8,2,2,1,0.0,1.5,0.5,416.15999999999997,1.0,2.0,968.27,508.0
534082,F,True,True,usa,nashville,BNA,63,Tennessee,8,0,0,0,,,,,,,,
534179,F,True,False,usa,san francisco,SFO,43,California,8,4,3,4,0.75,1.0,0.6666666666666666,352.09999999999997,0.5,3.75,1015.0,1895.4
534190,M,True,True,canada,windsor,YQG,41,Ontario,8,2,1,2,0.0,1.0,0.0,136.34,0.0,6.0,136.34,1724.0
534254,F,False,False,canada,calgary,YYC,25,Alberta,9,1,1,1,1.0,1.0,0.0,573.05,1.0,3.0,515.745,558.0
534351,F,False,False,usa,houston,IAH,44,Texas,9,7,7,7,0.2857142857142857,1.0,0.7142857142857143,416.98,0.0,8.142857142857142,2899.063,7090.0
534360,F,False,True,canada,montreal,YUL,44,Quebec,8,5,5,4,0.2,1.2,0.2,335.081,0.5,2.5,2093.806,1366.25
534445,F,True,False,usa,jacksonville,NZC,46,Ica,8,2,2,1,0.0,1.5,0.0,619.27,0.0,1.0,1799.0100000000002,210.0
534474,M,False,False,usa,stockton,SCK,46,California,9,4,4,3,0.0,1.0,0.75,552.5425,0.6666666666666666,12.333333333333334,2210.17,5350.0
534586,F,False,True,canada,quebec,YQB,40,Quebec,8,0,0,0,,,,,,,,
534604,F,False,False,canada,vancouver,YVR,28,British Columbia,8,1,1,0,0.0,2.0,2.0,550.385,,,1100.77,
534607,F,False,False,usa,milwaukee,MKE,37,Wisconsin,9,4,4,3,0.0,1.25,2.0,280.65875,0.3333333333333333,2.0,1309.15,1291.0
534608,F,True,False,usa,baton rouge,BTR,39,Louisiana,9,4,4,4,0.5,1.0,0.75,378.01,0.25,1.75,1380.1135,754.0
534661,F,False,True,usa,austin,AUS,21,Texas,8,1,0,1,1.0,,,,0.0,7.0,,1039.5
534688,F,False,True,usa,louisville,LOU,40,Kentucky,8,5,4,5,0.4,1.25,1.0,162.47375,0.2,4.0,682.77,3697.2000000000003
534703,F,False,False,usa,tampa,TPA,36,Florida,8,1,1,1,1.0,1.0,0.0,481.78,1.0,1.0,409.513,193.0
534747,F,False,False,usa,san jose,SJC,39,California,9,4,3,4,0.25,1.0,0.3333333333333333,388.25666666666666,0.0,2.25,1097.943,834.0
534782,F,False,False,usa,kansas city,MCI,28,Missouri,8,4,2,4,0.25,1.0,1.0,306.105,0.0,5.5,612.21,6410.0
534793,F,False,True,canada,edmonton,YEG,20,Alberta,8,1,1,1,0.0,1.0,0.0,549.37,0.0,1.0,549.37,163.0
534825,F,False,True,canada,toronto,YKZ,31,Ontario,8,1,1,0,1.0,1.0,0.0,97.51,,,97.51,
534840,F,False,False,usa,indianapolis,IND,48,Gujarat,9,4,4,3,0.5,1.25,0.0,179.07625,0.3333333333333333,2.0,992.588,1944.4
534957,F,True,False,canada,calgary,YYC,52,Alberta,8,4,4,2,0.25,1.25,0.0,372.91375,0.0,2.0,1757.54,490.0
535003,F,True,False,usa,brownsville,BRO,60,Texas,9,0,0,0,,,,,,,,
535007,F,False,False,canada,toronto,YZD,45,,8,5,5,5,0.4,1.0,0.2,404.23999999999995,0.2,2.8,2021.1999999999998,3667.0
535024,F,False,False,usa,san antonio,RND,39,Texas,8,2,2,2,0.0,1.0,1.0,448.37,1.0,2.5,896.74,717.0
535035,F,False,True,usa,new york,LGA,54,New York,8,4,3,4,0.5,1.6666666666666667,0.3333333333333333,379.8233333333333,0.25,7.25,1394.81,6474.0
535051,F,True,False,usa,new york,LGA,51,New York,8,4,3,4,0.5,1.0,0.3333333333333333,434.16333333333336,0.25,5.0,1302.49,2608.1
535063,F,False,False,usa,los angeles,LAX,40,California,9,4,3,4,0.25,1.3333333333333333,0.6666666666666666,547.2633333333333,0.5,2.75,1872.8654999999999,1557.2
535099,M,False,False,usa,buffalo,BUF,39,New York,8,5,5,5,0.0,1.0,1.2,352.262,0.2,2.8,1761.31,2319.0
535135,F,True,False,canada,winnipeg,YAV,50,,8,4,3,4,0.25,1.0,0.3333333333333333,236.32666666666668,0.25,4.75,708.98,3997.0
535229,M,False,False,usa,new york,LGA,43,New York,8,3,3,3,0.6666666666666666,1.0,0.0,297.71666666666664,0.6666666666666666,4.333333333333333,867.3785,2078.35
535266,F,True,True,canada,edmonton,YED,48,,9,2,1,1,0.5,4.0,3.0,2236.2875,1.0,4.0,8945.15,1192.0
535311,F,True,True,usa,houston,IAH,44,Texas,9,2,2,1,0.0,1.0,0.0,376.58500000000004,1.0,9.0,753.1700000000001,2223.0
535341,F,True,False,usa,tulsa,TUL,49,Oklahoma,9,3,3,3,0.0,1.6666666666666667,0.0,207.55333333333337,0.3333333333333333,5.666666666666667,941.32,2559.0
535398,M,False,False,usa,omaha,OFF,43,Nebraska,8,3,3,3,0.3333333333333333,1.3333333333333333,0.6666666666666666,220.96,0.0,3.6666666666666665,856.0649999999999,1650.0
535441,M,True,True,canada,calgary,YYC,49,Alberta,8,4,4,4,0.0,1.25,0.5,363.1175,0.5,3.0,1730.2,2464.0
535459,M,False,False,usa,lincoln,LNK,30,Nebraska,8,4,3,3,0.25,1.0,0.0,217.13,0.3333333333333333,2.6666666666666665,637.178,1437.0
535473,F,True,False,usa,chicago,MDW,62,Illinois,8,1,1,0,0.0,2.0,1.0,2166.48,,,4332.96,
535502,F,False,True,usa,columbus,LCK,42,Ohio,9,3,3,3,0.0,1.3333333333333333,0.6666666666666666,132.83666666666667,0.6666666666666666,1.6666666666666667,441.92,1846.0
535553,F,False,False,canada,london,YXU,42,Ontario,9,2,2,2,0.0,1.0,0.5,354.185,0.0,4.0,708.37,1012.0
535595,F,True,True,usa,atlanta,ATL,55,Georgia,8,2,2,1,0.5,3.0,2.0,1236.711,0.0,6.0,11558.99,1956.0
535610,F,True,False,usa,kansas city,MCI,39,Missouri,8,3,2,3,0.3333333333333333,1.0,1.0,232.485,0.0,2.0,464.97,508.1
535625,F,False,True,canada,hamilton,YHM,31,Ontario,8,5,5,4,0.0,1.0,0.6,180.918,0.25,2.25,904.59,1636.0
535706,F,False,True,usa,los angeles,LAX,57,California,8,1,1,1,1.0,1.0,1.0,311.77,0.0,1.0,187.062,153.0
535737,F,False,False,canada,edmonton,YEG,24,Alberta,8,0,0,0,,,,,,,,
535746,F,True,False,usa,new orleans,MSY,45,Louisiana,8,3,2,3,0.6666666666666666,1.0,1.0,500.11,0.0,4.333333333333333,826.174,1804.0
535791,F,True,False,usa,orlando,MCO,44,Florida,8,2,2,2,0.5,2.0,0.5,275.9916666666667,0.0,3.0,1034.245,1750.0
535795,F,True,True,usa,dallas,DAL,56,Texas,8,5,5,5,0.4,1.0,0.8,346.904,0.6,2.6,1698.355,2296.8
535885,F,True,False,usa,new york,JFK,47,New York,8,3,1,3,0.0,1.0,0.0,66.3,0.6666666666666666,7.0,66.3,4828.0
535896,F,True,True,usa,indianapolis,IND,43,Gujarat,8,2,2,2,0.0,1.0,0.5,401.41499999999996,0.0,1.0,802.8299999999999,319.0
535912,F,False,False,usa,austin,AUS,43,Texas,8,5,5,5,0.0,1.0,0.2,316.452,0.2,2.2,1582.26,1879.0
535942,F,True,True,usa,boston,BOS,46,Massachusetts,8,2,2,2,0.0,1.0,0.5,681.26,0.0,3.5,1362.52,857.0
535983,F,False,True,usa,honolulu,HNL,53,Hawaii,8,1,1,0,0.0,1.0,1.0,1301.14,,,1301.14,
536000,M,False,False,canada,edmonton,YXD,33,,8,3,3,3,0.0,1.0,0.3333333333333333,515.48,0.6666666666666666,2.0,1546.44,885.0
536016,F,True,True,usa,oakland,OAK,38,California,8,2,2,1,0.5,1.5,0.0,483.25,0.0,7.0,1448.22,2016.0
536034,F,True,True,canada,halifax,YAW,58,,8,2,1,2,0.0,1.0,0.0,649.73,0.5,5.0,649.73,2349.0
536035,M,False,False,usa,new york,LGA,30,New York,8,2,2,2,0.0,1.5,0.5,266.66,0.0,1.5,976.6800000000001,582.0
536066,F,False,False,usa,rochester,ROC,44,New York,9,3,3,3,0.0,1.3333333333333333,0.3333333333333333,284.9816666666666,0.3333333333333333,2.3333333333333335,1005.02,1463.0
536086,F,True,True,usa,miami,OPF,56,Florida,8,3,3,3,0.6666666666666666,1.3333333333333333,0.6666666666666666,605.735,0.0,1.3333333333333333,2385.0299999999997,1564.0
536135,F,False,False,usa,minneapolis,MSP,70,Minnesota,8,0,0,0,,,,,,,,
536212,M,False,False,usa,st. louis,STL,29,Missouri,8,0,0,0,,,,,,,,
536228,F,False,False,usa,orlando,ORL,20,Florida,9,1,0,1,0.0,,,,1.0,8.0,,1376.0
536229,M,False,True,usa,sacramento,MCC,46,California,8,2,1,1,0.5,1.0,0.0,137.36,0.0,14.0,130.49200000000002,2912.0
536313,F,True,True,usa,houston,IAH,30,Texas,8,2,1,2,0.5,1.0,0.0,246.2,0.0,5.0,246.2,5234.4
536387,F,False,False,usa,chicago,ORD,54,Illinois,9,4,3,3,0.5,1.0,0.6666666666666666,1010.8966666666666,0.3333333333333333,3.0,2571.6980000000003,1436.0
536467,F,True,False,usa,chicago,UGN,37,Illinois,8,2,2,2,0.0,1.0,0.5,291.64,0.5,3.5,583.28,1338.0
536469,F,False,False,usa,cleveland,CLE,35,Ohio,8,1,1,1,0.0,1.0,1.0,90.78,0.0,4.0,90.78,928.0
536474,F,False,False,usa,reno,RNO,40,Nevada,9,1,1,1,0.0,1.0,0.0,453.73,0.0,3.0,453.73,810.0
536488,F,False,False,usa,new york,JFK,20,New York,8,0,0,0,,,,,,,,
536489,F,True,False,usa,oklahoma city,TIK,49,Oklahoma,8,6,5,5,0.5,1.2,0.8,269.375,0.0,5.6,1699.719,3267.4
536574,F,True,True,canada,calgary,YYC,54,Alberta,8,4,3,4,0.5,1.0,0.6666666666666666,399.33,0.25,4.5,1123.4340000000002,3392.0
536594,F,False,False,usa,mobile,BFM,71,Alabama,9,2,0,2,0.0,,,,0.0,7.0,,3619.0
536604,F,False,False,usa,cleveland,CLE,54,Ohio,8,2,2,1,0.0,1.0,0.5,349.45,0.0,1.0,698.9,238.0
536622,F,False,False,usa,chicago,ORD,51,Illinois,8,4,4,3,0.0,1.0,0.5,276.98,0.6666666666666666,2.6666666666666665,1107.92,1013.0
536651,F,False,False,usa,long beach,LGB,39,California,8,3,3,3,1.0,1.3333333333333333,1.0,684.465,0.3333333333333333,1.0,2630.105,1116.1
536656,F,False,True,usa,houston,IAH,43,Texas,9,3,3,3,0.3333333333333333,1.3333333333333333,0.3333333333333333,294.23333333333335,0.0,1.6666666666666667,1256.514,1574.0
536672,F,False,True,usa,boston,BOS,36,Massachusetts,8,5,5,4,0.2,1.2,0.0,939.316,0.0,2.75,4988.416,2132.0
536763,F,True,False,usa,new york,LGA,43,New York,8,2,2,1,0.0,1.0,0.5,432.78499999999997,0.0,2.0,865.5699999999999,222.0
536764,F,True,False,canada,montreal,YUL,56,Quebec,8,5,5,4,0.0,1.0,0.8,147.416,0.0,2.5,737.08,2575.0
536782,F,True,True,canada,windsor,YQG,48,Ontario,8,4,4,4,0.25,1.0,0.5,251.2475,0.25,2.75,958.9250000000001,1381.0
536843,F,True,False,canada,vancouver,YVR,48,British Columbia,8,4,3,4,0.0,1.0,0.6666666666666666,378.34999999999997,0.5,2.0,1135.05,3136.0
536951,F,False,False,canada,quebec,YQB,44,Quebec,8,5,5,5,0.0,1.0,0.6,299.364,0.4,2.2,1496.82,1056.0
536964,F,False,True,usa,jacksonville,NIP,37,Florida,8,1,1,1,0.0,1.0,0.0,538.01,0.0,1.0,538.01,81.0
536995,F,False,False,canada,london,YXU,34,Ontario,8,2,2,2,0.0,1.0,0.5,622.7950000000001,0.0,6.0,1245.5900000000001,1974.0
537038,F,True,True,usa,san jose,SJC,53,California,9,1,1,1,0.0,1.0,0.0,361.08,0.0,2.0,361.08,104.0
537121,F,True,False,usa,san diego,SAN,57,California,8,1,1,0,1.0,1.0,1.0,586.88,,,586.88,
537123,F,False,False,usa,detroit,DET,47,Michigan,8,3,3,3,0.0,1.0,1.0,274.71333333333337,0.3333333333333333,9.333333333333334,824.1400000000001,11974.0
537212,F,False,True,usa,san antonio,SAT,24,Texas,8,2,1,2,0.5,1.0,0.0,212.03,0.5,4.0,212.03,429.45
537227,F,False,True,usa,montgomery,MXF,33,Alabama,8,1,1,1,0.0,1.0,0.0,85.23,0.0,1.0,85.23,131.0
537289,F,True,True,usa,el paso,ELP,51,Texas,8,4,3,4,0.0,1.6666666666666667,0.0,379.57666666666665,0.5,2.75,2111.3199999999997,2277.0
537412,M,True,False,usa,new york,JFK,55,New York,8,4,3,4,0.25,1.0,0.3333333333333333,704.68,0.0,5.75,2077.393,2727.0
537413,F,True,False,canada,montreal,YMX,50,Quebec,9,3,3,1,0.3333333333333333,1.0,0.6666666666666666,498.0733333333333,0.0,2.0,1494.22,340.0
537414,F,True,False,canada,ottawa,YOW,41,Ontario,8,3,3,3,0.0,2.0,0.3333333333333333,192.63,0.0,1.6666666666666667,854.73,2517.0
537580,F,False,False,usa,portland,PDX,20,Oregon,8,4,2,4,0.5,1.0,0.5,212.16000000000003,0.25,5.75,424.32000000000005,5628.6
537586,F,False,True,usa,tallahassee,TLH,49,Florida,8,3,3,3,0.3333333333333333,1.3333333333333333,0.0,199.82666666666668,0.0,2.3333333333333335,861.77,1087.6
537659,F,False,True,usa,long beach,LGB,29,California,8,1,0,1,0.0,,,,0.0,2.0,,286.0
537676,F,True,False,usa,birmingham,BHM,51,Alabama,8,4,3,3,0.25,1.0,0.6666666666666666,348.81666666666666,0.3333333333333333,3.6666666666666665,900.443,2326.0
537688,F,False,False,usa,rochester,ROC,62,New York,8,1,1,1,0.0,1.0,1.0,361.49,1.0,1.0,361.49,197.0
537776,F,False,False,usa,houston,EFD,37,Texas,8,2,0,2,0.5,,,,1.0,9.0,,2768.0
537834,F,False,False,usa,little rock,LIT,40,Arkansas,8,2,2,2,0.5,1.0,0.5,232.60500000000002,0.5,1.0,415.14750000000004,402.0
537860,F,False,False,usa,des moines,DSM,30,Iowa,8,1,1,1,0.0,1.0,0.0,246.76,1.0,5.0,246.76,190.0
537904,F,False,True,canada,toronto,YZD,35,,8,5,4,5,0.2,1.0,1.0,121.36,0.2,2.0,469.0,4538.0
537922,F,True,False,canada,montreal,YUL,56,Quebec,8,3,2,3,0.3333333333333333,1.0,1.0,387.28,0.6666666666666666,6.666666666666667,774.56,2486.0
537926,F,True,False,canada,ottawa,YOW,73,Ontario,8,2,0,2,0.0,,,,0.5,6.5,,2926.0
538084,M,False,False,usa,denver,DEN,58,Colorado,8,5,4,5,0.0,1.25,0.0,293.86375,0.4,3.0,1413.12,4065.0
538112,F,True,False,usa,new york,LGA,53,New York,9,2,2,2,0.5,1.0,0.5,286.875,0.5,3.5,555.386,1014.0
538131,O,False,True,usa,kansas city,MCI,52,Missouri,8,2,2,2,0.0,1.0,0.0,289.815,0.5,1.5,579.63,592.0
538147,F,True,True,usa,los angeles,LAX,53,California,8,3,3,2,0.0,1.0,0.3333333333333333,445.2,0.0,3.5,1335.6,2481.0
538260,F,False,False,usa,louisville,LOU,52,Kentucky,8,3,2,3,0.3333333333333333,1.5,1.0,316.2875,0.3333333333333333,4.666666666666667,1087.01,3897.0
538270,F,False,False,usa,fort worth,FTW,36,Texas,9,2,2,2,0.0,1.0,0.5,222.42000000000002,0.0,1.0,444.84000000000003,289.0
538274,F,True,False,usa,boston,BOS,62,Massachusetts,8,1,1,1,0.0,1.0,0.0,129.12,0.0,5.0,129.12,325.0
538279,O,False,False,usa,dallas,DAL,51,Texas,9,3,3,3,0.3333333333333333,2.0,0.6666666666666666,380.9741666666667,0.3333333333333333,3.0,2387.93,2390.65
538319,F,False,False,usa,los angeles,LAX,40,California,8,3,3,3,0.3333333333333333,1.3333333333333333,1.0,676.0683333333333,0.3333333333333333,2.3333333333333335,2741.704,1886.4
538349,F,True,False,usa,birmingham,BHM,58,Alabama,8,5,4,4,0.2,1.0,0.5,304.0225,0.0,5.5,1216.09,1903.7
538350,F,False,True,usa,lincoln,LNK,38,Nebraska,8,1,1,1,0.0,1.0,0.0,154.16,0.0,3.0,154.16,528.0
538432,F,True,False,usa,fort worth,FTW,51,Texas,8,4,4,4,0.0,1.25,0.75,262.65875,0.25,2.25,1264.25,1256.0
538438,F,False,False,usa,milwaukee,MKE,51,Wisconsin,8,3,3,3,0.3333333333333333,1.0,0.3333333333333333,215.4366666666667,0.3333333333333333,1.6666666666666667,626.22,375.0
538441,F,True,False,canada,montreal,YHU,43,Quebec,8,2,1,2,0.0,1.0,0.0,210.32,0.5,3.0,210.32,1622.0
538458,F,True,True,usa,cincinnati,LUK,54,Ohio,8,4,4,3,0.25,1.25,0.25,370.85875,0.0,2.6666666666666665,2069.3605,1213.0
538463,F,False,True,usa,jacksonville,JAX,24,Florida,8,0,0,0,,,,,,,,
538511,F,False,True,usa,dallas,DAL,25,Texas,8,0,0,0,,,,,,,,
538529,F,False,False,usa,philadelphia,PHL,43,Pennsylvania,8,3,3,3,0.3333333333333333,1.0,1.6666666666666667,249.94666666666663,0.3333333333333333,2.0,645.5659999999999,922.0
538538,F,True,False,usa,spokane,SKA,54,Washington,8,3,3,3,0.3333333333333333,1.3333333333333333,0.6666666666666666,558.3366666666667,0.3333333333333333,2.6666666666666665,2134.5375000000004,1108.0
538608,F,False,True,usa,riverside,RAL,44,California,8,4,4,4,0.25,1.25,0.75,368.24,0.5,2.5,1805.2235,1351.0
538666,M,True,False,usa,new york,LGA,35,New York,8,2,2,1,0.5,1.0,0.5,74.94,0.0,1.0,149.88,109.0
538680,F,True,False,usa,tulsa,TUL,43,Oklahoma,8,3,3,2,0.3333333333333333,1.0,1.0,250.77666666666667,0.0,1.0,662.4525,217.0
538788,F,False,False,usa,st. louis,STL,29,Missouri,8,2,2,2,0.5,1.0,1.0,399.04,0.5,1.5,798.08,540.4
538944,F,True,False,usa,houston,HOU,54,Texas,8,5,5,4,0.2,1.0,0.8,386.92199999999997,0.25,3.0,1919.1274999999998,2617.0
538976,F,False,False,usa,phoenix,PHX,51,Arizona,8,5,3,5,0.0,1.0,0.6666666666666666,564.3366666666667,0.4,2.4,1693.0100000000002,2074.0
539135,M,False,False,usa,indianapolis,IND,59,Gujarat,8,5,5,4,0.4,1.2,0.2,250.05,0.5,2.0,1405.2,1424.4
539209,M,True,False,usa,houston,IAH,51,Texas,8,4,4,3,0.5,1.25,1.0,408.44,0.6666666666666666,2.3333333333333335,1825.2404999999999,1572.7
539221,F,True,True,usa,new york,JFK,56,New York,8,6,3,6,0.16666666666666666,1.0,0.6666666666666666,442.92,0.3333333333333333,2.8333333333333335,1328.76,10327.0
539267,F,True,False,usa,philadelphia,PHL,44,Pennsylvania,8,2,2,2,0.0,2.0,0.5,265.355,0.0,1.0,587.75,351.0
539283,F,True,False,usa,las vegas,LSV,55,Nevada,8,2,1,2,0.0,1.0,0.0,240.17,0.5,3.0,240.17,1338.0
539304,F,False,False,usa,san jose,SJC,20,California,8,2,0,2,0.5,,,,0.0,3.5,,2232.0
539307,F,False,True,usa,new york,LGA,40,New York,8,0,0,0,,,,,,,,
539320,F,False,False,usa,birmingham,BHM,43,Alabama,9,5,3,5,0.2,1.0,0.3333333333333333,310.64,0.4,3.0,831.38,4100.0
539337,F,False,True,usa,los angeles,LAX,31,California,8,3,3,1,0.0,1.0,0.6666666666666666,340.81333333333333,1.0,3.0,1022.44,3015.0
539338,F,False,False,usa,new york,LGA,40,New York,8,3,3,2,0.0,1.0,0.3333333333333333,492.54333333333335,0.0,2.5,1477.63,687.0
539426,F,True,False,canada,toronto,YKZ,71,Ontario,9,3,2,3,0.0,1.0,0.5,320.19,0.6666666666666666,5.333333333333333,640.38,3062.0
539453,F,False,True,usa,philadelphia,PNE,21,Pennsylvania,8,1,0,1,1.0,,,,0.0,8.0,,1024.0
539460,M,False,False,canada,toronto,YTZ,51,Ontario,8,3,3,3,0.0,1.0,1.0,306.56,0.6666666666666666,1.0,919.68,358.0
539542,F,False,False,usa,san antonio,SKF,84,Texas,8,2,1,1,0.0,1.0,0.0,2252.99,1.0,11.0,2252.99,6996.0
539625,F,True,False,usa,winston-salem,INT,49,North Carolina,8,2,2,2,0.0,1.0,0.5,330.63,0.0,1.5,661.26,442.0
539627,F,False,False,usa,new york,JFK,53,New York,8,2,2,2,0.5,1.0,0.0,250.42,0.0,1.5,453.346,474.0
539648,F,False,False,usa,new york,LGA,46,New York,8,4,3,4,0.25,1.0,1.0,289.52333333333337,0.0,3.0,868.57,1880.0
539710,F,False,False,usa,los angeles,LAX,54,California,8,4,4,4,0.25,1.0,0.25,398.61249999999995,0.5,6.5,1594.4499999999998,22610.4
539729,F,False,False,usa,new orleans,MSY,37,Louisiana,8,1,1,1,0.0,2.0,0.0,339.485,0.0,8.0,678.97,1520.0
539782,F,True,False,usa,phoenix,LUF,40,Arizona,9,1,1,0,0.0,1.0,1.0,93.97,,,93.97,
539794,M,True,True,usa,new york,LGA,45,New York,8,4,4,4,0.25,1.0,0.5,397.145,0.5,3.75,1256.84,3235.0
539855,F,False,False,usa,chicago,MDW,44,Illinois,8,2,2,2,0.0,1.0,0.5,383.48,0.5,3.0,766.96,831.0
539864,F,False,False,usa,little rock,LIT,49,Arkansas,8,4,3,3,0.25,1.0,0.3333333333333333,267.97,0.0,5.0,756.588,4508.0
539866,F,True,False,usa,chicago,MDW,26,Illinois,8,0,0,0,,,,,,,,
539868,F,False,True,canada,victoria,YYJ,39,British Columbia,8,3,3,2,0.3333333333333333,1.0,0.3333333333333333,530.9566666666666,0.5,1.0,1592.87,780.0
539883,F,False,False,usa,new york,JFK,49,New York,9,5,4,4,0.2,1.0,1.25,139.6,0.0,2.75,556.005,1873.0
539888,F,False,False,usa,philadelphia,PNE,27,Pennsylvania,8,1,0,1,0.0,,,,0.0,7.0,,1288.0
539912,F,True,False,usa,fresno,FAT,58,California,9,5,5,4,0.2,1.2,0.4,468.63,0.0,4.25,2856.09,2160.0
539916,F,False,False,usa,jacksonville,LRF,41,Arkansas,8,3,2,2,0.6666666666666666,1.5,0.5,426.35749999999996,0.5,9.5,1314.347,1848.0
539919,F,True,False,canada,vancouver,YVR,83,British Columbia,8,2,0,2,0.0,,,,0.0,6.0,,2262.0
539953,M,True,True,usa,new york,LGA,38,New York,8,2,2,2,0.0,1.0,0.0,296.695,0.0,2.5,593.39,920.0
540029,F,True,True,usa,columbus,LCK,66,Ohio,8,2,2,2,0.5,3.0,1.5,895.9883333333333,0.5,5.0,5246.348,2820.0
540043,M,False,False,usa,austin,AUS,34,Texas,8,0,0,0,,,,,,,,
540138,M,True,True,usa,miami,TNT,50,Florida,9,1,0,1,1.0,,,,1.0,6.0,,988.2
540147,M,False,True,usa,el paso,ELP,45,Texas,8,5,5,5,0.2,1.8,0.8,357.2685,0.4,1.4,2766.426,3682.4
540180,F,True,False,usa,los angeles,LAX,55,California,8,5,5,4,0.6,1.0,0.6,521.948,0.0,5.5,2513.8885,4269.0
540199,F,False,False,usa,shreveport,SHV,55,Louisiana,10,3,3,3,0.6666666666666666,1.3333333333333333,0.3333333333333333,426.68666666666667,1.0,2.3333333333333335,1713.38,798.8
540244,F,False,False,canada,montreal,YMX,40,Quebec,8,4,4,3,0.25,1.0,1.0,424.375,0.3333333333333333,2.0,1697.5,1027.6
540302,F,True,False,usa,louisville,LOU,58,Kentucky,10,5,4,4,0.8,1.75,0.75,313.6825,0.5,2.75,1796.8715,2155.85
540306,F,False,False,canada,toronto,YTZ,32,Ontario,8,3,3,3,0.3333333333333333,1.0,1.0,353.8,1.0,2.0,1061.4,961.5
540319,F,True,True,usa,anchorage,MRI,54,Alaska,8,3,3,1,0.0,1.0,0.6666666666666666,996.8133333333334,0.0,1.0,2990.44,73.0
540347,F,False,True,usa,san antonio,SKF,29,Texas,8,6,6,6,0.3333333333333333,1.0,0.3333333333333333,367.465,0.16666666666666666,1.6666666666666667,2204.79,2238.05
540348,F,True,True,usa,philadelphia,PHL,40,Pennsylvania,8,2,2,2,1.0,1.0,0.5,472.44,0.5,2.5,865.4099999999999,359.0
540413,F,False,False,usa,nashville,BNA,33,Tennessee,8,2,2,2,0.0,1.0,0.0,345.855,0.0,2.0,691.71,402.0
540455,F,False,False,usa,los angeles,LAX,36,California,8,2,2,2,0.5,1.0,1.0,400.12,0.5,4.0,800.24,1366.2
540502,F,True,False,usa,denver,DEN,41,Colorado,8,4,3,4,0.0,1.0,0.3333333333333333,277.7966666666667,0.0,4.75,833.39,2377.0
540527,F,False,False,usa,san diego,SAN,45,California,8,4,4,4,0.5,1.0,0.25,236.3625,0.0,2.0,925.2950000000001,1017.0
540557,M,True,True,usa,detroit,DTW,55,Michigan,8,4,3,4,0.5,1.3333333333333333,0.6666666666666666,238.03666666666666,0.5,3.5,1022.4319999999999,1206.2
540580,F,True,True,usa,san antonio,SAT,48,Texas,8,4,3,3,0.0,1.0,0.6666666666666666,288.19,0.3333333333333333,2.3333333333333335,864.57,1410.0
540605,F,False,False,usa,los angeles,LAX,25,California,8,1,1,1,1.0,1.0,0.0,624.83,0.0,7.0,562.3470000000001,977.55
540614,F,False,False,usa,new york,JFK,34,New York,8,3,3,3,0.6666666666666666,1.3333333333333333,0.3333333333333333,639.0749999999999,0.0,2.0,2385.21,1245.2
540622,F,False,False,usa,chicago,ORD,49,Illinois,8,3,3,3,0.3333333333333333,1.0,0.3333333333333333,284.51,0.0,5.333333333333333,847.9195,2750.0
540652,F,True,True,usa,boston,BOS,58,Massachusetts,8,0,0,0,,,,,,,,
540653,F,True,True,canada,london,YXU,43,Ontario,8,1,0,1,1.0,,,,1.0,5.0,,1385.0
540654,F,False,True,usa,san antonio,SKF,52,Texas,8,4,4,4,0.0,1.5,0.5,322.98833333333334,0.5,2.75,1884.82,2440.0
540656,F,True,False,canada,calgary,YYC,42,Alberta,9,6,5,6,0.16666666666666666,1.4,0.4,483.201,0.16666666666666666,3.3333333333333335,3450.85,4344.6
540664,F,True,True,canada,windsor,YQG,36,Ontario,8,2,2,1,0.0,1.0,0.5,401.26,0.0,3.0,802.52,705.0
540718,F,True,False,usa,los angeles,LAX,43,California,8,3,2,2,0.0,1.0,0.5,455.80999999999995,0.0,8.0,911.6199999999999,2408.0
540777,F,True,False,usa,new york,LGA,69,New York,10,1,0,1,1.0,,,,0.0,28.0,,2822.4
540837,F,True,True,canada,toronto,YZD,52,,8,1,1,1,0.0,1.0,0.0,265.08,0.0,1.0,265.08,106.0
540857,F,True,False,usa,lubbock,LBB,39,Texas,8,0,0,0,,,,,,,,
540863,F,True,True,usa,los angeles,LAX,49,California,9,2,1,1,0.0,6.0,5.0,104.18333333333334,0.0,8.0,625.1,1880.0
540924,F,False,False,canada,ottawa,YOW,50,Ontario,8,3,0,3,0.6666666666666666,,,,0.3333333333333333,9.333333333333334,,4157.0
541001,F,False,True,canada,victoria,YYJ,43,British Columbia,8,2,2,1,0.0,1.0,0.5,638.6949999999999,0.0,2.0,1277.3899999999999,282.0
541034,F,False,False,usa,san antonio,SAT,20,Texas,8,1,0,1,1.0,,,,0.0,5.0,,1021.5
541040,F,False,False,usa,los angeles,LAX,30,California,9,2,1,2,0.5,1.0,1.0,734.91,0.5,4.0,734.91,1133.0
541041,F,False,False,canada,montreal,YMX,21,Quebec,9,1,1,1,0.0,1.0,0.0,124.73,0.0,5.0,124.73,1650.0
541061,F,False,True,usa,milwaukee,MKE,41,Wisconsin,8,2,1,1,1.0,1.0,1.0,187.73,0.0,2.0,178.34349999999998,1544.0
541084,F,False,False,usa,memphis,MEM,54,Tennessee,9,5,2,5,0.4,1.0,0.5,201.68,0.2,5.8,403.36,5399.4
541150,F,False,False,usa,akron,AKR,36,Ondo,9,3,2,3,0.0,1.0,1.0,338.195,0.0,5.666666666666667,676.39,2731.0
541162,M,False,True,usa,houston,IAH,46,Texas,9,4,4,3,0.0,1.0,0.5,275.05,0.3333333333333333,1.3333333333333333,1100.2,843.0
541168,F,True,False,usa,los angeles,LAX,41,California,8,6,5,4,0.16666666666666666,1.0,0.6,390.186,0.0,3.25,1756.0259999999998,2033.0
541176,F,False,True,usa,new york,LGA,42,New York,8,3,3,3,0.6666666666666666,1.0,0.6666666666666666,259.17,0.6666666666666666,2.0,768.302,1107.3
541216,F,False,False,usa,charlotte,CLT,28,North Carolina,9,1,1,1,1.0,1.0,0.0,596.5,1.0,2.0,507.025,258.0
541235,F,True,False,usa,san diego,SAN,51,California,8,5,5,5,0.4,1.6,0.4,579.356,0.6,2.6,5023.63,1735.9
541240,F,True,False,usa,lincoln,LNK,29,Nebraska,8,2,1,2,0.5,1.0,0.0,341.2,0.5,2.5,341.2,588.8
541259,F,False,False,canada,edmonton,YXD,47,,8,5,4,3,0.2,1.25,0.25,398.1325,0.0,3.6666666666666665,1825.29,2568.8
541262,F,True,True,canada,calgary,YYC,40,Alberta,9,3,3,3,0.3333333333333333,1.0,1.0,376.81333333333333,0.0,1.6666666666666667,1063.7925,912.4000000000001
541289,F,True,False,usa,orlando,ORL,47,Florida,8,4,4,4,0.5,1.25,0.5,362.70125,0.5,5.75,1656.564,2704.8
541326,F,True,False,canada,london,YXU,47,Ontario,9,2,2,1,0.5,1.0,0.0,303.01,0.0,7.0,554.804,413.0
541382,F,True,True,usa,new york,JFK,42,New York,10,5,5,5,0.2,1.0,0.4,315.13,0.0,2.6,1575.6499999999999,1468.6
541389,F,False,False,usa,detroit,YIP,31,Michigan,9,5,5,3,0.0,1.0,0.8,421.004,0.3333333333333333,3.6666666666666665,2105.02,1068.0
541454,F,False,True,usa,boston,BOS,58,Massachusetts,8,5,5,5,0.2,1.2,1.2,456.187,0.2,3.6,2420.469,3320.0
541505,F,False,False,usa,los angeles,LAX,45,California,8,3,3,3,0.3333333333333333,1.0,0.6666666666666666,292.00333333333333,0.3333333333333333,2.3333333333333335,849.091,997.0
541540,M,True,True,usa,san diego,NZY,54,California,8,4,4,3,0.25,1.5,0.75,210.95666666666665,0.3333333333333333,5.0,1164.219,2961.0
541649,F,False,False,usa,houston,HOU,40,Texas,8,6,6,6,0.5,1.3333333333333333,0.3333333333333333,346.8672222222222,0.0,1.3333333333333333,2810.7345,2182.6
541672,F,True,False,usa,austin,AUS,46,Texas,9,4,4,4,0.0,1.25,0.5,460.59250000000003,0.25,2.5,2287.48,2035.0
541699,F,True,False,usa,modesto,MOD,49,California,10,6,5,3,0.3333333333333333,1.4,0.0,450.28933333333333,0.0,7.333333333333333,3331.9,10211.3
541734,F,False,False,usa,los angeles,LAX,41,California,8,3,3,3,0.6666666666666666,1.0,1.0,583.9266666666666,0.3333333333333333,2.0,1751.78,822.8
541752,F,False,False,usa,charlotte,CLT,41,North Carolina,8,4,4,4,0.0,1.0,0.5,130.3475,0.5,6.0,521.39,2275.0
541764,F,True,False,usa,baton rouge,BTR,49,Louisiana,8,3,2,3,0.3333333333333333,1.5,0.5,231.53,0.0,4.666666666666667,527.374,1743.0
541878,F,True,False,usa,milwaukee,MKE,29,Wisconsin,8,2,1,2,0.0,1.0,1.0,214.92,0.5,4.5,214.92,3099.0
541921,F,False,False,usa,san antonio,SAT,57,Texas,8,2,1,2,0.0,3.0,0.0,479.10999999999996,0.5,2.0,1437.33,1254.0
541923,F,False,False,usa,oakland,OAK,50,California,8,3,2,3,0.6666666666666666,1.0,0.0,407.945,0.0,6.0,780.1825,3580.8
541980,F,True,False,usa,jacksonville,NIP,66,Florida,8,1,1,1,1.0,1.0,0.0,258.87,0.0,3.0,258.87,763.8
541988,F,False,False,usa,newport news,PHF,20,Virginia,9,0,0,0,,,,,,,,
541998,F,False,False,canada,ottawa,YOW,44,Ontario,8,3,3,3,0.0,1.0,0.6666666666666666,88.51333333333334,0.0,3.0,265.54,1004.0
541999,F,True,False,usa,denver,DEN,75,Colorado,9,2,0,2,0.5,,,,0.0,16.5,,5241.0
542012,F,False,False,usa,nashville,BNA,48,Tennessee,8,3,3,3,0.3333333333333333,1.0,1.0,336.65000000000003,0.6666666666666666,2.3333333333333335,995.2195,1655.0
542059,F,True,False,canada,calgary,YYC,53,Alberta,8,3,3,2,0.3333333333333333,1.0,0.3333333333333333,538.5666666666667,0.0,1.5,1475.5819999999999,195.0
542065,M,True,False,canada,toronto,YZD,50,,8,1,1,1,1.0,1.0,0.0,647.66,0.0,3.0,582.894,723.6
542080,F,False,False,usa,lubbock,LBB,59,Texas,8,3,3,3,0.6666666666666666,1.0,0.3333333333333333,298.8,0.0,4.666666666666667,882.1980000000001,2367.4
542142,M,True,True,usa,long beach,LGB,46,California,9,5,4,4,0.2,1.5,1.0,826.475,0.25,6.75,7429.365,9519.0
542194,F,True,True,usa,el paso,ELP,39,Texas,8,3,3,1,0.0,1.6666666666666667,0.3333333333333333,261.52333333333337,0.0,2.0,1294.83,210.0
542196,F,True,False,usa,burlington,BTV,61,Vermont,8,2,1,1,0.5,1.0,1.0,51.18,1.0,12.0,46.062,1536.0
542208,F,True,True,usa,san diego,SAN,41,California,8,5,5,5,0.2,1.2,0.4,513.3979999999999,0.0,4.0,2799.341,2864.0
542254,F,True,False,usa,montgomery,MXF,46,Alabama,8,2,2,2,0.0,1.0,1.0,498.61,0.5,3.5,997.22,841.0
542270,F,False,False,usa,tulsa,TUL,45,Oklahoma,9,3,2,3,0.3333333333333333,2.0,0.5,301.30333333333334,0.3333333333333333,2.6666666666666665,899.633,2058.0
542282,F,False,False,usa,san jose,SJC,50,California,8,4,4,4,0.5,1.25,0.5,330.53249999999997,0.25,1.0,1444.94,1033.6
542316,F,False,False,usa,phoenix,LUF,25,Arizona,8,2,0,2,0.0,,,,0.0,13.0,,1662.0
542326,F,True,True,canada,quebec,YQB,39,Quebec,8,3,3,3,0.0,1.0,0.0,301.70666666666665,0.3333333333333333,1.6666666666666667,905.12,962.0
542334,F,True,True,canada,gatineau,YND,57,Quebec,8,2,1,2,0.5,1.0,1.0,644.53,0.5,4.5,644.53,8543.0
542358,M,True,False,usa,columbus,CMH,40,Ohio,8,3,2,3,0.0,1.0,0.0,369.395,0.3333333333333333,6.333333333333333,738.79,4335.0
542451,F,True,False,usa,new york,LGA,38,New York,9,2,2,2,0.0,1.0,1.0,525.34,0.0,1.0,1050.68,380.0
542471,F,True,True,usa,san francisco,SFO,43,California,8,4,4,3,0.5,1.0,0.5,495.535,0.6666666666666666,5.666666666666667,1982.14,3440.9500000000003
542482,F,True,False,usa,san diego,SAN,59,California,8,1,1,0,1.0,1.0,1.0,333.46,,,333.46,
542638,F,True,True,usa,chicago,ORD,21,Illinois,8,0,0,0,,,,,,,,
542657,M,True,False,usa,new york,LGA,44,New York,8,4,4,3,0.75,1.75,0.5,420.305,0.3333333333333333,1.0,2612.415,417.0
542663,F,False,True,usa,las vegas,LAS,34,Nevada,8,5,5,5,0.2,1.0,0.4,458.36199999999997,0.0,2.4,2291.81,2240.6
542752,F,True,False,usa,san diego,NZY,45,California,9,3,3,3,0.3333333333333333,1.3333333333333333,0.6666666666666666,343.5683333333333,0.3333333333333333,1.6666666666666667,1482.1405,959.0
542760,F,False,False,usa,los angeles,LAX,40,California,8,5,4,5,0.0,1.25,0.0,271.83750000000003,0.0,3.6,1159.1200000000001,8010.0
542795,F,True,True,canada,gatineau,YND,51,Quebec,8,4,4,4,0.25,1.0,0.25,158.21,0.0,2.0,626.384,1037.0
542805,F,False,False,usa,new york,JFK,35,New York,8,4,4,4,0.25,1.0,1.0,376.39,0.0,2.75,1457.848,1846.0
542812,F,False,False,usa,new york,JFK,27,New York,9,1,0,1,1.0,,,,0.0,8.0,,908.8000000000001
542815,F,False,False,usa,riverside,RIV,19,California,8,0,0,0,,,,,,,,
542843,F,True,True,usa,mobile,BFM,57,Alabama,8,2,2,2,0.0,2.0,1.5,302.185,0.5,5.0,1194.03,5118.0
542874,F,True,False,usa,milwaukee,MKE,86,Wisconsin,8,0,0,0,,,,,,,,
542914,F,False,False,usa,seattle,BFI,40,Washington,8,3,2,2,0.0,1.0,0.5,668.39,0.0,11.0,1336.78,4224.0
542918,F,True,True,canada,toronto,YYZ,38,Ontario,8,4,4,3,0.25,2.0,1.5,648.8855,0.3333333333333333,4.0,10814.256,1916.0
542965,F,False,False,canada,quebec,YQB,26,Quebec,9,1,0,1,0.0,,,,0.0,3.0,,330.0
542976,F,True,True,usa,san diego,NZY,46,California,8,3,2,3,0.6666666666666666,1.0,1.0,546.69,0.3333333333333333,3.3333333333333335,1093.38,1328.1999999999998
543038,F,False,False,usa,memphis,MEM,50,Tennessee,8,3,3,3,0.0,1.0,0.0,293.75333333333333,1.0,2.0,881.26,652.0
543222,F,True,False,usa,bakersfield,BFL,41,California,8,2,2,1,0.0,1.5,1.0,337.56,0.0,5.0,1097.75,260.0
543237,F,True,False,usa,denver,DEN,66,Colorado,8,3,3,2,0.3333333333333333,1.3333333333333333,1.0,314.58666666666664,0.0,5.0,1052.126,1590.0
543273,F,True,True,usa,omaha,OFF,48,Nebraska,9,5,3,5,0.0,1.0,0.3333333333333333,251.67999999999998,0.0,8.6,755.04,20292.0
543306,F,False,True,usa,houston,IAH,40,Texas,8,3,2,2,0.3333333333333333,1.0,1.0,350.34000000000003,0.0,4.0,700.6800000000001,1273.2
543352,F,False,False,usa,wichita,ICT,47,Kansas,8,4,3,3,0.25,1.0,0.6666666666666666,220.32666666666668,1.0,2.0,610.84,2521.0
543497,F,True,False,canada,montreal,YMX,53,Quebec,8,5,5,4,0.4,1.4,0.4,283.931,0.25,2.25,2175.126,1618.0
543620,F,False,False,usa,modesto,MOD,39,California,8,0,0,0,,,,,,,,
543660,F,False,False,canada,toronto,YZD,22,,8,2,1,1,1.0,2.0,1.0,372.15,0.0,13.0,744.3,3757.0
543666,F,True,False,usa,houston,IAH,39,Texas,8,4,4,4,0.0,1.25,0.0,335.11875,0.25,1.75,1550.18,1799.0
543668,F,False,False,canada,hamilton,YHM,36,Ontario,9,5,5,5,0.4,1.2,0.4,337.098,0.6,2.4,2282.7400000000002,1598.6
543694,F,True,False,usa,houston,EFD,61,Texas,8,1,1,1,0.0,1.0,0.0,417.86,0.0,1.0,417.86,120.0
543696,F,False,False,canada,toronto,YYZ,20,Ontario,8,0,0,0,,,,,,,,
543713,M,False,True,usa,omaha,OFF,37,Nebraska,8,3,2,3,0.3333333333333333,1.0,0.0,297.17,0.3333333333333333,6.333333333333333,583.088,3847.0
543723,F,False,False,usa,new york,LGA,60,New York,8,0,0,0,,,,,,,,
543728,F,False,False,usa,seattle,SEA,45,Washington,8,5,5,5,0.2,1.0,0.4,550.12,0.2,3.2,2715.8345,1938.0
543816,F,False,False,usa,portland,PWM,26,Maine,8,0,0,0,,,,,,,,
543817,F,False,False,usa,san antonio,RND,20,Texas,8,1,1,1,0.0,1.0,0.0,510.3,0.0,1.0,510.3,112.0
543826,F,False,False,canada,gatineau,YND,41,Quebec,8,3,2,3,0.6666666666666666,1.0,0.5,193.14,0.0,4.333333333333333,349.11199999999997,1659.0
543900,F,False,False,usa,colorado springs,COS,41,Colorado,8,2,2,2,0.5,1.0,0.5,450.725,0.0,5.5,901.45,2878.2
543927,F,False,False,usa,new orleans,MSY,39,Louisiana,8,3,3,3,0.3333333333333333,1.3333333333333333,0.3333333333333333,351.57666666666665,0.6666666666666666,3.0,1408.41,1264.0
543937,F,False,False,usa,san francisco,SFO,47,California,8,3,2,3,0.0,1.0,1.0,745.485,0.3333333333333333,3.0,1490.97,2299.0
544002,F,False,True,usa,denver,DEN,46,Colorado,8,3,3,3,0.0,1.0,0.6666666666666666,348.92,0.3333333333333333,1.3333333333333333,1046.76,597.0
544015,F,False,False,usa,tampa,MCF,37,Florida,8,1,1,1,0.0,1.0,1.0,586.17,1.0,3.0,586.17,285.0
544163,F,True,True,usa,new york,LGA,48,New York,8,4,2,4,0.5,1.5,1.0,643.0275,0.25,4.5,1882.7800000000002,6195.0
544207,F,True,False,usa,new york,JFK,56,New York,8,4,3,4,0.0,1.0,1.0,376.50333333333333,0.75,3.0,1129.51,1693.0
544254,F,True,False,usa,phoenix,PHX,51,Arizona,8,4,4,3,0.25,2.0,0.25,489.94208333333336,0.3333333333333333,3.0,3486.058,2810.0
544271,F,True,True,usa,knoxville,TYS,59,Tennessee,9,1,1,1,0.0,1.0,1.0,542.21,0.0,1.0,542.21,129.0
544367,F,False,False,usa,new orleans,NBG,49,Louisiana,8,3,3,2,0.0,1.3333333333333333,0.6666666666666666,282.695,0.5,2.5,1143.81,692.0
544406,F,True,False,usa,bakersfield,BFL,48,California,9,3,3,2,0.3333333333333333,1.0,0.6666666666666666,392.42,0.5,3.0,1080.867,1638.0
544425,F,True,True,usa,winston-salem,INT,36,North Carolina,8,0,0,0,,,,,,,,
544472,F,False,False,usa,oakland,OAK,20,California,8,0,0,0,,,,,,,,
544480,F,True,False,usa,oklahoma city,TIK,30,Oklahoma,9,3,3,3,0.6666666666666666,1.0,0.6666666666666666,340.55,0.3333333333333333,2.0,975.684,583.75
544495,F,True,False,usa,new york,LGA,66,New York,8,2,1,2,0.0,2.0,0.0,712.49,0.5,2.0,1424.98,1238.0
544497,F,False,False,usa,columbus,LCK,19,Ohio,8,1,0,1,0.0,,,,0.0,4.0,,1328.0
544507,M,False,False,usa,orlando,ORL,23,Florida,8,0,0,0,,,,,,,,
544513,F,True,False,usa,new york,LGA,57,New York,8,4,4,3,0.75,1.0,1.0,367.17,0.0,2.3333333333333335,1433.385,961.2
544536,F,False,False,usa,chicago,ORD,39,Illinois,8,1,0,1,0.0,,,,0.0,6.0,,882.0
544549,F,False,False,usa,houston,HOU,42,Texas,8,4,4,4,0.25,1.0,1.0,346.6625,0.0,2.25,1346.939,2610.0
544595,F,False,False,usa,sacramento,MHR,38,California,8,4,4,4,0.5,1.0,0.25,421.1925,0.25,1.5,1570.327,1929.45
544604,M,False,False,usa,lubbock,LBB,54,Texas,8,2,2,1,0.5,1.5,0.5,81.58500000000001,0.0,3.0,221.713,462.0
544640,M,False,False,usa,san antonio,RND,48,Texas,8,5,5,4,0.2,1.0,0.8,290.134,0.25,5.0,1450.67,3411.0
544680,F,False,False,usa,dallas,DAL,46,Texas,8,4,4,4,0.0,1.25,0.5,428.04875,0.25,4.0,2057.16,5156.0
544683,F,True,False,usa,new york,JFK,49,New York,8,4,4,4,0.0,1.0,0.5,372.575,0.25,4.0,1490.3,1540.0
544818,F,False,False,usa,anchorage,ANC,32,Alaska,8,2,2,2,0.5,1.0,1.0,926.23,0.0,1.0,1521.1080000000002,269.0
544839,F,False,False,usa,houston,IAH,47,Texas,8,3,3,2,0.3333333333333333,1.0,0.3333333333333333,332.12333333333333,0.5,1.5,996.37,283.0
544926,F,False,True,usa,colorado springs,COS,41,Colorado,9,3,3,3,0.6666666666666666,1.0,0.0,316.6566666666667,0.6666666666666666,1.3333333333333333,949.97,1015.5
545010,F,False,False,usa,omaha,OFF,59,Nebraska,9,3,3,2,0.0,1.6666666666666667,0.3333333333333333,245.07666666666668,0.0,1.5,1281.92,688.0
545012,F,True,True,usa,oakland,OAK,39,California,8,3,2,3,0.0,2.0,0.5,478.3566666666667,0.0,5.666666666666667,2026.88,2432.0
545070,F,False,True,canada,toronto,YZD,36,,9,3,1,3,0.0,1.0,0.0,543.08,0.6666666666666666,6.666666666666667,543.08,3562.0
545089,F,False,False,usa,louisville,LOU,20,Kentucky,8,0,0,0,,,,,,,,
545109,F,False,False,usa,chicago,ORD,35,Illinois,8,2,2,2,0.0,1.0,0.0,352.99,0.5,5.0,705.98,1062.0
545115,F,True,False,usa,new orleans,NBG,46,Louisiana,8,1,1,1,0.0,1.0,1.0,651.6,0.0,2.0,651.6,762.0
545226,F,True,False,usa,new york,LGA,58,New York,8,3,2,3,0.0,1.0,0.5,200.45999999999998,0.6666666666666666,8.666666666666666,400.91999999999996,1935.0
545247,M,False,True,usa,santa ana,SNA,22,California,8,1,0,1,0.0,,,,0.0,6.0,,4908.0
545249,F,True,True,canada,ottawa,YOW,54,Ontario,8,5,4,4,0.4,1.0,0.5,364.6175,0.25,3.75,1458.47,2667.7
545281,F,False,False,usa,los angeles,LAX,19,California,9,0,0,0,,,,,,,,
545300,F,False,True,usa,detroit,DTW,36,Michigan,8,5,5,5,0.2,1.2,0.4,154.919,0.6,3.6,874.583,3742.9
545344,F,False,True,usa,houston,EFD,25,Texas,9,1,0,1,0.0,,,,0.0,3.0,,930.0
545375,F,False,True,usa,detroit,DET,36,Michigan,8,2,1,2,0.5,2.0,2.0,75.525,0.5,3.5,151.05,736.0
545399,F,False,False,usa,little rock,LIT,55,Arkansas,9,1,1,1,0.0,1.0,1.0,215.58,0.0,7.0,215.58,1386.0
545446,F,True,True,usa,los angeles,LAX,58,California,8,3,2,2,0.0,2.0,0.0,515.9,0.0,9.0,1769.94,1910.0
545510,F,True,False,usa,lubbock,LBB,47,Texas,8,3,2,2,0.6666666666666666,1.5,0.0,298.31,1.0,5.5,925.29,2134.8
545629,F,False,False,usa,st. petersburg,PIE,51,Florida,9,5,5,5,0.0,1.0,0.6,425.28999999999996,0.2,1.2,2126.45,1264.0
545633,M,False,False,usa,columbus,LCK,38,Ohio,8,3,3,3,1.0,1.0,0.3333333333333333,396.69,0.0,3.0,1100.019,691.8
545634,F,False,False,usa,providence,PVD,47,Rhode Island,8,3,3,3,0.3333333333333333,1.3333333333333333,0.0,347.64166666666665,0.3333333333333333,4.333333333333333,1084.581,2106.0
545745,F,True,False,usa,jacksonville,NCA,42,Turks and Caicos Islands,8,2,2,1,0.0,1.0,0.5,586.505,0.0,1.0,1173.01,145.0
545748,F,True,True,canada,victoria,YYJ,53,British Columbia,8,2,2,1,0.0,1.0,1.0,504.99,1.0,5.0,1009.98,1205.0
545755,F,False,False,canada,montreal,YHU,41,Quebec,8,5,4,4,0.4,1.0,0.25,315.8775,0.25,12.25,1214.08,7268.2
545758,M,True,False,canada,edmonton,YED,33,,8,2,2,2,0.5,1.0,0.5,486.41999999999996,0.5,3.0,901.0155,952.0
545763,F,True,False,usa,philadelphia,PNE,77,Pennsylvania,8,1,0,1,1.0,,,,0.0,12.0,,1490.4
545879,F,False,False,usa,new york,LGA,28,New York,8,2,2,2,0.0,1.0,0.0,420.6,0.0,1.5,841.2,645.0
545936,F,False,False,usa,new york,LGA,45,New York,8,3,2,3,0.3333333333333333,1.0,0.0,757.085,0.3333333333333333,3.6666666666666665,1396.495,1583.9
545981,F,False,False,canada,windsor,YQG,39,Ontario,8,5,3,5,0.4,1.3333333333333333,0.3333333333333333,128.04166666666666,0.4,5.4,486.517,4956.0
546008,F,False,False,usa,colorado springs,COS,33,Colorado,8,4,4,4,0.25,1.25,0.25,230.66750000000002,0.25,3.25,935.9975000000001,3934.6
546061,F,False,True,usa,new york,JFK,49,New York,8,4,4,3,0.5,1.0,0.0,547.6325,0.0,1.6666666666666667,2025.3690000000001,676.4
546072,F,False,False,usa,washington,IAD,52,Virginia,8,4,3,4,0.25,1.3333333333333333,0.6666666666666666,341.27,0.0,3.5,1288.74,2905.0
546127,F,True,False,usa,new york,LGA,57,New York,9,4,4,4,0.0,1.0,0.25,390.7675,0.25,4.25,1563.07,1624.0
546130,F,True,True,usa,bakersfield,BFL,52,California,9,2,2,1,0.0,1.0,1.0,658.0,1.0,6.0,1316.0,822.0
546131,F,False,False,usa,new york,JFK,59,New York,8,3,2,3,0.6666666666666666,2.0,1.0,544.4583333333333,0.3333333333333333,6.333333333333333,2457.8199999999997,4823.5
546161,F,False,False,canada,saskatoon,YXE,58,Saskatchewan,8,3,3,3,0.3333333333333333,1.0,0.0,411.78000000000003,0.0,6.333333333333333,1188.442,3514.0
546190,F,True,True,usa,tucson,DMA,52,Arizona,9,3,3,3,0.0,1.0,0.6666666666666666,300.94,0.3333333333333333,3.0,902.8199999999999,3203.0
546256,F,True,True,usa,charlotte,CLT,55,North Carolina,8,5,3,5,0.2,1.3333333333333333,0.0,271.66166666666663,0.4,5.4,1029.3774999999998,8309.0
546282,F,False,False,canada,ottawa,YOW,47,Ontario,10,2,2,2,0.0,1.0,0.0,523.525,1.0,3.0,1047.05,828.0
546334,F,True,False,usa,las vegas,LAS,37,Nevada,8,1,1,1,0.0,1.0,0.0,75.09,0.0,1.0,75.09,138.0
546395,F,True,True,usa,houston,HOU,46,Texas,8,3,3,3,0.3333333333333333,1.0,0.6666666666666666,368.4766666666667,0.0,1.6666666666666667,1048.2800000000002,617.0
546437,F,False,False,usa,jacksonville,JAX,53,Florida,8,5,5,5,0.2,1.0,0.4,278.002,0.2,2.0,1390.01,2974.4
546485,M,True,True,canada,winnipeg,YWG,46,Manitoba,8,4,4,4,0.0,1.0,1.0,340.865,0.25,2.5,1363.46,1624.0
546509,F,False,False,usa,detroit,YIP,51,Michigan,8,3,3,3,0.6666666666666666,1.0,0.3333333333333333,345.00666666666666,0.6666666666666666,2.0,1002.836,853.6
546587,F,True,False,usa,new york,LGA,43,New York,8,4,4,1,0.5,1.5,0.5,482.375,1.0,4.0,2617.58,288.0
546612,F,False,True,usa,san antonio,SAT,28,Texas,8,1,1,1,0.0,1.0,0.0,454.8,0.0,1.0,454.8,560.0
546671,F,True,False,usa,stockton,SCK,42,California,8,1,1,1,0.0,1.0,0.0,468.48,0.0,3.0,468.48,396.0
546679,F,True,False,usa,houston,EFD,37,Texas,8,4,3,3,0.25,1.0,1.0,299.46,0.0,3.6666666666666665,898.38,1085.0
546688,F,False,False,usa,new york,JFK,54,New York,8,2,2,2,0.0,1.0,0.5,500.65000000000003,0.0,4.0,1001.3000000000001,1020.0
546728,F,True,False,canada,montreal,YUL,56,Quebec,8,2,2,2,0.0,1.5,0.5,729.8599999999999,0.5,6.5,2213.13,1553.0
546774,F,True,True,usa,new york,JFK,60,New York,8,3,2,2,0.3333333333333333,1.5,1.0,316.7975,0.0,17.5,687.69,3666.0
546842,F,True,False,usa,los angeles,LAX,48,California,8,1,0,1,1.0,,,,0.0,6.0,,404.7
546847,F,True,False,usa,los angeles,LAX,57,California,9,4,3,4,0.25,1.3333333333333333,1.0,606.1666666666666,0.25,4.5,2490.4265,5695.0
546867,F,False,False,usa,san francisco,SFO,54,California,8,3,3,3,0.6666666666666666,1.3333333333333333,0.6666666666666666,431.1566666666667,0.3333333333333333,3.3333333333333335,1808.49,3512.4
546882,F,False,False,usa,san diego,SAN,27,California,8,2,2,1,0.0,1.0,0.0,1583.71,1.0,16.0,3167.42,7792.0
546884,M,False,False,canada,toronto,YKZ,21,Ontario,8,1,0,1,0.0,,,,0.0,4.0,,564.0
546888,F,False,False,usa,orlando,MCO,31,Florida,8,1,1,1,1.0,2.0,0.0,333.61,0.0,6.0,667.22,4330.8
546937,F,False,False,usa,chicago,UGN,70,Illinois,8,0,0,0,,,,,,,,
546972,F,True,True,usa,los angeles,LAX,52,California,9,3,2,3,0.3333333333333333,1.0,0.5,591.2750000000001,0.3333333333333333,1.6666666666666667,1031.162,1364.0
547006,F,True,False,usa,new york,JFK,75,New York,8,0,0,0,,,,,,,,
547007,F,True,False,usa,new york,JFK,35,New York,8,5,4,5,0.0,1.0,0.25,269.8125,0.0,5.4,1079.25,5127.0
547037,F,False,False,usa,tampa,TPA,36,Florida,8,3,2,3,0.0,1.0,0.0,418.54999999999995,0.3333333333333333,2.6666666666666665,837.0999999999999,1561.0
547070,M,True,False,usa,fayetteville,FYV,53,Arkansas,8,6,5,5,0.5,1.4,0.6,282.65299999999996,0.2,4.0,1709.545,4305.8
547150,F,True,True,usa,los angeles,LAX,46,California,8,2,2,2,0.5,1.0,0.5,481.12,0.0,6.0,962.24,709.3000000000001
547164,F,False,False,canada,montreal,YMX,33,Quebec,8,1,1,1,1.0,1.0,0.0,161.15,0.0,25.0,145.035,3425.0
547180,F,True,True,usa,new york,LGA,48,New York,8,2,1,2,0.5,1.0,0.0,518.55,0.0,2.5,518.55,800.3
547201,F,False,False,usa,los angeles,LAX,28,California,8,1,0,1,0.0,,,,0.0,16.0,,2208.0
547266,F,True,False,canada,winnipeg,YWG,58,Manitoba,8,3,2,3,0.3333333333333333,1.5,1.0,348.46,0.0,2.0,981.9499999999999,981.6
547301,F,False,True,usa,mobile,BFM,35,Alabama,8,2,1,1,0.0,2.0,1.0,167.98,0.0,7.0,335.96,1449.0
547325,F,False,True,usa,oklahoma city,OKC,46,Oklahoma,8,2,2,2,0.0,1.0,1.0,312.985,0.0,2.5,625.97,602.0
547458,F,False,False,canada,gatineau,YND,46,Quebec,8,4,3,3,0.25,1.3333333333333333,0.6666666666666666,362.49500000000006,0.6666666666666666,5.0,1659.35,4814.0
547483,F,False,True,usa,new york,LGA,37,New York,8,2,2,2,0.0,1.0,1.0,270.78,0.0,3.5,541.56,2165.0
547512,F,True,False,canada,calgary,YYC,48,Alberta,8,4,4,4,0.5,1.0,1.0,350.5,0.0,5.25,1367.464,5355.8
547555,F,False,False,usa,san antonio,RND,48,Texas,9,4,4,3,0.0,1.25,1.0,425.90000000000003,0.0,1.3333333333333333,2000.3200000000002,1199.0
547559,F,True,False,usa,washington,IAD,39,Virginia,8,6,6,5,0.5,1.3333333333333333,0.8333333333333334,209.29583333333335,0.2,4.6,1306.9745,4053.0
547594,F,False,False,canada,calgary,YYC,19,Alberta,8,0,0,0,,,,,,,,
547613,F,False,False,usa,phoenix,LUF,42,Arizona,8,4,3,3,0.0,1.0,0.0,493.6133333333333,0.0,4.333333333333333,1480.84,1133.0
547664,F,False,False,canada,winnipeg,YAV,43,,8,4,4,2,0.0,1.25,0.5,301.78125,1.0,1.5,1553.3500000000001,152.0
547776,F,False,False,usa,fort worth,FTW,46,Texas,8,3,3,3,0.6666666666666666,1.3333333333333333,1.0,337.3433333333333,0.0,2.3333333333333335,1229.28,1794.35
547836,F,True,False,usa,los angeles,LAX,50,California,8,3,2,2,0.3333333333333333,1.0,0.0,699.5450000000001,0.0,7.5,1399.0900000000001,2401.0
547862,M,True,True,usa,houston,EFD,49,Texas,8,4,3,4,0.0,1.0,1.0,162.66,0.25,4.75,487.98,3819.0
547878,F,False,False,usa,santa ana,SNA,28,California,8,2,0,2,1.0,,,,0.0,4.0,,2290.0
547938,M,False,True,usa,st. louis,STL,28,Missouri,8,1,1,0,0.0,1.0,0.0,1867.87,,,1867.87,
547951,M,False,False,usa,minneapolis,MSP,53,Minnesota,8,4,4,4,0.5,1.5,0.5,231.43916666666667,0.25,1.5,1510.6019999999999,1130.0
548006,F,False,False,usa,dallas,DAL,39,Texas,8,2,2,2,0.5,1.0,1.5,376.28999999999996,0.5,1.5,673.1685,378.0
548040,F,True,False,usa,portland,PDX,39,Oregon,8,3,3,3,0.0,1.3333333333333333,0.3333333333333333,524.1166666666667,0.0,1.3333333333333333,1841.81,1036.0
548093,F,False,False,usa,charlotte,CLT,24,North Carolina,8,1,0,1,0.0,,,,0.0,6.0,,1188.0
548109,F,False,False,usa,los angeles,LAX,42,California,8,5,5,4,0.2,1.2,0.6,501.03899999999993,0.5,2.0,3285.1099999999997,1324.0
548113,F,False,False,usa,houston,EFD,41,Texas,8,4,4,3,0.25,1.0,0.5,336.8125,0.0,3.6666666666666665,1308.584,928.0
548190,F,True,False,usa,corpus christi,CRP,37,Texas,8,3,2,3,0.3333333333333333,1.0,1.0,432.1,0.3333333333333333,6.0,864.2,3179.75
548222,F,True,True,canada,calgary,YYC,55,Alberta,8,4,3,3,0.5,2.0,1.3333333333333333,689.3608333333333,0.0,5.333333333333333,6155.835999999999,3464.0
548228,F,True,False,canada,calgary,YYC,69,Alberta,8,1,0,1,0.0,,,,0.0,10.0,,1090.0
548230,F,True,False,usa,akron,AKR,61,Ondo,8,3,1,3,0.3333333333333333,1.0,0.0,79.23,0.3333333333333333,6.666666666666667,79.23,5130.25
548307,F,True,True,usa,denver,DEN,53,Colorado,8,2,2,2,0.0,1.0,0.0,370.6,0.5,5.0,741.2,770.0
548310,F,False,False,usa,memphis,MEM,34,Tennessee,8,1,1,1,0.0,2.0,1.0,157.655,0.0,1.0,315.31,298.0
548408,F,False,False,usa,new york,JFK,38,New York,8,5,5,5,0.6,1.4,1.4,347.584,0.6,3.8,1903.616,3701.75
548434,F,True,False,usa,indianapolis,IND,45,Gujarat,9,3,2,2,0.6666666666666666,2.0,0.0,215.54166666666669,0.5,3.5,838.2375,4719.6
548490,F,True,True,usa,el paso,BIF,56,Texas,8,2,2,2,0.5,1.0,0.0,172.04000000000002,0.5,3.5,307.564,1221.0
548504,F,False,False,usa,houston,IAH,40,Texas,8,7,7,5,0.0,1.1428571428571428,0.42857142857142855,346.82428571428574,0.6,2.2,2479.13,2572.0
548560,F,True,True,usa,laredo,LRD,48,Texas,8,1,1,1,0.0,1.0,0.0,446.45,0.0,3.0,446.45,471.0
548568,F,True,True,usa,philadelphia,PHL,58,Pennsylvania,9,4,4,4,0.0,1.75,0.75,309.76,0.0,2.25,1679.59,5628.0
548587,F,False,False,usa,sacramento,SMF,37,California,8,2,2,2,0.0,1.0,0.5,447.84,1.0,4.5,895.68,2105.0
548635,F,True,True,usa,houston,EFD,44,Texas,8,4,4,4,0.0,1.25,0.0,268.125,0.25,1.75,1565.74,1910.0
548653,F,True,True,usa,jacksonville,JAX,45,Florida,8,5,5,5,0.4,1.4,0.4,398.24666666666667,0.2,2.6,3248.7000000000003,4419.65
548672,M,False,False,usa,chicago,ORD,43,Illinois,8,4,4,4,0.25,1.25,0.5,273.5475,0.5,1.25,1293.78,1331.0
548743,F,True,False,canada,winnipeg,YWG,29,Manitoba,9,2,1,2,0.5,1.0,1.0,376.89,0.0,2.0,376.89,477.75
548859,F,True,False,usa,new york,JFK,50,New York,8,3,3,3,0.3333333333333333,1.0,0.6666666666666666,216.06999999999996,0.3333333333333333,3.0,648.2099999999999,2058.7
548967,F,False,False,canada,toronto,YTZ,41,Ontario,9,6,6,6,0.0,1.1666666666666667,0.3333333333333333,235.895,0.3333333333333333,4.666666666666667,1602.05,6223.0
548978,F,True,False,canada,gatineau,YND,39,Quebec,8,4,1,4,0.25,1.0,1.0,780.46,0.25,7.75,780.46,8493.2
548988,F,True,False,usa,los angeles,LAX,51,California,8,4,3,4,0.75,1.0,1.0,355.6166666666666,0.25,2.75,1006.354,1643.5
549058,F,True,False,canada,toronto,YKZ,32,Ontario,8,2,2,2,0.5,1.5,1.0,1249.775,0.5,8.0,4536.386,3812.0
549141,F,True,True,usa,santa ana,SNA,30,California,8,2,0,2,0.5,,,,0.0,4.0,,11041.8
549202,F,False,False,usa,jacksonville,NZC,60,Ica,8,5,3,5,0.2,1.0,0.3333333333333333,359.13333333333327,0.0,4.6,1077.3999999999999,3769.6
549274,F,False,False,usa,st. louis,STL,53,Missouri,8,1,1,1,0.0,1.0,1.0,75.22,0.0,1.0,75.22,81.0
549281,F,False,True,usa,new york,JFK,30,New York,8,5,5,5,0.6,1.0,0.6,441.008,0.2,6.6,2165.0315,4247.0
549292,F,False,True,canada,edmonton,YED,48,,8,3,3,3,0.0,1.3333333333333333,0.6666666666666666,424.425,0.3333333333333333,2.0,1671.1799999999998,3306.0
549293,F,True,True,usa,cleveland,CLE,47,Ohio,8,0,0,0,,,,,,,,
549303,F,False,False,usa,nashville,BNA,39,Tennessee,8,3,3,3,0.3333333333333333,1.6666666666666667,0.6666666666666666,178.90333333333334,0.6666666666666666,1.6666666666666667,826.78,1205.0
549367,F,True,True,usa,new york,LGA,44,New York,8,4,3,4,0.25,1.6666666666666667,0.3333333333333333,247.94500000000002,0.5,3.75,964.6569999999999,3736.0
549377,F,True,False,usa,nashville,BNA,46,Tennessee,8,3,2,2,0.3333333333333333,1.0,1.5,127.365,0.0,3.0,230.986,1336.45
549390,F,False,True,usa,spokane,SKA,28,Washington,8,3,0,3,0.3333333333333333,,,,0.3333333333333333,10.333333333333334,,4495.6
549482,F,False,False,canada,vancouver,YVR,45,British Columbia,8,5,5,5,0.4,1.0,1.0,373.586,0.2,3.2,1867.93,3357.3500000000004
549611,F,False,False,usa,new york,JFK,50,New York,9,6,6,6,0.16666666666666666,1.3333333333333333,0.3333333333333333,371.24583333333334,0.3333333333333333,2.3333333333333335,2782.06,1896.6
549631,F,True,True,usa,las vegas,LAS,52,Nevada,9,4,4,4,0.25,1.0,0.75,414.45,0.0,4.25,1657.8,2461.05
549714,M,True,True,canada,montreal,YUL,59,Quebec,8,2,2,2,0.5,1.0,1.0,766.28,0.0,2.0,1343.0425,704.0
549746,F,False,False,canada,montreal,YHU,46,Quebec,8,6,5,6,0.5,1.2,1.0,410.93500000000006,0.3333333333333333,3.6666666666666665,2234.7545,3361.0
549764,F,False,False,usa,new york,JFK,41,New York,8,3,2,2,0.3333333333333333,1.0,0.0,248.35500000000002,0.5,4.5,356.668,1650.0
549797,F,False,True,usa,philadelphia,PNE,38,Pennsylvania,8,5,4,4,0.4,1.0,0.25,91.3325,0.0,7.5,340.48,7167.0
549992,F,False,False,canada,halifax,YHZ,36,Nova Scotia,8,2,2,1,0.0,1.0,0.5,456.2,1.0,1.0,912.4,136.0
550017,F,False,False,usa,los angeles,LAX,41,California,8,5,3,5,0.4,1.6666666666666667,0.6666666666666666,696.1199999999999,0.4,5.0,3423.3999999999996,4763.4
550019,F,False,False,usa,richmond,RIC,35,Virginia,9,4,4,4,0.5,1.25,0.75,270.86,0.25,2.0,1160.26,3103.8
550028,M,False,False,canada,montreal,YHU,71,Quebec,8,1,1,0,0.0,1.0,1.0,467.37,,,467.37,
550068,F,False,True,usa,memphis,MEM,41,Tennessee,8,4,2,4,0.5,1.0,0.5,248.85500000000002,0.25,6.0,497.71000000000004,6375.0
550071,M,False,False,usa,burlington,BTV,40,Vermont,8,5,5,5,0.2,1.0,0.4,354.384,0.2,1.8,1771.92,1542.4
550105,F,False,False,usa,mobile,MOB,36,Alabama,8,2,1,2,0.0,1.0,0.0,154.52,0.5,4.5,154.52,1590.0
550134,F,True,False,usa,fresno,FAT,47,California,8,2,2,2,0.5,1.0,0.0,450.35,0.5,1.0,900.7,430.7
550193,F,True,True,usa,riverside,RIV,62,California,8,1,0,1,1.0,,,,0.0,2.0,,115.2
550200,F,True,True,usa,corpus christi,CRP,46,Texas,8,2,2,2,0.5,1.0,0.5,302.08,0.0,6.5,576.1015,4022.0
550202,F,False,False,canada,calgary,YYC,30,Alberta,8,5,5,4,0.0,1.2,0.2,638.2239999999999,0.25,3.25,3800.62,1429.0
550221,F,True,False,usa,austin,AUS,41,Texas,9,3,3,3,0.3333333333333333,1.3333333333333333,0.6666666666666666,474.8566666666666,0.0,1.3333333333333333,1916.6864999999998,1008.0
550222,F,False,False,usa,indianapolis,IND,37,Gujarat,8,3,3,3,0.3333333333333333,1.0,1.0,497.48,0.3333333333333333,2.6666666666666665,1438.874,2478.0
550233,F,False,False,usa,fayetteville,POB,42,North Carolina,8,4,4,4,0.25,1.0,0.75,280.7225,0.5,2.75,1104.925,4126.0
550300,F,True,False,usa,dallas,DAL,54,Texas,9,4,4,4,0.25,1.5,0.0,188.1425,0.5,1.25,1301.6965,726.0
550317,F,True,True,canada,toronto,YZD,45,,8,3,1,3,0.6666666666666666,1.0,1.0,123.17,0.0,7.0,123.17,4432.0
550421,F,True,False,usa,orlando,MCO,47,Florida,8,1,1,1,0.0,1.0,0.0,244.44,1.0,2.0,244.44,292.0
550442,F,False,False,usa,new york,JFK,30,New York,8,2,1,2,0.0,1.0,0.0,402.35,0.0,5.5,402.35,1052.0
550459,F,False,False,usa,tulsa,TUL,46,Oklahoma,9,4,4,3,0.0,1.0,0.5,229.37,0.3333333333333333,4.0,917.48,1550.0
550514,F,True,True,usa,montgomery,MXF,40,Alabama,8,1,0,1,1.0,,,,0.0,4.0,,1296.0
550572,F,True,True,usa,new york,LGA,60,New York,9,3,2,3,0.3333333333333333,2.0,1.0,393.13500000000005,0.3333333333333333,3.3333333333333335,2182.87,1379.8000000000002
550599,F,True,True,usa,mobile,BFM,56,Alabama,8,2,2,0,0.0,1.0,0.5,210.51999999999998,,,421.03999999999996,
550627,F,True,False,usa,philadelphia,PNE,73,Pennsylvania,9,1,1,0,1.0,2.0,1.0,2526.6,,,5053.2,
550752,F,True,True,usa,charlotte,CLT,51,North Carolina,10,2,2,2,0.0,1.0,0.0,529.845,0.5,3.0,1059.69,282.0
550796,F,False,True,usa,san diego,NZY,36,California,8,4,1,3,0.75,2.0,1.0,307.315,0.0,6.0,491.704,5208.6
550805,F,False,False,usa,san francisco,SFO,42,California,8,6,5,4,0.3333333333333333,1.0,0.8,248.192,0.0,3.5,1215.392,2074.0
550871,F,True,True,usa,san antonio,RND,50,Texas,8,3,3,3,0.0,1.0,0.3333333333333333,403.65333333333336,0.3333333333333333,2.0,1210.96,950.0
550887,F,False,True,usa,new york,LGA,19,New York,9,2,0,2,0.0,,,,0.0,15.0,,5145.0
551032,F,False,False,usa,new york,JFK,38,New York,8,3,3,3,0.3333333333333333,1.0,0.3333333333333333,272.49333333333334,0.0,5.666666666666667,817.48,1970.8000000000002
551042,F,True,False,usa,los angeles,LAX,47,California,8,5,3,5,0.4,1.0,0.3333333333333333,550.3333333333334,0.2,2.6,1497.9740000000002,1985.4
551088,F,False,False,usa,san jose,SJC,48,California,9,5,3,5,0.2,1.6666666666666667,0.0,690.7599999999999,0.4,3.6,3314.04,6836.0
551166,F,True,False,usa,los angeles,LAX,33,California,8,2,1,2,0.5,1.0,1.0,497.99,1.0,5.0,448.19100000000003,1925.0
551210,F,False,True,usa,newport news,PHF,19,Virginia,8,0,0,0,,,,,,,,
551211,F,True,True,usa,tulsa,TUL,30,Oklahoma,8,0,0,0,,,,,,,,
551217,F,False,False,usa,dallas,DAL,40,Texas,8,4,4,4,0.25,1.0,0.25,301.69,0.25,5.5,1133.89,2915.0
551245,F,True,True,usa,los angeles,LAX,27,California,10,0,0,0,,,,,,,,
551473,F,True,False,usa,austin,AUS,80,Texas,8,1,0,1,1.0,,,,0.0,2.0,,259.2
551488,F,False,False,usa,st. louis,STL,38,Missouri,8,2,0,2,0.0,,,,0.0,16.0,,9608.0
551627,F,False,False,usa,providence,PVD,35,Rhode Island,8,2,2,1,0.0,1.0,1.5,222.49,0.0,4.0,444.98,460.0
551665,F,False,True,usa,fort worth,FTW,57,Texas,8,4,3,4,0.25,1.0,0.3333333333333333,358.2266666666667,0.5,4.0,1033.511,1778.0
551685,M,True,False,usa,san antonio,RND,69,Texas,8,1,1,1,0.0,1.0,0.0,295.01,0.0,3.0,295.01,675.0
551729,F,False,False,canada,vancouver,YVR,19,British Columbia,8,1,1,1,1.0,1.0,0.0,540.81,0.0,1.0,540.81,138.7
551804,M,True,False,usa,san antonio,SAT,47,Texas,8,5,4,5,0.8,1.0,0.25,305.9975,0.2,3.2,1176.774,9486.0
551890,F,False,False,canada,saskatoon,YXE,34,Saskatchewan,8,4,3,3,0.5,1.3333333333333333,1.0,389.22333333333336,0.3333333333333333,2.6666666666666665,1501.3410000000001,3194.0
551908,F,False,False,usa,shreveport,BAD,25,Louisiana,8,0,0,0,,,,,,,,
551935,F,True,False,usa,fort worth,FTW,71,Texas,8,1,0,1,0.0,,,,0.0,8.0,,2160.0
551963,F,False,False,usa,fort worth,FTW,40,Texas,8,4,4,3,0.75,1.5,1.0,348.8225,0.0,1.3333333333333333,2181.798,794.6
551967,F,True,False,usa,omaha,OFF,43,Nebraska,8,3,2,3,0.3333333333333333,2.0,1.0,305.895,0.0,2.3333333333333335,1040.394,2940.0
551978,F,False,True,usa,houston,HOU,19,Texas,8,2,1,2,0.0,1.0,3.0,414.64,0.5,4.0,414.64,904.0
552036,F,True,True,canada,montreal,YMX,57,Quebec,9,1,1,1,0.0,3.0,0.0,97.08666666666666,0.0,4.0,291.26,2244.0
552172,F,True,True,usa,las vegas,LSV,56,Nevada,8,3,2,3,0.0,1.0,0.0,448.245,0.6666666666666666,3.3333333333333335,896.49,1618.0
552302,F,False,False,usa,los angeles,LAX,27,California,8,0,0,0,,,,,,,,
552313,F,False,False,usa,los angeles,LAX,47,California,8,6,6,5,0.0,1.5,0.6666666666666666,352.31749999999994,0.4,3.4,3689.76,5420.0
552348,F,True,False,usa,phoenix,LUF,60,Arizona,8,4,4,4,0.25,1.0,0.5,406.5975,0.25,1.75,1626.39,1451.8
552364,F,True,True,usa,omaha,OMA,39,Iowa,8,1,0,1,0.0,,,,0.0,4.0,,1596.0
552366,F,False,False,usa,reno,RNO,41,Nevada,8,4,3,4,1.0,2.6666666666666665,0.3333333333333333,653.7380555555555,0.25,2.75,4889.816,3010.6
552384,F,False,False,usa,new york,LGA,61,New York,8,3,3,3,0.3333333333333333,1.0,0.6666666666666666,399.6166666666666,0.0,2.3333333333333335,1194.17,2303.0
552506,F,True,False,canada,winnipeg,YAV,52,,8,1,1,0,1.0,1.0,0.0,408.78,,,327.024,
552535,F,True,False,usa,new york,LGA,52,New York,8,4,4,4,0.0,1.75,0.25,262.62666666666667,0.5,2.5,2501.85,1722.0
552573,M,True,True,usa,st. petersburg,PIE,38,Florida,8,2,2,1,0.5,2.5,2.0,1622.8975,1.0,1.0,11581.644,262.0
552597,F,False,False,usa,los angeles,LAX,30,California,8,3,3,2,0.3333333333333333,1.6666666666666667,1.3333333333333333,433.1166666666666,0.5,6.5,2636.89,2415.6
552649,F,False,False,usa,philadelphia,PNE,29,Pennsylvania,8,2,2,2,0.5,1.5,0.5,315.58000000000004,0.5,1.5,572.6765,556.0
552732,F,False,False,canada,vancouver,YVR,46,British Columbia,8,2,2,2,0.0,1.0,1.0,457.485,0.0,3.5,914.97,2863.0
552760,F,True,False,usa,new york,LGA,55,New York,8,3,3,1,0.0,1.0,0.6666666666666666,403.74,1.0,2.0,1211.22,382.0
552929,F,False,False,usa,memphis,MEM,32,Tennessee,8,4,3,4,0.25,1.0,1.0,177.17,0.25,4.25,510.28200000000004,5321.0
552944,M,False,False,usa,atlanta,ATL,55,Georgia,8,3,3,3,0.3333333333333333,1.6666666666666667,0.6666666666666666,500.0177777777778,0.3333333333333333,2.6666666666666665,2646.8599999999997,3836.2
552945,F,False,False,usa,cleveland,CLE,47,Ohio,8,5,4,4,0.2,1.0,0.5,140.09,0.25,3.5,552.09,6078.0
553017,F,False,False,usa,san jose,SJC,45,California,8,5,4,5,0.0,1.5,0.5,496.4316666666667,0.0,3.4,2147.58,8656.0
553054,M,False,False,usa,new york,LGA,27,New York,8,0,0,0,,,,,,,,
553219,F,True,False,usa,washington,IAD,50,Virginia,9,5,4,5,0.4,1.0,0.75,304.0375,0.2,3.6,1216.15,3008.7
553245,M,False,True,usa,norfolk,ORF,28,Virginia,8,1,1,1,0.0,1.0,0.0,85.66,0.0,11.0,85.66,2068.0
553361,F,True,False,usa,memphis,MEM,44,Tennessee,8,4,3,3,0.5,1.6666666666666667,1.0,206.1916666666667,0.0,4.666666666666667,887.14,2131.6
553559,F,False,True,usa,los angeles,LAX,23,California,8,2,1,2,0.0,1.0,1.0,665.04,0.0,5.0,665.04,1539.0
553568,F,False,True,usa,los angeles,LAX,45,California,8,4,4,4,0.0,1.0,0.25,346.6725,0.25,3.25,1386.69,1487.0
553631,F,True,False,usa,denver,DEN,61,Colorado,9,0,0,0,,,,,,,,
553633,F,False,False,usa,birmingham,BHM,71,Alabama,9,0,0,0,,,,,,,,
553743,F,False,True,usa,dallas,DAL,20,Texas,8,1,1,0,0.0,1.0,0.0,75.29,,,75.29,
553751,F,False,False,usa,new york,LGA,44,New York,8,3,3,3,0.3333333333333333,1.0,0.6666666666666666,181.45666666666668,0.3333333333333333,3.3333333333333335,544.37,2158.55
553773,F,True,True,usa,fort worth,FTW,50,Texas,9,3,3,3,0.0,1.3333333333333333,0.0,293.35499999999996,0.3333333333333333,3.6666666666666665,1106.48,2853.0
553791,F,False,True,usa,new york,JFK,36,New York,8,3,3,3,0.3333333333333333,1.0,1.0,377.77333333333337,0.0,4.333333333333333,1113.4,2076.0
553876,M,False,False,usa,winston-salem,INT,33,North Carolina,8,3,3,2,0.6666666666666666,1.3333333333333333,0.3333333333333333,302.3866666666667,0.0,4.0,801.799,2210.0
553901,F,True,True,usa,omaha,OMA,58,Iowa,8,3,2,3,0.3333333333333333,2.5,2.0,209.34875,0.0,7.0,826.7349999999999,5676.1
553904,F,False,False,canada,montreal,YUL,22,Quebec,8,2,2,2,0.0,1.5,0.0,1154.2275,0.5,6.5,2405.1,2618.0
553955,F,True,False,usa,san antonio,RND,51,Texas,8,6,6,6,0.0,1.0,0.6666666666666666,240.85666666666665,0.16666666666666666,1.6666666666666667,1445.1399999999999,1349.0
553984,F,True,False,usa,san antonio,SKF,50,Texas,8,1,1,1,1.0,1.0,1.0,390.03,0.0,4.0,351.027,700.0
554026,F,True,True,usa,los angeles,LAX,57,California,8,4,4,4,0.25,1.25,0.25,384.26375,0.5,2.25,1915.6,1935.1999999999998
554079,F,False,False,usa,san diego,SAN,40,California,8,5,3,5,0.4,1.0,0.6666666666666666,505.96999999999997,0.4,4.0,1472.3609999999999,3253.3
554141,F,True,False,usa,new york,JFK,41,New York,9,4,3,4,0.25,1.3333333333333333,0.6666666666666666,414.0216666666666,0.0,3.0,1417.3799999999999,2001.45
554155,F,False,False,canada,gatineau,YND,45,Quebec,9,2,1,2,0.0,1.0,1.0,114.49,0.0,3.0,114.49,2570.0
554163,F,False,True,usa,tucson,DMA,41,Arizona,8,6,6,5,0.0,1.0,0.6666666666666666,416.0,0.2,3.4,2496.0,1479.0
554269,F,True,True,usa,san diego,SAN,50,California,10,3,3,3,0.3333333333333333,1.0,0.6666666666666666,609.4866666666667,0.3333333333333333,2.3333333333333335,1777.081,533.0
554357,M,True,False,usa,st. louis,STL,65,Missouri,8,0,0,0,,,,,,,,
554444,F,False,False,usa,fort worth,FTW,36,Texas,8,3,3,3,0.0,1.0,1.0,276.49666666666667,0.3333333333333333,1.6666666666666667,829.49,804.0
554507,F,True,False,usa,norfolk,ORF,37,Virginia,8,3,1,3,0.0,1.0,0.0,81.46,0.6666666666666666,2.3333333333333335,81.46,1164.0
554609,F,False,False,usa,baltimore,BWI,45,Maryland,8,2,2,2,0.0,1.0,0.0,613.7049999999999,0.0,3.0,1227.4099999999999,1102.0
554632,F,False,False,usa,san antonio,RND,20,Texas,8,1,0,1,1.0,,,,1.0,1.0,,91.8
554724,F,False,False,usa,norfolk,ORF,23,Virginia,8,1,0,1,0.0,,,,1.0,5.0,,1090.0
554753,F,False,True,usa,wichita,IAB,42,Kansas,9,4,4,3,0.25,1.25,0.5,790.9275,0.0,3.0,5684.92,1485.2
554853,F,False,False,usa,new york,LGA,43,New York,8,2,1,2,0.0,1.0,0.0,49.31,0.5,12.5,49.31,5865.0
554885,F,False,False,usa,phoenix,LUF,40,Arizona,8,5,5,5,0.4,1.0,1.0,385.99,0.4,3.4,1892.286,3827.2
554949,F,False,True,usa,new york,LGA,28,New York,8,0,0,0,,,,,,,,
554956,M,False,False,usa,houston,HOU,39,Texas,8,5,4,4,0.2,1.0,2.0,299.8675,0.25,1.75,1128.8919999999998,2253.0
554961,F,True,False,usa,des moines,DSM,47,Iowa,8,4,2,3,0.0,1.0,0.5,153.10000000000002,0.6666666666666666,7.0,306.20000000000005,5343.0
555058,F,False,False,usa,new york,JFK,20,New York,8,2,2,1,0.0,1.0,0.5,653.23,1.0,3.0,1306.46,855.0
555151,F,False,False,usa,baton rouge,BTR,39,Louisiana,8,6,4,5,0.16666666666666666,1.25,0.75,629.85875,0.2,2.8,2878.9900000000002,2107.8
555206,F,True,False,usa,riverside,RIV,46,California,8,5,2,5,0.0,1.0,0.5,666.325,0.2,3.6,1332.65,2622.0
555250,F,False,False,usa,san diego,NZY,29,California,8,1,1,1,0.0,1.0,0.0,608.07,0.0,1.0,608.07,81.0
555277,F,True,True,usa,oakland,OAK,61,California,9,1,1,1,0.0,1.0,1.0,760.9,0.0,1.0,760.9,428.0
555299,F,True,False,usa,omaha,OMA,55,Iowa,8,1,1,1,0.0,1.0,1.0,251.24,0.0,4.0,251.24,272.0
555310,M,True,False,canada,toronto,YYZ,41,Ontario,8,5,4,5,0.2,1.0,1.0,232.5725,0.2,2.8,930.29,2591.25
555326,M,False,False,usa,atlanta,ATL,53,Georgia,9,2,2,2,0.0,1.0,0.5,553.95,0.0,2.5,1107.9,821.0
555334,F,False,False,usa,new orleans,MSY,28,Louisiana,9,1,1,0,0.0,3.0,0.0,189.89666666666668,,,569.69,
555428,F,True,True,usa,new york,LGA,56,New York,8,3,2,3,0.0,1.5,0.5,748.9075,0.0,4.0,2264.98,2417.0
555563,F,True,True,usa,stockton,SCK,52,California,9,4,3,4,0.5,1.0,0.6666666666666666,219.60333333333332,0.25,2.75,658.81,3011.85
555600,F,True,False,usa,nashville,BNA,45,Tennessee,8,2,2,2,0.5,1.0,0.0,163.135,0.5,4.0,326.27,4481.05
555698,M,False,False,usa,new york,LGA,54,New York,8,2,2,2,0.5,1.0,0.0,346.53499999999997,0.0,1.5,688.675,337.0
555712,F,True,False,usa,fresno,FAT,72,California,8,0,0,0,,,,,,,,
555751,F,True,False,canada,toronto,YZD,42,,8,2,2,1,0.0,1.0,0.0,453.045,0.0,4.0,906.09,160.0
555770,F,True,True,usa,boston,BOS,47,Massachusetts,8,4,2,4,0.5,1.0,0.5,120.475,0.25,4.25,234.744,2329.1
555782,F,True,True,usa,jacksonville,NZC,58,Ica,8,2,1,2,0.5,1.0,1.0,310.58,0.5,4.5,310.58,793.0
555796,F,True,False,usa,houston,HOU,57,Texas,8,4,3,4,0.0,1.0,0.0,360.58666666666664,0.0,4.5,1081.76,2884.0
555852,F,True,False,usa,dallas,DAL,48,Texas,9,4,4,3,0.0,1.25,0.75,218.28875,0.3333333333333333,6.0,1269.49,7396.0
555990,F,True,False,usa,san francisco,SFO,76,California,8,1,0,1,0.0,,,,0.0,4.0,,548.0
556015,F,False,False,canada,toronto,YYZ,56,Ontario,8,3,3,3,0.0,1.0,0.6666666666666666,83.18333333333334,0.3333333333333333,2.3333333333333335,249.55,1222.0
556043,F,False,False,usa,fort worth,FTW,20,Texas,8,1,1,0,1.0,2.0,0.0,396.285,,,792.57,
556052,F,False,False,canada,edmonton,YXD,39,,8,3,3,3,0.6666666666666666,1.0,0.3333333333333333,363.27,0.3333333333333333,2.3333333333333335,1056.6815,888.0
556067,F,True,True,canada,toronto,YZD,42,,8,5,5,5,0.2,1.0,0.2,250.544,0.6,5.4,1252.72,4797.0
556111,M,False,True,usa,san antonio,RND,52,Texas,8,3,3,2,0.6666666666666666,1.6666666666666667,0.3333333333333333,280.59222222222223,0.5,7.0,1415.7884999999999,7991.7
556119,F,False,False,usa,salt lake city,SLC,43,Utah,8,2,2,2,0.5,1.5,0.5,239.925,0.0,1.5,669.5699999999999,560.4
556127,F,False,False,usa,los angeles,LAX,37,California,8,3,3,3,0.0,1.0,0.6666666666666666,463.3666666666666,0.3333333333333333,2.6666666666666665,1390.1,1194.0
556199,M,False,True,usa,detroit,YIP,20,Michigan,8,0,0,0,,,,,,,,
556268,F,False,False,usa,colorado springs,COS,50,Colorado,8,2,2,1,0.0,1.0,0.5,200.99,0.0,1.0,401.98,157.0
556274,M,False,False,usa,bakersfield,BFL,20,California,8,2,1,1,0.0,1.0,0.0,1672.54,0.0,4.0,1672.54,1136.0
556314,F,True,False,usa,baton rouge,BTR,41,Louisiana,9,2,2,1,0.0,1.5,0.5,1824.4299999999998,0.0,6.0,6686.04,4290.0
556347,F,False,False,usa,los angeles,LAX,43,California,8,4,4,2,0.25,1.0,0.75,466.0075,1.0,2.5,1864.03,951.0
556391,F,True,True,usa,chicago,ORD,45,Illinois,8,1,1,1,0.0,1.0,1.0,111.98,1.0,2.0,111.98,340.0
556533,F,True,True,usa,winston-salem,INT,45,North Carolina,8,3,2,3,0.6666666666666666,1.0,1.0,348.72,0.3333333333333333,4.666666666666667,638.24,2645.0
556579,F,True,False,usa,long beach,LGB,50,California,8,2,0,2,0.0,,,,0.5,5.0,,1070.0
556673,F,True,False,usa,houston,IAH,68,Texas,8,3,2,2,0.3333333333333333,1.0,0.5,385.44,0.5,7.5,770.88,2405.0
556744,F,False,False,usa,dallas,DAL,48,Texas,8,3,3,3,0.6666666666666666,1.6666666666666667,0.3333333333333333,258.87166666666667,0.6666666666666666,2.0,1156.9855,3910.0
556824,F,False,False,usa,new york,JFK,45,New York,8,4,4,4,0.0,1.0,0.25,203.79250000000002,0.5,2.5,815.1700000000001,918.0
556827,F,True,False,usa,phoenix,PHX,67,Arizona,8,3,2,1,0.0,1.0,0.0,497.55999999999995,1.0,12.0,995.1199999999999,2088.0
556887,F,True,True,usa,phoenix,PHX,50,Arizona,8,4,4,3,0.75,1.75,1.0,465.8075,0.0,6.333333333333333,3432.839,6797.2
556906,F,False,False,usa,portland,PDX,42,Oregon,8,3,2,3,0.3333333333333333,1.0,0.0,610.225,0.3333333333333333,3.0,1187.2065,1257.0
557036,M,False,False,usa,columbus,CMH,49,Ohio,8,3,3,1,0.0,1.0,0.0,576.8833333333333,0.0,1.0,1730.65,106.0
557055,F,False,False,usa,tulsa,TUL,51,Oklahoma,8,2,2,2,0.0,2.0,0.5,391.0125,0.5,2.5,1564.05,1566.0
557107,F,False,False,canada,winnipeg,YWG,47,Manitoba,8,5,4,5,0.2,1.75,0.75,345.73625,0.8,2.6,2394.1099999999997,4187.2
557108,M,False,False,usa,houston,HOU,28,Texas,8,1,1,1,1.0,1.0,0.0,215.8,0.0,1.0,194.22000000000003,153.0
557248,F,False,False,usa,wichita,ICT,38,Kansas,9,0,0,0,,,,,,,,
557282,F,True,False,canada,toronto,YTZ,42,Ontario,8,2,2,2,1.0,1.0,0.5,336.22,0.0,4.0,585.374,2458.3
557402,F,True,True,usa,los angeles,LAX,58,California,8,1,1,1,0.0,1.0,0.0,344.99,0.0,1.0,344.99,326.0
557496,F,False,True,canada,toronto,YTZ,60,Ontario,8,1,1,1,1.0,1.0,1.0,118.53,0.0,1.0,106.677,450.0
557569,F,True,True,usa,los angeles,LAX,42,California,8,1,0,1,0.0,,,,0.0,15.0,,4650.0
557672,F,False,False,usa,new york,JFK,36,New York,8,3,3,2,0.0,1.0,0.6666666666666666,673.8666666666667,0.0,2.0,2021.6,564.0
557692,F,False,True,usa,seattle,BFI,45,Washington,9,3,2,3,0.6666666666666666,1.5,1.5,463.4175,0.3333333333333333,6.666666666666667,1267.2375000000002,5642.0
557762,F,False,False,usa,san diego,NZY,71,California,9,1,0,1,0.0,,,,0.0,6.0,,1104.0
557794,F,False,True,usa,new york,JFK,48,New York,8,4,4,3,0.5,1.0,1.0,397.775,0.0,3.6666666666666665,1572.8645,2144.0
557799,F,False,False,usa,dallas,DAL,78,Texas,9,1,0,1,0.0,,,,0.0,7.0,,546.0
557875,F,True,True,canada,calgary,YYC,58,Alberta,8,2,2,2,0.0,1.0,0.0,444.91999999999996,0.5,4.5,889.8399999999999,1456.0
557879,F,False,False,usa,burlington,BTV,20,Vermont,8,0,0,0,,,,,,,,
557887,F,False,False,usa,detroit,YIP,27,Michigan,8,3,1,3,0.0,1.0,1.0,545.1,0.0,7.666666666666667,545.1,5744.0
557921,F,True,False,usa,tucson,DMA,44,Arizona,8,4,4,4,0.0,1.0,0.75,288.8225,0.75,2.0,1155.29,1676.0
557932,F,False,True,usa,new york,LGA,32,New York,8,4,4,3,0.5,1.0,0.75,351.4275,0.6666666666666666,2.3333333333333335,1244.1975,1790.3
557956,F,True,True,usa,shreveport,SHV,67,Louisiana,8,3,1,3,0.6666666666666666,1.0,0.0,394.67,0.3333333333333333,9.0,394.67,4464.0
557957,F,True,False,canada,montreal,YHU,50,Quebec,9,2,2,1,0.0,1.0,1.0,619.425,1.0,5.0,1238.85,2075.0
557992,F,True,False,usa,sacramento,SAC,61,California,9,0,0,0,,,,,,,,
558018,F,True,False,usa,memphis,MEM,50,Tennessee,8,2,2,2,0.0,1.0,0.5,491.13,0.0,2.5,982.26,576.0
558114,F,True,False,usa,omaha,OFF,50,Nebraska,9,3,2,3,0.0,1.0,0.5,287.15999999999997,0.0,4.666666666666667,574.3199999999999,3096.0
558147,F,True,False,usa,cleveland,CLE,77,Ohio,8,1,0,1,0.0,,,,0.0,13.0,,10764.0
558204,F,False,False,usa,denver,DEN,62,Colorado,8,3,3,2,0.3333333333333333,1.0,0.6666666666666666,366.79333333333335,0.5,3.5,1074.034,1664.0
558251,F,True,True,usa,san antonio,SAT,51,Texas,8,3,3,3,0.3333333333333333,1.6666666666666667,0.3333333333333333,319.7266666666667,0.0,2.0,1488.366,2865.0
558270,M,True,False,usa,denver,DEN,47,Colorado,10,4,4,4,0.0,1.5,0.5,348.31166666666667,0.25,1.25,2178.16,651.0
558277,M,False,False,usa,houston,HOU,52,Texas,8,5,5,5,0.0,1.2,1.4,427.049,0.2,3.2,2742.29,9918.0
558294,F,True,False,usa,memphis,MEM,35,Tennessee,8,3,3,3,0.6666666666666666,1.0,0.0,375.83,1.0,5.0,1080.738,2140.9
558362,M,True,True,usa,new york,LGA,53,New York,8,4,4,4,0.0,1.0,0.75,354.0,0.75,2.5,1416.0,2030.0
558395,F,False,True,usa,houston,IAH,38,Texas,8,1,0,1,1.0,,,,0.0,9.0,,1224.0
558437,F,True,True,usa,louisville,LOU,46,Kentucky,10,1,1,1,1.0,1.0,0.0,159.41,0.0,4.0,159.41,782.8
558466,F,False,False,canada,ottawa,YOW,42,Ontario,9,2,2,2,0.0,1.0,0.0,336.41,0.0,1.0,672.82,550.0
558489,F,False,False,usa,new york,JFK,27,New York,8,3,3,2,0.3333333333333333,1.0,0.6666666666666666,368.3766666666666,0.5,1.0,1105.1299999999999,252.0
558513,F,False,True,canada,quebec,YQB,48,Quebec,8,3,3,3,0.0,1.3333333333333333,0.3333333333333333,334.9683333333333,0.0,4.0,1132.01,6236.0
558659,F,True,False,usa,winston-salem,INT,46,North Carolina,8,1,1,1,0.0,1.0,0.0,673.16,0.0,2.0,673.16,108.0
558838,F,False,False,usa,orlando,ORL,41,Florida,9,5,5,4,0.4,1.0,0.0,510.73199999999997,0.25,3.5,2414.448,3183.2
558851,F,True,False,usa,memphis,MEM,36,Tennessee,8,0,0,0,,,,,,,,
558919,F,False,True,usa,orlando,MCO,20,Florida,8,0,0,0,,,,,,,,
558920,F,False,False,usa,houston,IAH,47,Texas,9,4,4,4,0.25,1.0,0.75,365.35,0.25,3.25,1375.0775,2390.0
558987,M,False,False,canada,montreal,YMX,49,Quebec,8,3,2,3,0.0,1.0,1.0,415.815,0.0,4.666666666666667,831.63,2439.0
558988,F,True,False,canada,calgary,YYC,65,Alberta,8,3,3,3,0.6666666666666666,1.0,0.3333333333333333,471.93666666666667,0.3333333333333333,5.666666666666667,1314.3555000000001,5295.0
559068,F,True,False,canada,ottawa,YOW,39,Ontario,9,2,2,1,0.0,1.0,0.5,358.21,0.0,4.0,716.42,880.0
559071,F,False,True,usa,los angeles,LAX,42,California,8,3,2,1,0.6666666666666666,1.0,0.5,282.35,0.0,5.0,531.832,1015.0
559093,M,True,False,usa,new york,LGA,45,New York,8,5,3,5,0.2,1.0,0.3333333333333333,607.85,0.4,2.8,1823.5500000000002,1712.0
559107,M,True,True,usa,san antonio,SKF,53,Texas,8,4,3,3,0.75,1.0,0.3333333333333333,251.45000000000002,0.3333333333333333,2.0,604.551,494.0
559112,F,False,True,canada,toronto,YTZ,46,Ontario,8,3,3,2,0.0,1.0,1.0,254.93666666666664,0.5,4.0,764.81,830.0
559148,F,True,False,usa,chicago,UGN,55,Illinois,8,3,3,2,0.6666666666666666,1.6666666666666667,1.0,182.85666666666665,0.5,1.5,872.5899999999999,323.2
559164,M,False,False,usa,new york,LGA,46,New York,8,1,1,1,0.0,1.0,1.0,372.54,0.0,1.0,372.54,235.0
559211,F,True,True,usa,columbus,LCK,45,Ohio,8,4,4,4,0.25,1.0,0.5,240.21249999999998,0.25,3.0,954.009,1622.0
559266,F,False,False,usa,new york,JFK,52,New York,8,1,1,1,0.0,1.0,0.0,78.18,1.0,3.0,78.18,390.0
559277,F,False,False,canada,edmonton,YEG,32,Alberta,8,4,1,4,0.5,1.0,0.0,568.65,0.75,6.75,568.65,4848.2
559324,F,False,False,usa,shreveport,BAD,53,Louisiana,9,3,2,3,0.3333333333333333,1.0,0.0,388.145,0.3333333333333333,5.333333333333333,776.29,4637.15
559432,F,False,True,usa,knoxville,TYS,20,Tennessee,8,1,1,1,0.0,2.0,1.0,114.825,1.0,11.0,229.65,1166.0
559464,F,False,False,usa,orlando,MCO,39,Florida,8,2,2,1,0.0,1.0,0.5,352.83500000000004,0.0,11.0,705.6700000000001,1573.0
559469,F,False,True,canada,montreal,YMX,45,Quebec,8,4,4,3,0.0,1.75,0.5,422.224375,0.0,1.6666666666666667,3801.91,827.0
559520,F,False,False,usa,riverside,RAL,33,California,9,1,1,1,0.0,1.0,0.0,344.53,0.0,3.0,344.53,1755.0
559537,M,True,True,usa,los angeles,LAX,56,California,8,2,2,2,0.5,2.5,1.5,548.245,1.0,3.0,3209.2619999999997,2270.0
559695,F,True,True,usa,san antonio,RND,58,Texas,8,3,2,2,0.0,1.0,1.5,435.005,0.5,3.0,870.01,894.0
559758,F,True,True,usa,chicago,ORD,50,Illinois,8,1,0,1,0.0,,,,0.0,6.0,,858.0
559772,F,False,False,usa,houston,EFD,49,Texas,8,6,6,6,0.0,1.3333333333333333,0.16666666666666666,423.8733333333333,0.0,2.1666666666666665,3498.45,4401.0
559782,F,False,False,usa,lubbock,LBB,42,Texas,8,4,4,4,0.5,1.25,0.25,288.135,0.5,3.25,1380.213,2733.5
559794,F,True,False,usa,los angeles,LAX,40,California,8,5,5,4,0.2,1.0,0.8,483.12,0.0,2.75,2415.6,1819.1
559832,F,False,False,usa,philadelphia,PNE,22,Pennsylvania,8,0,0,0,,,,,,,,
559834,F,True,True,usa,laredo,LRD,53,Texas,9,2,2,2,0.0,1.0,0.5,402.825,0.0,1.0,805.65,385.0
559863,F,False,False,usa,indianapolis,IND,36,Gujarat,8,3,3,3,0.0,1.6666666666666667,0.6666666666666666,133.79222222222222,0.3333333333333333,4.0,502.83000000000004,1749.0
559901,F,False,False,canada,montreal,YHU,39,Quebec,8,4,4,4,0.0,1.0,0.25,425.455,0.25,1.0,1701.82,665.0
559918,F,False,False,canada,calgary,YYC,44,Alberta,8,3,1,3,0.0,1.0,1.0,417.71,0.0,6.666666666666667,417.71,6459.0
559936,F,True,False,usa,kansas city,MCI,57,Missouri,8,2,2,2,0.0,1.0,0.0,245.82,0.5,2.0,491.64,392.0
559981,F,False,False,usa,columbus,LCK,47,Ohio,8,6,6,6,0.3333333333333333,1.1666666666666667,0.6666666666666666,230.76,0.5,2.5,1357.5594999999998,3551.0
559995,F,True,False,usa,oklahoma city,TIK,53,Oklahoma,8,1,1,1,0.0,2.0,1.0,251.95,1.0,5.0,503.9,2710.0
560125,M,False,False,canada,toronto,YZD,44,,8,2,2,2,0.5,1.5,1.0,377.34999999999997,0.5,5.5,1411.35,2542.3
560175,F,False,False,canada,toronto,YTZ,35,Ontario,8,2,2,1,0.0,1.0,0.0,76.69500000000001,0.0,2.0,153.39000000000001,174.0
560195,F,False,False,usa,miami,OPF,45,Florida,8,6,5,5,0.3333333333333333,1.4,0.4,393.724,0.4,3.6,2814.66,3174.2
560213,F,True,True,usa,houston,HOU,52,Texas,8,2,2,2,0.5,1.0,1.5,298.45,0.0,1.0,584.2145,667.0
560245,F,False,True,usa,san jose,SJC,45,California,9,3,3,3,0.0,2.3333333333333335,0.0,536.5211111111112,0.0,2.6666666666666665,4600.950000000001,2268.0
560257,F,True,True,usa,bakersfield,BFL,58,California,10,1,0,1,0.0,,,,1.0,3.0,,255.0
560273,M,True,False,usa,fresno,FAT,60,California,8,3,2,3,0.3333333333333333,1.0,0.0,595.92,0.6666666666666666,2.0,1191.84,1851.0
560291,F,True,False,usa,el paso,BIF,48,Texas,8,3,3,2,0.3333333333333333,1.0,1.0,438.80999999999995,0.0,4.5,1218.063,1363.0
560341,F,True,True,usa,omaha,OMA,50,Iowa,8,3,1,3,0.0,1.0,0.0,322.31,0.0,6.333333333333333,322.31,2052.0
560362,F,False,False,usa,new york,LGA,47,New York,8,4,4,4,0.25,1.0,1.0,329.31,0.0,1.5,1299.538,1101.0
560367,F,False,False,usa,houston,EFD,44,Texas,9,5,5,4,0.2,1.4,0.4,369.021,0.25,2.75,2683.944,6010.85
560433,F,False,False,canada,toronto,YYZ,29,Ontario,8,0,0,0,,,,,,,,
560468,F,True,True,canada,toronto,YTZ,43,Ontario,8,3,3,3,0.0,1.0,0.3333333333333333,98.41666666666667,0.3333333333333333,5.333333333333333,295.25,2514.0
560478,F,True,False,usa,modesto,MOD,44,California,10,2,1,2,0.0,1.0,3.0,519.37,0.0,6.0,519.37,1724.0
560497,F,True,False,usa,baton rouge,BTR,44,Louisiana,9,1,1,1,0.0,1.0,0.0,422.16,0.0,1.0,422.16,266.0
560508,F,False,False,usa,minneapolis,MSP,56,Minnesota,8,1,1,0,0.0,1.0,0.0,323.14,,,323.14,
560511,F,True,False,usa,new york,JFK,41,New York,8,6,5,6,0.3333333333333333,1.0,0.6,351.108,0.5,4.5,1670.421,4719.0
560723,F,True,False,usa,nashville,BNA,49,Tennessee,9,0,0,0,,,,,,,,
560803,F,True,False,usa,boston,BOS,47,Massachusetts,8,5,5,5,0.4,1.4,0.4,494.72700000000003,0.2,3.4,3723.8770000000004,3483.0
560854,F,True,True,usa,new york,JFK,40,New York,9,4,4,4,0.0,2.0,1.25,355.529,0.25,4.25,1752.5,2577.0
560888,F,False,False,usa,cleveland,CLE,51,Ohio,9,3,3,2,0.0,1.3333333333333333,0.6666666666666666,198.83833333333337,0.0,3.0,723.82,3258.0
560915,F,False,False,usa,fort worth,FTW,20,Texas,8,1,1,1,1.0,1.0,1.0,246.33,0.0,4.0,221.697,345.8
560978,F,False,True,usa,los angeles,LAX,20,California,8,2,1,2,0.5,2.0,1.0,2294.72,0.5,13.0,4589.44,5184.0
560991,F,True,True,usa,philadelphia,PNE,55,Pennsylvania,8,4,4,4,0.0,1.0,0.5,291.4325,0.0,7.0,1165.73,3896.0
561031,F,False,False,canada,winnipeg,YWG,38,Manitoba,8,4,4,4,0.0,1.0,0.5,334.21000000000004,0.5,3.75,1336.8400000000001,3029.0
561033,F,True,True,canada,toronto,YTZ,56,Ontario,8,4,4,4,0.25,1.25,1.0,276.2375,0.25,2.0,1205.93,1990.8
561037,F,False,False,usa,san antonio,RND,40,Texas,8,2,1,2,0.0,1.0,1.0,326.74,0.0,10.0,326.74,3190.0
561044,F,False,False,usa,cleveland,CLE,69,Ohio,8,0,0,0,,,,,,,,
561243,F,False,False,usa,san diego,NZY,47,California,8,4,4,3,0.5,1.0,0.5,564.4725000000001,0.0,4.333333333333333,2257.8900000000003,1646.4
561331,F,False,True,usa,sacramento,SMF,44,California,8,2,2,2,0.5,1.0,0.0,361.33000000000004,0.5,6.0,722.6600000000001,1113.9
561333,F,False,False,usa,dallas,DAL,35,Texas,8,0,0,0,,,,,,,,
561339,M,True,True,usa,chicago,MDW,45,Illinois,8,2,2,2,0.0,1.0,2.0,527.47,0.0,1.5,1054.94,564.0
561353,F,False,False,usa,milwaukee,MKE,42,Wisconsin,8,4,4,3,0.0,1.0,0.0,237.86,0.3333333333333333,2.6666666666666665,951.44,1138.0
561503,F,False,False,canada,toronto,YYZ,41,Ontario,8,4,3,3,0.25,1.0,0.3333333333333333,440.3933333333334,0.0,5.333333333333333,1235.1205,1530.0
561519,F,True,False,canada,quebec,YQB,63,Quebec,8,2,0,2,0.0,,,,0.0,14.5,,14866.0
561642,F,False,True,usa,houston,EFD,55,Texas,8,4,3,4,0.5,1.0,0.6666666666666666,377.3566666666666,0.5,5.5,1090.857,5649.2
561652,M,False,False,usa,lincoln,LNK,42,Nebraska,8,3,3,2,0.0,1.3333333333333333,0.3333333333333333,370.56333333333333,0.0,2.0,1451.32,670.0
561653,F,True,False,usa,charlotte,CLT,63,North Carolina,8,4,3,4,0.25,1.0,0.0,211.25333333333333,0.5,3.25,633.76,1552.0
561665,F,False,False,canada,victoria,YYJ,47,British Columbia,8,1,1,1,0.0,2.0,0.0,705.84,0.0,1.0,1411.68,226.0
561687,F,False,False,canada,edmonton,YXD,23,,8,3,2,3,0.3333333333333333,1.0,0.0,370.185,0.3333333333333333,6.666666666666667,740.37,3383.0
561707,F,True,True,usa,san jose,SJC,44,California,8,2,2,0,0.0,1.0,1.0,696.91,,,1393.82,
561710,F,False,False,usa,los angeles,LAX,43,California,9,3,3,2,0.0,1.0,1.0,445.0933333333333,0.0,3.0,1335.28,1044.0
561798,F,True,False,usa,new york,LGA,51,New York,8,3,3,3,0.0,1.0,0.0,524.2466666666668,0.3333333333333333,3.3333333333333335,1572.7400000000002,970.0
561846,F,True,False,usa,new york,JFK,42,New York,8,3,2,3,0.3333333333333333,1.0,0.5,473.645,0.3333333333333333,2.3333333333333335,947.29,1155.8
561864,F,False,False,usa,long beach,LGB,41,California,8,3,2,3,0.0,1.0,0.5,390.82,0.3333333333333333,4.666666666666667,781.64,3384.0
561896,F,True,True,usa,new york,JFK,50,New York,8,1,1,1,1.0,1.0,1.0,677.81,1.0,3.0,677.81,675.0
561950,M,False,False,usa,chicago,UGN,44,Illinois,9,6,6,6,0.0,1.1666666666666667,0.8333333333333334,221.61416666666665,0.0,4.333333333333333,1545.18,4058.0
561992,M,True,True,canada,montreal,YMX,46,Quebec,8,2,2,2,0.0,1.0,0.5,353.36,0.5,4.0,706.72,1194.0
561994,F,True,False,usa,laredo,LRD,51,Texas,8,3,3,3,0.3333333333333333,1.0,0.0,394.9766666666667,0.0,2.3333333333333335,1130.598,932.0
562010,M,False,True,usa,new york,LGA,44,New York,8,5,5,3,0.0,1.0,0.6,441.04799999999994,0.0,1.0,2205.24,303.0
562148,F,True,False,usa,oklahoma city,TIK,41,Oklahoma,8,4,4,4,0.5,1.75,0.5,151.87791666666666,0.25,2.25,990.256,2088.0
562161,F,False,False,canada,vancouver,YVR,34,British Columbia,8,2,2,2,0.5,2.0,0.5,455.775,0.0,1.5,2192.73,1324.8
562209,F,False,False,usa,winston-salem,INT,38,North Carolina,8,2,2,2,1.0,1.5,0.5,408.65500000000003,0.0,1.5,1352.0,1854.3999999999999
562238,F,True,True,usa,new york,LGA,50,New York,8,1,1,1,0.0,1.0,1.0,356.35,0.0,1.0,356.35,140.0
562275,M,False,False,usa,chicago,UGN,58,Illinois,8,4,4,4,0.5,1.0,0.25,303.0125,0.25,3.75,1141.8139999999999,2320.2
562315,F,True,False,usa,new york,LGA,49,New York,9,2,2,2,0.5,1.0,0.0,320.83,0.0,1.0,534.3580000000001,429.0
562398,F,False,False,usa,tacoma,TCM,41,Washington,9,4,3,4,0.25,1.0,0.3333333333333333,436.04999999999995,0.0,5.0,1220.9624999999999,5027.4
562428,F,False,False,usa,colorado springs,COS,47,Colorado,8,3,3,3,0.3333333333333333,1.6666666666666667,0.3333333333333333,343.2388888888889,0.3333333333333333,3.6666666666666665,1609.908,4576.0
562529,F,True,True,usa,oklahoma city,TIK,43,Oklahoma,8,4,4,4,0.25,1.0,0.75,386.7475,0.25,1.75,1514.575,1486.6
562576,F,True,False,usa,chicago,UGN,51,Illinois,8,3,1,2,0.3333333333333333,2.0,1.0,492.825,0.0,5.0,985.65,1654.6
562587,F,False,True,usa,little rock,LIT,32,Arkansas,8,1,0,1,0.0,,,,1.0,9.0,,1017.0
562612,F,False,False,usa,chicago,MDW,44,Illinois,8,3,2,3,0.0,1.5,1.0,283.3325,0.3333333333333333,4.666666666666667,1020.35,1507.0
562708,F,True,False,usa,louisville,LOU,49,Kentucky,8,5,5,5,0.4,1.0,0.6,185.85399999999998,0.6,1.8,926.107,1882.0
562814,M,False,False,usa,new york,JFK,19,New York,8,1,0,1,1.0,,,,1.0,11.0,,1518.0
562886,F,True,False,usa,san francisco,SFO,49,California,8,4,4,4,0.0,1.0,1.0,303.46,0.25,1.5,1213.84,950.0
562888,F,True,False,usa,louisville,LOU,31,Kentucky,8,0,0,0,,,,,,,,
563052,F,False,False,usa,houston,HOU,27,Texas,8,1,0,1,1.0,,,,0.0,4.0,,312.0
563059,M,False,True,usa,cleveland,CLE,43,Ohio,8,4,4,3,0.5,1.25,0.5,523.00125,0.3333333333333333,1.6666666666666667,2161.175,1253.0
563162,F,False,True,canada,toronto,YKZ,37,Ontario,8,3,3,3,0.3333333333333333,1.0,0.0,529.9233333333333,1.0,2.0,1589.77,411.2
563201,F,False,False,usa,los angeles,LAX,29,California,8,3,3,2,0.0,1.6666666666666667,0.0,610.6577777777778,0.0,7.5,3083.2,2096.0
563254,F,False,False,usa,phoenix,PHX,20,Arizona,8,2,2,2,0.0,1.0,0.5,353.59,0.0,6.5,707.18,1262.0
563335,M,True,False,canada,quebec,YQB,62,Quebec,8,1,1,1,0.0,1.0,3.0,489.69,0.0,1.0,489.69,125.0
563342,F,False,False,usa,tulsa,TUL,34,Oklahoma,8,1,1,1,0.0,2.0,0.0,280.6,0.0,2.0,561.2,740.0
563483,F,True,False,usa,akron,AKR,39,Ondo,9,5,4,5,0.2,1.0,0.75,115.1825,0.4,3.2,460.73,3749.4
563489,F,False,False,usa,denver,DEN,47,Colorado,8,5,4,4,0.4,1.25,0.25,359.22375,0.0,3.75,1659.5169999999998,1783.05
563544,F,True,True,usa,new york,LGA,52,New York,8,3,3,3,0.3333333333333333,1.0,1.0,351.53999999999996,0.0,3.6666666666666665,1054.62,2033.4
563598,F,False,True,usa,fort worth,FTW,23,Texas,9,2,1,2,1.0,1.0,0.0,71.42,0.0,3.0,67.849,2425.75
563691,F,False,True,usa,san diego,SAN,20,California,8,1,0,1,0.0,,,,1.0,5.0,,525.0
563731,F,True,False,usa,washington,IAD,51,Virginia,8,5,4,4,0.6,1.25,0.25,375.96375,0.0,6.0,1880.4355,5337.0
563735,F,False,False,canada,vancouver,YVR,51,British Columbia,8,5,5,3,0.2,1.4,0.6,535.9300000000001,0.0,5.333333333333333,4252.0225,3604.95
563736,F,True,True,usa,san jose,SJC,42,California,8,3,2,3,0.3333333333333333,2.0,0.5,611.2775,0.3333333333333333,4.333333333333333,2445.11,4861.2
563773,M,False,False,usa,mobile,MOB,32,Alabama,8,3,2,3,0.3333333333333333,1.0,0.5,208.33,0.3333333333333333,5.666666666666667,416.66,4429.0
563787,F,False,False,usa,dallas,DAL,43,Texas,8,4,3,3,0.25,1.0,0.0,280.67,0.3333333333333333,2.6666666666666665,803.7195,898.0
563853,F,False,False,usa,chicago,UGN,31,Illinois,8,2,2,1,0.0,1.0,0.5,422.99,0.0,3.0,845.98,375.0
563882,F,False,False,usa,portland,PDX,35,Oregon,8,3,3,3,0.0,1.6666666666666667,0.3333333333333333,561.4766666666666,0.6666666666666666,3.6666666666666665,2732.93,3725.0
563956,F,False,False,usa,minneapolis,MSP,49,Minnesota,8,2,2,2,0.0,1.5,0.5,246.63,0.5,2.0,590.79,1350.0
563974,F,True,True,usa,miami,MIA,59,Florida,8,1,0,1,0.0,,,,0.0,6.0,,804.0
563995,M,False,True,usa,sacramento,MHR,29,California,8,2,2,2,0.5,2.0,1.0,656.7625,0.5,4.0,2627.05,2532.4
564100,F,True,False,usa,las vegas,LSV,41,Nevada,8,6,5,5,0.5,1.2,0.6,499.09,0.2,3.2,2773.7495,4719.0
564219,F,False,True,usa,baltimore,BWI,45,Maryland,9,4,3,4,0.25,1.0,0.6666666666666666,235.9466666666667,0.25,3.5,707.84,2258.0
564252,F,False,False,canada,calgary,YYC,44,Alberta,8,3,3,3,0.3333333333333333,1.6666666666666667,0.3333333333333333,391.93666666666667,0.3333333333333333,1.3333333333333333,1325.2165,1485.0
564377,F,False,False,usa,new york,LGA,39,New York,8,3,2,2,0.6666666666666666,1.0,0.5,542.74,0.5,3.0,1016.8480000000002,552.0
564430,F,False,True,canada,hamilton,YHM,45,Ontario,8,6,5,5,0.16666666666666666,1.8,0.8,256.1255,0.2,3.6,2480.91,2744.8
564495,F,False,True,usa,fresno,FAT,52,California,8,3,2,3,0.3333333333333333,1.0,0.0,297.96999999999997,0.0,2.3333333333333335,573.717,1548.7
564498,F,False,False,canada,edmonton,YEG,24,Alberta,8,0,0,0,,,,,,,,
564517,F,True,False,usa,fort worth,FTW,59,Texas,8,4,4,4,0.25,1.0,1.0,338.5175,0.25,4.0,1249.547,2109.0
564534,F,True,False,usa,new york,LGA,48,New York,8,3,3,3,0.3333333333333333,1.0,0.0,419.9066666666667,0.0,4.333333333333333,1259.72,2729.2
564588,F,False,True,usa,indianapolis,IND,20,Gujarat,8,2,0,2,1.0,,,,0.0,4.0,,948.0
564593,F,False,False,usa,las vegas,LAS,30,Nevada,8,2,1,2,0.5,1.0,0.0,688.4,0.5,5.0,619.56,918.0
564596,F,False,True,usa,austin,AUS,35,Texas,8,4,4,4,0.0,1.75,0.75,331.985,0.25,3.5,2611.64,2863.0
564604,F,True,False,usa,reno,RNO,40,Nevada,9,3,3,2,0.3333333333333333,1.0,1.0,278.45,1.0,1.5,797.919,818.0
564606,F,False,False,usa,los angeles,LAX,39,California,8,3,2,3,0.3333333333333333,2.5,1.5,382.02250000000004,0.3333333333333333,5.666666666666667,1970.9,5008.0
564620,F,False,False,usa,fresno,FAT,45,California,8,3,3,2,0.3333333333333333,1.3333333333333333,0.3333333333333333,347.91333333333336,0.5,6.0,1116.424,2748.0
564699,F,False,True,usa,new york,LGA,31,New York,8,4,4,4,0.0,1.0,0.5,207.1575,0.25,2.25,828.63,1373.0
564713,F,True,True,usa,los angeles,LAX,42,California,8,4,4,2,0.0,2.0,1.5,455.5625,1.0,3.0,2352.41,1085.0
564736,M,False,False,usa,denver,DEN,52,Colorado,8,5,5,5,0.2,1.4,0.4,376.48999999999995,0.4,4.0,2743.23,4643.6
564737,F,False,False,usa,charlotte,CLT,49,North Carolina,8,1,1,1,1.0,2.0,1.0,153.67,0.0,1.0,261.239,212.5
564962,F,True,False,usa,long beach,LGB,55,California,8,4,4,4,0.0,1.0,0.25,508.52250000000004,0.25,1.5,2034.0900000000001,1217.0
565070,F,False,False,canada,quebec,YQB,69,Quebec,9,2,2,2,0.5,1.0,1.0,590.795,0.0,2.0,1181.59,537.0
565076,F,False,False,usa,stockton,SCK,27,California,8,0,0,0,,,,,,,,
565109,F,False,False,usa,chicago,UGN,32,Illinois,8,4,4,3,0.75,1.0,0.75,276.71500000000003,0.3333333333333333,2.3333333333333335,1010.5155,1518.0
565114,F,False,False,usa,philadelphia,PNE,36,Pennsylvania,10,4,3,2,0.75,1.0,1.0,470.63333333333327,0.0,7.0,1377.2285,1147.55
565251,F,False,False,canada,calgary,YYC,36,Alberta,9,3,3,3,1.0,1.0,0.3333333333333333,548.5100000000001,0.6666666666666666,2.3333333333333335,1540.104,1005.8000000000001
565280,F,False,False,usa,new york,JFK,23,New York,8,2,2,1,0.0,1.0,0.5,1643.25,0.0,2.0,3286.5,232.0
565419,F,False,False,usa,new york,JFK,49,New York,8,3,3,1,0.6666666666666666,1.0,0.6666666666666666,136.53333333333333,0.0,1.0,373.2415,360.05
565459,F,False,False,usa,new york,LGA,31,New York,8,3,3,3,0.6666666666666666,1.0,0.3333333333333333,609.8666666666667,0.6666666666666666,1.6666666666666667,1725.701,440.6
565460,F,False,True,usa,chicago,ORD,41,Illinois,8,3,2,3,0.3333333333333333,1.0,1.0,270.94,0.3333333333333333,5.333333333333333,541.88,2829.0
565464,F,True,False,usa,san francisco,SFO,49,California,8,2,2,2,0.0,1.0,0.0,365.16499999999996,0.5,2.0,730.3299999999999,462.0
565510,F,True,False,usa,houston,EFD,68,Texas,9,3,3,3,0.6666666666666666,1.0,0.6666666666666666,337.52333333333337,0.6666666666666666,4.0,957.5505,1127.9
565511,F,False,False,usa,st. louis,STL,20,Missouri,8,0,0,0,,,,,,,,
565573,F,False,False,usa,fort worth,FTW,41,Texas,9,6,6,6,0.0,1.0,1.0,333.3616666666667,0.3333333333333333,2.6666666666666665,2000.17,3645.0
565764,F,False,True,canada,montreal,YUL,33,Quebec,8,1,1,1,0.0,1.0,1.0,91.96,0.0,5.0,91.96,1200.0
565768,F,False,False,canada,calgary,YYC,34,Alberta,8,5,4,4,0.2,1.25,1.0,528.27125,0.0,1.75,2559.7235,1957.0
565791,F,False,False,usa,dallas,DAL,53,Texas,8,3,3,3,0.3333333333333333,1.0,0.3333333333333333,284.03000000000003,0.3333333333333333,6.0,777.933,4196.0
565826,F,False,True,usa,providence,PVD,27,Rhode Island,8,1,0,1,0.0,,,,0.0,11.0,,2112.0
565827,F,True,False,usa,nashville,BNA,27,Tennessee,9,1,1,1,0.0,1.0,1.0,189.77,0.0,1.0,189.77,250.0
565935,F,True,False,usa,new york,LGA,56,New York,8,3,3,3,0.6666666666666666,1.3333333333333333,0.6666666666666666,525.3833333333333,0.0,4.0,2085.879,974.8
566008,F,False,False,usa,chicago,ORD,40,Illinois,10,5,5,5,0.2,1.0,0.6,308.552,0.0,4.8,1542.7600000000002,3750.0
566032,M,True,False,usa,san antonio,SAT,56,Texas,8,4,4,3,0.0,1.75,1.75,301.6479166666667,0.0,2.3333333333333335,2508.07,1464.0
566059,F,True,True,usa,baltimore,BWI,31,Maryland,11,3,3,3,0.3333333333333333,1.0,0.3333333333333333,257.34999999999997,0.6666666666666666,4.0,772.05,2071.7
566061,M,True,True,canada,toronto,YZD,55,,8,3,3,3,0.0,1.0,0.6666666666666666,427.6666666666667,0.0,2.0,1283.0,564.0
566096,F,False,True,usa,memphis,MEM,42,Tennessee,8,4,3,3,0.0,1.0,0.0,287.94,0.3333333333333333,2.0,863.8199999999999,1216.0
566275,F,False,False,usa,reno,RNO,35,Nevada,8,2,1,2,0.5,1.0,2.0,340.26,0.5,6.5,340.26,3572.0
566279,F,True,False,usa,los angeles,LAX,45,California,8,1,1,1,0.0,1.0,0.0,503.93,0.0,2.0,503.93,98.0
566338,F,True,False,usa,phoenix,LUF,45,Arizona,8,1,1,1,1.0,1.0,0.0,462.85,0.0,1.0,393.4225,208.0
566432,F,True,True,usa,el paso,ELP,66,Texas,9,4,3,4,0.0,1.6666666666666667,0.6666666666666666,518.53,0.0,2.0,2648.09,1248.0
566547,F,False,False,usa,richmond,RIC,44,Virginia,9,2,2,2,0.5,1.0,0.0,124.30000000000001,0.5,2.5,241.86450000000002,1379.0
566626,F,True,False,usa,san diego,SAN,52,California,8,1,1,1,0.0,1.0,0.0,32.84,0.0,1.0,32.84,288.0
566702,F,False,True,usa,minneapolis,MSP,49,Minnesota,8,3,2,3,0.3333333333333333,1.0,0.5,297.64,0.0,2.6666666666666665,595.28,2944.4
566735,F,False,True,usa,boston,BOS,57,Massachusetts,8,4,4,4,0.5,1.0,0.75,592.0025,0.5,2.25,2331.3415,744.0
566770,F,True,True,canada,calgary,YYC,34,Alberta,8,2,1,1,0.5,2.0,1.0,490.875,1.0,4.0,834.4875,872.0
566787,F,False,False,usa,san antonio,SKF,45,Texas,8,3,3,2,0.3333333333333333,1.3333333333333333,0.6666666666666666,434.31333333333333,0.5,2.5,1770.42,780.0
566815,F,True,False,usa,new york,LGA,44,New York,8,4,3,4,0.0,1.0,0.6666666666666666,361.93666666666667,0.75,7.0,1085.81,4716.0
566875,F,False,False,canada,toronto,YZD,55,,8,5,5,4,0.0,1.6,0.8,382.39549999999997,0.25,2.25,2229.04,1964.0
566881,M,True,True,usa,new york,LGA,55,New York,8,5,5,4,0.4,1.2,0.8,532.4939999999999,0.25,4.25,3041.648,1863.0
566953,F,False,True,canada,edmonton,YEG,33,Alberta,9,1,1,1,1.0,1.0,1.0,476.2,0.0,4.0,428.58,628.0
566998,F,False,True,usa,philadelphia,PHL,41,Pennsylvania,8,2,2,2,0.5,1.5,0.0,418.415,0.5,1.0,983.2940000000001,473.0
567052,M,False,False,usa,dallas,DAL,20,Texas,8,1,0,1,1.0,,,,0.0,7.0,,665.0
567219,F,False,False,usa,washington,IAD,39,Virginia,8,3,3,3,0.0,1.0,0.6666666666666666,182.34333333333333,0.3333333333333333,2.0,547.03,959.0
567243,F,False,True,usa,houston,IAH,35,Texas,8,1,1,1,0.0,1.0,1.0,250.08,0.0,9.0,250.08,1845.0
567245,M,False,False,usa,wichita,ICT,73,Kansas,8,0,0,0,,,,,,,,
567432,F,False,True,canada,montreal,YMX,47,Quebec,8,5,5,5,0.4,1.0,0.8,388.408,0.2,6.0,1942.04,13494.0
567448,F,True,True,usa,portland,PWM,48,Maine,10,2,2,1,0.0,1.0,0.0,384.785,1.0,2.0,769.57,122.0
567458,F,False,False,usa,san antonio,RND,20,Texas,8,1,1,1,0.0,1.0,1.0,457.04,1.0,1.0,457.04,87.0
567478,F,False,False,usa,tacoma,TCM,39,Washington,9,4,4,3,0.25,1.25,0.75,818.5274999999999,0.3333333333333333,4.0,3976.1699999999996,4391.6
567547,F,False,False,usa,san jose,SJC,36,California,8,2,2,1,0.0,1.5,1.0,670.735,0.0,4.0,1998.97,1032.0
567643,F,True,False,usa,chicago,MDW,43,Illinois,8,3,2,3,0.3333333333333333,2.0,0.5,313.14,0.3333333333333333,3.6666666666666665,719.62,1957.1
567651,F,False,False,usa,laredo,LRD,40,Texas,10,4,4,4,0.25,1.0,0.5,386.545,0.0,2.0,1524.5974999999999,1900.0
567778,F,False,True,usa,san diego,SAN,46,California,8,4,3,4,0.0,1.0,0.3333333333333333,323.4066666666667,0.0,5.25,970.22,5019.0
567943,F,False,True,usa,los angeles,LAX,36,California,9,0,0,0,,,,,,,,
567950,F,True,False,usa,houston,IAH,55,Texas,8,2,2,2,0.0,1.5,0.0,234.66250000000002,0.0,1.5,670.99,432.0
568004,F,True,True,canada,winnipeg,YWG,56,Manitoba,8,3,3,3,0.0,1.0,0.6666666666666666,373.84999999999997,0.0,3.0,1121.55,1077.0
568064,F,True,False,usa,santa ana,SNA,48,California,8,2,2,2,0.5,1.0,1.0,415.0,0.5,10.5,830.0,1909.7
568078,F,True,True,usa,san jose,SJC,39,California,8,2,2,1,0.0,1.0,0.5,703.345,0.0,6.0,1406.69,1236.0
568086,F,False,False,usa,phoenix,LUF,62,Arizona,8,1,1,1,1.0,1.0,0.0,353.44,0.0,1.0,335.768,327.0
568155,F,False,True,usa,san jose,SJC,24,California,8,1,0,1,0.0,,,,0.0,13.0,,5122.0
568167,F,False,False,usa,san diego,SAN,36,California,8,4,3,4,0.25,1.3333333333333333,0.3333333333333333,568.4316666666667,0.25,4.75,2293.933,3500.0
568385,F,True,False,usa,jacksonville,NZC,48,Ica,8,4,4,4,0.0,1.25,0.75,341.22375,0.25,3.0,1602.74,1228.0
568416,M,False,True,canada,saskatoon,YXE,34,Saskatchewan,8,2,2,2,0.0,2.0,0.5,476.6700000000001,0.5,3.0,1835.1200000000001,1000.0
568463,F,False,False,usa,tampa,MCF,56,Florida,9,2,2,2,0.5,1.0,0.0,180.55,0.5,4.5,339.207,1499.0
568486,F,True,False,canada,calgary,YYC,62,Alberta,8,4,4,4,0.5,1.0,0.5,423.135,0.75,6.5,1486.894,2313.4
568513,F,False,True,usa,new york,LGA,28,New York,10,2,0,2,0.0,,,,0.0,7.5,,1428.0
568602,F,False,True,usa,baton rouge,BTR,38,Louisiana,9,1,1,1,0.0,1.0,1.0,451.96,0.0,4.0,451.96,244.0
568713,M,False,False,usa,burlington,BTV,51,Vermont,8,4,3,4,0.25,1.0,0.3333333333333333,387.1666666666667,0.5,2.25,1161.5,2204.0
568790,M,False,False,usa,new orleans,MSY,55,Louisiana,8,3,3,3,0.0,1.0,0.6666666666666666,318.41333333333336,0.0,3.0,955.24,1728.0
568917,F,False,False,usa,new york,LGA,25,New York,8,0,0,0,,,,,,,,
568984,F,True,False,canada,montreal,YMX,70,Quebec,8,1,0,1,0.0,,,,1.0,8.0,,1968.0
569107,F,False,False,usa,indianapolis,IND,22,Gujarat,8,0,0,0,,,,,,,,
569150,F,False,False,usa,washington,IAD,42,Virginia,8,5,5,4,0.2,1.4,1.0,180.0113333333333,0.0,2.25,1460.29,862.7
569170,F,False,False,usa,des moines,DSM,44,Iowa,8,5,3,5,0.0,1.0,1.3333333333333333,316.02,0.4,4.6,948.06,9858.0
569239,F,False,False,usa,phoenix,LUF,46,Arizona,8,3,3,3,0.3333333333333333,2.0,0.6666666666666666,332.3627777777778,0.3333333333333333,2.3333333333333335,2465.509,2988.5
569342,F,True,True,canada,ottawa,YOW,39,Ontario,8,3,3,1,0.3333333333333333,1.0,0.6666666666666666,513.2066666666666,0.0,2.0,1539.62,312.0
569458,F,False,False,canada,toronto,YYZ,34,Ontario,8,1,1,1,0.0,1.0,1.0,98.49,1.0,7.0,98.49,917.0
569466,F,True,True,usa,portland,PWM,43,Maine,8,3,3,3,0.0,1.0,0.3333333333333333,223.65333333333334,0.3333333333333333,2.3333333333333335,670.96,785.0
569472,F,True,False,usa,oklahoma city,TIK,45,Oklahoma,8,2,2,2,0.5,1.0,0.0,274.725,0.5,1.0,549.45,515.7
569534,F,True,False,canada,ottawa,YOW,51,Ontario,9,5,5,2,0.4,1.2,0.6,341.226,0.0,1.5,2264.587,534.0
569572,F,True,True,usa,new york,LGA,44,New York,8,4,3,4,0.75,1.0,0.6666666666666666,284.9866666666667,0.5,4.5,796.892,2832.9
569643,F,True,False,usa,philadelphia,PHL,71,Pennsylvania,8,0,0,0,,,,,,,,
569817,M,True,False,usa,houston,IAH,38,Texas,8,3,2,3,0.3333333333333333,1.0,1.0,69.715,0.3333333333333333,6.666666666666667,139.43,2249.8
569923,M,False,False,usa,san diego,SAN,26,California,8,1,1,0,0.0,1.0,0.0,646.32,,,646.32,
570021,F,False,True,usa,tucson,DMA,40,Arizona,8,3,3,3,0.0,1.3333333333333333,1.0,391.5033333333333,0.3333333333333333,1.6666666666666667,1745.5699999999997,834.0
570076,F,False,False,usa,miami,TNT,32,Florida,8,1,1,1,0.0,1.0,0.0,157.02,1.0,7.0,157.02,1540.0
570144,F,True,True,usa,indianapolis,IND,45,Gujarat,8,4,4,3,0.0,1.0,1.0,259.65999999999997,0.6666666666666666,1.6666666666666667,1038.6399999999999,342.0
570162,F,False,True,usa,nashville,BNA,39,Tennessee,8,4,3,4,0.75,1.3333333333333333,0.6666666666666666,226.32500000000002,0.75,6.0,764.0129999999999,1908.9
570219,F,False,False,usa,houston,HOU,40,Texas,8,4,4,3,0.0,1.0,0.75,336.7225,0.3333333333333333,2.6666666666666665,1346.89,551.0
570224,F,False,False,usa,st. petersburg,SPG,40,Florida,8,2,2,2,0.0,1.0,0.5,296.34000000000003,0.0,2.5,592.6800000000001,856.0
570226,F,False,False,canada,london,YXU,34,Ontario,8,4,4,4,0.0,1.0,0.75,263.41749999999996,0.0,3.75,1053.6699999999998,2222.0
570279,F,False,False,usa,newark,EWR,28,New Jersey,8,1,1,1,0.0,1.0,0.0,91.29,0.0,6.0,91.29,468.0
570291,F,True,True,usa,jacksonville,LRF,57,Arkansas,9,2,2,2,0.5,1.0,0.5,233.9,0.5,4.0,467.8,1735.2
570346,F,False,False,usa,mobile,BFM,39,Alabama,8,5,4,5,0.2,1.75,0.5,378.28541666666666,0.0,3.4,2689.71,10614.0
570369,F,True,False,usa,nashville,BNA,39,Tennessee,8,4,3,3,0.25,1.0,0.6666666666666666,259.06666666666666,1.0,2.6666666666666665,777.1999999999999,2856.75
570601,M,True,True,usa,baltimore,BWI,40,Maryland,8,2,2,1,0.5,1.0,1.0,205.475,0.0,8.0,393.275,1576.0
570631,F,True,True,usa,portland,PDX,49,Oregon,8,1,1,1,1.0,1.0,0.0,602.09,0.0,1.0,421.463,190.0
570666,F,True,False,canada,winnipeg,YAV,37,,8,3,2,3,0.3333333333333333,1.0,1.0,389.275,0.3333333333333333,4.0,778.55,2117.3999999999996
570782,F,True,False,usa,portland,PDX,45,Oregon,8,5,4,5,0.2,1.25,0.25,453.32124999999996,0.4,4.4,2273.006,19061.0
570862,F,True,False,usa,houston,IAH,80,Texas,8,1,0,1,0.0,,,,0.0,10.0,,2520.0
570930,F,False,False,usa,new york,JFK,20,New York,9,1,0,1,1.0,,,,0.0,10.0,,712.5
570961,F,True,False,usa,columbus,LCK,79,Ohio,8,3,1,3,0.0,2.0,1.0,1320.455,0.3333333333333333,6.666666666666667,2640.91,5780.0
570988,F,True,False,usa,oklahoma city,OKC,69,Oklahoma,8,1,1,1,0.0,1.0,0.0,383.4,0.0,3.0,383.4,561.0
571001,M,False,False,usa,richmond,RIC,19,Virginia,8,1,0,1,0.0,,,,0.0,5.0,,7450.0
571015,F,True,False,usa,austin,AUS,32,Texas,8,5,5,5,0.4,1.0,0.4,210.106,0.2,4.0,1035.5900000000001,4145.6
571200,F,False,False,canada,halifax,YAW,49,,9,5,4,5,0.4,1.0,1.0,421.2375,0.4,2.8,1563.756,1488.0
571251,F,False,False,usa,portland,PDX,62,Oregon,8,1,1,1,1.0,1.0,0.0,540.54,0.0,1.0,486.486,151.0
571363,F,False,False,usa,sacramento,MCC,49,California,8,3,2,3,0.3333333333333333,1.5,1.0,368.2525,0.0,4.666666666666667,1126.75,2175.0
571429,F,True,True,usa,new york,LGA,44,New York,9,2,2,2,0.5,1.0,1.0,450.82,0.0,1.0,901.64,692.2
571560,F,False,False,usa,tulsa,TUL,53,Oklahoma,8,3,3,2,0.6666666666666666,1.0,0.6666666666666666,359.51666666666665,0.5,4.5,915.617,2021.0
571561,F,False,False,usa,des moines,DSM,34,Iowa,9,1,0,1,1.0,,,,1.0,6.0,,1065.6000000000001
571610,F,False,False,usa,los angeles,LAX,20,California,8,1,1,1,0.0,1.0,1.0,766.31,0.0,4.0,766.31,208.0
571637,F,False,True,usa,seattle,BFI,43,Washington,8,3,2,2,0.0,1.0,1.0,593.585,0.5,8.5,1187.17,1456.0
571639,F,True,True,usa,san francisco,SFO,43,California,9,2,2,1,0.0,1.0,1.0,440.845,0.0,2.0,881.69,126.0
571757,F,False,False,usa,orlando,ORL,31,Florida,8,0,0,0,,,,,,,,
571864,F,False,False,usa,madison,MSN,39,Wisconsin,8,3,3,3,0.3333333333333333,1.3333333333333333,0.0,282.2733333333333,0.0,3.6666666666666665,1095.788,1101.0
571888,F,False,False,usa,el paso,BIF,42,Texas,8,3,3,3,1.0,1.0,0.3333333333333333,253.06333333333336,0.3333333333333333,1.6666666666666667,577.464,1409.0
571913,F,False,False,canada,montreal,YUL,24,Quebec,8,2,1,2,1.0,1.0,0.0,132.93,0.0,5.0,112.9905,6466.1
571940,F,False,True,usa,richmond,RIC,38,Virginia,9,2,0,2,0.5,,,,0.5,7.5,,3424.0
572106,F,True,False,usa,newark,EWR,58,New Jersey,8,1,0,1,0.0,,,,0.0,11.0,,3542.0
572154,F,True,True,usa,omaha,OFF,49,Nebraska,8,1,0,1,0.0,,,,0.0,1.0,,84.0
572290,F,False,False,usa,chicago,ORD,45,Illinois,8,6,6,6,0.16666666666666666,1.1666666666666667,0.16666666666666666,317.3908333333333,0.5,2.8333333333333335,2044.9099999999999,2494.6
572396,F,False,True,usa,madison,MSN,51,Wisconsin,8,3,3,2,0.6666666666666666,1.0,0.3333333333333333,253.17666666666665,0.5,2.0,702.818,1236.0
572397,F,True,True,usa,bakersfield,BFL,55,California,8,0,0,0,,,,,,,,
572479,F,True,False,usa,portland,PWM,50,Maine,8,4,4,4,0.0,1.0,0.25,285.38,0.5,2.75,1141.52,662.0
572538,M,True,False,usa,madison,MSN,56,Wisconsin,8,3,3,3,0.3333333333333333,1.0,0.6666666666666666,236.88666666666668,0.6666666666666666,5.0,710.6600000000001,2313.55
572591,F,True,False,usa,wichita,ICT,45,Kansas,8,2,2,2,0.0,2.0,1.0,214.45,0.0,4.0,857.8,6274.0
572632,F,True,True,usa,lubbock,LBB,47,Texas,8,3,3,3,0.3333333333333333,1.0,0.6666666666666666,274.34666666666664,0.3333333333333333,2.3333333333333335,823.04,1116.7
572744,F,True,False,canada,ottawa,YOW,33,Ontario,8,4,3,4,0.5,1.0,0.0,449.03333333333336,0.75,3.75,1347.1000000000001,3506.8
572870,F,False,False,usa,stockton,SCK,23,California,8,0,0,0,,,,,,,,
572932,F,True,False,usa,omaha,OMA,78,Iowa,8,0,0,0,,,,,,,,
573237,F,False,True,canada,calgary,YYC,39,Alberta,8,1,1,1,0.0,1.0,1.0,399.84,1.0,2.0,399.84,348.0
573244,F,False,False,usa,tacoma,TCM,40,Washington,8,4,3,4,0.0,1.0,0.6666666666666666,685.32,0.25,4.25,2055.96,5823.0
573249,M,False,False,canada,edmonton,YED,50,,8,3,3,3,0.3333333333333333,1.0,0.0,466.25333333333333,0.0,8.333333333333334,1398.76,5079.3
573291,F,True,False,canada,winnipeg,YWG,59,Manitoba,8,5,5,4,0.4,1.0,0.2,317.41999999999996,0.25,3.0,1456.4229999999998,1268.0
573365,F,False,False,canada,toronto,YZD,22,,8,1,1,0,1.0,1.0,0.0,1198.27,,,778.8755,
573378,F,True,True,usa,new york,LGA,47,New York,8,5,5,5,0.0,1.4,0.2,478.41400000000004,0.2,2.6,3076.6000000000004,1680.0
573379,F,True,False,canada,edmonton,YED,48,,9,5,4,5,0.4,2.0,0.75,522.590625,0.6,1.8,4058.934,2544.6
573420,F,False,False,usa,dallas,DAL,39,Texas,8,5,5,4,0.6,1.2,0.4,319.451,0.25,2.75,1951.4175,2980.4
573518,F,True,False,usa,los angeles,LAX,46,California,8,2,2,1,0.0,1.0,0.0,699.62,1.0,1.0,1399.24,131.0
573648,F,False,False,usa,charlotte,CLT,41,North Carolina,8,3,3,3,0.0,1.6666666666666667,0.6666666666666666,371.9244444444444,0.0,1.3333333333333333,1464.6599999999999,701.0
573698,F,False,False,usa,laredo,LRD,33,Texas,9,1,1,1,1.0,1.0,0.0,465.72,1.0,8.0,419.148,1022.4
573704,F,True,False,usa,new york,LGA,50,New York,8,5,5,5,0.4,1.0,0.4,419.89799999999997,0.4,3.0,2032.984,2360.0
573719,F,True,True,canada,saskatoon,YXE,51,Saskatchewan,8,1,1,0,0.0,1.0,0.0,447.55,,,447.55,
573922,F,True,True,usa,tulsa,TUL,43,Oklahoma,8,2,2,2,1.0,1.5,0.0,198.70999999999998,0.0,6.0,423.323,1362.0
573939,F,True,False,usa,chicago,MDW,54,Illinois,8,4,2,4,0.0,1.0,1.0,455.36,0.5,6.0,910.72,4600.0
573946,F,False,False,usa,tucson,TUS,52,Arizona,8,2,2,2,1.0,1.0,0.5,415.395,0.0,2.0,687.1785,527.0
574003,M,False,False,usa,new york,JFK,45,New York,9,2,2,2,0.0,1.0,1.0,153.065,0.5,2.5,306.13,862.0
574071,F,True,False,canada,winnipeg,YWG,47,Manitoba,8,4,4,4,0.0,1.0,0.5,314.645,0.0,2.5,1258.58,1810.0
574104,F,False,False,canada,toronto,YTZ,57,Ontario,8,4,4,4,0.25,1.0,0.5,226.475,0.0,2.25,818.5384999999999,991.0
574116,F,True,True,usa,stockton,SCK,48,California,8,1,0,1,1.0,,,,0.0,7.0,,3276.0
574134,F,True,False,usa,houston,HOU,45,Texas,8,2,2,1,0.0,1.0,0.5,394.16499999999996,0.0,3.0,788.3299999999999,159.0
574279,F,True,False,usa,new orleans,NBG,50,Louisiana,9,3,2,3,0.6666666666666666,1.0,1.5,226.28500000000003,0.3333333333333333,3.3333333333333335,441.817,1094.8
574362,F,False,False,usa,dallas,DAL,25,Texas,8,0,0,0,,,,,,,,
574409,M,False,True,usa,long beach,LGB,42,California,8,1,1,1,0.0,1.0,0.0,741.89,0.0,1.0,741.89,114.0
574419,M,False,False,usa,louisville,LOU,36,Kentucky,8,2,2,2,0.0,1.0,0.5,244.605,1.0,1.0,489.21,256.0
574440,F,True,True,usa,san francisco,SFO,52,California,8,2,2,2,0.0,1.0,1.0,566.625,0.5,3.0,1133.25,1424.0
574794,F,False,False,usa,colorado springs,COS,45,Colorado,8,2,2,1,0.5,1.5,0.5,317.065,1.0,1.0,759.54,215.9
574840,F,False,True,usa,new york,JFK,41,New York,8,3,3,2,0.3333333333333333,1.0,1.0,394.05,0.0,3.5,1087.6375,3142.0
574909,F,True,True,usa,orlando,MCO,46,Florida,8,3,3,3,0.3333333333333333,1.0,1.0,290.1066666666667,0.0,1.6666666666666667,870.32,1184.8
575051,F,False,False,usa,washington,DCA,52,Virginia,8,4,4,3,0.25,1.5,0.5,143.83249999999998,0.0,2.6666666666666665,1253.73,5243.8
575055,F,False,False,usa,new york,LGA,41,New York,9,4,4,4,0.25,1.5,0.5,580.7608333333333,0.25,2.75,3534.51,4594.35
575233,F,True,False,usa,los angeles,LAX,50,California,8,3,1,3,0.3333333333333333,1.0,0.0,93.64,0.6666666666666666,7.333333333333333,93.64,3346.4
575299,F,True,False,usa,oklahoma city,OKC,46,Oklahoma,8,3,3,3,0.3333333333333333,1.6666666666666667,0.6666666666666666,320.46222222222224,0.3333333333333333,1.3333333333333333,1540.605,1896.0
575419,F,False,False,usa,new york,LGA,45,New York,8,5,4,3,0.4,1.5,0.5,498.935,0.3333333333333333,6.666666666666667,2652.21,5893.7
575554,F,True,False,usa,oklahoma city,OKC,47,Oklahoma,8,1,1,0,0.0,1.0,0.0,262.04,,,262.04,
575561,F,True,False,usa,el paso,BIF,48,Texas,8,3,3,3,0.0,1.0,1.0,293.32666666666665,0.0,2.0,879.98,934.0
575576,M,False,False,canada,toronto,YZD,54,,8,3,3,3,0.3333333333333333,1.0,0.3333333333333333,188.59333333333333,0.0,2.3333333333333335,514.681,2056.0
575692,F,False,True,usa,washington,IAD,27,Virginia,8,0,0,0,,,,,,,,
575711,F,True,True,usa,santa ana,SNA,51,California,9,3,2,3,0.0,1.0,1.0,525.755,0.0,9.333333333333334,1051.51,3397.0
575733,F,True,False,usa,tallahassee,TLH,49,Florida,8,0,0,0,,,,,,,,
575774,F,True,False,usa,oakland,OAK,44,California,8,3,3,3,0.0,1.0,0.3333333333333333,497.46333333333337,0.3333333333333333,4.0,1492.39,1814.0
575809,F,True,False,usa,los angeles,LAX,51,California,8,3,2,3,0.0,1.0,0.0,631.605,0.0,4.0,1263.21,2077.0
575908,F,False,True,usa,san jose,SJC,32,California,10,2,2,2,0.0,1.5,1.0,413.375,0.5,2.0,1491.6000000000001,1384.0
575923,F,True,True,usa,washington,DCA,42,Virginia,8,2,1,2,0.0,2.0,0.0,65.745,0.0,12.5,131.49,4844.0
576040,M,False,False,usa,riverside,RIV,30,California,8,2,2,2,0.5,1.0,0.0,439.635,1.0,2.0,879.27,393.25
576103,F,True,True,usa,sacramento,MCC,53,California,8,1,1,1,0.0,1.0,1.0,99.94,0.0,1.0,99.94,103.0
576136,F,False,False,usa,tulsa,TUL,54,Oklahoma,9,3,2,3,0.6666666666666666,1.0,0.5,211.38,0.3333333333333333,5.0,415.798,5785.4
576357,F,True,False,usa,seattle,BFI,36,Washington,8,2,1,2,0.0,1.0,1.0,115.85,0.0,5.0,115.85,1839.0
576366,F,False,False,canada,toronto,YTZ,47,Ontario,8,3,3,2,0.0,1.0,0.6666666666666666,282.77333333333337,1.0,4.5,848.32,571.0
576369,F,True,False,usa,tulsa,TUL,50,Oklahoma,8,1,1,1,0.0,1.0,0.0,64.81,0.0,2.0,64.81,254.0
576541,F,True,True,usa,houston,IAH,47,Texas,8,3,3,2,0.3333333333333333,2.0,1.3333333333333333,220.835,0.0,1.0,1379.682,336.0
576612,F,False,False,usa,austin,AUS,40,Texas,8,5,5,4,0.0,1.6,0.2,376.924,0.25,3.75,2667.5,5490.0
576785,M,True,True,usa,cincinnati,CVG,35,Kentucky,8,0,0,0,,,,,,,,
576849,F,True,False,usa,houston,EFD,40,Texas,8,3,2,3,0.0,1.0,1.0,427.855,0.0,7.666666666666667,855.71,3806.0
576879,F,True,True,usa,baton rouge,BTR,40,Louisiana,8,1,1,1,0.0,1.0,1.0,338.3,0.0,1.0,338.3,155.0
576922,F,False,False,usa,new york,LGA,20,New York,8,0,0,0,,,,,,,,
576962,F,False,False,usa,chicago,UGN,47,Illinois,8,3,1,2,0.3333333333333333,1.0,0.0,2547.78,0.0,7.0,2547.78,1167.0
576966,F,False,False,usa,memphis,MEM,57,Tennessee,9,2,2,2,0.0,1.0,0.0,253.53000000000003,0.5,3.0,507.06000000000006,1032.0
577046,F,True,True,usa,new york,JFK,45,New York,8,1,1,1,0.0,1.0,0.0,94.26,0.0,3.0,94.26,177.0
577074,F,True,False,usa,chicago,ORD,55,Illinois,8,4,3,4,0.25,1.0,0.6666666666666666,143.04333333333332,0.5,3.0,429.13,2257.0
577145,F,False,False,usa,wichita,IAB,45,Kansas,9,6,4,5,0.16666666666666666,1.75,1.5,242.92583333333334,0.6,4.4,1527.5890000000002,4124.0
577180,F,True,False,usa,new york,JFK,51,New York,8,5,5,5,0.2,1.0,0.6,234.12600000000003,0.6,3.4,1110.1889999999999,2327.0
577255,F,False,False,usa,las vegas,LSV,48,Nevada,9,3,2,3,0.6666666666666666,2.0,0.5,490.16666666666663,0.0,2.0,1568.288,1376.3
577287,F,False,True,canada,montreal,YUL,46,Quebec,8,3,3,3,0.3333333333333333,1.0,0.6666666666666666,606.5366666666667,0.0,5.666666666666667,1819.6100000000001,1467.95
577356,F,True,True,usa,washington,IAD,43,Virginia,8,1,1,1,1.0,1.0,0.0,520.36,0.0,1.0,494.342,40.0
577381,F,True,True,usa,tacoma,TCM,50,Washington,8,0,0,0,,,,,,,,
577534,F,True,False,usa,san antonio,SKF,28,Texas,8,1,1,1,1.0,2.0,1.0,306.875,0.0,1.0,552.375,398.0
577539,F,False,True,usa,new york,JFK,36,New York,8,2,2,2,0.0,1.0,1.0,140.955,0.5,2.0,281.91,2054.0
577617,F,True,False,canada,toronto,YTZ,29,Ontario,8,5,5,3,0.2,1.0,0.6,227.78599999999997,0.3333333333333333,2.0,1047.1725,1219.0
577625,F,False,True,usa,austin,AUS,44,Texas,8,2,2,1,0.0,1.0,0.5,467.875,0.0,1.0,935.75,334.0
577638,F,False,False,canada,winnipeg,YWG,40,Manitoba,9,5,5,5,0.2,1.0,0.6,329.046,0.2,3.0,1585.8525,3372.7
577901,F,True,True,usa,jacksonville,NZC,31,Ica,8,0,0,0,,,,,,,,
577921,F,False,False,usa,phoenix,LUF,29,Arizona,8,2,1,2,0.0,1.0,0.0,53.15,0.5,6.0,53.15,3281.0
577944,F,True,False,usa,san diego,NZY,71,California,8,1,0,1,1.0,,,,0.0,6.0,,788.4
577984,F,False,True,usa,el paso,ELP,49,Texas,8,3,3,3,0.0,1.0,0.3333333333333333,373.20666666666665,0.6666666666666666,4.0,1119.62,1870.0
578164,F,False,True,usa,denver,DEN,45,Colorado,8,2,2,2,0.0,1.0,0.5,318.135,0.0,1.5,636.27,264.0
578396,F,True,True,usa,riverside,RIV,58,California,8,3,1,3,0.3333333333333333,1.0,1.0,690.99,0.6666666666666666,5.0,690.99,3531.0
578503,F,True,False,usa,louisville,LOU,53,Kentucky,8,3,2,3,0.3333333333333333,1.0,1.0,153.35,0.6666666666666666,4.333333333333333,306.7,1914.6
578549,F,True,False,usa,austin,AUS,41,Texas,9,4,4,4,0.5,1.0,0.5,338.005,0.5,5.75,1352.02,3270.1
578607,F,False,False,usa,oakland,OAK,42,California,9,6,5,4,0.16666666666666666,1.0,0.8,275.026,0.25,1.5,1370.6090000000002,2410.0
578866,F,True,True,usa,los angeles,LAX,43,California,8,0,0,0,,,,,,,,
578892,F,False,True,usa,fresno,FAT,37,California,8,4,4,4,0.25,1.0,0.5,516.3875,0.75,1.75,2002.26,812.0
578929,F,True,False,usa,los angeles,LAX,40,California,8,3,3,2,0.3333333333333333,1.3333333333333333,0.6666666666666666,424.60999999999996,0.5,1.5,1511.6190000000001,642.0
578938,F,True,False,usa,new york,JFK,48,New York,8,5,4,4,0.2,1.0,1.25,486.5925,0.5,4.25,1946.37,3572.8
578947,F,True,True,usa,el paso,BIF,50,Texas,8,4,3,4,0.5,1.0,0.3333333333333333,325.47333333333336,0.25,5.75,921.724,3085.4
579021,M,False,False,usa,omaha,OMA,40,Iowa,8,1,1,1,0.0,1.0,1.0,396.55,1.0,1.0,396.55,102.0
579065,F,True,True,usa,louisville,LOU,52,Kentucky,8,4,4,4,0.5,1.0,0.5,254.10750000000002,0.5,3.5,959.4805,3354.0
579230,M,False,False,usa,baltimore,BWI,47,Maryland,8,1,1,0,0.0,1.0,1.0,216.93,,,216.93,
579275,F,True,False,canada,calgary,YYC,48,Alberta,8,4,3,4,0.25,1.0,0.3333333333333333,481.53,0.0,2.5,1401.114,1245.0
579323,F,False,True,usa,new york,JFK,31,New York,8,3,3,3,0.3333333333333333,1.0,1.0,321.2233333333333,0.6666666666666666,1.6666666666666667,963.67,868.6
579404,F,False,False,usa,san diego,SAN,40,California,8,4,4,4,0.0,1.5,0.0,303.5733333333333,0.25,2.25,1982.58,1352.0
579547,F,True,False,usa,columbus,LCK,48,Ohio,8,3,3,2,0.0,1.3333333333333333,1.0,317.11833333333334,0.0,4.0,1531.62,1883.0
579589,F,True,False,usa,houston,EFD,51,Texas,8,6,6,5,0.3333333333333333,1.5,0.16666666666666666,288.35027777777776,0.4,2.0,2805.2019999999998,4059.05
579707,F,True,True,usa,colorado springs,COS,45,Colorado,9,2,2,2,0.0,1.5,0.5,221.88,0.0,1.5,671.7,666.0
579714,F,True,False,usa,mobile,MOB,88,Alabama,8,2,0,2,0.0,,,,0.5,10.0,,3685.0
579783,F,False,False,canada,ottawa,YOW,27,Ontario,9,0,0,0,,,,,,,,
579829,F,False,False,canada,calgary,YYC,62,Alberta,8,3,3,3,0.0,1.0,0.6666666666666666,444.89333333333326,0.3333333333333333,1.3333333333333333,1334.6799999999998,541.0
579846,F,False,False,usa,new york,LGA,28,New York,8,1,0,1,1.0,,,,0.0,19.0,,2479.5
579999,F,False,False,usa,new york,LGA,19,New York,8,1,0,1,0.0,,,,1.0,2.0,,260.0
580026,F,True,False,usa,new york,LGA,79,New York,9,0,0,0,,,,,,,,
580077,F,True,False,usa,tampa,TPA,35,Florida,8,2,1,2,0.0,1.0,0.0,242.83,0.0,4.0,242.83,968.0
580460,F,False,True,usa,colorado springs,COS,45,Colorado,8,3,3,2,0.3333333333333333,1.0,0.3333333333333333,213.58666666666667,0.0,5.0,627.2955000000001,726.0
580578,F,False,True,canada,toronto,YTZ,45,Ontario,9,4,4,4,0.0,1.25,0.25,517.96,0.25,2.25,2701.5099999999998,1566.0
580626,F,True,False,usa,santa ana,SNA,54,California,9,3,3,2,0.6666666666666666,1.3333333333333333,0.3333333333333333,588.735,0.0,4.5,2396.16,889.0
580944,F,True,True,canada,winnipeg,YWG,44,Manitoba,8,3,2,2,0.3333333333333333,1.0,0.5,397.65999999999997,0.0,6.5,795.3199999999999,1827.4
580971,M,False,False,canada,toronto,YTZ,46,Ontario,9,2,2,2,0.0,1.0,0.0,421.235,0.0,5.0,842.47,1926.0
581085,F,True,True,usa,new york,JFK,29,New York,8,3,3,3,0.3333333333333333,1.0,0.3333333333333333,411.84666666666664,1.0,2.0,1235.54,1158.5
581091,M,False,False,usa,dallas,DAL,34,Texas,8,4,4,4,0.25,1.0,0.75,407.7425,0.5,3.25,1630.97,1793.0
581110,F,True,True,usa,tulsa,TUL,46,Oklahoma,8,0,0,0,,,,,,,,
581111,O,True,True,usa,las vegas,LSV,48,Nevada,8,4,4,3,0.5,1.0,0.5,356.57,0.3333333333333333,2.3333333333333335,1418.58,1303.2
581269,F,True,False,usa,san jose,SJC,52,California,8,4,4,4,0.0,1.0,0.25,719.6975,0.75,2.0,2878.79,1795.0
581307,F,False,False,usa,san antonio,SAT,34,Texas,9,3,2,3,0.3333333333333333,1.0,0.0,480.64,0.0,5.666666666666667,961.28,4247.8
581365,F,False,False,usa,omaha,OFF,34,Nebraska,8,1,1,1,0.0,1.0,2.0,287.72,0.0,2.0,287.72,378.0
581388,F,False,False,usa,denver,DEN,28,Colorado,8,1,1,1,1.0,1.0,1.0,445.88,0.0,7.0,423.58599999999996,364.0
581409,F,False,True,usa,louisville,LOU,41,Kentucky,8,3,3,2,0.3333333333333333,1.6666666666666667,0.3333333333333333,321.3922222222222,0.0,2.5,1985.137,1452.0
581412,F,False,False,usa,charlotte,CLT,50,North Carolina,8,2,2,2,0.0,1.0,1.0,255.21999999999997,0.0,3.0,510.43999999999994,1299.0
581438,M,True,False,usa,new york,JFK,42,New York,8,3,3,3,0.3333333333333333,2.0,1.0,364.4041666666667,0.6666666666666666,5.0,1510.255,2465.0
581461,F,False,False,usa,new york,LGA,20,New York,8,1,0,1,0.0,,,,0.0,1.0,,302.0
581527,F,True,False,usa,san antonio,SAT,40,Texas,9,5,4,4,0.2,1.0,0.25,419.2225,0.25,2.75,1676.89,2180.65
581666,F,True,False,usa,reno,RNO,54,Nevada,8,3,3,3,0.0,1.0,0.6666666666666666,633.81,0.0,8.333333333333334,1901.4299999999998,4937.0
581679,F,False,True,canada,toronto,YTZ,22,Ontario,8,0,0,0,,,,,,,,
581685,F,True,True,usa,new york,LGA,60,New York,8,1,1,1,0.0,1.0,1.0,398.57,0.0,1.0,398.57,89.0
581721,F,False,False,canada,toronto,YKZ,45,Ontario,8,5,5,5,0.0,1.2,0.4,337.842,0.2,5.6,1955.47,3343.0
581729,F,False,False,usa,st. petersburg,SPG,70,Florida,10,0,0,0,,,,,,,,
581770,F,True,True,canada,vancouver,YVR,58,British Columbia,8,2,1,2,0.0,1.0,0.0,490.36,0.5,4.0,490.36,1082.0
581835,F,False,False,usa,detroit,DTW,41,Michigan,8,5,4,5,0.4,1.5,0.75,231.46416666666664,0.6,3.0,1138.062,5642.95
581858,F,True,False,usa,los angeles,LAX,49,California,8,2,2,1,0.5,1.0,0.5,507.965,0.0,1.0,1015.93,46.75
581901,F,True,False,usa,new orleans,NBG,56,Louisiana,8,5,4,4,0.4,1.0,0.25,315.605,0.5,1.75,1149.9545,2182.0
582002,F,False,False,usa,tulsa,TUL,20,Oklahoma,8,0,0,0,,,,,,,,
582011,F,True,True,usa,baltimore,BWI,66,Maryland,8,4,4,4,0.25,1.25,0.75,357.65999999999997,0.0,2.25,1898.144,3694.0
582227,F,False,True,canada,halifax,YHZ,33,Nova Scotia,8,4,3,3,0.5,1.0,0.3333333333333333,550.3933333333333,0.6666666666666666,5.666666666666667,1511.4005000000002,2688.0
582241,F,True,False,usa,bakersfield,BFL,43,California,8,0,0,0,,,,,,,,
582482,F,True,False,usa,brownsville,BRO,43,Texas,9,2,1,2,0.0,1.0,1.0,584.72,0.5,2.5,584.72,392.0
582484,F,True,True,usa,indianapolis,IND,41,Gujarat,8,3,3,3,0.0,1.0,0.6666666666666666,207.19333333333336,0.3333333333333333,1.6666666666666667,621.58,627.0
582577,F,True,True,usa,dallas,DAL,44,Texas,9,3,3,3,0.0,1.0,0.6666666666666666,364.29333333333335,0.3333333333333333,1.6666666666666667,1092.88,1065.0
582636,F,False,False,usa,omaha,OFF,53,Nebraska,9,2,2,2,0.0,1.0,1.0,299.275,0.0,1.5,598.55,771.0
582903,F,False,False,canada,toronto,YZD,26,,9,0,0,0,,,,,,,,
582995,F,False,False,usa,omaha,OFF,43,Nebraska,8,4,3,3,0.25,1.0,0.3333333333333333,277.18333333333334,0.0,3.3333333333333335,804.89,1561.0
583016,F,True,True,usa,laredo,LRD,45,Texas,8,1,1,1,0.0,1.0,0.0,42.69,1.0,2.0,42.69,126.0
583087,F,True,True,usa,chicago,UGN,48,Illinois,8,3,3,3,0.3333333333333333,1.3333333333333333,0.3333333333333333,215.54833333333332,0.0,3.6666666666666665,861.68,1590.4
583120,F,True,True,usa,stockton,SCK,55,California,8,1,1,1,0.0,1.0,1.0,796.57,0.0,3.0,796.57,573.0
583134,F,False,False,usa,minneapolis,MSP,36,Minnesota,8,1,1,1,1.0,1.0,1.0,205.85,0.0,1.0,195.55749999999998,231.0
583190,F,False,False,usa,honolulu,HNL,23,Hawaii,8,0,0,0,,,,,,,,
583200,F,True,False,usa,new york,LGA,43,New York,8,2,2,1,0.5,1.0,1.0,556.805,0.0,4.0,1044.656,648.0
583297,F,True,True,usa,los angeles,LAX,56,California,8,4,4,4,0.25,1.0,0.5,564.48,0.0,3.25,2223.502,2448.0
583336,F,False,True,usa,columbus,CMH,38,Ohio,9,2,1,2,0.0,1.0,0.0,280.75,1.0,6.0,280.75,1796.0
583483,F,True,False,usa,philadelphia,PNE,38,Pennsylvania,8,1,1,1,1.0,1.0,0.0,654.42,0.0,2.0,523.536,280.0
583486,F,True,False,usa,houston,HOU,47,Texas,9,4,4,4,0.0,1.5,1.0,392.27333333333337,0.5,2.25,2410.9,2360.0
583526,F,False,True,usa,san jose,SJC,33,California,9,3,2,3,0.3333333333333333,1.0,0.5,534.99,0.3333333333333333,5.0,1069.98,2061.0
583612,F,False,True,usa,st. louis,STL,42,Missouri,9,4,4,3,0.0,1.25,0.5,880.1537500000001,0.0,8.0,6592.31,3656.0
583623,F,False,True,usa,tucson,TUS,57,Arizona,8,1,1,1,0.0,1.0,0.0,633.95,0.0,3.0,633.95,426.0
583764,F,False,True,usa,honolulu,HNL,47,Hawaii,8,2,2,2,0.0,2.5,2.5,818.20125,0.0,3.0,3998.5199999999995,3831.0
583976,F,True,False,usa,los angeles,LAX,41,California,8,2,2,2,1.0,1.0,0.0,214.095,0.0,3.0,424.86199999999997,1347.3000000000002
584134,F,False,True,usa,reno,RNO,42,Nevada,8,2,2,2,0.0,1.0,0.0,577.625,0.5,1.5,1155.25,862.0
584185,F,True,True,usa,winston-salem,INT,51,North Carolina,8,1,1,1,1.0,1.0,2.0,127.09,0.0,1.0,127.09,73.8
584217,F,False,False,usa,brownsville,BRO,54,Texas,8,0,0,0,,,,,,,,
584247,F,False,False,canada,calgary,YYC,41,Alberta,8,3,3,3,0.0,1.3333333333333333,0.6666666666666666,478.3333333333333,0.0,1.6666666666666667,1976.6699999999998,1778.0
584423,F,False,False,usa,tampa,TPA,37,Florida,8,2,2,2,0.5,1.0,0.0,278.44,0.0,2.0,556.88,437.34999999999997
584459,F,True,True,usa,richmond,RIC,40,Virginia,8,2,1,2,0.0,1.0,1.0,346.13,0.5,6.5,346.13,3856.0
584530,F,True,True,usa,brownsville,BRO,45,Texas,8,4,4,4,0.75,1.5,1.0,498.4425,0.25,5.5,2979.0765,5846.8
584531,M,True,True,usa,shreveport,BAD,47,Louisiana,8,2,2,2,0.5,1.0,0.5,227.675,0.5,2.5,417.396,3046.0
584549,F,False,False,usa,st. louis,STL,57,Missouri,11,3,2,3,1.0,1.0,0.5,160.415,0.0,2.0,224.581,1365.0
584591,F,False,False,usa,new york,JFK,44,New York,8,3,3,3,0.0,1.0,0.6666666666666666,119.54666666666667,0.0,1.0,358.64,352.0
584666,M,True,False,usa,milwaukee,MKE,53,Wisconsin,9,4,3,4,0.0,1.6666666666666667,1.6666666666666667,123.04666666666667,1.0,2.5,520.98,2737.0
584843,F,True,True,usa,san diego,SAN,58,California,9,1,1,1,0.0,1.0,0.0,711.6,0.0,1.0,711.6,102.0
584844,F,False,False,usa,oakland,OAK,45,California,8,3,3,3,0.3333333333333333,1.3333333333333333,1.3333333333333333,317.12,0.3333333333333333,2.6666666666666665,1409.167,1255.0
585138,F,True,False,usa,los angeles,LAX,68,California,8,0,0,0,,,,,,,,
585585,F,False,False,usa,new york,JFK,49,New York,8,7,7,7,0.14285714285714285,1.4285714285714286,0.2857142857142857,421.25642857142856,0.2857142857142857,4.285714285714286,3820.34,13083.0
585595,F,False,False,usa,washington,IAD,46,Virginia,8,2,2,1,0.0,1.0,0.5,1452.525,0.0,2.0,2905.05,540.0
585722,F,True,False,canada,montreal,YMX,36,Quebec,8,3,2,3,0.6666666666666666,1.0,0.5,472.76,0.0,2.0,908.808,975.6
585745,F,True,False,usa,lubbock,LBB,49,Texas,8,4,4,3,0.25,1.0,0.0,315.655,0.0,2.3333333333333335,1262.62,1412.3
585882,F,True,False,usa,des moines,DSM,52,Iowa,8,3,2,3,0.3333333333333333,1.5,1.5,328.4325,0.3333333333333333,6.666666666666667,1069.3,2845.0
585965,F,False,False,usa,fort worth,FTW,51,Texas,8,3,3,3,0.0,1.0,0.6666666666666666,267.19666666666666,0.3333333333333333,3.0,801.59,1181.0
585986,M,True,True,canada,calgary,YYC,47,Alberta,8,1,1,1,0.0,1.0,0.0,360.38,0.0,1.0,360.38,75.0
586006,F,False,True,usa,los angeles,LAX,44,California,8,3,3,3,0.0,1.0,1.0,433.39000000000004,0.6666666666666666,3.3333333333333335,1300.17,1366.0
586038,F,False,False,canada,calgary,YYC,29,Alberta,8,4,4,4,0.25,1.0,0.75,431.66499999999996,0.25,2.25,1726.6599999999999,1232.0
586063,M,False,False,canada,hamilton,YHM,46,Ontario,8,1,1,1,0.0,2.0,0.0,322.495,1.0,2.0,644.99,1448.0
586077,F,True,False,usa,new york,JFK,50,New York,8,3,3,3,0.0,1.0,0.0,327.87666666666667,0.0,2.3333333333333335,983.63,2265.0
586122,M,True,False,usa,indianapolis,IND,54,Gujarat,8,2,2,2,0.0,1.0,0.0,226.25,0.5,1.5,452.5,469.0
586124,M,False,False,usa,louisville,LOU,45,Kentucky,8,2,2,2,0.5,1.0,1.0,215.04500000000002,1.0,5.0,430.09000000000003,1047.5
586192,F,True,False,usa,lincoln,LNK,51,Nebraska,8,1,1,1,0.0,1.0,1.0,207.0,1.0,2.0,207.0,404.0
586251,F,False,True,usa,long beach,LGB,38,California,8,2,2,2,0.5,1.0,1.0,403.66999999999996,0.0,6.5,807.3399999999999,699.2
586312,F,False,False,usa,new york,JFK,46,New York,8,3,3,3,0.6666666666666666,1.0,0.6666666666666666,592.4533333333334,0.0,1.3333333333333333,1777.3600000000001,749.0
586631,F,False,True,usa,nashville,BNA,37,Tennessee,8,2,2,1,0.0,1.0,1.0,157.63,0.0,1.0,315.26,110.0
586672,F,False,False,usa,baltimore,BWI,29,Maryland,8,4,4,3,0.5,1.25,0.5,293.00124999999997,0.6666666666666666,3.0,1487.7625,906.0
586701,M,False,False,usa,philadelphia,PNE,44,Pennsylvania,8,4,3,4,0.5,1.0,0.3333333333333333,200.83666666666667,0.0,4.5,560.879,2472.0
586721,F,False,False,usa,new york,LGA,19,New York,8,0,0,0,,,,,,,,
586732,F,False,False,canada,london,YXU,35,Ontario,8,4,4,4,0.0,1.0,1.0,228.9975,0.0,3.75,915.99,1867.0
586803,F,True,True,usa,corpus christi,CRP,38,Texas,8,1,0,1,1.0,,,,1.0,4.0,,1080.0
586887,F,True,False,usa,santa ana,SNA,41,California,8,5,5,5,0.0,1.2,0.2,457.884,0.2,1.8,2668.79,3263.0
586936,F,False,False,usa,tucson,DMA,51,Arizona,8,2,1,2,0.5,3.0,1.0,406.32666666666665,0.5,11.5,1218.98,2661.6000000000004
587134,F,False,False,usa,new york,JFK,42,New York,8,1,1,1,1.0,1.0,0.0,674.61,0.0,1.0,573.4185,279.0
587195,M,False,True,usa,corpus christi,CRP,67,Texas,8,1,1,1,1.0,1.0,0.0,488.33,0.0,2.0,463.91349999999994,172.0
587233,F,True,True,usa,new york,JFK,57,New York,8,0,0,0,,,,,,,,
587234,F,False,True,canada,toronto,YZD,42,,9,2,2,2,0.5,1.0,0.5,141.98000000000002,0.5,3.5,283.96000000000004,1077.55
587304,F,True,False,usa,chicago,MDW,51,Illinois,8,3,2,3,0.6666666666666666,1.0,1.0,155.535,0.0,3.0,273.003,1100.7
587313,F,False,False,usa,new york,JFK,31,New York,8,3,1,3,0.3333333333333333,1.0,0.0,111.66,0.0,9.666666666666666,94.911,5995.0
587373,F,True,False,usa,jacksonville,NCA,54,Turks and Caicos Islands,8,5,4,5,0.2,1.5,0.75,172.76083333333332,0.4,6.6,950.29,5373.0
587459,F,True,False,usa,philadelphia,PNE,51,Pennsylvania,8,4,4,2,0.0,1.0,0.25,354.27,0.0,1.0,1417.08,299.0
587601,F,True,False,canada,toronto,YYZ,73,Ontario,8,0,0,0,,,,,,,,
587753,F,True,False,usa,san antonio,RND,75,Texas,8,1,0,1,0.0,,,,0.0,2.0,,314.0
587754,F,True,True,usa,austin,AUS,52,Texas,9,1,1,1,0.0,1.0,0.0,445.54,0.0,1.0,445.54,170.0
587802,F,False,False,usa,los angeles,LAX,52,California,9,2,2,2,0.5,1.0,0.5,687.625,0.0,9.5,1233.08,2211.0
587810,F,False,True,usa,lincoln,LNK,55,Nebraska,8,3,3,2,0.3333333333333333,1.3333333333333333,0.6666666666666666,269.28833333333336,0.0,4.0,1009.8465,2018.0
587899,F,False,False,usa,tampa,MCF,39,Florida,8,2,2,2,0.0,1.5,0.0,270.9375,0.5,1.0,816.01,514.0
588313,F,False,False,usa,new york,JFK,20,New York,8,1,1,1,0.0,1.0,1.0,768.72,0.0,2.0,768.72,372.0
588355,F,True,False,usa,los angeles,LAX,49,California,8,3,3,3,0.0,1.6666666666666667,0.6666666666666666,485.2044444444444,0.3333333333333333,2.0,2520.42,1219.0
588370,M,True,True,canada,calgary,YYC,41,Alberta,8,4,2,3,0.75,1.0,1.0,380.825,0.3333333333333333,6.0,667.086,4938.2
588386,F,False,False,usa,cleveland,CLE,36,Ohio,8,2,2,2,0.0,1.0,1.0,1367.69,0.0,6.0,2735.38,1138.0
588391,F,False,True,usa,kansas city,MCI,50,Missouri,8,2,2,2,0.5,1.5,0.5,225.815,0.5,4.0,593.69,1581.0
588414,F,False,False,usa,new york,JFK,53,New York,8,3,3,3,0.3333333333333333,1.6666666666666667,0.0,302.82666666666665,0.3333333333333333,5.333333333333333,1847.26,13062.05
588526,F,False,True,usa,baltimore,BWI,20,Maryland,8,0,0,0,,,,,,,,
588560,F,False,False,usa,chicago,MDW,27,Illinois,8,0,0,0,,,,,,,,
588582,F,False,False,usa,chicago,MDW,51,Illinois,8,2,2,2,0.0,2.5,0.5,168.86,0.5,1.0,933.73,1240.0
588797,M,True,True,canada,victoria,YYJ,47,British Columbia,8,2,2,2,0.0,2.5,2.0,670.4837500000001,0.0,1.5,3150.0200000000004,1098.0
588820,F,False,False,usa,cincinnati,LUK,48,Ohio,8,4,4,4,0.5,1.0,0.75,328.5725,0.25,3.5,1310.9940000000001,2695.5
588970,F,False,True,usa,omaha,OFF,26,Nebraska,8,3,0,3,0.3333333333333333,,,,0.3333333333333333,9.666666666666666,,4691.8
589008,F,False,False,canada,halifax,YAW,20,,9,0,0,0,,,,,,,,
589154,F,True,True,usa,washington,DCA,40,Virginia,8,4,3,4,0.25,1.0,0.3333333333333333,345.1433333333334,0.5,13.25,1019.3109999999999,18033.0
589164,F,True,True,usa,oklahoma city,TIK,47,Oklahoma,8,4,4,4,0.0,1.0,0.25,342.6025,0.25,5.0,1370.41,3868.0
589306,F,False,True,usa,new york,LGA,42,New York,8,4,4,4,0.25,1.0,0.75,262.49,0.5,2.5,1049.96,1658.1
589404,F,False,True,usa,new orleans,MSY,43,Louisiana,8,3,2,3,0.0,1.0,0.0,287.27,0.3333333333333333,7.0,574.54,3945.0
589405,F,True,True,canada,ottawa,YOW,44,Ontario,8,2,1,2,0.0,1.0,1.0,124.69,0.0,2.5,124.69,1232.0
589489,F,False,False,usa,new york,JFK,44,New York,8,7,6,6,0.8571428571428571,1.0,0.3333333333333333,510.2633333333333,0.6666666666666666,3.3333333333333335,2862.371,3337.4
589539,F,False,False,usa,richmond,RIC,24,Virginia,8,2,0,2,0.0,,,,0.5,10.0,,16598.0
589630,F,True,True,usa,charlotte,CLT,51,North Carolina,8,4,3,3,0.25,1.3333333333333333,0.0,412.96,0.3333333333333333,6.666666666666667,1564.3,2722.2
589650,F,False,False,canada,montreal,YHU,41,Quebec,8,3,2,3,0.3333333333333333,1.5,0.5,219.54749999999999,0.0,1.6666666666666667,707.819,1158.0
589758,F,True,False,usa,washington,IAD,49,Virginia,8,5,4,5,0.4,1.0,0.5,466.75750000000005,0.2,2.2,1834.5075000000002,1253.0
589775,F,False,False,canada,london,YXU,52,Ontario,8,3,2,3,0.3333333333333333,1.5,0.5,361.36749999999995,0.0,2.0,751.16,642.2
589812,F,True,True,usa,newark,EWR,51,New Jersey,8,1,1,1,1.0,1.0,1.0,590.36,1.0,1.0,590.36,445.54999999999995
589868,F,True,False,usa,san diego,SAN,44,California,8,3,2,3,0.0,1.0,0.5,747.2750000000001,0.0,1.3333333333333333,1494.5500000000002,555.0
589884,O,True,False,usa,minneapolis,MSP,29,Minnesota,8,3,2,2,0.0,1.0,1.5,244.21,0.0,7.0,488.42,958.0
589977,F,True,False,canada,toronto,YYZ,53,Ontario,8,4,4,4,0.5,1.0,0.5,159.0925,0.25,2.5,571.5654999999999,1962.0
590040,F,False,False,canada,montreal,YHU,41,Quebec,8,6,5,5,0.16666666666666666,1.0,0.6,234.87399999999997,0.4,4.6,1118.063,4274.2
590077,F,False,False,usa,los angeles,LAX,41,California,8,2,2,2,1.0,1.0,0.5,393.005,1.0,2.0,786.01,763.7
590123,F,True,False,usa,minneapolis,MSP,62,Minnesota,8,1,1,1,0.0,2.0,1.0,1180.085,0.0,12.0,2360.17,1248.0
590163,F,False,True,usa,philadelphia,PHL,43,Pennsylvania,9,4,3,4,0.5,1.3333333333333333,0.0,287.38,0.0,3.5,981.252,3113.0
590202,F,False,False,usa,new york,JFK,46,New York,8,4,4,4,0.25,1.25,0.5,346.9225,0.25,2.25,1721.5570000000002,2421.0
590227,F,False,False,canada,toronto,YYZ,51,Ontario,8,2,2,2,1.0,2.0,1.0,120.84333333333333,1.0,3.0,427.5645,2298.3999999999996
590379,F,True,False,usa,san francisco,SFO,55,California,8,4,4,4,0.0,1.25,0.25,615.6575,0.5,2.25,3047.04,2390.0
590397,F,False,False,usa,memphis,MEM,20,Tennessee,8,2,0,2,0.0,,,,0.5,11.5,,2865.0
590412,F,False,False,usa,bakersfield,BFL,43,California,8,1,1,1,0.0,1.0,1.0,715.86,1.0,2.0,715.86,240.0
590420,F,False,True,usa,santa ana,SNA,29,California,8,4,2,4,0.25,1.0,0.5,496.53,0.25,3.75,924.663,2452.0
590468,F,False,False,usa,new york,JFK,25,New York,8,2,1,1,0.5,1.0,1.0,31.29,0.0,11.0,25.032,781.0
590471,F,True,False,canada,toronto,YTZ,57,Ontario,10,4,4,2,0.0,1.75,0.75,938.41625,0.0,1.0,6900.11,616.0
590473,F,True,False,usa,new york,LGA,50,New York,8,2,2,1,0.0,1.0,0.0,710.165,1.0,1.0,1420.33,78.0
590659,F,False,False,usa,milwaukee,MKE,38,Wisconsin,8,1,0,1,0.0,,,,0.0,4.0,,360.0
590697,F,False,False,usa,cleveland,CLE,46,Ohio,8,3,1,3,0.3333333333333333,3.0,0.0,116.75333333333333,0.3333333333333333,4.333333333333333,350.26,3483.0
590843,F,True,True,usa,columbus,LCK,37,Ohio,8,2,0,2,0.0,,,,0.0,12.0,,4387.0
590954,F,True,False,usa,little rock,LIT,49,Arkansas,8,3,3,3,0.3333333333333333,1.3333333333333333,0.6666666666666666,355.30999999999995,0.3333333333333333,2.3333333333333335,1566.54,753.5999999999999
590981,F,True,False,usa,philadelphia,PHL,41,Pennsylvania,8,3,2,3,0.0,1.0,1.0,333.97499999999997,0.6666666666666666,2.6666666666666665,667.9499999999999,2328.0
591063,F,True,False,canada,toronto,YTZ,56,Ontario,8,1,1,0,0.0,1.0,1.0,561.31,,,561.31,
591097,F,False,True,usa,houston,IAH,47,Texas,8,4,3,4,0.25,1.0,0.6666666666666666,384.9266666666667,0.25,1.5,1154.78,1181.0
591328,F,False,False,usa,newark,EWR,40,New Jersey,8,0,0,0,,,,,,,,
591381,F,False,False,usa,des moines,DSM,25,Iowa,8,2,1,2,0.0,1.0,1.0,144.33,0.0,6.0,144.33,19790.0
591714,F,True,False,usa,charlotte,CLT,51,North Carolina,8,6,5,5,0.16666666666666666,1.2,0.6,236.45700000000002,0.2,2.2,1274.99,1645.0
591888,F,True,False,usa,denver,DEN,54,Colorado,8,5,5,5,0.6,1.0,0.6,248.644,0.2,2.2,1222.008,1929.15
592079,F,False,False,usa,san francisco,SFO,20,California,8,0,0,0,,,,,,,,
592132,F,False,False,usa,chicago,ORD,39,Illinois,8,2,1,2,0.0,1.0,2.0,458.88,0.5,3.0,458.88,625.0
592366,F,False,True,canada,toronto,YKZ,40,Ontario,9,3,2,3,0.6666666666666666,1.0,0.5,185.43,1.0,3.0,370.86,3080.6
592371,F,False,False,usa,tallahassee,TLH,50,Florida,8,4,3,3,0.0,1.3333333333333333,0.6666666666666666,403.1616666666667,0.0,4.666666666666667,1553.63,2351.0
592378,F,False,False,usa,new york,LGA,21,New York,8,0,0,0,,,,,,,,
592403,M,False,False,canada,edmonton,YED,83,,8,1,0,1,1.0,,,,1.0,5.0,,2242.0
592886,F,True,False,usa,st. petersburg,SPG,50,Florida,8,3,3,3,0.0,1.3333333333333333,0.3333333333333333,186.33166666666668,0.3333333333333333,2.0,622.35,1808.0
592929,F,False,False,usa,new york,JFK,50,New York,8,3,3,2,0.3333333333333333,1.0,0.6666666666666666,262.3833333333333,0.0,5.5,777.9,2274.0
593350,F,False,True,usa,sacramento,MHR,50,California,8,4,4,4,0.0,1.5,0.5,154.69166666666666,0.25,3.5,1157.26,3967.0
593385,F,True,True,usa,new york,JFK,47,New York,8,4,4,4,0.5,1.5,1.0,601.0566666666666,0.25,4.75,3322.51,3535.4
593398,F,False,False,usa,atlanta,ATL,25,Georgia,8,0,0,0,,,,,,,,
593401,F,False,False,usa,tallahassee,TLH,41,Florida,8,2,2,1,0.5,1.0,0.5,264.265,0.0,2.0,528.53,300.0
593494,F,True,False,usa,new york,LGA,59,New York,8,3,3,3,0.0,1.0,0.0,339.8266666666667,0.3333333333333333,2.0,1019.4800000000001,688.0
593536,F,True,True,usa,houston,EFD,48,Texas,8,5,4,4,0.0,1.0,0.75,339.6125,0.25,4.0,1358.45,3316.0
593672,F,False,False,usa,brownsville,BRO,34,Texas,8,3,1,3,0.6666666666666666,2.0,1.0,587.515,0.6666666666666666,5.333333333333333,881.2725,4807.4
593833,F,False,False,usa,detroit,YIP,25,Michigan,9,0,0,0,,,,,,,,
594000,F,True,False,usa,new york,JFK,69,New York,8,1,0,1,0.0,,,,0.0,6.0,,1020.0
594027,F,False,True,usa,san francisco,SFO,36,California,8,2,1,2,0.5,1.0,1.0,583.68,0.5,5.0,496.12799999999993,2319.0
594042,F,True,False,usa,memphis,MEM,39,Tennessee,9,6,6,6,0.16666666666666666,1.0,0.3333333333333333,254.88833333333332,0.3333333333333333,2.1666666666666665,1529.33,3462.4
594146,F,False,False,usa,columbus,LCK,71,Ohio,8,1,0,1,0.0,,,,0.0,8.0,,1280.0
594406,F,False,False,usa,chicago,UGN,38,Illinois,8,4,4,4,0.25,1.0,0.25,215.18,0.25,2.0,860.72,2365.5
594410,F,True,False,canada,calgary,YYC,70,Alberta,8,3,1,2,0.3333333333333333,2.0,1.0,1605.04,0.5,4.5,3210.08,870.8
594449,F,True,True,usa,kansas city,MCI,55,Missouri,8,1,1,1,0.0,1.0,1.0,263.76,0.0,1.0,263.76,297.0
594516,F,False,False,usa,birmingham,BHM,33,Alabama,9,0,0,0,,,,,,,,
594644,F,True,False,usa,shreveport,BAD,53,Louisiana,8,3,3,3,0.3333333333333333,1.0,1.3333333333333333,221.62333333333333,0.0,2.6666666666666665,664.87,1738.6
594824,F,True,True,usa,oklahoma city,OKC,50,Oklahoma,9,1,1,1,1.0,1.0,0.0,127.27,0.0,1.0,114.54299999999999,369.0
594875,F,False,True,canada,edmonton,YED,20,,8,1,0,1,0.0,,,,1.0,5.0,,1110.0
595123,F,False,True,canada,victoria,YYJ,43,British Columbia,8,1,1,1,1.0,1.0,0.0,624.83,0.0,4.0,468.62250000000006,584.0
595171,F,True,False,usa,columbus,LCK,37,Ohio,8,2,2,2,0.0,1.0,0.0,344.26,0.0,3.0,688.52,1414.0
595183,F,True,False,usa,seattle,SEA,68,Washington,9,1,0,1,0.0,,,,0.0,7.0,,3332.0
595257,F,False,False,usa,san diego,SAN,48,California,8,4,4,4,0.0,1.0,0.5,513.165,0.0,3.75,2052.66,1914.0
595283,F,True,False,usa,baton rouge,BTR,57,Louisiana,8,1,1,0,1.0,1.0,1.0,301.34,,,271.20599999999996,
595386,F,False,False,usa,san antonio,SKF,43,Texas,8,6,6,5,0.5,1.0,0.6666666666666666,334.55833333333334,0.4,3.2,1856.854,2378.35
595442,F,False,False,usa,corpus christi,CRP,46,Texas,8,4,4,2,0.25,1.0,0.5,291.43,0.5,1.5,1165.72,525.0
595506,F,False,False,usa,long beach,LGB,27,California,8,0,0,0,,,,,,,,
595527,F,True,False,usa,kansas city,MCI,33,Missouri,8,3,2,3,0.6666666666666666,1.5,0.5,676.4725,1.0,5.666666666666667,2519.6899999999996,3266.1
595587,F,False,True,usa,st. louis,STL,41,Missouri,8,4,4,3,0.0,1.25,0.0,271.93874999999997,0.3333333333333333,1.6666666666666667,1251.85,1123.0
595690,F,True,False,usa,orlando,ORL,71,Florida,8,0,0,0,,,,,,,,
595897,F,False,False,canada,montreal,YMX,28,Quebec,8,1,0,1,1.0,,,,0.0,12.0,,3758.4
596103,F,False,False,usa,new york,JFK,26,New York,8,2,1,2,0.0,1.0,1.0,434.64,0.5,3.0,434.64,1852.0
596153,F,True,False,canada,toronto,YKZ,54,Ontario,8,5,5,4,0.2,1.0,0.4,305.64,0.25,2.5,1442.118,911.8
596186,F,False,False,usa,washington,DCA,24,Virginia,8,2,1,2,1.0,1.0,1.0,107.73,0.5,3.5,96.95700000000001,1281.0
596220,F,True,False,usa,mobile,MOB,53,Alabama,9,2,1,2,0.5,1.0,1.0,463.69,0.5,9.0,463.69,6220.0
596222,F,True,False,usa,philadelphia,PNE,62,Pennsylvania,8,3,2,3,0.3333333333333333,1.0,1.0,79.6,0.3333333333333333,2.3333333333333335,159.2,3559.0
596320,F,True,True,usa,fayetteville,FYV,38,Arkansas,9,2,2,1,0.5,2.0,1.0,282.645,0.0,1.0,1103.1100000000001,453.15
596349,F,True,False,usa,fresno,FAT,70,California,8,1,0,1,0.0,,,,0.0,15.0,,4260.0
596361,F,False,False,usa,san jose,SJC,34,California,8,2,1,2,0.5,1.0,1.0,413.33,0.0,11.5,392.66349999999994,3889.0
596409,F,False,False,usa,chicago,MDW,49,Illinois,8,2,2,2,0.5,1.0,0.5,395.57000000000005,0.5,1.5,767.238,297.8
596505,F,False,False,usa,san diego,NZY,45,California,8,6,5,5,0.5,1.2,0.8,373.506,0.0,7.0,2304.2775,6323.6
596732,F,True,True,usa,san antonio,SAT,49,Texas,8,3,3,3,0.0,1.3333333333333333,0.0,393.78999999999996,0.0,2.0,1517.66,967.0
596820,F,False,False,usa,wichita,ICT,39,Kansas,8,1,1,1,0.0,1.0,1.0,181.81,0.0,2.0,181.81,316.0
596863,F,True,True,usa,chicago,ORD,41,Illinois,8,2,1,2,0.0,2.0,0.0,58.86,0.5,13.0,117.72,9549.0
597029,F,True,False,canada,montreal,YUL,42,Quebec,8,5,4,4,0.0,1.25,1.0,331.46625,0.0,6.0,1431.6599999999999,7604.0
597300,F,True,True,usa,new york,JFK,39,New York,8,2,2,2,0.5,1.5,0.0,159.265,0.5,7.0,514.928,4156.0
597434,F,False,False,usa,austin,AUS,42,Texas,8,3,3,2,0.0,1.0,0.6666666666666666,273.50666666666666,0.5,2.0,820.52,803.0
597734,F,True,False,usa,san francisco,SFO,48,California,8,3,3,1,0.0,1.0,0.3333333333333333,454.5833333333333,0.0,2.0,1363.75,320.0
597836,F,False,False,usa,fort worth,FTW,45,Texas,8,3,3,3,0.0,1.0,1.0,137.12,0.3333333333333333,2.0,411.36,622.0
597878,F,False,False,usa,columbus,CMH,56,Ohio,8,2,2,2,0.0,1.5,1.0,333.9925,0.5,2.0,762.56,634.0
597946,F,True,False,usa,atlanta,ATL,57,Georgia,8,2,2,1,0.0,1.0,1.0,154.055,1.0,2.0,308.11,162.0
597955,F,True,True,usa,los angeles,LAX,66,California,8,0,0,0,,,,,,,,
598075,F,True,True,usa,houston,EFD,39,Texas,8,3,2,3,0.3333333333333333,1.0,1.0,529.8050000000001,0.0,1.6666666666666667,1059.6100000000001,460.0
598233,F,True,True,usa,phoenix,LUF,46,Arizona,8,4,4,4,0.25,1.25,0.5,469.28375,0.0,2.25,2107.3720000000003,1850.0
598265,M,True,True,usa,baltimore,BWI,48,Maryland,8,4,2,4,0.0,1.0,0.5,62.410000000000004,0.0,2.75,124.82000000000001,2574.0
598526,M,True,False,usa,columbus,LCK,70,Ohio,8,1,0,1,0.0,,,,0.0,3.0,,282.0
598533,F,False,True,canada,victoria,YYJ,41,British Columbia,8,1,1,1,0.0,1.0,0.0,680.07,0.0,2.0,680.07,340.0
598590,F,True,False,usa,las vegas,LAS,51,Nevada,8,5,5,5,0.2,1.2,0.2,182.981,0.2,1.8,949.596,1242.0
598692,M,False,False,usa,los angeles,LAX,24,California,8,2,1,2,0.5,1.0,0.0,567.2,0.0,9.5,567.2,3305.2
598715,F,True,True,canada,gatineau,YND,32,Quebec,8,2,2,1,0.5,1.0,0.5,427.945,0.0,2.0,855.89,90.0
598881,F,False,False,usa,knoxville,TYS,46,Tennessee,8,6,5,6,0.16666666666666666,1.6,0.4,304.1603333333333,0.5,3.5,2211.64,3446.75
598911,F,False,False,canada,montreal,YUL,40,Quebec,8,6,6,5,0.5,1.0,0.8333333333333334,231.58333333333334,0.4,3.0,1379.4175,3817.8
598945,F,False,False,usa,charlotte,CLT,23,North Carolina,8,1,1,1,0.0,1.0,1.0,527.04,1.0,3.0,527.04,1050.0
599244,F,False,False,usa,dallas,DAL,28,Texas,8,1,1,0,0.0,1.0,0.0,201.71,,,201.71,
599335,F,False,False,usa,el paso,ELP,55,Texas,8,3,3,2,0.6666666666666666,1.0,0.6666666666666666,225.4333333333333,0.0,6.0,626.893,3300.0
599437,F,False,False,usa,amarillo,AMA,55,Texas,8,3,3,3,0.6666666666666666,1.3333333333333333,0.0,308.455,0.0,2.6666666666666665,1313.2075,1500.5
599454,F,True,False,usa,charlotte,CLT,45,North Carolina,8,2,2,2,0.5,1.5,0.0,454.1625,0.0,7.0,1007.4499999999999,3353.0
599833,F,True,True,usa,el paso,BIF,46,Texas,8,4,4,4,0.25,1.0,0.25,326.4375,0.0,4.75,1269.7849999999999,2332.0
599909,F,False,False,usa,san antonio,SKF,31,Texas,8,0,0,0,,,,,,,,
600018,F,False,False,usa,grand rapids,GRR,40,Michigan,8,5,5,4,0.2,1.2,1.2,376.924,0.5,1.75,2180.1,870.0
600057,F,True,False,usa,chicago,UGN,36,Illinois,8,1,1,1,1.0,1.0,0.0,250.5,0.0,6.0,250.5,712.8000000000001
600078,F,False,False,usa,chicago,UGN,59,Illinois,8,3,3,2,0.3333333333333333,1.0,1.0,282.0,0.0,3.0,800.429,818.8
600287,F,False,True,usa,atlanta,ATL,43,Georgia,8,2,2,2,0.5,1.0,0.5,173.445,0.5,1.0,329.697,334.0
600304,F,True,False,usa,philadelphia,PNE,59,Pennsylvania,8,2,2,2,0.0,1.0,1.0,227.61499999999998,0.0,1.0,455.22999999999996,337.0
600351,F,True,False,usa,portland,PDX,50,Oregon,8,2,2,1,0.5,1.0,0.5,523.34,1.0,4.0,1046.68,1040.0
600561,F,False,False,usa,phoenix,PHX,32,Arizona,8,2,2,2,0.0,1.0,0.5,314.98,0.5,1.0,629.96,1019.0
600648,F,True,False,usa,baltimore,BWI,48,Maryland,8,5,4,4,0.2,1.5,0.75,472.17999999999995,0.25,2.5,2590.7999999999997,2831.7
600690,F,False,False,canada,london,YXU,41,Ontario,9,5,3,5,0.2,1.6666666666666667,0.6666666666666666,328.6744444444444,0.0,6.2,1339.6535,5567.0
600750,F,True,True,usa,new york,LGA,51,New York,8,2,2,2,0.0,1.0,0.0,688.87,0.5,1.5,1377.74,492.0
600842,F,False,False,usa,birmingham,BHM,34,Alabama,8,2,0,2,0.0,,,,0.0,3.0,,1017.0
600886,F,False,False,usa,cincinnati,LUK,43,Ohio,9,4,4,4,0.25,1.0,0.5,238.90499999999997,0.25,3.75,934.4565,2688.7
601116,F,False,False,usa,madison,MSN,31,Wisconsin,8,2,1,2,0.0,1.0,0.0,238.99,0.0,4.5,238.99,2082.0
601282,F,True,True,usa,new york,JFK,59,New York,8,2,2,2,1.0,1.0,0.5,362.64,0.0,1.5,677.9575,622.0
601673,F,True,True,canada,toronto,YYZ,42,Ontario,8,5,5,4,0.2,1.6,0.0,328.037,0.25,2.5,2124.329,1605.0
601894,F,False,True,usa,new york,JFK,28,New York,9,2,1,2,0.0,1.0,0.0,402.17,0.0,3.5,402.17,734.0
601917,F,False,False,usa,cleveland,CLE,33,Ohio,8,4,4,3,0.5,1.25,0.5,376.30499999999995,0.6666666666666666,2.0,1988.7435,731.0
602190,F,False,True,usa,houston,HOU,47,Texas,8,2,1,2,0.0,1.0,0.0,247.69,0.0,7.0,247.69,3506.0
602478,F,True,False,usa,new york,LGA,28,New York,8,2,0,2,0.0,,,,0.0,13.5,,7392.0
602656,F,False,False,usa,san antonio,SAT,44,Texas,8,3,3,3,0.3333333333333333,1.3333333333333333,1.0,279.30833333333334,0.0,3.3333333333333335,890.8620000000001,2143.0
602769,F,True,True,usa,new york,JFK,40,New York,9,4,4,4,0.0,1.0,0.5,438.8725,0.75,1.75,1755.49,1400.0
602921,F,True,False,canada,toronto,YKZ,69,Ontario,8,1,1,1,0.0,1.0,1.0,660.27,0.0,1.0,660.27,296.0
602925,F,True,False,canada,quebec,YQB,58,Quebec,9,5,4,4,0.2,1.0,0.5,460.4825,0.25,7.75,1841.93,5268.0
602946,M,False,False,usa,phoenix,LUF,49,Arizona,8,4,3,4,0.0,1.3333333333333333,0.3333333333333333,437.4866666666667,0.5,4.25,1913.88,2276.0
603033,F,False,False,usa,los angeles,LAX,75,California,8,0,0,0,,,,,,,,
603053,F,False,False,usa,orlando,MCO,47,Florida,8,3,3,3,0.3333333333333333,1.3333333333333333,0.0,261.62333333333333,1.0,1.3333333333333333,888.3299999999999,625.0
603100,F,False,True,usa,fort worth,FTW,28,Texas,8,1,0,1,1.0,,,,0.0,17.0,,2448.0
603221,F,False,False,usa,new york,LGA,24,New York,8,0,0,0,,,,,,,,
603341,F,True,False,usa,jacksonville,LRF,69,Arkansas,9,0,0,0,,,,,,,,
603809,F,True,False,usa,colorado springs,COS,56,Colorado,9,2,1,2,0.5,1.0,1.0,259.07,0.5,2.0,246.11649999999997,526.0
603875,F,False,False,usa,charlotte,CLT,44,North Carolina,8,2,2,2,0.5,1.0,0.5,338.565,0.0,6.0,677.13,1077.5
604388,F,False,False,usa,des moines,DSM,36,Iowa,8,1,1,1,1.0,1.0,2.0,464.45,0.0,1.0,464.45,66.5
604592,F,False,False,usa,baltimore,BWI,22,Maryland,8,1,1,0,1.0,2.0,1.0,124.195,,,248.39,
604664,F,False,True,usa,austin,AUS,26,Texas,8,0,0,0,,,,,,,,
604982,F,True,False,usa,new york,JFK,49,New York,8,3,3,3,0.3333333333333333,1.3333333333333333,0.3333333333333333,342.0516666666667,0.3333333333333333,3.0,1181.2839999999999,2320.0
605136,F,False,False,usa,new york,JFK,20,New York,8,1,0,1,0.0,,,,0.0,15.0,,3900.0
605439,F,False,False,usa,san jose,SJC,42,California,8,2,2,2,0.0,1.0,0.0,499.75,0.0,4.5,999.5,2106.0
605494,F,False,True,usa,new york,JFK,48,New York,8,3,3,3,0.0,1.0,1.0,461.9766666666667,0.3333333333333333,2.3333333333333335,1385.93,1589.0
605558,F,False,False,usa,buffalo,BUF,37,New York,8,5,3,5,0.0,1.0,0.3333333333333333,225.92999999999998,0.2,3.4,677.79,1988.0
605607,F,True,True,usa,phoenix,LUF,51,Arizona,8,1,1,1,0.0,1.0,2.0,645.61,0.0,2.0,645.61,250.0
605615,M,False,False,canada,edmonton,YEG,37,Alberta,8,2,2,2,0.0,1.0,0.5,504.56,0.0,1.5,1009.12,447.0
605776,F,False,False,usa,new york,JFK,23,New York,8,5,2,4,0.2,1.5,1.0,298.2375,0.5,5.25,1087.635,7930.0
605780,F,True,True,canada,montreal,YHU,55,Quebec,8,2,2,1,0.5,1.0,1.0,118.965,1.0,1.0,182.702,55.0
605943,F,False,False,usa,nashville,BNA,20,Tennessee,8,1,1,0,0.0,1.0,0.0,2017.47,,,2017.47,
605945,F,False,True,canada,edmonton,YXD,41,,8,4,4,3,0.25,1.25,0.5,500.78,0.3333333333333333,1.6666666666666667,2500.0460000000003,930.0
606041,F,False,True,canada,vancouver,YVR,58,British Columbia,8,2,2,1,0.0,1.0,0.5,631.015,1.0,4.0,1262.03,984.0
606060,F,True,False,usa,new york,LGA,54,New York,8,2,2,2,0.0,1.0,1.0,337.47,0.0,5.0,674.94,1618.0
606161,F,True,True,usa,orlando,MCO,49,Florida,8,3,1,3,0.3333333333333333,1.0,1.0,297.15,0.0,5.666666666666667,297.15,8849.0
606283,F,False,True,usa,oklahoma city,OKC,49,Oklahoma,8,1,1,1,0.0,1.0,0.0,388.15,0.0,1.0,388.15,72.0
606333,F,False,False,usa,providence,PVD,46,Rhode Island,8,4,3,3,0.5,1.0,0.6666666666666666,121.01666666666667,0.0,6.0,357.776,2148.9
606456,M,False,False,usa,tampa,TPA,27,Florida,8,0,0,0,,,,,,,,
606648,F,False,False,usa,san jose,SJC,32,California,8,4,2,4,0.0,2.0,0.0,275.315,0.5,2.25,1104.63,2265.0
606762,F,False,True,usa,jacksonville,LRF,53,Arkansas,8,3,2,3,0.0,1.0,1.5,304.78499999999997,0.3333333333333333,2.3333333333333335,609.5699999999999,1764.0
607152,F,False,False,usa,los angeles,LAX,35,California,8,4,3,4,0.5,1.3333333333333333,0.0,500.41,0.25,3.75,1449.078,2079.0
607280,F,True,True,usa,omaha,OMA,38,Iowa,8,1,1,1,1.0,1.0,1.0,264.94,0.0,5.0,238.446,1220.0
607350,F,False,True,canada,victoria,YYJ,40,British Columbia,8,3,3,2,0.3333333333333333,1.0,1.0,496.62999999999994,0.0,3.0,1489.8899999999999,826.0
607626,F,False,False,canada,montreal,YMX,21,Quebec,8,1,0,1,0.0,,,,0.0,9.0,,666.0
607706,F,False,False,canada,calgary,YYC,40,Alberta,8,2,1,1,0.0,1.0,1.0,321.79,1.0,4.0,321.79,672.0
608039,F,False,False,usa,austin,AUS,27,Texas,8,2,1,2,0.0,1.0,1.0,449.5,0.5,3.0,449.5,844.0
608086,F,False,False,usa,new york,LGA,29,New York,8,2,2,2,0.5,2.0,0.0,93.95333333333333,0.0,3.5,437.726,3940.0
608287,F,False,True,usa,dallas,DAL,44,Texas,8,4,3,4,0.0,1.0,0.6666666666666666,331.54,0.75,3.0,994.62,2414.0
608296,F,True,False,usa,san diego,NZY,43,California,8,4,2,4,0.25,1.0,0.5,320.495,0.25,5.75,640.99,7083.4
608478,M,True,False,usa,los angeles,LAX,61,California,8,3,1,2,1.0,1.0,1.0,322.25,0.5,17.0,322.25,4406.099999999999
608521,F,False,True,canada,montreal,YHU,62,Quebec,9,2,2,2,0.5,1.0,1.0,708.49,0.5,2.0,1350.689,782.0
608629,F,False,False,usa,new york,LGA,38,New York,8,5,5,5,0.6,1.0,0.4,287.86800000000005,0.0,2.4,1347.2655,1844.9
608764,F,True,True,canada,montreal,YHU,44,Quebec,8,2,2,2,0.0,1.0,0.5,419.605,0.0,1.5,839.21,601.0
608786,M,True,False,usa,chicago,MDW,73,Illinois,8,0,0,0,,,,,,,,
608820,F,True,True,usa,san diego,NZY,42,California,8,3,2,3,1.0,3.5,3.5,1499.0291666666667,0.6666666666666666,7.0,12373.477499999999,5715.6
608866,F,True,False,usa,st. louis,STL,66,Missouri,8,1,1,1,1.0,1.0,1.0,72.23,1.0,3.0,72.23,845.1
608970,F,False,False,usa,brownsville,BRO,36,Texas,8,1,1,0,0.0,1.0,0.0,396.7,,,396.7,
609051,F,True,True,usa,new york,JFK,50,New York,8,2,2,1,0.5,1.5,0.0,634.815,1.0,1.0,1816.65,946.0
609243,M,False,True,usa,minneapolis,MSP,40,Minnesota,8,3,2,3,0.6666666666666666,1.5,1.0,393.9275,0.3333333333333333,5.333333333333333,1115.0629999999999,2557.0
609262,F,False,False,usa,brownsville,BRO,40,Texas,8,4,4,4,0.25,1.5,0.25,476.3033333333333,0.5,5.25,2753.658,5486.0
609673,F,True,False,usa,tulsa,TUL,42,Oklahoma,8,3,3,3,1.0,1.0,0.6666666666666666,290.77666666666664,0.0,2.6666666666666665,768.719,1214.0
610294,F,True,False,usa,new york,LGA,55,New York,9,2,2,2,0.0,1.0,0.5,710.4300000000001,0.0,1.0,1420.8600000000001,480.0
610306,F,True,False,usa,new york,LGA,55,New York,8,4,4,3,0.0,1.25,0.75,431.38375,0.6666666666666666,3.3333333333333335,1814.45,1853.0
610338,F,False,True,usa,columbus,CMH,21,Ohio,8,1,1,1,0.0,1.0,1.0,147.31,0.0,6.0,147.31,654.0
610395,F,True,False,usa,fayetteville,FYV,57,Arkansas,8,3,2,3,0.0,1.0,1.0,390.37,0.3333333333333333,2.6666666666666665,780.74,2374.0
610905,F,True,False,usa,san antonio,RND,81,Texas,8,0,0,0,,,,,,,,
610909,F,True,False,usa,san jose,SJC,45,California,8,2,2,2,0.5,1.5,0.5,470.945,0.5,1.0,1102.7359999999999,718.0
611031,F,False,True,usa,new york,LGA,24,New York,8,0,0,0,,,,,,,,
611087,F,False,True,usa,buffalo,BUF,41,New York,9,2,1,2,1.0,1.0,1.0,663.66,0.0,3.5,630.477,1644.0
611126,F,True,True,usa,miami,OPF,54,Florida,8,2,2,2,0.0,1.5,0.5,540.7025,0.0,3.5,1803.32,1452.0
611177,F,True,True,usa,los angeles,LAX,46,California,9,2,2,2,0.0,1.5,0.5,756.3375000000001,0.5,1.5,2250.65,660.0
611350,M,False,True,usa,tucson,TUS,29,Arizona,8,1,1,1,0.0,1.0,1.0,644.82,0.0,1.0,644.82,146.0
611839,F,False,False,usa,kansas city,MCI,40,Missouri,8,5,4,5,0.2,1.0,0.25,285.7125,0.6,3.8,1142.85,5739.55
611852,M,False,False,usa,akron,AKR,43,Ondo,8,2,2,2,0.5,1.0,1.0,54.699999999999996,0.5,1.0,107.15849999999999,360.4
612220,M,False,False,usa,lubbock,LBB,19,Texas,8,1,1,0,0.0,1.0,2.0,438.49,,,438.49,
612226,F,False,True,usa,dallas,DAL,35,Texas,8,0,0,0,,,,,,,,
612236,F,True,True,usa,colorado springs,COS,52,Colorado,8,3,3,3,0.3333333333333333,1.0,0.6666666666666666,243.94333333333336,0.3333333333333333,3.3333333333333335,660.49,1878.0
612562,F,False,False,usa,los angeles,LAX,27,California,8,1,1,0,1.0,2.0,1.0,731.18,,,1462.36,
612685,F,False,False,usa,tampa,MCF,43,Florida,8,2,2,2,0.0,1.0,0.5,261.135,0.0,1.5,522.27,482.0
613164,F,False,False,usa,chicago,MDW,30,Illinois,8,3,1,3,0.3333333333333333,1.0,0.0,43.32,0.3333333333333333,10.333333333333334,43.32,4285.0
613275,F,False,True,usa,philadelphia,PHL,46,Pennsylvania,10,3,3,2,0.3333333333333333,1.0,0.3333333333333333,279.02333333333337,0.0,1.5,837.07,267.6
613383,M,False,False,usa,phoenix,PHX,41,Arizona,8,1,1,1,0.0,2.0,1.0,76.99,1.0,2.0,153.98,284.0
613874,F,True,False,usa,houston,IAH,57,Texas,8,4,4,4,1.0,1.25,0.75,456.665,0.5,2.0,1938.438,2068.0
614033,F,False,False,usa,honolulu,HNL,41,Hawaii,8,2,2,2,0.5,1.0,0.5,1351.29,0.0,2.5,2641.268,1025.0
614092,F,False,False,usa,dallas,DAL,26,Texas,8,2,0,2,0.0,,,,0.5,14.0,,3714.0
614412,F,True,True,usa,tulsa,TUL,51,Oklahoma,9,2,2,2,0.0,1.0,0.0,375.72,0.0,1.5,751.44,411.0
614632,F,True,True,usa,baltimore,BWI,54,Maryland,8,2,1,1,0.0,1.0,1.0,104.24,0.0,7.0,104.24,777.0
614668,F,True,True,usa,los angeles,LAX,54,California,8,2,2,2,0.0,1.5,1.0,241.17499999999998,0.0,1.0,821.25,176.0
614748,F,False,True,usa,san diego,NZY,50,California,8,2,2,2,0.0,1.5,1.0,389.255,0.5,3.5,852.65,3884.0
614793,F,True,False,usa,jacksonville,NIP,69,Florida,8,1,1,0,1.0,1.0,1.0,493.59,,,419.5515,
614828,F,False,False,usa,miami,TNT,42,Florida,8,2,2,1,0.0,1.0,0.0,317.635,1.0,2.0,635.27,544.0
614846,M,True,False,usa,columbus,LCK,71,Ohio,8,0,0,0,,,,,,,,
615266,F,False,False,usa,charlotte,CLT,42,North Carolina,8,6,6,6,0.0,1.0,0.5,407.7916666666667,0.16666666666666666,2.6666666666666665,2446.75,1766.0
615307,F,True,True,usa,tulsa,TUL,52,Oklahoma,8,1,1,1,0.0,1.0,2.0,183.48,0.0,3.0,183.48,1644.0
615544,F,False,False,usa,cincinnati,CVG,39,Kentucky,8,1,1,0,0.0,1.0,1.0,167.06,,,167.06,
615674,F,False,False,canada,winnipeg,YWG,20,Manitoba,8,1,0,1,0.0,,,,0.0,5.0,,690.0
615783,F,False,False,usa,fort worth,FTW,20,Texas,8,1,1,1,0.0,1.0,1.0,178.05,0.0,3.0,178.05,402.0
615922,M,True,False,usa,new york,LGA,69,New York,8,2,1,1,0.5,1.0,0.0,710.03,0.0,6.0,710.03,306.0
616086,F,True,False,usa,new york,LGA,83,New York,8,0,0,0,,,,,,,,
616125,F,False,False,canada,calgary,YYC,34,Alberta,8,1,1,1,0.0,2.0,1.0,158.08,0.0,2.0,316.16,172.0
616461,F,False,True,canada,london,YXU,33,Ontario,8,2,2,1,0.0,1.0,0.5,283.42,0.0,3.0,566.84,810.0
616470,F,True,False,usa,san diego,NZY,33,California,8,2,2,2,0.0,1.0,0.5,576.97,0.0,2.0,1153.94,564.0
616692,F,True,True,usa,san francisco,SFO,57,California,9,1,1,0,1.0,1.0,1.0,565.02,,,536.769,
616715,M,True,True,usa,knoxville,TYS,43,Tennessee,8,1,1,1,0.0,1.0,1.0,145.63,0.0,2.0,145.63,260.0
616734,F,False,False,usa,san francisco,SFO,28,California,8,0,0,0,,,,,,,,
616789,F,False,False,usa,buffalo,BUF,25,New York,8,2,1,1,0.5,2.0,1.0,331.38,0.0,7.0,662.76,493.84999999999997
616795,F,True,False,usa,norfolk,NGU,48,Virginia,8,4,3,4,0.5,1.0,0.3333333333333333,346.1433333333334,0.25,3.0,1000.2165,1039.0
616950,F,True,False,usa,nashville,BNA,24,Tennessee,8,1,1,1,0.0,1.0,1.0,217.15,0.0,1.0,217.15,307.0
616992,F,False,True,usa,san antonio,SAT,39,Texas,8,2,2,1,0.0,1.0,1.0,314.985,0.0,3.0,629.97,3189.0
617125,F,False,False,usa,new york,LGA,41,New York,8,3,3,2,0.0,1.0,0.6666666666666666,410.1566666666667,0.5,1.0,1230.47,216.0
617402,F,False,False,usa,las vegas,LAS,35,Nevada,8,3,3,3,0.3333333333333333,2.0,0.3333333333333333,478.6175,0.3333333333333333,1.6666666666666667,3397.62,1164.8
617407,F,True,True,usa,honolulu,HNL,44,Hawaii,8,2,2,2,0.5,1.5,0.0,915.1225,0.0,3.0,2841.0665,1034.0
617506,F,True,False,canada,halifax,YHZ,46,Nova Scotia,8,2,2,2,0.0,2.0,1.0,460.9733333333333,0.5,5.5,2433.08,2355.0
617606,F,True,False,usa,san diego,SAN,73,California,8,0,0,0,,,,,,,,
617743,F,True,False,usa,st. louis,STL,67,Missouri,8,2,1,2,0.5,1.0,1.0,478.6,0.0,6.0,478.6,2059.0
617878,F,False,True,usa,los angeles,LAX,40,California,8,6,6,6,0.3333333333333333,1.1666666666666667,0.8333333333333334,510.385,0.3333333333333333,2.6666666666666665,3347.673,1962.4
617990,F,True,False,canada,halifax,YAW,62,,8,0,0,0,,,,,,,,
617994,F,False,False,canada,toronto,YYZ,48,Ontario,8,3,2,3,0.6666666666666666,1.5,1.0,88.6375,0.0,6.0,241.11,2300.4
618063,F,True,False,canada,ottawa,YOW,53,Ontario,8,3,3,3,0.0,1.0,0.6666666666666666,555.9033333333333,0.6666666666666666,4.333333333333333,1667.71,2680.0
618088,F,False,False,usa,des moines,DSM,57,Iowa,8,4,4,4,0.5,2.25,0.5,306.6897916666667,0.75,2.75,2662.069,14878.7
618157,F,True,True,usa,detroit,DTW,40,Michigan,8,2,2,2,0.5,1.0,1.5,86.61500000000001,0.0,4.5,173.23000000000002,6846.599999999999
618181,M,True,False,canada,montreal,YMX,51,Quebec,8,2,2,2,0.0,1.0,0.0,98.86500000000001,0.5,2.0,197.73000000000002,956.0
618201,F,True,False,usa,san diego,NZY,51,California,8,2,2,1,0.5,1.5,0.0,667.655,0.0,2.0,2013.722,836.0
618392,F,True,True,usa,denver,DEN,42,Colorado,8,2,1,1,0.0,1.0,1.0,366.58,0.0,9.0,366.58,585.0
618535,F,False,True,usa,indianapolis,IND,31,Gujarat,8,3,3,3,0.0,1.6666666666666667,1.0,334.4583333333333,0.3333333333333333,8.666666666666666,1723.47,12313.0
618664,F,False,False,usa,austin,AUS,71,Texas,9,1,0,1,1.0,,,,0.0,2.0,,604.8000000000001
618881,F,True,False,usa,new york,JFK,66,New York,9,3,3,2,0.0,1.6666666666666667,1.3333333333333333,415.31222222222215,0.5,2.0,2239.91,1155.0
619079,M,False,False,usa,nashville,BNA,48,Tennessee,8,3,3,3,0.0,1.0,0.3333333333333333,189.35666666666668,0.0,3.0,568.07,1086.0
619321,F,True,True,usa,austin,AUS,55,Texas,8,7,6,7,0.5714285714285714,1.0,0.5,218.76,0.2857142857142857,2.2857142857142856,1249.655,2819.75
619432,F,False,False,usa,el paso,ELP,35,Texas,8,4,3,3,0.75,1.3333333333333333,1.0,363.0916666666667,0.3333333333333333,7.0,1249.8700000000001,3039.9
619918,F,False,False,usa,san diego,SAN,38,California,8,3,3,2,0.3333333333333333,1.0,0.6666666666666666,340.11999999999995,0.0,1.0,990.353,174.0
619983,F,True,False,usa,san diego,NZY,87,California,8,1,0,1,0.0,,,,1.0,2.0,,608.0
620033,F,True,False,usa,chicago,ORD,70,Illinois,9,0,0,0,,,,,,,,
620394,M,False,True,canada,calgary,YYC,38,Alberta,8,2,1,2,0.5,1.0,2.0,324.35,0.0,3.0,275.6975,3288.0
620690,F,True,False,usa,philadelphia,PHL,62,Pennsylvania,8,2,1,1,0.5,1.0,2.0,425.13,1.0,9.0,425.13,704.7
620719,F,False,False,usa,reno,RNO,28,Nevada,8,1,0,1,0.0,,,,0.0,9.0,,1224.0
620991,F,False,False,usa,orlando,ORL,24,Florida,8,2,1,2,0.0,1.0,1.0,606.38,1.0,2.5,606.38,700.0
621081,F,True,False,usa,san jose,SJC,61,California,9,3,3,3,0.6666666666666666,1.0,0.6666666666666666,505.4066666666667,0.0,2.0,1453.069,769.0
621552,F,False,False,usa,detroit,YIP,37,Michigan,8,0,0,0,,,,,,,,
621849,F,True,True,usa,birmingham,BHM,55,Alabama,8,3,3,3,0.3333333333333333,1.3333333333333333,0.3333333333333333,262.195,0.3333333333333333,2.3333333333333335,979.6365,1576.0
622248,F,True,False,usa,indianapolis,IND,37,Gujarat,8,4,3,3,0.25,1.0,1.0,318.7966666666667,0.6666666666666666,5.333333333333333,956.3900000000001,1484.0
622418,M,False,True,usa,honolulu,HNL,43,Hawaii,8,1,1,1,1.0,1.0,0.0,1354.96,0.0,1.0,1151.716,61.0
622464,F,True,False,usa,new orleans,NBG,49,Louisiana,8,2,2,1,0.0,1.0,1.5,341.69,0.0,1.0,683.38,120.0
622708,F,False,False,usa,new york,LGA,44,New York,8,4,2,4,0.5,1.0,0.5,364.53000000000003,0.0,5.5,635.841,2369.2
622813,F,False,False,usa,baltimore,BWI,54,Maryland,8,4,4,3,0.0,1.5,0.75,303.7583333333333,0.3333333333333333,1.6666666666666667,1414.0,557.0
623043,F,False,False,canada,edmonton,YXD,41,,8,4,4,4,0.0,1.25,1.0,434.5075,0.0,1.5,2187.04,708.0
623142,F,True,True,usa,baltimore,BWI,43,Maryland,8,2,2,1,0.5,1.5,0.5,1188.26,1.0,2.0,4722.922,328.0
623750,F,False,True,usa,chicago,UGN,45,Illinois,8,2,2,2,0.0,1.0,0.0,405.785,0.5,5.0,811.57,1902.0
623850,F,False,False,canada,toronto,YYZ,49,Ontario,8,5,5,5,0.2,1.0,0.2,216.10399999999998,0.4,4.2,1080.52,4044.4
623941,F,False,True,canada,toronto,YYZ,43,Ontario,8,4,3,3,0.25,2.0,1.3333333333333333,128.93666666666667,0.6666666666666666,4.0,594.94,3688.0
623949,M,True,False,usa,new york,LGA,50,New York,8,3,3,3,0.3333333333333333,1.0,0.6666666666666666,95.75666666666666,0.0,5.0,251.825,2000.0
623972,F,True,False,usa,new york,LGA,56,New York,8,3,3,3,0.0,1.3333333333333333,0.6666666666666666,476.2933333333333,0.0,2.3333333333333335,1525.22,1486.0
624198,F,False,False,usa,new york,JFK,44,New York,8,3,3,3,0.0,1.3333333333333333,0.6666666666666666,536.8149999999999,0.6666666666666666,4.0,2326.07,773.0
624762,F,True,True,usa,chicago,UGN,45,Illinois,8,2,2,2,0.5,1.5,1.0,138.265,0.0,3.0,285.27700000000004,2830.0
625089,F,False,True,usa,louisville,LOU,40,Kentucky,8,4,4,3,0.25,1.0,0.5,228.33249999999998,0.0,3.6666666666666665,913.3299999999999,2765.5
625398,F,False,False,usa,los angeles,LAX,20,California,8,2,2,2,0.5,1.0,0.5,335.65999999999997,0.0,6.0,671.3199999999999,3525.6
625400,M,False,True,canada,toronto,YZD,48,,8,3,3,3,0.0,1.0,0.6666666666666666,308.6133333333333,0.3333333333333333,5.0,925.8399999999999,7231.0
625555,M,False,False,usa,santa ana,SNA,25,California,8,1,0,1,0.0,,,,1.0,7.0,,889.0
625597,F,False,False,usa,madison,MSN,62,Wisconsin,8,2,1,1,0.5,1.0,1.0,370.8,0.0,9.0,370.8,963.9
625700,F,False,False,usa,spokane,SFF,28,Washington,9,0,0,0,,,,,,,,
626114,F,False,False,usa,san antonio,SKF,19,Texas,8,0,0,0,,,,,,,,
626519,F,False,False,usa,new york,JFK,46,New York,8,3,3,2,0.3333333333333333,1.0,0.0,223.89333333333335,0.5,2.5,621.402,949.0
626520,F,False,False,canada,gatineau,YND,48,Quebec,8,2,2,2,0.0,1.5,0.0,123.765,0.0,1.0,310.77,783.0
626645,M,False,False,usa,salt lake city,SLC,59,Utah,8,3,3,3,0.6666666666666666,2.0,0.6666666666666666,469.49888888888887,0.0,4.333333333333333,2348.4075,6256.0
626986,F,True,False,canada,hamilton,YHM,59,Ontario,8,6,6,6,0.0,1.0,0.16666666666666666,237.135,0.5,4.166666666666667,1422.81,5135.0
627436,F,False,False,usa,chicago,MDW,50,Illinois,9,2,2,2,0.0,1.0,0.5,212.915,0.0,4.5,425.83,1798.0
627451,F,True,False,usa,san antonio,RND,51,Texas,8,3,3,1,0.3333333333333333,1.0,0.3333333333333333,376.81666666666666,0.0,2.0,1100.536,342.0
627889,F,True,False,usa,cleveland,CLE,59,Ohio,8,2,1,2,0.0,1.0,1.0,116.28,0.5,4.5,116.28,1764.0
627893,F,False,False,usa,new york,JFK,34,New York,8,3,2,3,0.3333333333333333,1.0,1.0,260.54,0.0,3.3333333333333335,456.4315,2871.0
627972,F,True,True,usa,memphis,MEM,40,Tennessee,8,3,2,3,0.3333333333333333,1.0,0.5,191.075,0.3333333333333333,5.333333333333333,382.15,2573.7
628570,F,False,True,usa,columbus,LCK,47,Ohio,8,5,5,4,0.4,1.2,0.2,302.575,0.0,5.0,1397.8954999999999,3251.0
628653,F,True,False,usa,sacramento,MHR,44,California,8,3,3,2,0.3333333333333333,1.0,0.6666666666666666,318.0,0.0,5.5,954.0,1619.1999999999998
628694,F,True,False,usa,tucson,DMA,48,Arizona,9,2,1,2,0.5,1.0,1.0,415.12,0.0,5.5,415.12,1005.0
628752,F,False,True,usa,birmingham,BHM,47,Alabama,8,2,2,1,0.5,1.0,1.0,359.68,0.0,2.0,668.384,276.0
628762,F,False,True,usa,los angeles,LAX,19,California,8,1,0,1,0.0,,,,0.0,8.0,,424.0
629647,F,False,False,usa,new york,LGA,36,New York,8,2,2,2,0.5,1.0,1.0,172.125,0.5,2.5,308.76599999999996,494.0
629701,F,False,False,usa,houston,HOU,34,Texas,8,4,3,4,0.0,1.0,0.3333333333333333,396.62999999999994,0.25,3.5,1189.8899999999999,2118.0
629812,M,False,False,usa,riverside,RIV,21,California,8,0,0,0,,,,,,,,
630178,F,True,False,usa,st. petersburg,SPG,42,Florida,9,1,1,1,0.0,1.0,1.0,293.99,1.0,3.0,293.99,987.0
630267,F,False,True,usa,corpus christi,CRP,21,Texas,8,2,1,2,0.5,1.0,1.0,158.1,0.5,10.0,158.1,5251.0
630609,F,False,False,usa,boston,BOS,40,Massachusetts,8,5,5,5,0.2,1.0,0.2,242.656,0.2,2.8,1213.28,2579.3
630694,F,False,False,usa,charlotte,CLT,42,North Carolina,8,2,2,2,0.5,1.5,0.5,392.395,0.0,1.0,906.85,371.6
631174,F,False,False,usa,new york,JFK,35,New York,8,2,1,2,0.5,2.0,0.0,540.53,0.0,2.5,1081.06,663.6
631201,F,False,False,usa,st. petersburg,PIE,28,Florida,8,2,1,2,1.0,1.0,0.0,676.8,0.0,4.5,676.8,5061.800000000001
631388,F,True,False,usa,san antonio,RND,42,Texas,8,2,1,1,1.0,2.0,0.0,467.325,0.0,11.0,934.65,990.0
631787,M,False,False,usa,stockton,SCK,49,California,8,3,2,2,0.6666666666666666,1.0,0.0,697.42,0.0,4.5,1202.3899999999999,690.4
631872,F,True,False,usa,new york,LGA,71,New York,9,0,0,0,,,,,,,,
632136,F,False,False,usa,detroit,YIP,53,Michigan,8,3,3,3,0.3333333333333333,1.0,0.6666666666666666,197.61333333333334,0.3333333333333333,3.3333333333333335,592.84,1874.8
632316,F,True,False,usa,anchorage,EDF,53,Alaska,8,3,3,3,0.3333333333333333,1.0,0.0,834.6366666666667,0.3333333333333333,2.0,2402.857,1218.0
632425,F,True,True,usa,columbus,LCK,53,Ohio,9,2,2,1,0.0,2.5,0.0,178.45000000000002,0.0,1.0,1160.8400000000001,96.0
632461,F,False,False,canada,toronto,YTZ,58,Ontario,8,1,1,1,1.0,1.0,1.0,121.98,0.0,1.0,97.584,168.0
632631,F,False,False,usa,tulsa,TUL,44,Oklahoma,8,2,2,2,1.0,1.0,1.0,254.54000000000002,0.0,3.0,509.08000000000004,1147.0
632749,F,True,True,usa,detroit,DET,30,Michigan,8,2,2,2,0.5,1.0,0.5,605.3299999999999,0.0,2.0,1181.422,803.2
632965,F,False,False,usa,indianapolis,IND,47,Gujarat,8,6,5,6,0.16666666666666666,1.0,0.2,259.69,0.0,6.166666666666667,1298.45,7697.35
632988,F,True,True,usa,phoenix,PHX,50,Arizona,8,3,3,3,0.3333333333333333,1.0,0.3333333333333333,234.98333333333332,0.6666666666666666,4.0,704.9499999999999,1884.0
633235,F,False,True,canada,calgary,YYC,28,Alberta,8,1,0,1,0.0,,,,0.0,4.0,,392.0
633314,F,True,True,canada,hamilton,YHM,26,Ontario,8,2,2,2,0.5,1.0,0.5,310.37,0.0,2.0,620.74,997.75
633406,F,False,False,usa,dallas,DAL,25,Texas,8,2,1,1,1.0,1.0,0.0,8.71,1.0,8.0,7.839000000000001,512.0
634601,M,False,False,canada,edmonton,YEG,22,Alberta,9,0,0,0,,,,,,,,
634739,F,False,True,usa,minneapolis,MSP,22,Minnesota,8,0,0,0,,,,,,,,
635249,F,False,False,usa,memphis,MEM,60,Tennessee,8,3,3,2,0.0,1.3333333333333333,1.0,343.2716666666667,0.0,2.0,1433.2,371.0
635442,F,True,True,usa,chicago,MDW,49,Illinois,9,4,4,4,0.5,1.0,0.5,241.0075,0.25,3.25,928.8835,1450.0
635587,F,False,False,canada,edmonton,YXD,54,,8,2,2,2,0.5,1.0,0.0,408.365,0.5,3.0,772.87,590.0
635666,F,False,False,usa,san jose,SJC,29,California,8,0,0,0,,,,,,,,
635861,F,False,False,usa,new york,LGA,20,New York,8,1,1,1,0.0,1.0,0.0,735.03,0.0,2.0,735.03,358.0
635949,F,False,True,usa,chicago,UGN,45,Illinois,8,4,3,4,0.0,1.0,1.0,355.3666666666666,0.25,2.5,1066.1,2119.0
636078,F,True,False,usa,san francisco,SFO,57,California,8,3,3,3,0.6666666666666666,1.3333333333333333,0.6666666666666666,501.34833333333336,0.6666666666666666,1.0,1897.5409999999997,404.7
636102,F,False,False,usa,new york,LGA,50,New York,8,5,5,4,0.2,1.4,0.4,330.024,0.25,1.75,2416.0775,1433.8
636520,F,False,False,usa,rochester,ROC,53,New York,8,1,1,1,1.0,2.0,1.0,626.505,1.0,6.0,1190.3595,4140.0
636524,F,False,False,usa,el paso,BIF,49,Texas,9,4,3,3,0.25,1.0,1.0,362.6233333333333,0.3333333333333333,3.6666666666666665,1087.87,1838.2
636526,M,True,True,usa,new york,LGA,41,New York,8,1,1,1,1.0,1.0,1.0,691.85,1.0,1.0,622.6650000000001,273.59999999999997
636739,F,False,True,usa,akron,AKR,37,Ondo,8,1,1,1,0.0,1.0,1.0,112.74,0.0,1.0,112.74,419.0
636966,F,False,False,usa,new york,JFK,38,New York,8,3,2,3,0.0,1.5,2.5,592.3100000000001,0.0,3.6666666666666665,1888.5800000000002,1630.0
637075,F,True,False,usa,los angeles,LAX,66,California,8,1,1,1,0.0,1.0,1.0,343.07,1.0,3.0,343.07,579.0
637086,F,False,False,usa,phoenix,PHX,48,Arizona,9,4,3,4,0.25,1.0,0.3333333333333333,431.4633333333333,0.0,3.0,1271.865,1955.0
637457,F,False,False,usa,oakland,OAK,42,California,8,2,2,2,0.0,1.5,0.0,407.0575,0.0,2.0,918.92,595.0
637555,M,True,False,usa,new york,JFK,60,New York,8,0,0,0,,,,,,,,
637633,F,False,False,canada,toronto,YKZ,38,Ontario,8,3,2,2,0.3333333333333333,1.0,0.5,471.33500000000004,0.5,2.5,942.6700000000001,463.0
637687,F,True,False,usa,san antonio,SAT,42,Texas,8,4,4,4,0.25,1.25,0.5,359.78249999999997,0.75,1.75,1845.9569999999999,1378.0
638140,F,False,True,usa,richmond,RIC,41,Virginia,8,2,2,2,0.0,2.5,1.5,102.17625,0.5,3.0,569.25,670.0
638162,F,False,False,usa,chicago,ORD,35,Illinois,8,6,3,5,0.16666666666666666,1.0,0.6666666666666666,204.42333333333332,0.2,3.8,606.912,2875.0
638874,F,True,False,usa,new york,JFK,46,New York,8,2,2,2,0.0,1.0,0.5,176.265,0.0,1.0,352.53,294.0
639571,F,False,False,usa,akron,AKR,43,Ondo,8,3,2,3,0.3333333333333333,1.5,0.5,209.215,0.3333333333333333,3.0,722.4300000000001,2653.0
640451,F,True,False,canada,toronto,YYZ,69,Ontario,8,0,0,0,,,,,,,,
640649,F,True,True,usa,los angeles,LAX,66,California,8,2,2,2,0.0,1.0,1.0,229.365,0.0,8.0,458.73,2552.0
640715,F,False,False,usa,fresno,FAT,51,California,8,4,4,3,0.75,1.25,0.75,537.57125,0.0,5.0,2711.8905,2128.6
640849,F,True,False,usa,jacksonville,LRF,53,Arkansas,8,4,4,2,0.5,1.0,0.5,288.46250000000003,0.5,4.0,1129.7885,797.2
641012,F,False,True,usa,philadelphia,PHL,23,Pennsylvania,8,3,2,3,0.0,1.0,0.5,100.23,0.3333333333333333,2.6666666666666665,200.46,1724.0
641102,F,False,False,canada,montreal,YMX,42,Quebec,8,3,2,2,0.0,1.5,0.5,401.6875,0.0,6.0,890.6999999999999,3934.0
641106,F,True,False,usa,brownsville,BRO,52,Texas,8,3,3,2,0.3333333333333333,1.3333333333333333,1.3333333333333333,408.5566666666667,0.0,1.5,1660.6599999999999,605.2
641310,F,False,True,usa,los angeles,LAX,46,California,8,1,1,1,0.0,1.0,1.0,102.78,1.0,6.0,102.78,1716.0
641529,F,True,False,usa,philadelphia,PHL,78,Pennsylvania,8,2,0,2,0.0,,,,0.5,7.0,,2550.0
641537,F,True,True,usa,washington,DCA,56,Virginia,8,2,1,2,0.5,1.0,0.0,36.44,1.0,2.5,36.44,1036.9
642215,F,True,False,canada,hamilton,YHM,70,Ontario,8,0,0,0,,,,,,,,
642344,F,False,False,usa,wichita,ICT,44,Kansas,8,4,4,4,0.5,1.0,0.0,333.69,0.0,3.75,1306.113,3134.6000000000004
642364,M,True,True,canada,montreal,YUL,57,Quebec,8,1,1,0,0.0,1.0,0.0,225.5,,,225.5,
642553,F,False,False,canada,edmonton,YEG,29,Alberta,8,1,1,1,0.0,1.0,1.0,540.53,1.0,1.0,540.53,366.0
642679,F,False,False,usa,st. petersburg,PIE,43,Florida,8,5,5,5,0.0,1.2,0.0,269.995,0.4,2.8,1943.93,3802.0
643324,F,True,False,usa,oklahoma city,OKC,67,Oklahoma,8,0,0,0,,,,,,,,
643344,F,True,True,usa,los angeles,LAX,50,California,9,2,1,1,0.5,1.0,0.0,688.84,0.0,2.0,619.956,298.0
643645,F,True,True,usa,new york,JFK,49,New York,8,4,3,3,0.5,1.3333333333333333,0.6666666666666666,538.525,0.6666666666666666,2.0,2140.89,1366.0
643714,F,True,False,usa,chicago,MDW,46,Illinois,8,1,1,1,0.0,1.0,1.0,459.74,1.0,1.0,459.74,140.0
644438,F,True,False,usa,new york,LGA,48,New York,8,0,0,0,,,,,,,,
644784,F,True,False,usa,san diego,NZY,37,California,8,1,1,1,0.0,1.0,1.0,367.87,0.0,8.0,367.87,456.0
645047,F,False,False,usa,milwaukee,MKE,46,Wisconsin,8,3,3,3,0.3333333333333333,1.0,0.0,284.45666666666665,0.0,3.0,832.97,1454.0
645415,F,False,True,usa,san diego,SAN,38,California,8,2,1,2,0.0,1.0,1.0,115.55,0.0,6.0,115.55,4195.0
645488,F,True,True,canada,quebec,YQB,27,Quebec,8,0,0,0,,,,,,,,
645664,M,False,False,usa,brownsville,BRO,21,Texas,8,1,0,1,0.0,,,,0.0,11.0,,5280.0
646405,F,False,True,usa,los angeles,LAX,30,California,8,2,1,2,0.5,1.0,0.0,395.37,0.0,5.0,395.37,1391.0
646933,M,True,False,usa,new york,JFK,38,New York,8,2,2,2,0.0,2.5,1.0,585.95875,0.5,3.5,3496.7,3465.0
647016,F,True,False,usa,knoxville,TYS,50,Tennessee,8,1,0,1,1.0,,,,0.0,9.0,,2268.0
647597,F,False,False,usa,santa ana,SNA,46,California,8,1,1,0,1.0,2.0,1.0,696.09,,,1392.18,
647662,F,False,False,usa,new york,JFK,47,New York,8,2,2,2,0.0,1.0,1.0,85.325,0.5,2.0,170.65,722.0
647804,M,False,True,usa,lincoln,LNK,58,Nebraska,8,2,2,2,0.5,2.0,1.0,285.6166666666667,0.5,2.5,993.42,2624.2
647862,F,False,False,canada,calgary,YYC,20,Alberta,9,1,0,1,0.0,,,,0.0,4.0,,1016.0
648852,F,True,True,canada,montreal,YUL,58,Quebec,8,2,2,2,0.5,1.0,1.0,315.84000000000003,0.5,2.0,527.892,405.0
648983,F,True,False,usa,boston,BOS,39,Massachusetts,9,4,4,4,0.25,1.25,0.25,122.15375,0.5,2.5,568.09,1816.3
649378,F,False,False,usa,washington,DCA,55,Virginia,8,5,5,5,0.2,1.4,0.8,471.927,0.2,1.8,3623.71,2857.2
650901,F,False,False,usa,baton rouge,BTR,40,Louisiana,8,4,2,4,0.5,1.0,0.5,328.505,0.25,4.25,578.8779999999999,3079.0
651018,F,True,True,usa,st. louis,STL,53,Missouri,8,1,1,0,1.0,1.0,1.0,421.44,,,379.296,
651030,F,True,False,usa,san francisco,SFO,36,California,8,3,2,3,0.3333333333333333,1.0,0.0,643.4100000000001,0.0,2.6666666666666665,1205.9895000000001,580.0
651193,F,True,True,usa,tacoma,TCM,47,Washington,8,3,3,2,0.3333333333333333,3.0,1.6666666666666667,668.1944444444445,1.0,3.5,7457.6085,2282.0
651201,F,False,False,usa,chicago,UGN,47,Illinois,8,4,4,4,0.25,1.25,0.0,176.0025,0.75,1.75,880.0,1211.7
651269,F,False,True,usa,new york,LGA,49,New York,9,4,4,4,0.25,1.25,0.5,419.71500000000003,0.25,2.25,2389.44,1152.7
651274,F,False,False,usa,madison,MSN,26,Wisconsin,8,0,0,0,,,,,,,,
651491,M,False,False,usa,tallahassee,TLH,45,Florida,8,4,2,4,0.5,1.0,0.5,301.68499999999995,0.25,5.75,563.9064999999999,2329.25
651613,F,False,True,usa,madison,MSN,56,Wisconsin,10,4,4,4,0.25,1.25,0.75,268.4075,0.25,2.5,1533.7939999999999,2434.0
651744,F,False,False,usa,chicago,ORD,50,Illinois,8,2,2,2,0.5,1.0,0.0,338.775,0.0,2.5,677.55,796.5
651818,F,False,False,usa,new york,JFK,45,New York,8,2,2,1,0.0,1.0,1.0,241.305,0.0,3.0,482.61,504.0
651941,F,True,True,usa,indianapolis,IND,59,Gujarat,8,1,0,1,0.0,,,,1.0,1.0,,108.0
651960,F,True,True,usa,charlotte,CLT,44,North Carolina,8,0,0,0,,,,,,,,
652359,F,False,False,usa,buffalo,BUF,41,New York,9,3,3,3,0.0,1.0,0.0,109.79333333333334,0.3333333333333333,4.0,329.38,4732.0
652416,F,True,True,usa,honolulu,HNL,44,Hawaii,8,2,2,2,0.0,1.0,0.5,1104.025,0.0,1.5,2208.05,1042.0
652737,F,False,True,usa,miami,OPF,36,Florida,8,1,1,1,0.0,2.0,1.0,332.14,0.0,5.0,664.28,2280.0
653197,F,False,True,usa,tucson,TUS,20,Arizona,8,0,0,0,,,,,,,,
653228,F,False,False,usa,burlington,BTV,26,Vermont,8,0,0,0,,,,,,,,
653281,F,False,False,canada,toronto,YYZ,41,Ontario,8,4,4,4,0.5,1.25,0.25,245.01749999999998,0.5,7.75,1072.526,3900.5
653640,F,True,True,usa,san jose,SJC,40,California,8,2,2,2,1.0,1.5,1.0,1074.6975,0.5,6.0,3003.633,2426.0
653724,M,True,False,canada,montreal,YMX,57,Quebec,8,4,4,4,0.25,1.25,0.75,208.53125,0.75,1.75,943.96,2057.0
653838,F,True,False,canada,montreal,YUL,65,Quebec,8,2,2,1,0.0,1.0,0.0,95.495,1.0,3.0,190.99,372.0
654395,F,True,True,canada,toronto,YKZ,45,Ontario,9,2,2,2,0.0,1.0,0.5,120.13,0.5,1.0,240.26,778.0
654687,F,False,False,usa,kansas city,MCI,56,Missouri,9,3,1,2,0.3333333333333333,1.0,1.0,276.58,0.0,5.0,276.58,808.0
654913,F,True,False,canada,ottawa,YOW,40,Ontario,8,2,1,2,0.0,1.0,1.0,85.99,0.5,10.0,85.99,6632.0
655022,F,False,False,usa,jacksonville,NCA,81,Turks and Caicos Islands,8,0,0,0,,,,,,,,
655051,F,True,False,usa,long beach,LGB,36,California,8,1,1,1,1.0,1.0,0.0,748.01,0.0,1.0,710.6094999999999,280.0
655166,F,False,False,usa,las vegas,LSV,19,Nevada,8,0,0,0,,,,,,,,
656626,F,False,False,usa,grand rapids,GRR,27,Michigan,8,0,0,0,,,,,,,,
657591,F,True,False,usa,fort worth,FTW,40,Texas,8,4,3,4,0.25,2.0,0.3333333333333333,373.28777777777776,0.0,2.5,2038.13,2163.35
657796,F,True,True,usa,modesto,MOD,44,California,8,1,1,1,0.0,1.0,1.0,519.49,0.0,4.0,519.49,136.0
658774,F,False,True,usa,milwaukee,MKE,44,Wisconsin,8,2,1,1,0.0,1.0,2.0,87.33,0.0,12.0,87.33,8280.0
659162,M,True,True,usa,phoenix,PHX,42,Arizona,8,4,4,4,0.0,1.25,0.5,445.68375,0.0,3.5,2090.38,2865.0
659360,F,False,False,usa,new york,JFK,19,New York,8,0,0,0,,,,,,,,
659664,F,False,False,usa,oklahoma city,OKC,52,Oklahoma,8,5,5,4,0.2,1.0,0.2,335.03000000000003,0.5,1.5,1663.602,578.0
659744,F,True,True,canada,montreal,YMX,50,Quebec,8,4,2,4,0.25,1.0,0.0,301.015,0.25,5.5,602.03,4142.0
660821,F,True,False,usa,louisville,LOU,71,Kentucky,8,0,0,0,,,,,,,,
660894,F,True,True,usa,austin,AUS,59,Texas,8,0,0,0,,,,,,,,
660959,F,False,True,canada,quebec,YQB,59,Quebec,8,0,0,0,,,,,,,,
661614,F,False,False,usa,santa ana,SNA,70,California,8,1,0,1,0.0,,,,1.0,8.0,,2376.0
661639,F,False,False,usa,chicago,UGN,38,Illinois,8,1,1,1,0.0,1.0,0.0,467.19,0.0,4.0,467.19,424.0
661697,F,False,False,usa,orlando,ORL,42,Florida,8,2,2,2,0.0,2.0,0.5,256.76,0.5,1.5,1027.04,1100.0
661930,F,True,True,usa,stockton,SCK,34,California,8,1,0,1,1.0,,,,1.0,5.0,,2135.0
663376,M,False,True,usa,houston,EFD,44,Texas,8,1,1,1,0.0,1.0,0.0,307.82,0.0,1.0,307.82,144.0
664617,F,True,False,usa,memphis,MEM,62,Tennessee,8,4,1,4,0.25,1.0,0.0,478.77,0.0,5.5,478.77,4556.0
664663,F,False,False,usa,chicago,ORD,32,Illinois,9,5,4,5,0.6,1.0,1.0,160.10500000000002,0.4,2.6,596.9300000000001,2777.8
665329,F,False,False,usa,new york,LGA,42,New York,9,3,3,3,0.3333333333333333,1.6666666666666667,0.0,303.28666666666663,0.0,1.3333333333333333,1698.96,1003.0
665397,F,True,False,usa,long beach,LGB,49,California,8,2,2,2,0.0,1.0,0.0,183.875,0.0,1.5,367.75,942.0
665505,F,False,False,canada,ottawa,YOW,39,Ontario,8,5,4,5,0.2,1.0,0.25,271.1225,0.2,3.2,1025.819,2566.0
665593,F,True,False,usa,st. louis,STL,47,Missouri,8,3,3,3,0.0,1.3333333333333333,1.6666666666666667,283.02333333333337,0.0,4.666666666666667,1341.04,2312.0
665676,M,False,True,usa,los angeles,LAX,37,California,8,1,1,1,0.0,1.0,1.0,268.54,0.0,2.0,268.54,402.0
665887,F,True,True,canada,toronto,YZD,50,,8,5,3,3,0.0,1.6666666666666667,0.3333333333333333,257.7633333333333,0.3333333333333333,5.333333333333333,1777.77,1648.0
665980,F,True,False,canada,montreal,YHU,73,Quebec,8,0,0,0,,,,,,,,
666049,F,False,False,canada,montreal,YHU,34,Quebec,8,2,2,2,0.0,3.0,0.0,207.53333333333333,0.0,2.0,1245.2,2442.0
666292,F,False,False,usa,st. louis,STL,28,Missouri,8,0,0,0,,,,,,,,
666942,F,False,False,usa,chicago,UGN,46,Illinois,8,0,0,0,,,,,,,,
667643,M,False,False,usa,salt lake city,SLC,23,Utah,8,0,0,0,,,,,,,,
669356,F,False,False,usa,philadelphia,PHL,47,Pennsylvania,8,1,1,1,0.0,1.0,1.0,391.43,0.0,5.0,391.43,705.0
669449,F,True,False,usa,tampa,TPA,46,Florida,8,1,1,1,1.0,1.0,1.0,744.05,0.0,5.0,744.05,722.5
670626,F,True,False,canada,victoria,YYJ,56,British Columbia,8,4,3,3,0.0,1.0,0.6666666666666666,508.72333333333336,0.3333333333333333,2.6666666666666665,1526.17,2220.0
671367,F,False,False,usa,austin,AUS,40,Texas,8,7,5,7,0.2857142857142857,1.0,0.8,262.596,0.2857142857142857,4.285714285714286,1291.4195,7798.0
671368,F,True,False,usa,honolulu,HNL,44,Hawaii,8,1,1,1,1.0,1.0,1.0,937.38,0.0,6.0,890.511,804.0
671975,F,False,False,canada,edmonton,YEG,54,Alberta,8,3,3,3,0.3333333333333333,1.0,0.0,442.25666666666666,0.3333333333333333,3.3333333333333335,1326.77,685.85
672468,F,True,True,usa,oakland,OAK,40,California,8,5,4,5,0.4,1.25,0.25,639.16875,0.2,2.6,3307.1400000000003,3365.2
673286,F,True,False,usa,los angeles,LAX,68,California,9,2,0,2,0.5,,,,0.0,7.5,,2270.0
673874,F,True,True,usa,anchorage,ANC,53,Alaska,8,1,1,1,0.0,1.0,1.0,868.71,1.0,11.0,868.71,1331.0
675053,F,False,False,canada,victoria,YYJ,44,British Columbia,8,3,3,3,0.3333333333333333,1.0,0.6666666666666666,411.18333333333334,0.3333333333333333,2.6666666666666665,1229.95,2909.0
675594,F,False,False,usa,newport news,PHF,40,Virginia,8,3,3,3,0.6666666666666666,1.0,1.0,205.15,0.3333333333333333,2.3333333333333335,558.819,473.4
676570,F,False,False,usa,washington,IAD,48,Virginia,8,1,1,1,0.0,3.0,0.0,477.7033333333333,1.0,2.0,1433.11,2448.0
676707,F,True,False,usa,los angeles,LAX,51,California,8,1,1,0,0.0,2.0,1.0,643.57,,,1287.14,
676762,F,False,False,usa,san francisco,SFO,45,California,8,4,4,4,0.25,1.0,0.75,638.635,0.0,4.5,2554.54,2525.2
677842,F,False,True,usa,los angeles,LAX,51,California,8,0,0,0,,,,,,,,
678888,F,True,False,usa,miami,TNT,56,Florida,9,2,2,2,0.0,2.0,1.0,435.61833333333334,0.5,1.5,1506.25,1025.0
679040,F,True,True,usa,birmingham,BHM,50,Alabama,8,3,2,3,0.6666666666666666,1.0,0.5,289.745,0.6666666666666666,2.0,579.49,995.8
679611,F,False,False,canada,toronto,YKZ,40,Ontario,8,5,4,5,0.2,1.0,0.75,330.875,0.0,2.8,1272.628,2476.0
679831,F,False,False,usa,spokane,SFF,36,Washington,8,0,0,0,,,,,,,,
680735,M,False,False,usa,new york,LGA,41,New York,8,3,3,3,0.0,1.6666666666666667,1.0,358.4633333333333,0.0,1.3333333333333333,1592.75,1605.0
681581,F,False,True,usa,los angeles,LAX,59,California,8,3,3,3,0.0,1.0,1.0,341.8733333333333,0.3333333333333333,3.3333333333333335,1025.62,4187.0
682247,F,False,False,usa,washington,DCA,40,Virginia,9,3,3,3,0.0,1.6666666666666667,0.6666666666666666,58.87555555555556,0.3333333333333333,4.666666666666667,236.18,6441.0
683014,F,False,False,usa,chicago,ORD,67,Illinois,8,3,2,3,0.0,1.5,0.5,318.03999999999996,0.3333333333333333,5.0,1037.9,3686.0
684521,F,True,False,usa,oakland,OAK,34,California,8,2,1,2,0.5,1.0,0.0,379.14,0.5,3.0,379.14,3920.0
684543,F,True,True,usa,madison,MSN,47,Wisconsin,8,2,1,2,0.5,1.0,0.0,464.29,0.0,4.5,464.29,1259.4
684764,F,False,False,usa,tulsa,TUL,40,Oklahoma,8,1,1,1,1.0,1.0,0.0,335.06,0.0,1.0,284.801,245.0
685594,F,True,False,usa,boston,BOS,73,Massachusetts,8,1,1,1,1.0,1.0,0.0,257.78,0.0,4.0,257.78,1261.6
685958,F,False,False,usa,los angeles,LAX,26,California,8,0,0,0,,,,,,,,
686165,F,False,False,usa,san diego,SAN,48,California,8,5,5,5,0.2,1.0,0.4,373.95799999999997,0.0,2.8,1839.0079999999998,1764.0
686408,F,False,False,usa,san antonio,SKF,49,Texas,8,4,2,4,0.25,1.0,0.0,304.15999999999997,0.5,9.75,608.3199999999999,5559.200000000001
686445,F,True,True,usa,portland,PWM,43,Maine,8,1,0,1,0.0,,,,0.0,5.0,,1020.0
686509,F,False,True,usa,buffalo,BUF,25,New York,8,1,1,1,0.0,1.0,1.0,82.85,0.0,1.0,82.85,112.0
686915,F,False,False,usa,houston,IAH,35,Texas,8,0,0,0,,,,,,,,
688600,F,True,False,usa,orlando,MCO,36,Florida,8,2,1,2,0.0,2.0,1.0,285.77,0.5,4.5,571.54,6225.0
689037,F,False,False,usa,new york,JFK,39,New York,8,3,3,2,0.3333333333333333,1.0,0.0,426.5366666666667,0.5,2.5,1279.6100000000001,1498.0
689456,F,False,False,usa,los angeles,LAX,28,California,8,1,0,1,1.0,,,,0.0,12.0,,3144.0
691541,F,False,True,usa,new york,JFK,24,New York,8,0,0,0,,,,,,,,
692211,F,False,False,usa,houston,IAH,26,Texas,8,0,0,0,,,,,,,,
692510,F,True,False,usa,new york,LGA,60,New York,8,3,3,2,0.3333333333333333,1.3333333333333333,0.6666666666666666,663.485,0.5,3.0,2611.65,895.2
693765,F,True,True,usa,new york,LGA,48,New York,8,4,4,4,0.0,1.0,0.75,315.97,0.5,2.5,1263.88,1458.0
695011,F,True,False,usa,los angeles,LAX,31,California,9,2,2,1,0.0,1.0,1.0,456.96,1.0,3.0,913.92,150.0
695307,F,True,False,usa,chicago,MDW,43,Illinois,8,2,2,2,0.0,1.0,1.0,226.09,0.0,2.0,452.18,204.0
696475,F,False,False,usa,dallas,DAL,51,Texas,8,4,2,4,0.25,1.0,1.0,200.29,0.0,5.25,385.894,2998.0
697072,F,False,False,usa,new york,LGA,47,New York,8,3,3,3,0.6666666666666666,1.0,0.6666666666666666,434.6366666666667,0.3333333333333333,2.0,1219.038,1016.2
698573,F,False,False,usa,newark,EWR,39,New Jersey,8,3,3,3,0.6666666666666666,1.3333333333333333,0.0,39.05833333333333,0.3333333333333333,4.333333333333333,119.3995,3942.0
699411,F,True,False,usa,dallas,DAL,44,Texas,8,3,3,3,0.0,1.3333333333333333,0.6666666666666666,338.5216666666667,0.6666666666666666,2.0,1429.0400000000002,1348.0
700028,F,False,False,usa,oklahoma city,TIK,23,Oklahoma,8,2,1,2,0.0,1.0,1.0,135.6,0.5,7.0,135.6,1563.0
700237,F,False,False,usa,atlanta,ATL,50,Georgia,8,2,2,2,0.0,1.5,0.5,402.93,1.0,2.5,1403.0500000000002,889.0
702877,F,False,True,usa,phoenix,LUF,32,Arizona,8,2,2,1,0.5,2.0,1.0,552.9233333333334,1.0,4.0,2284.34,2430.0
704870,F,False,False,usa,los angeles,LAX,51,California,9,3,3,3,0.0,1.0,0.3333333333333333,286.59666666666664,0.0,5.666666666666667,859.79,4768.0
705215,F,False,True,canada,hamilton,YHM,34,Ontario,8,4,3,3,0.25,1.3333333333333333,1.0,202.71166666666667,0.0,5.0,981.4894999999999,4548.0
705310,F,True,False,usa,tacoma,TCM,53,Washington,8,2,2,2,0.5,1.5,0.5,545.8075,0.5,1.0,1473.2175,290.0
705984,F,True,True,usa,norfolk,ORF,23,Virginia,8,0,0,0,,,,,,,,
707260,F,True,False,usa,cleveland,CLE,47,Ohio,8,3,3,3,0.0,1.0,0.3333333333333333,416.56,0.3333333333333333,2.0,1249.68,721.0
707402,F,True,False,usa,shreveport,SHV,74,Louisiana,9,0,0,0,,,,,,,,
709630,F,True,True,usa,austin,AUS,48,Texas,8,0,0,0,,,,,,,,
711391,F,False,True,usa,portland,PDX,44,Oregon,9,4,4,4,0.0,1.0,0.75,388.0575,0.25,1.25,1552.23,1374.0
714166,F,True,False,usa,norfolk,NGU,42,Virginia,8,1,1,1,0.0,1.0,0.0,173.54,0.0,4.0,173.54,592.0
714565,F,False,False,usa,louisville,LOU,41,Kentucky,9,6,6,6,0.16666666666666666,1.0,0.3333333333333333,321.2583333333334,0.5,2.8333333333333335,1899.152,2307.0
720819,F,True,False,canada,calgary,YYC,43,Alberta,8,1,1,1,1.0,1.0,0.0,206.63,1.0,7.0,206.63,220.5
721552,F,False,True,usa,new york,JFK,23,New York,8,1,1,1,0.0,1.0,2.0,82.04,0.0,2.0,82.04,438.0
722828,F,True,True,usa,atlanta,ATL,35,Georgia,8,2,1,2,0.0,1.0,1.0,223.4,0.5,2.5,223.4,721.0
722939,F,False,True,usa,fresno,FAT,46,California,8,1,1,1,0.0,1.0,1.0,128.16,0.0,1.0,128.16,172.0
724581,F,True,False,usa,phoenix,PHX,41,Arizona,8,5,5,2,0.6,1.4,0.6,525.29,0.0,2.5,3981.19,621.0
726953,F,False,False,usa,phoenix,PHX,53,Arizona,8,4,4,3,0.25,1.0,0.25,545.5675,0.6666666666666666,2.3333333333333335,2149.203,1712.0
730639,F,False,False,usa,milwaukee,MKE,55,Wisconsin,8,2,0,2,1.0,,,,0.5,8.0,,19836.0
732729,F,False,True,usa,columbus,CMH,44,Ohio,8,5,3,5,0.4,1.0,0.0,236.04333333333332,0.4,4.0,700.9404999999999,5177.4
735029,F,False,False,usa,new york,LGA,48,New York,8,3,3,2,0.3333333333333333,1.6666666666666667,0.0,390.9222222222222,0.5,2.5,1330.1979999999999,1982.0
736075,F,False,False,canada,toronto,YTZ,29,Ontario,8,2,2,2,0.5,1.0,1.0,517.75,0.0,1.5,997.704,528.0
736833,F,True,True,usa,richmond,RIC,46,Virginia,8,1,1,0,0.0,2.0,1.0,172.175,,,344.35,
739139,F,False,False,usa,birmingham,BHM,25,Alabama,8,0,0,0,,,,,,,,
739518,F,False,False,usa,new york,LGA,42,New York,8,3,3,2,0.3333333333333333,1.0,0.3333333333333333,489.30333333333334,0.0,4.5,1467.91,2459.1
739734,F,False,False,usa,los angeles,LAX,54,California,8,1,0,1,0.0,,,,0.0,3.0,,264.0
741773,F,True,True,usa,minneapolis,MSP,41,Minnesota,8,1,1,1,0.0,1.0,0.0,159.63,0.0,4.0,159.63,304.0
742639,F,True,True,usa,oklahoma city,TIK,55,Oklahoma,8,2,1,2,1.0,2.0,1.0,394.74,0.0,2.0,592.11,245.6
745292,M,False,False,canada,windsor,YQG,57,Ontario,8,1,1,1,0.0,1.0,1.0,494.97,0.0,5.0,494.97,440.0
746934,F,False,False,usa,baltimore,BWI,27,Maryland,8,0,0,0,,,,,,,,
748759,F,False,False,usa,amarillo,AMA,28,Texas,8,0,0,0,,,,,,,,
750982,F,False,False,usa,new york,JFK,53,New York,8,4,4,4,0.0,1.0,0.75,358.1025,0.5,1.25,1432.41,479.0
751545,F,True,True,usa,phoenix,LUF,50,Arizona,8,3,1,3,0.3333333333333333,1.0,0.0,499.79,0.0,5.333333333333333,499.79,4272.2
756030,F,False,True,usa,tucson,DMA,38,Arizona,8,3,3,3,0.3333333333333333,1.0,0.3333333333333333,293.79,0.0,1.6666666666666667,762.54,1441.0
760304,F,False,False,usa,tulsa,TUL,40,Oklahoma,8,2,2,2,0.5,1.0,1.0,329.78999999999996,0.5,3.5,615.4124999999999,924.0
763129,F,False,False,usa,tulsa,TUL,57,Oklahoma,8,1,0,1,1.0,,,,0.0,12.0,,1641.6000000000001
763792,F,True,False,canada,edmonton,YED,47,,8,1,0,1,0.0,,,,0.0,5.0,,420.0
765745,F,True,False,usa,san francisco,SFO,68,California,8,2,1,1,0.5,1.0,0.0,502.59,1.0,3.0,452.33099999999996,399.0
768291,F,False,True,usa,dallas,DAL,63,Texas,8,2,2,2,0.5,2.0,2.0,188.10000000000002,1.0,6.0,975.5675,3170.0
777846,F,True,True,usa,new york,JFK,47,New York,8,2,2,2,0.0,1.0,0.5,136.65,0.0,3.0,273.3,1222.0
785107,F,False,False,usa,portland,PDX,49,Oregon,8,4,3,4,0.5,1.0,1.0,284.9433333333333,0.25,1.75,854.83,1306.55
796032,F,True,False,canada,winnipeg,YAV,53,,8,2,2,2,0.0,1.0,0.5,360.76,0.0,3.5,721.52,1261.0
801660,F,True,True,canada,toronto,YKZ,56,Ontario,8,3,3,3,0.3333333333333333,1.0,0.3333333333333333,136.65333333333334,0.3333333333333333,2.0,388.0405,872.0
23557,F,True,False,usa,new york,LGA,67,New York,8,2,0,2,0.5,,,,0.0,10.0,,3670.5
120851,F,True,True,usa,santa ana,SNA,54,California,8,1,1,1,0.0,1.0,0.0,384.68,1.0,11.0,384.68,2002.0
125845,F,True,False,usa,el paso,BIF,42,Texas,9,3,3,3,0.3333333333333333,1.3333333333333333,0.6666666666666666,466.04333333333335,0.3333333333333333,1.6666666666666667,1646.763,689.0
133058,F,False,False,usa,austin,AUS,21,Texas,8,1,1,0,0.0,1.0,0.0,423.51,,,423.51,
152583,F,False,False,usa,colorado springs,COS,40,Colorado,8,1,1,1,0.0,1.0,2.0,367.83,0.0,2.0,367.83,426.0
160754,F,True,True,usa,new york,LGA,48,New York,8,1,1,1,0.0,1.0,1.0,93.62,1.0,2.0,93.62,428.0
164522,F,True,False,usa,kansas city,MCI,50,Missouri,8,1,1,1,1.0,1.0,1.0,328.32,0.0,13.0,311.904,3029.0
171470,F,False,False,usa,atlanta,ATL,27,Georgia,8,0,0,0,,,,,,,,
175032,F,False,False,usa,houston,IAH,31,Texas,9,3,2,3,0.3333333333333333,2.0,0.5,235.42833333333334,0.6666666666666666,4.333333333333333,1109.25,3243.6
182191,F,False,True,usa,phoenix,PHX,22,Arizona,8,0,0,0,,,,,,,,
187212,F,True,True,usa,los angeles,LAX,57,California,8,3,3,3,0.0,1.0,0.6666666666666666,414.19,0.3333333333333333,2.0,1242.57,904.0
189676,F,False,True,usa,fort worth,FTW,38,Texas,8,2,1,2,0.0,3.0,2.0,414.77,0.5,9.0,1244.31,5001.0
195192,F,False,False,usa,chicago,MDW,31,Illinois,8,1,1,1,0.0,2.0,0.0,197.145,0.0,1.0,394.29,320.0
204943,M,False,False,canada,ottawa,YOW,43,Ontario,8,5,5,5,0.2,1.6,1.4,294.9996666666667,0.4,3.0,2323.822,3873.0
205044,F,True,True,canada,toronto,YKZ,43,Ontario,9,3,3,3,0.3333333333333333,2.0,0.3333333333333333,440.72277777777776,0.0,4.666666666666667,2720.6975,5642.0
206011,F,False,True,usa,kansas city,MCI,42,Missouri,8,4,4,3,0.5,1.0,0.25,261.64750000000004,0.0,3.0,1024.772,1138.0
216796,F,False,False,usa,cincinnati,CVG,25,Kentucky,8,0,0,0,,,,,,,,
217136,F,False,True,usa,little rock,LIT,41,Arkansas,8,2,1,2,0.0,1.0,0.0,539.57,0.0,2.0,539.57,659.0
220725,F,False,False,usa,stockton,SCK,43,California,9,3,3,2,0.3333333333333333,1.0,0.3333333333333333,511.14000000000004,0.0,3.5,1533.42,962.0
224996,F,False,True,canada,halifax,YHZ,45,Nova Scotia,8,2,2,1,0.0,1.0,0.0,448.805,1.0,1.0,897.61,231.0
226367,F,False,False,usa,washington,IAD,45,Virginia,8,3,3,3,0.3333333333333333,1.3333333333333333,0.6666666666666666,277.70666666666665,0.0,1.6666666666666667,883.6009999999999,1864.0
228872,M,False,False,usa,san antonio,RND,37,Texas,8,2,1,2,0.0,1.0,1.0,509.21,0.5,6.5,509.21,1288.0
229108,F,False,False,usa,burlington,BTV,28,Vermont,8,0,0,0,,,,,,,,
229330,F,True,False,usa,colorado springs,COS,49,Colorado,8,4,4,4,0.0,1.75,0.25,220.14,0.75,1.75,1548.11,3521.0
232647,F,False,False,usa,birmingham,BHM,20,Alabama,8,2,1,1,0.0,1.0,1.0,237.1,0.0,11.0,237.1,2343.0
249521,F,True,True,canada,ottawa,YOW,62,Ontario,8,2,1,2,0.5,1.0,1.0,642.02,0.0,1.5,642.02,369.4
258451,F,False,False,usa,miami,OPF,25,Florida,8,0,0,0,,,,,,,,
264470,F,False,True,usa,bakersfield,BFL,47,California,8,2,2,2,0.5,1.0,0.5,436.51,0.0,4.5,835.2175,2127.0
276512,F,True,True,usa,austin,AUS,44,Texas,8,1,1,1,0.0,1.0,1.0,395.69,0.0,1.0,395.69,100.0
290123,F,True,False,usa,houston,HOU,43,Texas,9,7,7,6,0.0,1.5714285714285714,0.8571428571428571,400.45214285714286,0.16666666666666666,2.5,4796.11,4605.0
297546,F,True,False,usa,new york,JFK,53,New York,8,5,4,5,0.2,1.5,0.75,332.0325,0.6,5.2,1660.72,3542.0
306819,F,True,True,usa,new york,JFK,62,New York,8,1,1,1,0.0,1.0,1.0,50.16,0.0,1.0,50.16,370.0
313724,F,False,False,usa,tulsa,TUL,54,Oklahoma,8,4,3,4,0.0,1.3333333333333333,0.6666666666666666,289.28000000000003,0.25,3.75,1156.8400000000001,3392.0
317688,F,False,True,usa,indianapolis,IND,43,Gujarat,8,4,4,4,0.25,1.0,0.5,309.685,0.25,1.5,1238.74,1172.9
322867,F,False,False,usa,mobile,BFM,48,Alabama,8,1,1,1,0.0,1.0,1.0,173.04,0.0,7.0,173.04,1323.0
324191,F,False,False,usa,san diego,SAN,42,California,8,2,2,2,0.0,1.5,0.5,32.2525,0.0,4.5,99.74,1610.0
328590,F,False,False,usa,san diego,NZY,58,California,8,2,2,2,0.5,2.0,0.5,568.2983333333333,0.5,4.5,2203.95,2596.25
331039,F,True,True,canada,london,YXU,47,Ontario,8,0,0,0,,,,,,,,
334787,F,False,False,usa,minneapolis,MSP,55,Minnesota,8,3,3,3,0.3333333333333333,1.0,0.6666666666666666,252.72333333333333,0.3333333333333333,2.0,749.4475,864.0
343928,F,True,False,usa,el paso,BIF,67,Texas,8,2,2,1,0.5,1.5,0.5,1497.96,0.0,3.0,4528.74,348.0
348817,F,False,False,canada,calgary,YYC,31,Alberta,8,4,3,4,0.0,1.0,0.6666666666666666,458.2066666666667,0.0,2.25,1374.6200000000001,2622.0
349132,F,False,False,usa,cincinnati,CVG,51,Kentucky,9,3,2,3,0.3333333333333333,2.0,0.5,195.63,0.0,4.666666666666667,721.06,3516.1000000000004
354950,M,True,False,usa,amarillo,AMA,55,Texas,8,1,1,1,0.0,1.0,1.0,460.54,0.0,6.0,460.54,762.0
356046,F,False,False,canada,ottawa,YOW,36,Ontario,8,2,2,2,0.0,1.5,0.0,352.33,1.0,2.0,783.81,705.0
359653,M,False,False,canada,victoria,YYJ,57,British Columbia,8,2,2,2,0.5,1.0,1.0,392.165,0.0,1.5,784.33,649.2
361759,F,True,False,canada,winnipeg,YWG,55,Manitoba,9,4,4,3,0.25,1.0,0.5,415.1475,0.3333333333333333,1.3333333333333333,1660.59,295.7
363535,F,False,False,usa,charlotte,CLT,33,North Carolina,8,2,2,2,0.5,1.5,0.5,247.14499999999998,0.0,3.0,688.226,601.0
371201,M,False,True,usa,new york,JFK,30,New York,8,1,1,0,0.0,1.0,3.0,199.47,,,199.47,
374340,F,True,False,usa,new york,LGA,37,New York,9,1,1,0,1.0,2.0,1.0,1983.095,,,3966.19,
377069,F,True,False,usa,new york,LGA,70,New York,8,0,0,0,,,,,,,,
379543,F,True,False,usa,san jose,SJC,58,California,8,3,3,3,0.0,1.0,0.3333333333333333,385.03999999999996,0.3333333333333333,2.0,1155.12,1535.0
380436,F,False,False,usa,new york,LGA,46,New York,8,1,1,1,1.0,1.0,1.0,113.25,1.0,4.0,113.25,594.0
380874,F,True,False,usa,louisville,LOU,56,Kentucky,8,3,3,3,1.0,1.0,0.6666666666666666,280.0833333333333,0.3333333333333333,1.6666666666666667,840.25,546.9000000000001
381259,F,False,True,usa,san diego,SAN,23,California,8,1,1,1,0.0,1.0,1.0,719.48,0.0,1.0,719.48,68.0
381465,F,False,False,usa,san antonio,SAT,36,Texas,8,3,1,3,0.3333333333333333,1.0,0.0,324.87,0.3333333333333333,10.333333333333334,324.87,2976.0
386914,F,True,True,canada,hamilton,YHM,48,Ontario,8,1,1,1,1.0,1.0,1.0,134.71,1.0,2.0,134.71,577.8000000000001
387282,F,False,True,usa,amarillo,AMA,32,Texas,8,1,0,1,1.0,,,,0.0,4.0,,3564.0
387783,M,True,True,usa,oakland,OAK,56,California,8,3,1,3,0.0,1.0,0.0,431.26,0.0,5.0,431.26,2798.0
395202,F,False,False,usa,san jose,SJC,29,California,8,1,0,1,0.0,,,,1.0,13.0,,2964.0
396552,F,True,False,canada,london,YXU,47,Ontario,8,4,4,4,0.0,1.0,0.5,206.2125,0.0,1.0,824.85,699.0
399137,F,True,False,usa,dallas,DAL,56,Texas,8,4,2,4,0.25,1.0,1.0,415.735,0.5,3.75,831.47,6424.0
399799,F,True,False,canada,toronto,YTZ,57,Ontario,8,4,4,4,0.0,1.0,0.5,340.3,0.25,2.25,1361.2,745.0
400582,F,True,False,usa,chicago,ORD,34,Illinois,8,4,3,4,0.25,1.0,0.0,215.63,0.75,2.25,626.158,2549.0
400899,F,True,False,canada,quebec,YQB,48,Quebec,8,3,3,3,0.0,1.3333333333333333,0.6666666666666666,315.71166666666664,0.3333333333333333,3.3333333333333335,1092.01,2230.0
402978,F,True,False,usa,milwaukee,MKE,54,Wisconsin,8,4,4,4,0.25,1.0,0.75,353.26,0.0,3.0,1382.5165000000002,1831.0
405305,F,True,True,usa,san francisco,SFO,47,California,9,3,3,3,0.0,1.3333333333333333,0.6666666666666666,458.6983333333333,0.3333333333333333,1.3333333333333333,1615.6,1421.0
406210,F,False,True,usa,anchorage,ANC,23,Alaska,8,2,2,2,0.0,1.0,0.5,595.405,0.0,7.0,1190.81,1558.0
407118,F,True,False,usa,new york,JFK,54,New York,8,2,2,2,0.0,1.0,0.5,227.01,0.5,4.0,454.02,1896.0
407434,F,True,True,canada,halifax,YAW,55,,8,1,0,1,0.0,,,,0.0,9.0,,3186.0
407642,F,False,False,canada,hamilton,YHM,32,Ontario,8,2,2,2,0.0,1.0,0.0,234.885,0.0,1.5,469.77,859.0
411179,F,False,False,usa,san jose,SJC,53,California,8,2,1,2,0.5,1.0,1.0,507.36,0.0,7.5,456.624,4483.0
411701,F,False,False,canada,calgary,YYC,42,Alberta,8,2,1,2,0.0,1.0,1.0,578.27,1.0,1.0,578.27,316.0
413128,F,False,False,canada,hamilton,YHM,31,Ontario,10,5,4,5,0.6,1.5,0.25,165.865,0.6,5.6,1469.853,12053.2
413418,F,False,False,usa,knoxville,TYS,57,Tennessee,8,3,2,2,0.0,1.5,1.5,191.88,0.0,3.5,580.67,286.0
414128,F,False,False,usa,seattle,BFI,30,Washington,9,4,3,4,0.25,1.6666666666666667,0.3333333333333333,522.2966666666666,0.5,2.75,2895.65,4609.4
415282,F,True,True,usa,portland,PWM,44,Maine,8,2,2,2,0.0,2.0,0.0,403.2833333333333,0.5,3.5,2281.8799999999997,2892.0
415581,F,True,False,usa,new york,JFK,44,New York,8,3,3,3,0.0,1.0,0.6666666666666666,353.25666666666666,0.0,5.666666666666667,1059.77,2036.0
416580,F,False,False,usa,fort worth,FTW,46,Texas,8,4,4,3,0.25,1.25,0.25,223.46375,0.0,1.3333333333333333,1225.35,878.1
417679,F,False,False,usa,new york,LGA,39,New York,8,5,5,4,0.6,1.2,0.4,392.83,0.5,2.75,2057.7615,2098.1
418329,M,False,True,usa,detroit,DET,52,Michigan,8,3,3,3,0.6666666666666666,1.0,0.6666666666666666,148.50666666666666,0.0,9.0,415.987,2884.7
418488,F,True,False,canada,toronto,YYZ,40,Ontario,8,4,4,4,0.0,1.0,0.5,352.9,0.0,3.25,1411.6,2199.0
420648,F,True,True,usa,portland,PDX,55,Oregon,8,3,2,2,0.6666666666666666,1.0,0.0,721.575,0.5,5.5,1334.241,2676.0
421247,F,True,True,usa,memphis,MEM,44,Tennessee,8,4,4,4,0.5,1.0,0.5,177.3975,0.25,2.0,709.59,1586.9
421515,F,False,False,canada,winnipeg,YAV,33,,8,2,2,2,0.5,1.0,0.5,337.55,0.5,1.0,675.1,351.05
421666,F,False,True,usa,washington,IAD,32,Virginia,8,1,1,1,0.0,1.0,1.0,545.17,0.0,1.0,545.17,79.0
421700,F,False,True,usa,richmond,RIC,43,Virginia,8,3,3,3,0.6666666666666666,1.3333333333333333,0.0,342.49,0.3333333333333333,5.0,1043.522,2695.7999999999997
422066,F,True,True,usa,cincinnati,CVG,58,Kentucky,8,4,4,4,0.25,1.25,1.25,279.95875,0.0,5.0,1624.165,2910.0
423042,F,False,True,canada,ottawa,YOW,45,Ontario,8,5,3,4,0.4,1.0,0.3333333333333333,224.36666666666667,0.0,2.5,673.1,1696.8
423413,F,False,False,usa,new york,LGA,20,New York,8,1,0,1,0.0,,,,0.0,20.0,,10760.0
425653,M,False,True,usa,portland,PDX,22,Oregon,8,0,0,0,,,,,,,,
426478,F,False,False,canada,hamilton,YHM,28,Ontario,8,1,0,1,1.0,,,,0.0,9.0,,963.9
427426,F,False,False,usa,san diego,SAN,39,California,8,3,3,2,0.0,1.0,0.3333333333333333,242.88333333333335,0.0,1.5,728.6500000000001,183.0
427506,F,True,True,usa,norfolk,ORF,57,Virginia,8,2,2,2,0.5,1.0,0.5,84.21000000000001,0.0,1.0,145.945,458.20000000000005
428056,M,False,False,canada,vancouver,YVR,39,British Columbia,8,4,4,3,0.0,1.0,0.0,594.3175,0.0,3.0,2377.27,1607.0
431144,F,True,False,usa,cincinnati,CVG,53,Kentucky,8,2,1,2,0.5,1.0,0.0,227.82,0.0,4.5,227.82,1488.0
431337,F,False,False,usa,miami,MIA,40,Florida,8,3,3,3,0.0,1.0,1.0,402.8866666666666,0.6666666666666666,2.0,1208.6599999999999,1459.0
431602,F,False,False,usa,tacoma,TCM,39,Washington,8,2,2,2,0.5,1.5,0.5,678.1075000000001,0.0,2.0,1950.1080000000002,776.1
432637,F,False,True,usa,san antonio,SAT,39,Texas,8,3,3,3,0.3333333333333333,1.0,0.3333333333333333,430.90000000000003,0.0,2.0,1292.7,1002.0
432941,F,False,False,usa,anchorage,MRI,43,Alaska,8,4,3,4,0.0,1.6666666666666667,0.3333333333333333,630.051111111111,0.25,5.0,3097.72,3646.0
433905,F,False,False,usa,new york,LGA,28,New York,8,1,0,1,0.0,,,,0.0,14.0,,3920.0
434238,F,True,True,usa,indianapolis,IND,52,Gujarat,8,2,2,1,0.5,1.0,0.5,48.459999999999994,0.0,1.0,96.91999999999999,44.0
434623,F,False,False,canada,montreal,YHU,37,Quebec,8,3,3,3,0.3333333333333333,1.0,0.3333333333333333,382.7033333333334,0.3333333333333333,2.0,1094.9470000000001,1253.0
435231,F,False,False,canada,toronto,YZD,32,,9,2,1,2,0.0,1.0,1.0,52.88,0.0,4.0,52.88,916.0
435669,F,False,True,usa,tampa,MCF,47,Florida,8,2,2,2,0.5,1.5,0.5,436.16499999999996,0.5,1.0,1438.24,320.0
435837,F,False,False,usa,new orleans,MSY,54,Louisiana,8,1,0,1,0.0,,,,0.0,12.0,,1848.0
437539,F,False,False,usa,nashville,BNA,48,Tennessee,8,5,5,5,0.2,1.0,0.4,338.43,0.4,1.8,1692.15,1204.0
437549,F,False,False,usa,new orleans,NBG,42,Louisiana,8,3,3,3,0.3333333333333333,1.0,1.0,336.95,0.3333333333333333,2.6666666666666665,1010.85,898.0
438406,F,False,False,usa,los angeles,LAX,45,California,8,4,4,3,0.5,1.25,0.5,586.155,0.0,2.0,2670.3205,1331.0
438551,F,True,True,usa,charlotte,CLT,39,North Carolina,8,2,0,2,0.5,,,,0.0,2.0,,451.5
438596,F,False,False,usa,oklahoma city,OKC,26,Oklahoma,8,2,1,2,0.5,1.0,1.0,108.48,0.0,4.5,97.632,1372.0
438995,F,False,False,usa,tallahassee,TLH,26,Florida,8,0,0,0,,,,,,,,
439052,F,True,False,usa,richmond,RIC,54,Virginia,9,4,4,4,0.25,1.0,0.5,517.62,0.25,4.25,2058.542,2468.0
439120,M,True,False,usa,tulsa,TUL,41,Oklahoma,8,2,2,1,0.5,1.0,0.5,398.95500000000004,0.0,1.0,797.9100000000001,83.7
439363,F,False,False,usa,fort worth,FTW,54,Texas,8,4,3,3,0.0,1.0,0.3333333333333333,205.4333333333333,0.6666666666666666,5.666666666666667,616.3,2087.0
440655,F,False,True,canada,toronto,YYZ,33,Ontario,8,3,3,3,0.3333333333333333,1.0,0.0,328.66,0.6666666666666666,1.6666666666666667,985.98,1142.6
441200,F,False,True,canada,ottawa,YOW,38,Ontario,8,3,2,2,0.0,1.0,1.0,272.62,0.5,3.5,545.24,588.0
441448,F,False,True,usa,san antonio,SKF,31,Texas,8,1,1,1,0.0,1.0,1.0,335.04,0.0,2.0,335.04,1200.0
441457,F,True,False,usa,washington,DCA,61,Virginia,8,3,2,3,0.6666666666666666,1.0,0.0,89.34,0.3333333333333333,3.6666666666666665,172.43800000000002,3241.0
442812,F,True,True,usa,boston,BOS,57,Massachusetts,8,1,0,1,0.0,,,,0.0,10.0,,850.0
442819,F,True,False,canada,ottawa,YOW,74,Ontario,8,1,1,1,0.0,1.0,1.0,714.69,1.0,1.0,714.69,85.0
443453,F,False,False,usa,seattle,BFI,39,Washington,8,4,4,4,0.25,1.0,0.25,387.665,1.0,1.25,1404.622,797.3
443598,F,False,False,usa,honolulu,HNL,45,Hawaii,8,2,2,2,1.0,1.0,0.5,1183.54,0.0,4.5,2257.4539999999997,1498.65
443652,F,False,False,usa,seattle,SEA,32,Washington,8,4,4,4,0.0,1.25,1.0,250.855,0.25,2.75,1559.84,1551.0
444387,F,True,False,usa,cincinnati,LUK,48,Ohio,8,3,3,2,0.0,1.3333333333333333,0.3333333333333333,314.74666666666667,0.5,1.0,1398.0,168.0
445351,F,True,True,usa,des moines,DSM,55,Iowa,8,4,4,3,0.25,1.0,0.0,240.5275,0.6666666666666666,3.6666666666666665,962.11,1138.8
445515,F,False,False,canada,toronto,YZD,42,,8,2,2,2,0.0,1.0,0.5,685.47,0.5,2.0,1370.94,684.0
446124,F,False,False,usa,new york,LGA,47,New York,8,5,5,5,0.2,1.0,0.6,362.004,0.0,2.8,1810.02,1745.4
446473,F,True,False,usa,san diego,NZY,51,California,8,3,3,2,0.6666666666666666,1.0,0.6666666666666666,458.63000000000005,0.0,1.5,1375.89,590.2
446933,M,False,False,canada,toronto,YTZ,49,Ontario,8,4,4,4,0.25,1.25,0.5,271.00625,0.0,1.5,1013.7815,697.0
447053,F,False,True,usa,riverside,RAL,40,California,8,2,2,2,0.0,1.0,0.5,442.37,0.0,2.5,884.74,383.0
447591,M,False,False,canada,winnipeg,YWG,25,Manitoba,8,1,1,1,0.0,1.0,0.0,245.0,1.0,1.0,245.0,229.0
448467,F,False,False,canada,halifax,YAW,40,,9,2,0,2,0.5,,,,0.0,9.5,,4732.0
448564,F,False,False,usa,colorado springs,COS,51,Colorado,8,5,4,5,0.2,1.0,0.5,394.1925,0.6,2.0,1576.77,1126.0
449033,F,False,False,usa,san diego,NZY,43,California,9,5,5,5,0.0,1.0,1.0,293.584,0.2,2.6,1467.92,1583.0
449619,F,False,False,usa,cleveland,CLE,37,Ohio,8,3,3,3,0.3333333333333333,1.0,1.0,348.8433333333333,0.3333333333333333,5.333333333333333,1046.53,2004.0
449804,F,True,False,usa,tacoma,TCM,44,Washington,8,3,3,3,0.0,1.0,1.0,481.1366666666666,0.3333333333333333,1.6666666666666667,1443.4099999999999,1067.0
450305,F,False,False,usa,fayetteville,FYV,41,Arkansas,8,3,2,3,0.6666666666666666,1.0,0.5,193.36,0.3333333333333333,3.6666666666666665,355.3055,1774.6000000000001
450615,F,False,False,usa,kansas city,MCI,46,Missouri,8,4,4,3,0.25,1.25,0.75,230.93624999999997,0.6666666666666666,5.0,1206.0549999999998,585.0
451674,F,False,True,usa,san francisco,SFO,26,California,9,0,0,0,,,,,,,,
453143,F,False,False,usa,houston,HOU,48,Texas,8,5,4,5,0.2,1.0,0.75,426.1,0.0,3.2,1704.4,2407.1000000000004
454264,F,False,True,usa,new york,JFK,51,New York,8,1,1,0,0.0,1.0,0.0,733.54,,,733.54,
454430,F,True,False,canada,vancouver,YVR,40,British Columbia,8,3,2,3,0.6666666666666666,2.5,0.0,542.03,0.3333333333333333,2.3333333333333335,2499.19,2299.5
454616,F,True,False,usa,los angeles,LAX,47,California,8,1,1,1,0.0,1.0,0.0,495.69,0.0,2.0,495.69,806.0
454661,F,False,False,usa,louisville,LOU,48,Kentucky,8,3,3,3,0.3333333333333333,1.0,0.3333333333333333,356.57666666666665,0.3333333333333333,1.6666666666666667,1001.2985,1043.0
454920,F,True,False,usa,new york,LGA,40,New York,8,5,5,5,0.2,1.6,0.6,586.246,0.6,3.8,4905.37,3064.0
454955,F,True,False,usa,san diego,NZY,53,California,8,1,1,1,0.0,1.0,1.0,481.34,0.0,3.0,481.34,804.0
456226,F,False,False,usa,houston,IAH,50,Texas,8,5,5,4,0.0,1.2,1.0,726.547,0.25,4.5,6023.45,1704.0
457599,F,True,False,usa,columbus,LCK,41,Ohio,8,5,4,4,0.4,1.0,0.5,220.73,0.0,2.5,864.8645,2250.3
457967,F,False,False,usa,colorado springs,COS,23,Colorado,8,0,0,0,,,,,,,,
458688,F,False,False,usa,cleveland,CLE,45,Ohio,9,2,2,1,0.5,1.0,0.0,63.839999999999996,0.0,10.0,105.34199999999998,2380.0
459486,F,False,False,usa,st. petersburg,SPG,31,Florida,9,2,2,1,0.0,1.0,0.5,440.595,0.0,3.0,881.19,825.0
459645,F,False,False,usa,wichita,ICT,32,Kansas,9,1,1,1,0.0,2.0,1.0,347.89,1.0,5.0,695.78,1190.0
460181,F,True,False,usa,st. louis,STL,68,Missouri,8,2,1,2,0.5,1.0,0.0,223.42,0.0,5.0,212.24899999999997,1899.0
460625,F,True,True,usa,baltimore,BWI,48,Maryland,9,4,3,4,0.5,1.0,0.3333333333333333,299.3433333333333,0.0,6.75,876.9970000000001,4316.6
461744,F,False,False,usa,new york,LGA,33,New York,9,2,1,2,0.0,1.0,0.0,201.15,0.5,4.0,201.15,919.0
461791,F,True,True,usa,boston,BOS,52,Massachusetts,9,3,3,2,0.3333333333333333,1.6666666666666667,0.3333333333333333,306.6022222222222,0.5,2.5,1295.702,1733.0
462127,F,True,False,usa,houston,HOU,43,Texas,8,2,2,1,0.0,1.0,0.5,429.95000000000005,0.0,1.0,859.9000000000001,112.0
462456,F,False,True,canada,toronto,YKZ,42,Ontario,8,5,5,3,0.2,1.2,0.2,231.05700000000002,0.3333333333333333,1.3333333333333333,1204.8564999999999,431.0
463652,F,True,False,canada,montreal,YHU,40,Quebec,8,1,1,1,1.0,1.0,1.0,206.62,1.0,1.0,206.62,144.4
463698,F,False,False,usa,atlanta,ATL,39,Georgia,8,4,4,4,0.25,1.0,0.0,195.5125,0.25,2.0,782.05,960.55
463910,F,False,False,usa,phoenix,PHX,46,Arizona,8,5,5,5,0.0,1.2,0.8,422.72200000000004,0.2,2.2,2640.44,3001.0
464160,F,True,True,usa,los angeles,LAX,51,California,8,2,1,2,0.5,1.0,1.0,705.31,0.0,8.5,634.779,2353.0
464542,F,False,True,canada,toronto,YZD,27,,8,1,1,1,0.0,1.0,0.0,680.4,0.0,1.0,680.4,166.0
464597,F,True,True,usa,richmond,RIC,61,Virginia,8,1,0,1,0.0,,,,0.0,9.0,,6129.0
464614,F,False,False,canada,calgary,YYC,40,Alberta,8,3,3,3,0.3333333333333333,1.0,0.6666666666666666,465.05999999999995,0.3333333333333333,2.6666666666666665,1364.7289999999998,862.0
464673,M,True,True,usa,louisville,LOU,52,Kentucky,8,4,3,2,0.25,2.0,1.0,283.8927777777778,0.0,5.0,1180.9985000000001,4825.0
464782,F,True,True,usa,boston,BOS,50,Massachusetts,8,2,1,2,0.0,1.0,0.0,52.17,0.5,2.0,52.17,532.0
464855,F,False,True,canada,victoria,YYJ,31,British Columbia,8,1,1,1,1.0,1.0,1.0,693.83,0.0,6.0,624.447,1056.0
466205,F,True,True,usa,new york,LGA,41,New York,8,4,2,4,0.25,1.0,1.0,674.9300000000001,0.75,5.5,1349.8600000000001,3073.0
466342,M,False,False,canada,montreal,YUL,19,Quebec,8,2,0,2,0.5,,,,0.0,12.0,,7760.4
466723,F,True,False,usa,louisville,LOU,42,Kentucky,8,3,3,3,0.6666666666666666,1.0,0.0,185.3033333333333,1.0,2.3333333333333335,528.5654999999999,1171.0
467007,M,True,True,usa,riverside,RAL,51,California,8,4,3,2,0.5,2.3333333333333335,2.0,933.3606666666666,0.0,5.5,10887.623,5210.0
468106,F,False,False,usa,new york,LGA,47,New York,8,4,4,2,0.25,1.25,0.0,345.90125,0.0,2.5,2010.3799999999999,540.4
468370,F,False,False,usa,philadelphia,PHL,35,Pennsylvania,8,4,2,4,0.0,1.0,0.5,81.19999999999999,0.5,4.5,162.39999999999998,1249.0
468666,F,False,True,usa,richmond,RIC,45,Virginia,10,3,3,3,0.6666666666666666,1.0,0.3333333333333333,385.44666666666666,0.0,1.0,989.1175000000001,316.35
468801,F,True,True,usa,dallas,DAL,46,Texas,8,3,3,2,0.6666666666666666,1.0,0.3333333333333333,359.66,0.5,2.0,1017.6320000000001,945.0
468808,F,False,True,canada,windsor,YQG,48,Ontario,8,4,4,3,0.25,1.0,0.5,476.55999999999995,0.0,2.0,1820.926,1326.0
469237,F,False,True,usa,new york,LGA,20,New York,8,1,0,1,0.0,,,,0.0,3.0,,1536.0
469418,F,True,True,usa,san francisco,SFO,27,California,8,0,0,0,,,,,,,,
469767,F,True,False,usa,new york,JFK,50,New York,8,4,4,4,0.0,1.25,0.75,314.46000000000004,0.0,2.25,1603.58,1797.0
471077,F,True,False,usa,louisville,LOU,59,Kentucky,8,6,6,5,0.3333333333333333,1.0,0.5,325.8333333333333,0.2,1.2,1786.0985,1054.0
471500,F,False,True,usa,houston,IAH,29,Texas,8,3,1,3,0.6666666666666666,1.0,0.0,250.81,0.0,5.666666666666667,250.81,3676.8
471565,F,False,True,usa,nashville,BNA,32,Tennessee,8,2,1,2,0.0,1.0,1.0,194.76,0.0,7.0,194.76,1625.0
471717,F,True,True,usa,phoenix,LUF,48,Arizona,8,3,3,3,0.0,1.0,0.3333333333333333,254.82333333333335,0.3333333333333333,1.6666666666666667,764.47,1027.0
471973,F,False,True,usa,sacramento,MHR,38,California,8,0,0,0,,,,,,,,
472614,F,False,False,canada,toronto,YYZ,41,Ontario,8,2,2,2,0.5,1.0,0.5,391.27,0.5,1.5,771.725,679.0
472713,F,True,True,usa,nashville,BNA,43,Tennessee,9,4,4,4,0.25,1.25,1.0,246.165,0.25,3.0,1171.76,2445.25
472785,M,False,False,canada,toronto,YZD,48,,8,3,3,2,0.3333333333333333,1.0,0.6666666666666666,342.27333333333337,0.5,2.5,1011.177,1178.0
472966,F,True,False,usa,oakland,OAK,39,California,9,2,2,2,0.0,1.0,0.0,361.46000000000004,0.5,1.5,722.9200000000001,791.0
473332,F,True,False,usa,los angeles,LAX,52,California,8,4,3,3,0.75,1.0,0.3333333333333333,597.8766666666667,0.6666666666666666,4.0,1727.116,3088.4
473343,F,True,False,usa,kansas city,MCI,50,Missouri,8,3,3,3,0.0,1.3333333333333333,1.0,246.05166666666665,0.0,2.0,885.02,973.0
473402,F,True,False,usa,los angeles,LAX,44,California,8,2,2,2,0.0,1.5,0.5,691.8924999999999,0.0,3.0,2063.51,848.0
473467,F,True,False,usa,austin,AUS,45,Texas,9,4,3,3,0.5,1.3333333333333333,0.6666666666666666,445.8716666666667,0.3333333333333333,2.3333333333333335,1751.96,1131.3
473568,F,True,True,usa,new york,JFK,51,New York,8,1,1,1,1.0,1.0,1.0,582.32,0.0,1.0,524.0880000000001,271.0
473712,F,False,False,usa,chicago,ORD,48,Illinois,8,6,5,5,0.16666666666666666,1.0,0.4,307.818,0.2,2.8,1411.1975,2924.0
474384,F,True,False,usa,indianapolis,IND,44,Gujarat,8,4,4,3,0.25,1.25,1.0,303.78375,0.3333333333333333,2.0,1231.598,1315.0
474546,F,True,False,usa,memphis,MEM,55,Tennessee,8,5,5,4,0.6,1.8,0.2,286.2795,0.25,3.75,2045.9334999999999,2685.2
474951,F,False,False,usa,jacksonville,NIP,39,Florida,10,5,5,5,0.4,1.2,0.4,325.185,0.2,1.8,2011.641,919.75
474980,F,True,False,usa,columbus,CMH,43,Ohio,8,3,2,3,0.0,1.0,0.0,117.83,0.3333333333333333,2.6666666666666665,235.66,2230.0
475130,F,True,True,usa,milwaukee,MKE,48,Wisconsin,8,6,6,5,0.5,1.6666666666666667,0.8333333333333334,233.2927777777778,0.4,1.2,2311.552,1715.6
476081,F,True,True,usa,el paso,BIF,59,Texas,8,4,3,3,0.0,1.0,0.0,247.57333333333335,0.6666666666666666,2.3333333333333335,742.72,916.0
476173,F,False,False,usa,amarillo,AMA,26,Texas,8,1,0,1,0.0,,,,1.0,13.0,,3315.0
476393,F,True,False,canada,calgary,YYC,54,Alberta,8,2,2,2,0.0,1.0,0.5,466.66499999999996,0.0,1.5,933.3299999999999,581.0
476436,F,True,True,usa,dallas,DAL,44,Texas,8,4,4,4,0.0,1.0,0.5,299.5025,0.0,2.25,1198.01,1686.0
476665,F,True,False,usa,detroit,DET,41,Michigan,8,6,6,6,0.16666666666666666,1.5,0.6666666666666666,300.4795833333333,0.16666666666666666,2.5,3631.3810000000003,5716.0
476693,F,False,False,usa,los angeles,LAX,39,California,8,4,4,4,0.0,1.0,0.5,566.8025,0.25,1.5,2267.21,940.0
476714,F,False,False,usa,columbus,CMH,47,Ohio,8,3,3,3,0.3333333333333333,1.3333333333333333,0.6666666666666666,297.0933333333333,0.6666666666666666,3.3333333333333335,1142.9164999999998,2805.6000000000004
476916,F,False,True,usa,louisville,LOU,35,Kentucky,8,0,0,0,,,,,,,,
477316,F,False,False,usa,new york,LGA,41,New York,8,4,3,4,0.0,1.0,0.6666666666666666,544.09,0.5,2.5,1632.27,1029.0
478003,M,True,False,usa,cleveland,CLE,56,Ohio,10,3,3,2,0.0,1.0,0.3333333333333333,471.18,1.0,1.5,1413.54,639.0
478146,F,True,False,usa,dallas,DAL,51,Texas,8,2,1,2,0.5,1.0,2.0,350.39,0.5,4.0,350.39,551.0
478188,M,False,False,usa,denver,DEN,32,Colorado,8,3,2,3,0.0,1.0,1.0,301.46500000000003,0.3333333333333333,3.0,602.9300000000001,893.0
478228,M,True,False,canada,halifax,YAW,29,,8,2,1,2,0.5,2.0,0.0,164.49,0.0,6.5,328.98,1405.8
478585,F,False,False,usa,los angeles,LAX,49,California,8,5,5,4,0.0,1.2,0.6,526.2389999999999,0.0,1.5,2967.16,1210.0
478760,F,False,False,usa,new york,JFK,23,New York,8,1,0,1,0.0,,,,1.0,1.0,,260.0
479071,F,False,False,usa,baltimore,BWI,39,Maryland,9,5,4,5,0.0,1.0,0.5,347.15,0.0,1.8,1388.6,1899.0
479101,F,False,True,canada,toronto,YTZ,38,Ontario,8,1,1,1,1.0,1.0,1.0,128.63,1.0,1.0,128.63,135.85
479254,F,True,False,canada,montreal,YHU,46,Quebec,9,3,3,3,0.3333333333333333,1.0,0.3333333333333333,256.0833333333333,0.3333333333333333,2.0,768.25,1233.0
479524,F,False,False,usa,honolulu,HNL,35,Hawaii,9,0,0,0,,,,,,,,
479785,M,True,True,usa,tulsa,TUL,39,Oklahoma,8,0,0,0,,,,,,,,
480313,F,True,False,usa,los angeles,LAX,50,California,8,2,2,2,0.0,1.0,0.5,194.695,1.0,1.0,389.39,284.0
480331,F,True,False,usa,phoenix,PHX,43,Arizona,8,3,3,3,0.3333333333333333,1.0,0.3333333333333333,238.26666666666665,0.3333333333333333,2.0,618.594,1490.0
480796,F,False,True,usa,anchorage,MRI,43,Alaska,8,3,2,3,0.0,1.0,0.5,790.605,0.3333333333333333,3.3333333333333335,1581.21,1106.0
481050,F,True,True,usa,houston,EFD,49,Texas,8,2,1,2,0.0,1.0,1.0,365.63,0.5,4.5,365.63,1123.0
481245,F,False,False,usa,new york,LGA,49,New York,9,2,2,2,0.5,1.0,0.0,427.18,0.0,8.0,693.135,896.0
481292,F,False,False,usa,san jose,SJC,35,California,8,4,4,3,0.25,1.0,1.0,423.8075,0.0,1.6666666666666667,1643.14,767.0
481554,F,True,False,usa,anchorage,MRI,49,Alaska,9,5,5,5,0.2,1.2,0.6,836.917,0.2,3.2,4576.63,3078.9
482264,F,True,True,usa,wichita,IAB,45,Kansas,8,4,3,4,0.25,1.0,0.6666666666666666,278.37666666666667,0.25,4.0,835.13,2522.8
482630,F,False,False,canada,toronto,YTZ,32,Ontario,8,2,2,2,0.0,1.0,0.5,326.19,0.0,1.0,652.38,266.0
482744,F,False,False,usa,new york,LGA,41,New York,9,4,4,4,0.5,1.0,1.0,303.5775,0.0,2.5,1161.3509999999999,1076.3
482811,M,False,False,usa,san diego,SAN,70,California,8,0,0,0,,,,,,,,
483224,F,False,False,usa,chicago,MDW,48,Illinois,8,3,3,1,0.3333333333333333,1.0,0.3333333333333333,335.31333333333333,1.0,9.0,1005.94,927.0
483237,F,True,False,usa,dallas,DAL,38,Texas,8,4,4,4,0.5,1.0,0.5,273.095,0.5,3.5,1071.3725,4184.0
483480,M,True,True,canada,toronto,YTZ,41,Ontario,8,5,3,5,0.2,1.0,0.6666666666666666,219.27666666666664,0.0,2.8,657.8299999999999,2390.1
483603,F,False,False,usa,new york,JFK,41,New York,9,4,4,3,0.25,1.5,0.0,242.40916666666664,0.3333333333333333,1.3333333333333333,1354.0,1257.0
483928,F,False,False,usa,new york,JFK,43,New York,8,5,5,5,0.2,1.2,0.4,258.386,0.2,2.6,1375.9325000000001,2264.0
484249,F,True,False,usa,minneapolis,MSP,45,Minnesota,8,3,3,3,0.3333333333333333,1.0,0.0,414.8966666666667,0.3333333333333333,7.333333333333333,1244.69,9193.2
484342,F,False,False,usa,houston,IAH,20,Texas,8,0,0,0,,,,,,,,
484987,F,False,False,canada,montreal,YMX,59,Quebec,8,4,4,4,0.0,1.25,0.75,247.54375,0.5,4.0,1131.53,1937.0
485149,F,False,False,usa,fayetteville,POB,44,North Carolina,9,3,3,3,0.0,1.0,0.3333333333333333,265.9433333333333,0.0,1.3333333333333333,797.83,889.0
485260,F,True,True,usa,chicago,UGN,52,Illinois,8,2,2,2,0.5,1.0,0.5,325.48,0.5,3.0,650.96,935.6
485518,F,False,False,usa,brownsville,BRO,30,Texas,8,0,0,0,,,,,,,,
485536,F,True,True,usa,houston,HOU,39,Texas,9,0,0,0,,,,,,,,
485544,F,True,False,usa,las vegas,LAS,43,Nevada,8,8,8,7,0.25,1.875,0.375,470.65625,0.5714285714285714,3.857142857142857,7365.8965,6621.0
485591,F,True,False,usa,colorado springs,COS,51,Colorado,8,4,3,4,0.5,1.0,0.0,425.59666666666664,0.25,2.5,1276.79,3778.7
485894,F,False,True,canada,toronto,YKZ,44,Ontario,8,3,2,3,0.3333333333333333,1.5,0.5,311.13500000000005,0.3333333333333333,5.0,666.9630000000001,6756.0
486046,F,True,False,canada,montreal,YMX,75,Quebec,8,1,0,1,1.0,,,,1.0,11.0,,1056.0
486191,F,True,False,usa,los angeles,LAX,70,California,8,1,0,1,1.0,,,,0.0,6.0,,1872.0
486268,F,False,False,usa,los angeles,LAX,28,California,8,0,0,0,,,,,,,,
486270,F,False,False,canada,victoria,YYJ,30,British Columbia,8,3,2,3,0.3333333333333333,1.0,0.5,563.005,0.0,3.3333333333333335,1126.01,1913.0
486447,F,False,True,usa,new york,LGA,28,New York,8,0,0,0,,,,,,,,
486671,F,True,True,usa,louisville,LOU,57,Kentucky,8,5,5,4,0.2,1.8,0.4,295.8566666666667,0.0,2.75,2779.4825,3481.0
486823,F,False,False,usa,sacramento,SAC,28,California,8,3,3,2,0.3333333333333333,1.6666666666666667,0.3333333333333333,477.24666666666667,0.5,1.5,2921.2,1559.5
487036,F,True,True,canada,calgary,YYC,43,Alberta,9,1,1,1,0.0,1.0,1.0,285.5,0.0,1.0,285.5,144.0
487040,F,False,True,usa,phoenix,LUF,39,Arizona,8,3,3,2,0.3333333333333333,1.3333333333333333,1.0,338.45666666666665,0.5,2.5,1059.225,1623.0
487101,F,True,False,canada,ottawa,YOW,42,Ontario,8,4,4,4,0.25,1.25,0.5,456.64124999999996,0.25,1.5,1916.05,1062.2
487276,F,True,False,usa,los angeles,LAX,67,California,8,4,3,4,0.25,1.0,0.6666666666666666,407.35666666666674,0.0,3.5,1187.5095000000001,2070.0
487680,F,True,True,canada,montreal,YHU,52,Quebec,9,2,2,2,0.0,1.5,0.5,640.6424999999999,0.0,2.0,1857.9299999999998,459.0
487715,F,True,False,usa,seattle,SEA,51,Washington,8,4,4,3,0.25,1.5,0.25,576.4658333333334,0.0,1.3333333333333333,3677.4530000000004,718.3
487858,F,True,False,usa,fresno,FAT,44,California,8,3,2,3,0.0,1.0,0.5,479.85,0.0,3.0,959.7,1570.0
487954,M,False,False,canada,edmonton,YED,43,,9,4,3,4,0.25,1.3333333333333333,0.6666666666666666,551.1666666666666,0.0,4.25,2164.16,5268.0
488009,F,False,False,usa,baltimore,BWI,49,Maryland,8,2,2,1,0.0,1.0,0.0,59.730000000000004,1.0,2.0,119.46000000000001,464.0
488246,F,False,False,canada,edmonton,YEG,20,Alberta,8,1,0,1,1.0,,,,0.0,5.0,,1586.5
488314,F,True,False,usa,los angeles,LAX,59,California,8,3,3,3,0.3333333333333333,1.0,0.3333333333333333,499.53666666666663,0.0,1.6666666666666667,1498.61,543.5
488410,F,True,True,usa,new york,JFK,53,New York,8,3,3,3,0.0,1.0,0.3333333333333333,196.95666666666668,0.0,3.3333333333333335,590.87,556.0
488430,F,False,False,usa,austin,AUS,19,Texas,8,0,0,0,,,,,,,,
488462,F,True,False,canada,toronto,YTZ,47,Ontario,8,5,4,5,0.4,1.0,0.25,157.9525,0.2,2.6,631.81,1356.35
488511,F,True,False,canada,montreal,YMX,47,Quebec,8,3,2,3,0.3333333333333333,1.0,0.0,416.42499999999995,0.3333333333333333,6.333333333333333,796.7344999999999,6370.0
488529,F,True,True,usa,houston,HOU,50,Texas,8,3,3,3,0.6666666666666666,1.6666666666666667,0.3333333333333333,395.0183333333334,0.6666666666666666,1.6666666666666667,1922.29,1911.6
488539,F,True,False,canada,quebec,YQB,52,Quebec,8,0,0,0,,,,,,,,
488974,F,False,False,usa,newark,EWR,57,New Jersey,8,3,3,2,0.3333333333333333,1.0,0.6666666666666666,150.95,0.0,2.0,452.84999999999997,264.0
489635,M,False,False,usa,fresno,FAT,51,California,8,4,4,4,0.25,1.0,0.5,634.19,0.25,2.0,2284.684,1156.0
489661,F,False,False,usa,richmond,RIC,22,Virginia,8,1,0,1,0.0,,,,0.0,5.0,,1320.0
489786,F,True,False,usa,akron,AKR,53,Ondo,8,0,0,0,,,,,,,,
489802,F,True,False,usa,detroit,YIP,42,Michigan,8,1,1,1,0.0,1.0,0.0,344.32,1.0,4.0,344.32,600.0
489844,F,True,True,canada,toronto,YYZ,51,Ontario,8,3,2,3,0.6666666666666666,1.0,1.0,536.025,0.3333333333333333,5.0,1072.05,1448.85
489852,F,True,False,usa,santa ana,SNA,52,California,8,2,1,2,0.0,2.0,1.0,345.015,0.5,6.0,690.03,2541.0
489953,F,False,True,usa,san antonio,SKF,42,Texas,8,6,6,5,0.3333333333333333,1.8333333333333333,0.8333333333333334,250.18694444444444,0.4,2.6,2567.3155,4667.25
490040,F,True,False,usa,riverside,RIV,48,California,8,3,3,3,0.3333333333333333,1.6666666666666667,0.0,603.5911111111111,0.0,2.6666666666666665,3091.146,2153.0
490107,F,False,False,usa,philadelphia,PNE,39,Pennsylvania,8,5,5,5,0.4,1.0,0.8,313.32599999999996,0.0,2.2,1405.9274999999998,1613.8000000000002
490133,F,True,True,usa,lubbock,LBB,52,Texas,8,5,3,5,0.2,1.0,1.0,366.77,0.2,4.6,1100.31,3946.2
490358,F,False,True,usa,las vegas,LAS,30,Nevada,8,2,2,2,0.5,1.0,1.5,566.625,0.0,3.0,1074.3200000000002,737.0
490671,F,False,True,usa,indianapolis,IND,38,Gujarat,9,4,4,3,0.25,1.0,1.0,124.1925,0.3333333333333333,4.333333333333333,496.77,2733.15
491003,F,False,True,usa,corpus christi,CRP,41,Texas,8,1,1,1,1.0,1.0,0.0,443.8,1.0,1.0,332.85,124.0
491124,M,False,False,usa,colorado springs,COS,57,Colorado,8,4,3,4,0.25,1.0,0.0,229.36,0.25,4.25,688.08,6666.0
491266,F,True,False,usa,sacramento,SMF,45,California,8,3,3,1,0.0,1.3333333333333333,1.0,477.01000000000005,0.0,4.0,1699.2600000000002,1160.0
491559,F,True,False,usa,san diego,SAN,50,California,8,3,3,3,0.0,1.0,0.0,471.6366666666667,0.3333333333333333,1.3333333333333333,1414.91,583.0
491597,F,False,False,usa,omaha,OMA,47,Iowa,8,2,2,2,1.0,2.5,1.0,194.93083333333334,0.5,1.0,749.0935000000001,954.0
491706,M,False,False,usa,phoenix,LUF,46,Arizona,8,2,2,1,0.0,1.0,0.0,557.225,0.0,4.0,1114.45,1028.0
491772,F,False,False,canada,edmonton,YEG,57,Alberta,8,4,3,4,0.5,1.3333333333333333,0.3333333333333333,494.49666666666667,0.5,3.25,1687.913,1663.8
491925,M,False,False,usa,new york,JFK,55,New York,8,6,5,5,0.16666666666666666,1.4,0.0,286.31399999999996,0.2,4.0,2331.87,3317.0
492209,F,True,False,canada,montreal,YUL,44,Quebec,8,4,4,3,0.25,1.25,0.25,253.84375,0.0,1.6666666666666667,1685.4299999999998,743.6
492211,M,False,False,usa,tucson,TUS,24,Arizona,8,1,1,1,0.0,1.0,0.0,140.85,1.0,5.0,140.85,780.0
492287,F,False,False,usa,los angeles,LAX,40,California,9,2,2,2,0.0,2.5,1.5,342.65,0.0,3.0,1888.69,3256.0
492614,F,False,False,usa,las vegas,LSV,21,Nevada,8,0,0,0,,,,,,,,
492999,F,False,False,usa,los angeles,LAX,32,California,8,1,1,1,0.0,1.0,0.0,646.3,0.0,1.0,646.3,281.0
493409,M,False,False,usa,nashville,BNA,31,Tennessee,8,5,4,4,0.0,1.25,1.0,271.2375,0.75,6.0,1204.09,4013.0
494382,F,False,True,canada,ottawa,YOW,41,Ontario,8,5,4,4,0.2,1.5,0.25,179.34666666666666,0.5,4.75,902.62,2707.0
494441,F,False,True,usa,colorado springs,COS,47,Colorado,8,0,0,0,,,,,,,,
494590,F,False,False,usa,houston,IAH,30,Texas,8,4,3,4,0.75,1.0,1.0,204.58,0.0,3.75,594.995,5329.6
494680,F,False,False,usa,dallas,DAL,30,Texas,8,4,3,4,0.25,1.0,0.3333333333333333,353.75333333333333,0.25,2.25,1061.26,1556.6
494704,M,True,False,canada,quebec,YQB,45,Quebec,8,6,5,6,0.0,1.0,0.4,301.17600000000004,0.5,2.1666666666666665,1505.88,2283.0
495042,F,True,False,usa,los angeles,LAX,50,California,8,5,4,5,0.4,1.0,0.25,543.09,0.4,2.6,2142.375,2840.7
495080,F,True,False,usa,fresno,FAT,36,California,8,1,1,1,1.0,1.0,0.0,224.01,1.0,1.0,224.01,291.75
495272,F,False,False,usa,tucson,DMA,35,Arizona,9,3,2,3,0.3333333333333333,1.0,0.5,347.90500000000003,0.3333333333333333,4.333333333333333,695.8100000000001,1669.4
495273,F,False,False,canada,edmonton,YXD,33,,8,6,4,6,0.3333333333333333,1.25,1.25,398.75,0.16666666666666666,7.166666666666667,2113.37,6296.3
495482,F,True,False,usa,dallas,DAL,38,Texas,9,5,4,4,0.2,1.0,0.25,342.53,0.25,6.25,1370.12,3634.1
495603,F,True,False,usa,san francisco,SFO,31,California,8,5,4,4,0.2,1.0,0.25,300.38750000000005,0.25,8.25,1201.5500000000002,4385.0
496074,F,False,False,usa,boston,BOS,31,Massachusetts,8,0,0,0,,,,,,,,
496273,F,True,False,usa,los angeles,LAX,57,California,9,4,3,3,0.75,1.0,0.6666666666666666,454.52333333333337,0.3333333333333333,5.0,1363.5700000000002,1359.4
496286,M,False,False,usa,seattle,BFI,42,Washington,8,3,3,2,0.0,1.6666666666666667,1.0,474.92333333333335,0.0,2.0,2526.37,1062.0
496382,F,False,False,usa,louisville,LOU,45,Kentucky,8,4,4,2,0.5,1.5,1.0,163.9675,0.0,3.0,749.0535,1848.0
496408,F,False,False,usa,fresno,FAT,46,California,10,4,4,3,0.0,1.0,0.75,270.7375,0.0,1.0,1082.95,802.0
497042,F,True,True,usa,fresno,FAT,58,California,8,4,4,4,0.25,1.0,0.0,504.205,0.0,2.75,1953.23,907.0
497108,F,False,False,usa,nashville,BNA,50,Tennessee,8,3,3,3,0.0,1.3333333333333333,0.3333333333333333,203.40833333333333,0.3333333333333333,1.0,821.66,714.0
497475,F,True,False,usa,corpus christi,CRP,49,Texas,8,4,4,1,0.25,1.5,0.75,789.305,0.0,4.0,5650.72,340.0
497615,F,False,True,canada,toronto,YYZ,48,Ontario,8,3,2,3,0.0,1.0,1.0,250.14,0.3333333333333333,4.333333333333333,500.28,3438.0
497680,F,False,True,usa,new york,LGA,43,New York,8,3,2,3,0.0,1.0,0.5,341.845,0.3333333333333333,2.6666666666666665,683.69,742.0
498154,F,True,False,usa,akron,AKR,47,Ondo,8,2,2,2,0.0,1.0,0.5,376.645,0.0,1.5,753.29,316.0
498199,F,True,False,usa,kansas city,MCI,48,Missouri,8,3,2,3,0.0,1.0,0.0,247.36,0.3333333333333333,2.6666666666666665,494.72,1144.0
498298,F,False,False,usa,fort worth,FTW,20,Texas,8,3,1,3,0.3333333333333333,1.0,2.0,298.05,0.0,8.0,298.05,4832.0
498363,F,False,False,canada,london,YXU,51,Ontario,8,2,2,2,0.5,1.5,0.0,107.4825,1.0,2.0,244.06,766.9
498500,F,True,True,usa,sacramento,SAC,52,California,8,3,2,3,0.6666666666666666,1.5,0.0,353.495,0.3333333333333333,3.3333333333333335,1191.414,1261.4
498665,F,False,False,canada,montreal,YHU,39,Quebec,8,5,5,5,0.2,1.0,0.4,252.696,0.2,2.2,1246.798,2329.0
498857,F,True,False,usa,spokane,SKA,40,Washington,8,3,3,2,0.0,1.0,0.6666666666666666,384.1333333333334,0.5,3.5,1152.4,577.0
498931,F,True,True,usa,baltimore,BWI,61,Maryland,8,2,2,2,0.5,1.0,0.0,130.65,0.5,6.0,250.56600000000003,2778.0
499038,F,False,False,usa,richmond,RIC,33,Virginia,8,4,3,3,0.0,1.0,1.0,395.8333333333333,0.0,3.0,1187.5,4076.0
499379,F,True,False,usa,reno,RNO,68,Nevada,9,2,1,2,1.0,1.0,0.0,499.23,1.0,3.5,499.23,765.6
499751,F,True,False,canada,vancouver,YVR,55,British Columbia,9,4,3,4,0.0,1.0,1.3333333333333333,489.6433333333334,0.25,4.75,1468.93,3694.0
499760,F,True,True,usa,corpus christi,CRP,52,Texas,8,0,0,0,,,,,,,,
499810,M,True,False,usa,cincinnati,LUK,48,Ohio,9,3,2,3,0.0,1.0,0.5,384.47999999999996,0.3333333333333333,5.333333333333333,768.9599999999999,2715.0
499969,F,False,False,usa,providence,PVD,28,Rhode Island,8,1,0,1,0.0,,,,0.0,9.0,,351.0
499990,F,False,False,usa,new york,LGA,39,New York,8,2,2,1,0.5,2.0,0.5,739.0033333333333,0.0,6.0,3018.08,1284.0
500078,F,True,False,canada,ottawa,YOW,49,Ontario,8,2,2,2,0.0,1.0,1.0,163.89000000000001,0.5,3.5,327.78000000000003,529.0
500196,F,True,False,canada,calgary,YYC,54,Alberta,8,2,2,2,0.0,1.5,0.5,441.805,1.0,2.0,1350.17,407.0
500243,F,False,False,usa,philadelphia,PHL,27,Pennsylvania,9,1,1,1,0.0,1.0,0.0,150.6,1.0,2.0,150.6,234.0
500257,F,False,False,usa,new york,LGA,47,New York,8,2,2,2,0.5,1.0,0.5,356.29499999999996,0.5,1.5,698.545,393.4
500493,F,False,True,usa,chicago,UGN,44,Illinois,8,3,2,2,0.3333333333333333,1.5,0.5,337.20500000000004,0.0,4.0,895.1,7025.0
500532,F,True,True,canada,ottawa,YOW,39,Ontario,8,1,0,1,0.0,,,,1.0,2.0,,566.0
500646,F,True,False,usa,indianapolis,IND,50,Gujarat,8,3,1,3,1.0,1.0,1.0,254.25,0.0,7.333333333333333,228.82500000000002,3219.2000000000003
501322,F,True,True,usa,los angeles,LAX,56,California,9,4,3,4,0.5,1.0,1.0,618.57,0.0,2.75,1820.9669999999999,2476.3
501344,M,False,False,usa,corpus christi,CRP,52,Texas,8,1,1,0,1.0,1.0,0.0,95.59,,,95.59,
501436,F,True,False,usa,columbus,CMH,33,Ohio,8,3,3,2,0.0,1.0,1.3333333333333333,170.04,0.0,1.0,510.12,397.0
501708,F,False,False,canada,montreal,YHU,26,Quebec,8,0,0,0,,,,,,,,
501735,F,False,False,usa,new york,JFK,36,New York,8,3,3,3,0.0,1.0,1.0,323.0266666666667,0.0,1.0,969.08,331.0
501780,M,False,True,usa,bakersfield,BFL,20,California,8,0,0,0,,,,,,,,
501794,F,True,False,usa,nashville,BNA,45,Tennessee,8,4,4,4,0.25,1.0,0.75,188.11249999999998,0.25,4.25,752.4499999999999,1781.0
501817,F,True,False,canada,gatineau,YND,52,Quebec,9,3,3,3,0.0,2.0,0.6666666666666666,202.79777777777778,0.6666666666666666,2.6666666666666665,1201.68,4034.0
502145,F,False,False,usa,baltimore,BWI,42,Maryland,10,4,4,4,0.0,1.25,0.75,551.89375,0.25,2.5,2894.91,1651.0
502210,F,True,False,canada,montreal,YMX,45,Quebec,8,3,2,3,0.0,1.0,1.0,376.41499999999996,0.3333333333333333,3.0,752.8299999999999,1719.0
502353,F,False,False,usa,honolulu,HNL,41,Hawaii,8,5,4,4,0.2,1.0,0.5,1211.5425,0.5,5.5,4846.17,6017.0
502847,F,True,False,usa,grand rapids,GRR,53,Michigan,8,5,4,5,0.0,1.0,0.5,270.47249999999997,0.2,1.8,1081.8899999999999,2070.0
502995,F,False,False,usa,charlotte,CLT,70,North Carolina,9,0,0,0,,,,,,,,
503049,F,False,False,usa,omaha,OMA,74,Iowa,8,0,0,0,,,,,,,,
503126,F,False,False,canada,edmonton,YXD,28,,8,1,0,1,0.0,,,,0.0,9.0,,2592.0
503277,F,False,False,usa,los angeles,LAX,57,California,8,3,3,3,0.3333333333333333,1.0,1.3333333333333333,530.4966666666667,0.0,3.6666666666666665,1591.49,1252.65
503342,F,True,False,usa,lincoln,LNK,45,Nebraska,8,2,2,2,0.5,1.0,0.5,249.995,0.5,4.5,489.91499999999996,1734.0
503418,F,False,False,usa,new york,LGA,42,New York,9,5,5,5,0.2,1.0,0.4,287.548,0.4,3.6,1422.941,2964.0
503760,F,True,False,usa,kansas city,MCI,41,Missouri,8,5,4,5,0.2,1.75,0.5,278.45875,0.6,4.6,2036.84,7242.0
503773,F,False,True,usa,brownsville,BRO,20,Texas,8,0,0,0,,,,,,,,
503928,F,True,True,canada,toronto,YYZ,48,Ontario,8,2,2,2,0.0,1.0,0.0,241.07000000000002,0.5,2.0,482.14000000000004,1419.0
503945,F,False,False,usa,san antonio,RND,50,Texas,8,3,3,2,0.3333333333333333,1.3333333333333333,0.3333333333333333,499.21166666666664,0.0,2.0,2031.9064999999998,1038.0
504081,F,True,True,usa,los angeles,LAX,47,California,10,2,2,1,0.5,1.0,0.5,494.59000000000003,0.0,1.0,989.1800000000001,222.0
504133,F,True,False,usa,lincoln,LNK,47,Nebraska,8,3,3,3,0.0,2.0,0.6666666666666666,309.3127777777778,0.0,6.0,1621.8700000000001,6617.0
504299,F,True,True,usa,milwaukee,MKE,44,Wisconsin,8,3,3,3,0.3333333333333333,1.0,0.6666666666666666,529.1466666666666,0.0,2.0,1512.4955,937.0
504320,F,False,False,usa,indianapolis,IND,33,Gujarat,8,2,2,2,1.0,1.0,1.0,343.39,0.0,2.0,686.78,525.75
504371,F,False,True,usa,new york,LGA,53,New York,8,5,5,4,0.2,1.8,0.4,703.476,0.75,4.75,6805.66,4026.0
504579,F,False,False,usa,phoenix,LUF,71,Arizona,8,0,0,0,,,,,,,,
504669,F,False,False,usa,long beach,LGB,43,California,8,2,2,2,0.5,1.0,1.0,603.765,0.0,2.0,1179.299,406.0
504859,F,False,True,usa,phoenix,PHX,29,Arizona,8,2,1,2,0.5,1.0,0.0,234.11,0.5,4.0,234.11,2420.0
504945,F,False,False,usa,houston,EFD,46,Texas,9,4,4,4,0.25,1.0,0.75,328.39750000000004,0.25,1.5,1313.5900000000001,1343.4
505066,M,True,True,usa,boston,BOS,27,Massachusetts,8,1,0,1,0.0,,,,1.0,3.0,,816.0
505230,F,False,False,usa,tucson,TUS,63,Arizona,8,3,2,3,0.3333333333333333,1.5,1.0,187.4025,0.3333333333333333,3.6666666666666665,620.107,2538.0
505289,F,False,False,usa,new york,JFK,30,New York,8,3,3,3,0.0,1.0,0.3333333333333333,213.82666666666668,0.6666666666666666,1.0,641.48,274.0
505358,F,False,False,usa,detroit,DET,40,Michigan,8,3,3,3,0.3333333333333333,1.6666666666666667,0.6666666666666666,230.7511111111111,0.0,3.0,817.1914999999999,2028.0
505617,F,False,True,canada,vancouver,YVR,50,British Columbia,8,1,1,1,0.0,2.0,0.0,584.87,1.0,1.0,1169.74,906.0
505667,F,True,False,usa,san francisco,SFO,56,California,9,3,3,3,0.0,1.0,0.0,341.98,0.6666666666666666,2.6666666666666665,1025.94,1671.0
505680,F,False,False,usa,los angeles,LAX,50,California,8,4,3,4,0.0,1.3333333333333333,0.6666666666666666,355.03833333333336,0.0,2.0,1380.4299999999998,1789.0
505854,F,True,False,usa,new york,JFK,57,New York,8,5,3,5,0.4,1.0,1.0,452.31666666666666,0.4,5.0,1356.95,4113.0
505916,F,False,False,usa,charlotte,CLT,30,North Carolina,8,5,4,5,0.4,1.0,0.75,419.96999999999997,0.2,10.6,1569.2769999999998,10446.8
506130,F,False,False,usa,phoenix,PHX,43,Arizona,11,4,4,4,0.5,1.0,0.5,681.965,0.0,3.25,2693.652,2583.4
506427,F,True,True,usa,dallas,DAL,50,Texas,9,6,5,5,0.16666666666666666,1.0,0.8,152.676,0.2,3.0,763.38,2743.85
506611,F,True,False,usa,tulsa,TUL,56,Oklahoma,8,4,1,4,0.0,1.0,0.0,133.21,0.0,3.5,133.21,2197.0
506828,F,False,False,usa,louisville,LOU,30,Kentucky,8,1,1,1,0.0,1.0,1.0,458.03,0.0,4.0,458.03,816.0
506837,F,False,True,usa,cleveland,CLE,50,Ohio,8,3,3,3,0.6666666666666666,1.0,1.0,274.12666666666667,0.3333333333333333,5.666666666666667,809.9680000000001,6213.0
507133,F,False,False,canada,edmonton,YXD,29,,8,3,2,3,0.0,1.5,1.0,474.3525,0.3333333333333333,3.3333333333333335,1345.8000000000002,4620.0
507207,F,False,True,usa,new york,LGA,20,New York,8,2,0,2,0.0,,,,0.0,7.5,,5140.0
507273,F,False,False,usa,columbus,LCK,33,Ohio,8,4,4,3,0.25,1.0,0.5,393.2425,0.6666666666666666,1.6666666666666667,1572.97,662.0
507435,F,True,True,usa,los angeles,LAX,56,California,8,4,4,4,0.0,1.0,0.5,328.1125,0.25,2.5,1312.45,1878.0
507557,F,True,True,usa,baton rouge,BTR,61,Louisiana,8,2,1,2,0.5,1.0,1.0,53.13,0.0,4.0,53.13,468.0
507573,F,False,False,usa,denver,DEN,44,Colorado,8,3,3,3,0.3333333333333333,1.0,0.6666666666666666,238.50333333333333,0.0,1.6666666666666667,694.699,578.0
507728,F,True,True,usa,st. louis,STL,40,Missouri,8,2,2,2,0.0,1.0,0.0,232.785,0.0,2.5,465.57,1045.0
507753,F,False,True,usa,nashville,BNA,27,Tennessee,8,1,1,1,0.0,1.0,1.0,188.11,0.0,8.0,188.11,1704.0
507759,F,True,False,canada,victoria,YYJ,51,British Columbia,8,3,3,3,0.6666666666666666,1.0,0.6666666666666666,267.99333333333334,0.3333333333333333,2.6666666666666665,716.548,950.0
507805,F,True,True,usa,san jose,SJC,45,California,8,4,4,4,0.25,1.25,0.5,472.50125,0.5,6.0,2274.81,7067.4
508050,F,True,False,usa,new york,JFK,49,New York,8,4,4,3,0.5,1.5,0.75,288.5025,0.0,10.666666666666666,1596.1589999999999,3727.2000000000003
508096,F,True,False,usa,spokane,SKA,67,Washington,9,3,2,3,0.3333333333333333,1.0,0.5,549.135,0.0,2.3333333333333335,987.2125,801.0
508111,F,True,True,usa,fort worth,FTW,42,Texas,8,0,0,0,,,,,,,,
508144,F,False,False,usa,new york,JFK,40,New York,8,3,3,3,0.3333333333333333,1.0,0.3333333333333333,326.24,0.3333333333333333,2.3333333333333335,834.96,1470.0
508153,M,False,False,canada,halifax,YAW,35,,8,2,2,2,0.5,2.0,0.5,581.0783333333334,0.0,1.0,2056.9700000000003,352.75
508367,F,True,False,usa,lubbock,LBB,50,Texas,9,4,4,3,0.5,1.0,0.25,401.51250000000005,0.3333333333333333,1.6666666666666667,1439.037,469.0
508497,F,False,False,canada,calgary,YYC,39,Alberta,9,2,1,2,0.0,1.0,0.0,356.24,0.0,6.0,356.24,1982.0
508546,F,False,False,usa,cincinnati,LUK,31,Ohio,8,3,3,2,0.0,1.0,0.6666666666666666,298.8333333333333,0.5,2.0,896.5,422.0
508611,F,False,True,usa,houston,HOU,24,Texas,8,0,0,0,,,,,,,,
508713,F,False,True,usa,los angeles,LAX,20,California,8,1,1,1,1.0,1.0,2.0,740.46,0.0,2.0,592.368,246.5
508731,F,True,False,usa,norfolk,NGU,57,Virginia,8,4,3,4,0.25,1.0,1.3333333333333333,264.09999999999997,0.25,7.75,781.2194999999999,6541.0
508829,F,False,False,usa,burlington,BTV,19,Vermont,8,3,2,3,0.3333333333333333,1.0,0.5,502.01,0.3333333333333333,4.333333333333333,1004.02,2554.0
508849,F,False,False,usa,charlotte,CLT,40,North Carolina,8,5,3,4,0.2,1.3333333333333333,0.3333333333333333,473.36833333333334,0.25,3.25,2129.09,4962.0
508856,M,False,True,usa,portland,PDX,24,Oregon,8,0,0,0,,,,,,,,
508891,F,False,True,usa,san antonio,RND,19,Texas,8,2,2,0,0.0,1.0,1.0,337.505,,,675.01,
508892,F,False,False,canada,hamilton,YHM,36,Ontario,8,3,3,3,0.3333333333333333,1.0,0.6666666666666666,397.51,0.3333333333333333,2.3333333333333335,1130.8519999999999,1981.0
508901,F,True,True,canada,hamilton,YHM,55,Ontario,8,2,2,2,0.0,1.0,0.5,381.045,0.0,1.0,762.09,232.0
508917,M,False,False,usa,los angeles,LAX,23,California,8,2,1,1,0.5,1.0,1.0,699.81,0.0,8.0,699.81,972.0
508923,F,True,True,usa,madison,MSN,50,Wisconsin,8,3,2,2,0.3333333333333333,1.0,0.0,355.815,0.0,2.0,628.173,949.0
508944,F,False,False,usa,los angeles,LAX,60,California,8,2,2,2,0.5,1.0,1.0,523.66,0.0,1.5,1018.9635000000001,302.0
508964,F,True,True,usa,newark,EWR,28,New Jersey,8,0,0,0,,,,,,,,
509001,F,True,False,canada,montreal,YUL,72,Quebec,8,0,0,0,,,,,,,,
509024,F,False,False,usa,new york,JFK,20,New York,8,1,1,1,0.0,1.0,1.0,97.2,0.0,5.0,97.2,2035.0
509052,F,True,False,usa,san antonio,SKF,63,Texas,8,1,1,1,0.0,1.0,0.0,480.01,0.0,1.0,480.01,116.0
509061,F,False,True,canada,vancouver,YVR,33,British Columbia,8,3,3,2,1.0,1.0,0.3333333333333333,640.9366666666666,0.0,6.0,1856.183,1016.8
509115,F,False,False,usa,los angeles,LAX,39,California,8,8,5,7,0.25,1.4,1.0,599.8950000000001,0.14285714285714285,4.571428571428571,3827.2955,7240.0
509119,F,False,False,usa,new york,LGA,28,New York,8,4,2,3,0.0,1.0,0.0,730.595,1.0,5.333333333333333,1461.19,1676.0
509157,F,False,True,usa,san antonio,RND,30,Texas,8,2,2,2,0.0,1.0,0.0,273.01,0.5,11.5,546.02,1934.0
509202,F,False,True,usa,minneapolis,MSP,28,Minnesota,8,2,1,2,0.0,1.0,1.0,303.72,1.0,1.5,303.72,319.0
509278,F,True,False,canada,edmonton,YED,52,,8,2,1,2,0.0,2.0,1.0,648.425,0.5,5.0,1296.85,2940.0
509282,F,False,False,usa,seattle,SEA,39,Washington,9,4,3,4,0.25,1.0,1.0,640.0666666666667,0.25,3.75,1770.334,2356.0
509302,F,False,True,canada,toronto,YZD,61,,9,2,2,2,0.5,1.0,0.5,76.575,0.0,2.0,127.70500000000001,788.0
509316,F,False,False,usa,chicago,MDW,43,Illinois,8,4,4,3,0.0,1.25,0.5,245.495,0.0,1.6666666666666667,1374.29,1032.0
509324,F,True,False,canada,winnipeg,YAV,51,,9,3,3,2,0.3333333333333333,1.3333333333333333,0.6666666666666666,349.125,0.0,2.0,1386.908,1887.8
509346,M,False,True,usa,atlanta,ATL,52,Georgia,8,3,2,2,0.3333333333333333,1.0,0.5,253.185,0.0,2.5,478.613,489.0
509354,M,True,False,usa,tallahassee,TLH,47,Florida,8,4,2,3,0.25,1.0,0.5,230.4,0.3333333333333333,8.0,438.966,4015.0
509402,F,False,False,usa,richmond,RIC,70,Virginia,8,0,0,0,,,,,,,,
509413,F,False,False,usa,boston,BOS,50,Massachusetts,8,2,2,1,0.5,1.5,0.5,332.895,0.0,1.0,1186.2704999999999,470.0
509414,F,False,False,usa,tampa,TPA,26,Florida,8,1,1,1,0.0,2.0,1.0,321.005,0.0,10.0,642.01,450.0
509421,F,False,True,usa,baltimore,BWI,56,Maryland,9,3,2,3,0.6666666666666666,1.0,0.5,218.005,0.3333333333333333,3.3333333333333335,404.87,1119.1
509435,M,False,False,usa,nashville,BNA,46,Tennessee,8,4,4,4,0.0,1.5,0.75,175.86375,0.25,1.75,1068.64,2864.0
509453,F,False,False,usa,lubbock,LBB,43,Texas,8,3,2,3,0.0,1.5,0.0,339.4525,0.3333333333333333,3.6666666666666665,891.3499999999999,1203.0
509459,F,False,False,usa,new york,JFK,19,New York,8,2,1,1,0.0,1.0,1.0,444.68,1.0,5.0,444.68,8580.0
509498,F,False,False,usa,milwaukee,MKE,42,Wisconsin,8,2,2,2,0.5,3.0,0.0,288.635,0.0,6.5,1375.6,7801.0
509515,F,False,True,usa,memphis,MEM,31,Tennessee,9,2,1,2,0.5,1.0,1.0,297.45,0.0,6.0,297.45,2802.0
509530,F,True,True,canada,edmonton,YXD,49,,8,6,5,5,0.0,1.4,0.6,474.30699999999996,0.4,2.8,3200.55,3182.0
509598,F,False,False,canada,winnipeg,YWG,42,Manitoba,8,3,3,3,0.3333333333333333,1.0,0.6666666666666666,337.27666666666664,0.0,3.6666666666666665,943.77,1653.0
509603,F,False,False,usa,memphis,MEM,20,Tennessee,8,2,1,2,0.5,1.0,1.0,145.43,0.0,8.0,145.43,4736.25
509712,F,False,False,usa,philadelphia,PHL,36,Pennsylvania,8,3,2,3,0.0,1.0,1.0,535.415,0.0,6.666666666666667,1070.83,1434.0
509781,F,True,False,usa,norfolk,NGU,65,Virginia,9,2,1,1,0.0,2.0,2.0,177.44,1.0,9.0,354.88,1719.0
509841,F,True,True,usa,knoxville,TYS,49,Tennessee,8,3,3,2,0.6666666666666666,1.6666666666666667,0.3333333333333333,902.245,0.0,2.0,4768.678,1031.0
509855,F,True,True,usa,winston-salem,INT,38,North Carolina,8,0,0,0,,,,,,,,
509924,F,True,False,usa,tampa,MCF,40,Florida,9,0,0,0,,,,,,,,
509933,M,True,True,usa,louisville,LOU,47,Kentucky,8,3,2,3,0.3333333333333333,1.0,0.5,254.76000000000002,0.0,6.0,509.52000000000004,5189.0
509969,F,True,False,canada,montreal,YHU,71,Quebec,10,1,0,1,1.0,,,,0.0,6.0,,379.20000000000005
510022,F,True,True,usa,austin,AUS,55,Texas,8,4,3,3,0.0,1.0,0.6666666666666666,363.42333333333335,0.0,1.3333333333333333,1090.27,895.0
510048,F,False,True,usa,dallas,DAL,34,Texas,8,2,2,2,0.0,1.0,1.5,331.46500000000003,0.5,5.0,662.9300000000001,1720.0
510061,F,True,True,usa,new york,LGA,50,New York,8,5,5,4,0.4,1.0,0.4,384.294,0.5,2.25,1793.8790000000001,2103.0
510067,F,True,True,usa,new york,LGA,50,New York,9,4,3,4,0.25,1.0,0.0,404.53,0.25,3.25,1207.003,4188.0
510070,F,True,True,usa,boston,BOS,60,Massachusetts,8,4,2,4,0.25,3.0,2.0,221.328,0.0,8.0,700.88,6228.2
510081,F,False,False,usa,oakland,OAK,47,California,8,3,1,3,0.3333333333333333,1.0,0.0,690.01,0.6666666666666666,6.333333333333333,690.01,2711.0
510090,F,True,False,usa,anchorage,ANC,52,Alaska,8,1,1,1,0.0,1.0,1.0,446.33,0.0,1.0,446.33,88.0
510093,M,True,False,usa,norfolk,NGU,55,Virginia,8,4,4,3,0.25,1.0,0.5,511.32500000000005,0.6666666666666666,5.666666666666667,1969.056,3034.0
510112,F,True,False,usa,new orleans,MSY,48,Louisiana,8,1,1,1,0.0,1.0,1.0,398.55,0.0,20.0,398.55,1580.0
510163,F,True,True,usa,las vegas,LSV,54,Nevada,8,4,3,4,0.0,1.0,1.0,438.7166666666667,0.25,8.25,1316.15,5788.0
510164,F,True,True,canada,montreal,YMX,37,Quebec,8,2,2,2,1.0,1.0,0.5,401.95000000000005,0.5,6.5,728.1015,1657.0
510172,F,False,False,usa,mobile,BFM,37,Alabama,8,3,3,3,0.6666666666666666,1.0,0.3333333333333333,387.6266666666667,0.3333333333333333,2.6666666666666665,1148.4589999999998,1250.3
510179,F,True,False,usa,jacksonville,NCA,60,Turks and Caicos Islands,8,5,4,4,0.0,1.75,0.5,828.6791666666667,0.75,2.75,6833.580000000001,2717.0
510188,F,False,False,usa,san antonio,SAT,37,Texas,11,4,3,3,0.25,1.0,0.6666666666666666,389.5233333333333,0.6666666666666666,1.3333333333333333,1168.57,942.0
510198,F,False,False,usa,new york,JFK,34,New York,9,3,3,3,0.6666666666666666,1.0,0.6666666666666666,412.30333333333334,0.3333333333333333,2.3333333333333335,1164.136,1499.1999999999998
510213,F,True,True,canada,toronto,YTZ,43,Ontario,8,5,4,4,0.0,1.25,1.0,95.1875,0.0,2.25,481.18,1775.0
510238,F,False,True,usa,new york,LGA,44,New York,8,3,3,3,0.0,1.3333333333333333,0.0,618.485,0.0,1.3333333333333333,2627.53,2027.0
510239,F,True,True,usa,santa ana,SNA,58,California,8,2,1,2,0.5,1.0,0.0,23.55,0.0,6.0,23.55,4076.4
510243,F,True,False,canada,windsor,YQG,45,Ontario,8,3,3,2,0.0,1.0,0.6666666666666666,144.4466666666667,0.0,2.5,433.34000000000003,965.0
510283,F,False,False,canada,edmonton,YED,20,,8,0,0,0,,,,,,,,
510379,F,False,False,usa,san francisco,SFO,21,California,8,1,0,1,1.0,,,,1.0,3.0,,303.0
510452,F,False,False,canada,toronto,YKZ,57,Ontario,8,4,4,4,0.5,1.0,0.75,274.5475,0.25,3.5,1032.7985,4086.4
510490,F,True,False,usa,milwaukee,MKE,73,Wisconsin,8,1,0,1,1.0,,,,0.0,4.0,,616.0
510511,F,True,False,usa,stockton,SCK,50,California,8,2,1,2,0.5,1.0,0.0,309.71,0.0,3.5,309.71,1523.0
510533,F,False,False,usa,jacksonville,JAX,38,Florida,8,1,1,1,0.0,1.0,1.0,245.45,0.0,4.0,245.45,672.0
510570,F,False,False,usa,new york,JFK,46,New York,9,4,2,4,0.25,1.0,0.5,426.52,0.25,5.5,853.04,4356.0
510571,F,True,True,usa,new york,LGA,23,New York,8,4,1,4,0.75,4.0,3.0,2283.7825,0.0,7.5,9135.13,9330.0
510580,M,False,False,usa,providence,PVD,56,Rhode Island,8,3,2,3,0.0,1.0,1.0,393.64,0.3333333333333333,3.0,787.28,1401.0
510582,M,False,False,usa,phoenix,PHX,29,Arizona,8,2,1,2,0.5,1.0,0.0,33.15,0.5,5.5,33.15,2615.5
510585,F,False,True,canada,montreal,YUL,19,Quebec,8,1,1,1,0.0,2.0,1.0,567.43,0.0,13.0,1134.86,3107.0
510586,F,False,False,usa,new york,LGA,34,New York,8,5,5,5,0.0,1.2,0.4,314.254,0.2,3.8,2187.74,1763.0
510618,F,True,True,usa,san diego,SAN,49,California,8,3,2,3,0.6666666666666666,1.0,0.0,274.89,0.3333333333333333,3.0,549.78,1599.2
510694,M,False,False,usa,anchorage,ANC,48,Alaska,9,3,3,3,0.3333333333333333,1.0,0.6666666666666666,636.2366666666667,0.3333333333333333,2.3333333333333335,1908.71,749.5999999999999
510700,M,False,False,usa,newark,EWR,53,New Jersey,9,3,2,3,0.6666666666666666,1.0,0.5,91.215,0.6666666666666666,4.0,169.0,6215.0
510719,F,True,True,canada,montreal,YMX,38,Quebec,9,1,0,1,0.0,,,,1.0,20.0,,1940.0
510733,F,True,True,canada,toronto,YKZ,48,Ontario,8,2,2,1,0.5,1.0,1.0,373.38,0.0,2.0,746.76,183.6
510754,F,False,False,usa,charlotte,CLT,46,North Carolina,8,5,4,5,0.4,1.0,0.25,321.0775,0.2,2.2,1065.45,1426.0
510805,F,False,False,usa,dallas,DAL,75,Texas,8,2,1,2,0.0,1.0,2.0,388.86,0.0,5.0,388.86,938.0
510815,F,True,True,usa,san antonio,SKF,58,Texas,9,4,4,4,0.25,1.0,0.25,356.8875,0.25,5.0,1399.714,4163.0
510822,F,False,False,usa,new york,JFK,47,New York,9,4,3,3,1.0,1.0,0.3333333333333333,522.74,0.0,6.0,1397.4750000000001,4191.05
510944,M,True,True,usa,chicago,UGN,58,Illinois,8,6,6,3,0.3333333333333333,1.3333333333333333,0.5,217.30277777777778,0.0,1.0,1652.9050000000002,712.6
510953,F,False,False,usa,seattle,SEA,46,Washington,8,2,2,1,0.5,1.5,0.0,429.65250000000003,0.0,1.0,1341.9,330.0
510961,F,True,False,usa,st. petersburg,SPG,48,Florida,8,4,3,4,0.5,1.0,0.6666666666666666,404.59666666666664,0.25,3.25,1142.6385,1862.0
511017,M,True,False,usa,chicago,UGN,62,Illinois,8,1,1,1,0.0,1.0,1.0,511.25,0.0,1.0,511.25,177.0
511066,F,False,False,usa,indianapolis,IND,37,Gujarat,8,3,3,3,0.3333333333333333,1.3333333333333333,0.0,258.72333333333336,0.6666666666666666,2.0,982.7470000000001,1047.0
511125,F,True,True,canada,quebec,YQB,51,Quebec,8,3,3,3,1.0,1.0,1.0,360.1666666666667,0.3333333333333333,2.3333333333333335,1045.1195,487.1
511145,F,False,True,usa,wichita,IAB,33,Kansas,8,3,1,3,0.6666666666666666,1.0,1.0,43.19,0.3333333333333333,6.333333333333333,25.914,4699.700000000001
511148,F,True,True,usa,new york,LGA,47,New York,8,3,2,3,0.6666666666666666,1.0,0.0,650.425,0.3333333333333333,4.666666666666667,1300.85,1627.0
511160,M,True,False,usa,austin,AUS,45,Texas,8,3,3,2,0.0,1.0,0.0,395.77666666666664,0.5,3.0,1187.33,606.0
511178,F,False,False,usa,new york,LGA,40,New York,8,4,3,4,0.5,1.0,0.6666666666666666,405.6433333333334,0.25,2.25,1196.356,922.0
511208,F,False,False,usa,salt lake city,SLC,35,Utah,8,3,3,3,0.3333333333333333,1.3333333333333333,1.3333333333333333,292.885,0.6666666666666666,6.333333333333333,1091.315,6786.0
511223,F,True,True,canada,ottawa,YOW,47,Ontario,10,3,3,2,0.3333333333333333,1.0,1.3333333333333333,304.90000000000003,0.0,3.0,914.7,474.79999999999995
511238,F,False,False,usa,colorado springs,COS,71,Colorado,8,0,0,0,,,,,,,,
511260,F,False,True,usa,san jose,SJC,38,California,8,2,1,2,0.0,1.0,1.0,720.0,0.5,5.5,720.0,2450.0
511314,F,False,False,usa,los angeles,LAX,25,California,9,3,2,3,0.0,1.5,0.5,676.55,0.3333333333333333,5.333333333333333,1914.8999999999999,2868.0
511326,F,True,False,usa,seattle,BFI,44,Washington,8,3,3,3,0.3333333333333333,1.0,0.6666666666666666,466.1433333333334,0.6666666666666666,3.0,1229.884,1101.0
511328,M,True,True,usa,phoenix,LUF,36,Arizona,8,2,1,2,0.5,1.0,0.0,407.38,0.5,6.5,407.38,1199.2
511364,F,False,True,usa,new york,JFK,40,New York,8,3,3,3,0.0,1.0,0.6666666666666666,483.63000000000005,0.0,1.6666666666666667,1450.89,1039.0
511379,F,False,False,canada,montreal,YUL,50,Quebec,9,3,3,3,0.3333333333333333,1.0,1.0,228.14666666666668,0.6666666666666666,2.3333333333333335,680.168,643.0
511398,M,True,False,usa,los angeles,LAX,42,California,8,5,5,5,0.4,1.0,0.6,391.89,0.2,4.2,1959.4499999999998,3354.0
511424,F,False,False,usa,nashville,BNA,46,Tennessee,8,2,1,2,0.5,1.0,0.0,375.26,0.5,8.0,375.26,2887.0
511440,F,False,False,usa,st. louis,STL,44,Missouri,8,2,2,2,0.0,1.0,0.5,310.16499999999996,0.0,3.5,620.3299999999999,1057.0
511455,F,False,False,canada,montreal,YMX,39,Quebec,8,3,3,1,0.3333333333333333,1.0,0.6666666666666666,515.46,0.0,2.0,1546.38,322.0
511542,F,False,False,usa,los angeles,LAX,56,California,8,3,3,3,0.3333333333333333,1.6666666666666667,0.6666666666666666,686.1222222222223,0.3333333333333333,1.6666666666666667,2952.3920000000003,1150.0
511554,F,False,False,usa,corpus christi,CRP,46,Texas,9,2,2,2,0.0,1.0,0.5,438.055,0.5,3.5,876.11,853.0
511567,F,False,False,canada,toronto,YZD,39,,8,5,5,4,0.4,1.0,0.6,212.974,0.25,5.25,1030.4644999999998,1156.0
511570,F,True,True,canada,ottawa,YOW,54,Ontario,8,3,2,3,0.0,1.0,0.0,653.035,0.3333333333333333,5.333333333333333,1306.07,6145.0
511578,F,True,True,usa,wichita,ICT,54,Kansas,8,5,5,5,0.4,1.4,1.2,241.57066666666668,0.0,3.8,1716.6105,4355.0
511589,F,False,False,canada,calgary,YYC,44,Alberta,8,1,0,1,1.0,,,,0.0,2.0,,307.8
511608,M,False,False,usa,brownsville,BRO,23,Texas,8,1,0,1,0.0,,,,0.0,6.0,,1254.0
511609,M,True,False,usa,honolulu,HNL,42,Hawaii,8,2,1,2,1.0,1.0,1.0,1113.68,0.0,5.0,946.628,2427.5
511666,F,True,False,usa,milwaukee,MKE,53,Wisconsin,8,3,2,3,0.3333333333333333,1.0,1.0,199.975,0.3333333333333333,5.666666666666667,399.95,2817.4
511677,F,False,False,usa,memphis,MEM,55,Tennessee,8,3,3,3,0.3333333333333333,1.6666666666666667,0.6666666666666666,323.44444444444446,0.3333333333333333,2.3333333333333335,1463.6799999999998,2729.5
511697,F,False,False,usa,detroit,DTW,42,Michigan,8,4,4,3,0.25,1.0,0.5,190.14249999999998,0.0,2.3333333333333335,760.5699999999999,1775.9
511726,F,False,True,usa,newport news,PHF,60,Virginia,8,2,2,2,0.0,1.0,0.0,87.99000000000001,0.0,2.0,175.98000000000002,1288.0
511739,F,False,False,canada,quebec,YQB,58,Quebec,9,3,3,3,0.0,1.6666666666666667,1.0,541.2933333333334,0.3333333333333333,2.3333333333333335,1701.52,5460.0
511757,F,True,True,usa,san francisco,SFO,66,California,8,0,0,0,,,,,,,,
511762,F,True,False,usa,phoenix,LUF,46,Arizona,8,3,2,3,0.0,1.5,0.5,613.73,0.3333333333333333,4.333333333333333,1817.22,4294.0
511778,F,False,False,usa,long beach,LGB,40,California,8,3,3,3,0.3333333333333333,1.0,1.3333333333333333,409.07,0.0,3.6666666666666665,1227.21,2766.5
511821,M,False,False,canada,saskatoon,YXE,73,Saskatchewan,8,0,0,0,,,,,,,,
511827,M,True,False,usa,columbus,LCK,78,Ohio,8,1,0,1,0.0,,,,1.0,8.0,,2360.0
511851,F,False,False,canada,winnipeg,YAV,43,,9,2,2,2,0.0,1.0,0.0,167.695,0.5,3.5,335.39,1391.0
511859,F,True,False,canada,toronto,YYZ,40,Ontario,8,3,2,3,0.3333333333333333,1.0,1.0,227.975,0.6666666666666666,10.0,455.95,6829.4
511862,F,False,False,canada,montreal,YUL,43,Quebec,8,4,4,4,0.25,1.25,0.75,337.0525,0.5,2.25,1569.6100000000001,997.25
511916,F,True,True,canada,saskatoon,YXE,44,Saskatchewan,8,2,2,1,0.5,1.0,1.0,387.98,0.0,1.0,694.196,212.0
511923,M,False,False,usa,nashville,BNA,48,Tennessee,8,2,2,2,0.5,1.0,0.5,389.855,0.0,1.5,752.683,838.0
511943,F,True,True,usa,columbus,LCK,34,Ohio,8,3,2,3,0.3333333333333333,1.0,0.0,111.555,0.0,3.6666666666666665,223.11,4822.8
511989,F,False,False,usa,miami,TNT,21,Florida,8,0,0,0,,,,,,,,
511996,F,False,True,usa,birmingham,BHM,47,Alabama,8,3,2,3,0.6666666666666666,1.0,1.0,220.42000000000002,0.0,1.3333333333333333,440.84000000000003,451.79999999999995
512010,F,True,True,usa,los angeles,LAX,61,California,8,3,2,3,0.3333333333333333,1.5,0.5,235.2475,0.3333333333333333,5.333333333333333,832.51,1785.6000000000001
512016,F,False,True,usa,santa ana,SNA,47,California,9,2,1,1,0.5,1.0,0.0,322.26,1.0,8.0,322.26,3952.0
512024,F,True,False,usa,new york,JFK,35,New York,8,2,1,2,0.0,3.0,0.0,679.4733333333334,0.0,5.5,2038.42,2421.0
512060,F,True,False,usa,sacramento,SMF,56,California,9,3,2,3,0.3333333333333333,1.0,1.0,436.08500000000004,0.0,3.3333333333333335,865.0595000000001,1701.0
512069,F,False,True,usa,philadelphia,PHL,43,Pennsylvania,8,5,5,5,0.4,1.4,0.4,372.586,0.2,3.4,2564.33,3912.2
512099,F,False,False,usa,fresno,FAT,37,California,9,4,4,3,0.5,1.0,1.25,512.8,0.3333333333333333,4.0,1938.922,1135.9
512103,F,True,True,usa,st. louis,STL,43,Missouri,8,2,2,2,0.0,1.0,0.5,119.815,1.0,1.5,239.63,502.0
512144,F,False,False,usa,riverside,RAL,20,California,9,0,0,0,,,,,,,,
512163,F,True,False,usa,sacramento,SMF,50,California,8,2,1,2,1.0,1.0,1.0,481.68,0.5,6.0,457.596,1572.0
512190,F,True,False,usa,sacramento,SMF,66,California,8,1,0,1,0.0,,,,1.0,22.0,,3696.0
512193,F,False,True,usa,tulsa,TUL,39,Oklahoma,8,1,1,1,0.0,1.0,0.0,354.05,0.0,8.0,354.05,336.0
512197,F,False,False,usa,new york,JFK,35,New York,9,4,3,4,0.0,1.0,0.3333333333333333,431.0833333333333,0.25,6.75,1293.25,2652.0
512249,F,False,False,usa,columbus,LCK,22,Ohio,8,0,0,0,,,,,,,,
512266,F,False,False,usa,philadelphia,PNE,50,Pennsylvania,8,3,3,3,0.0,1.0,0.6666666666666666,214.47333333333336,0.0,2.3333333333333335,643.4200000000001,1687.0
512271,F,False,False,usa,sacramento,SAC,38,California,9,6,5,3,0.16666666666666666,1.6,0.6,421.91999999999996,0.3333333333333333,7.333333333333333,3297.617,3004.0
512283,F,False,False,canada,montreal,YMX,48,Quebec,9,5,5,5,0.2,1.0,0.4,222.294,0.2,1.4,1089.493,1069.0
512302,F,True,True,usa,atlanta,ATL,49,Georgia,8,4,3,2,0.25,1.0,0.3333333333333333,177.85666666666665,0.5,2.0,533.5699999999999,556.8
512303,F,False,True,usa,denver,DEN,52,Colorado,8,4,3,3,0.75,2.0,0.6666666666666666,305.6405555555556,0.0,4.333333333333333,1586.63,1937.6499999999999
512322,M,False,False,usa,columbus,LCK,46,Ohio,8,5,4,4,0.4,1.5,0.0,359.01166666666666,0.25,2.25,2334.9345000000003,1590.0
512329,F,True,False,canada,hamilton,YHM,39,Ontario,8,6,6,6,0.5,1.0,0.0,167.775,0.3333333333333333,2.1666666666666665,898.3729999999999,1726.2
512377,F,False,True,usa,new york,LGA,42,New York,9,1,1,1,0.0,1.0,1.0,202.92,1.0,6.0,202.92,786.0
512392,F,False,False,usa,lubbock,LBB,45,Texas,9,3,3,3,0.3333333333333333,1.0,0.6666666666666666,323.38333333333327,0.3333333333333333,4.333333333333333,863.7379999999999,1098.0
512416,F,False,False,usa,jacksonville,NZC,32,Ica,8,1,0,1,0.0,,,,1.0,8.0,,2480.0
512418,F,False,True,usa,seattle,SEA,52,Washington,8,2,2,2,0.0,3.0,0.0,272.15999999999997,0.5,5.0,1632.96,5970.0
512443,F,True,True,usa,new york,JFK,41,New York,8,2,2,2,0.5,1.0,0.5,170.47,0.0,1.5,340.94,652.8000000000001
512552,F,True,False,canada,toronto,YKZ,50,Ontario,8,2,2,2,0.5,1.0,0.5,416.36,0.5,2.0,730.0584999999999,322.0
512556,F,True,False,usa,el paso,BIF,53,Texas,9,5,4,5,0.0,1.5,0.75,393.96416666666664,0.6,3.4,2303.55,8859.0
512558,M,True,False,usa,houston,IAH,58,Texas,8,3,3,3,0.0,2.0,0.6666666666666666,283.78833333333336,0.3333333333333333,1.3333333333333333,1583.34,1641.0
512589,M,False,False,usa,lincoln,LNK,45,Nebraska,8,4,4,4,0.0,1.0,0.0,183.1675,0.75,1.75,732.67,801.0
512596,F,True,False,usa,laredo,LRD,57,Texas,8,5,4,4,0.0,1.0,0.25,367.51,0.5,3.0,1470.04,2399.0
512598,M,False,False,usa,chicago,UGN,40,Illinois,8,5,5,4,0.0,1.2,0.6,229.32199999999997,0.5,3.0,1354.77,2066.0
512610,F,False,False,usa,las vegas,LAS,42,Nevada,9,6,6,3,0.16666666666666666,1.1666666666666667,0.5,355.23333333333335,0.3333333333333333,1.6666666666666667,2512.075,1203.0
512623,F,False,False,usa,columbus,CMH,27,Ohio,8,0,0,0,,,,,,,,
512631,F,False,False,canada,montreal,YUL,57,Quebec,8,3,3,3,1.0,1.6666666666666667,0.6666666666666666,220.89444444444442,0.0,1.3333333333333333,1184.6299999999999,500.2
512671,F,True,False,usa,st. petersburg,PIE,58,Florida,8,5,5,5,0.0,1.0,0.2,296.302,0.2,2.6,1481.51,1997.0
512677,F,True,False,usa,atlanta,ATL,27,Georgia,8,1,1,0,0.0,1.0,0.0,209.71,,,209.71,
512693,F,False,False,usa,little rock,LIT,40,Arkansas,8,4,4,4,0.0,1.25,0.25,165.57999999999998,0.25,3.5,730.22,1724.0
512695,F,True,False,usa,omaha,OMA,49,Iowa,8,5,5,3,0.2,1.0,0.4,257.77200000000005,0.6666666666666666,2.0,1257.5430000000001,726.0
512706,F,True,True,usa,las vegas,LSV,56,Nevada,11,4,3,4,0.5,1.6666666666666667,0.6666666666666666,329.9866666666667,0.25,4.0,1722.592,5463.8
512786,M,False,False,usa,new york,LGA,42,New York,8,4,4,4,0.0,1.0,0.5,362.925,0.25,6.0,1451.7,3221.0
512787,F,False,False,usa,new york,LGA,54,New York,8,4,4,4,0.5,1.5,0.25,400.5833333333333,0.0,2.25,1739.8525,942.0
512801,F,False,False,usa,los angeles,LAX,56,California,8,7,7,6,0.0,1.0,0.42857142857142855,536.6357142857142,0.16666666666666666,2.6666666666666665,3756.45,1659.0
512831,F,False,False,usa,san antonio,SKF,46,Texas,8,4,3,2,0.25,2.0,1.0,305.31166666666667,0.5,2.0,2280.3199999999997,1107.0
512835,F,True,False,usa,los angeles,LAX,43,California,8,5,5,5,0.4,1.8,0.2,506.79499999999996,0.4,3.2,3320.1420000000003,7283.6
512880,F,False,False,usa,minneapolis,MSP,49,Minnesota,8,2,2,1,0.5,1.0,0.5,189.205,1.0,3.0,378.41,405.0
512900,F,False,False,usa,miami,OPF,34,Florida,9,4,1,4,0.5,1.0,0.0,418.13,0.0,6.75,355.4105,4673.1
512904,F,True,False,usa,phoenix,PHX,66,Arizona,8,5,4,5,0.2,1.0,1.25,407.7,0.4,8.0,1630.8,7205.0
512928,F,False,False,usa,los angeles,LAX,20,California,8,0,0,0,,,,,,,,
512974,F,False,False,canada,toronto,YKZ,19,Ontario,9,3,1,2,0.6666666666666666,1.0,0.0,881.34,0.5,6.0,881.34,1529.8
512976,F,False,False,usa,los angeles,LAX,38,California,8,5,4,5,0.0,2.0,0.5,516.8820833333333,0.4,4.6,3852.71,7782.0
512984,F,False,False,usa,spokane,GEG,60,Washington,8,3,2,3,0.0,1.0,0.5,506.47499999999997,0.3333333333333333,2.0,1012.9499999999999,1286.0
513004,F,False,False,usa,providence,PVD,43,Rhode Island,8,4,4,3,0.0,1.0,0.5,393.4625,0.6666666666666666,5.0,1573.85,2109.0
513005,F,False,False,usa,milwaukee,MKE,30,Wisconsin,8,1,1,1,1.0,1.0,1.0,22.59,1.0,1.0,15.812999999999999,175.5
513090,M,False,True,usa,los angeles,LAX,24,California,9,2,2,1,1.0,1.5,1.5,429.29499999999996,1.0,1.0,1074.7214999999999,65.0
513091,F,True,False,usa,san diego,SAN,73,California,9,0,0,0,,,,,,,,
513093,F,False,False,usa,charlotte,CLT,58,North Carolina,8,4,2,4,0.25,1.0,0.0,347.91,0.0,4.25,695.82,11678.5
513096,F,True,True,usa,dallas,DAL,32,Texas,8,2,2,1,0.0,1.5,1.5,371.2825,0.0,2.0,1047.79,368.0
513126,F,False,False,usa,san diego,SAN,38,California,8,5,5,5,0.4,1.0,0.4,327.188,0.4,4.0,1514.4119999999998,2140.0
513206,M,False,False,usa,orlando,MCO,50,Florida,8,0,0,0,,,,,,,,
513216,F,True,False,usa,new york,JFK,40,New York,9,4,4,3,0.5,1.0,0.5,279.975,0.3333333333333333,4.333333333333333,1096.246,1567.0
513227,F,True,False,usa,new york,LGA,66,New York,10,2,2,2,0.0,1.0,0.0,511.95000000000005,0.5,3.0,1023.9000000000001,995.0
513233,F,True,True,usa,riverside,RIV,41,California,9,3,2,3,0.3333333333333333,1.0,1.0,367.405,0.0,2.3333333333333335,734.81,2640.7
513236,F,True,True,usa,philadelphia,PNE,46,Pennsylvania,8,8,6,8,0.125,1.6666666666666667,0.16666666666666666,291.2133333333333,0.125,4.0,3306.79,8543.0
513242,F,False,False,usa,detroit,DTW,32,Michigan,10,2,2,2,1.0,1.0,0.0,508.41999999999996,0.0,3.0,874.692,1068.0
513259,F,True,False,usa,seattle,SEA,56,Washington,8,3,3,2,0.0,1.0,0.3333333333333333,424.3833333333334,0.0,4.5,1273.15,3582.0
513296,F,False,False,usa,columbus,CMH,40,Ohio,8,3,3,3,0.0,1.3333333333333333,0.0,246.07666666666668,0.6666666666666666,2.6666666666666665,1027.75,2537.0
513317,F,True,False,usa,dallas,DAL,57,Texas,8,1,1,0,1.0,1.0,0.0,73.87,,,70.1765,
513338,F,True,False,usa,oklahoma city,OKC,57,Oklahoma,8,3,3,3,0.0,1.0,0.0,336.9766666666667,0.6666666666666666,2.0,1010.9300000000001,713.0
513339,F,False,False,usa,new york,LGA,31,New York,8,2,2,2,0.0,2.5,0.5,164.00125,1.0,3.0,606.86,1245.0
513345,F,True,True,usa,lubbock,LBB,25,Texas,9,2,0,2,0.5,,,,0.5,8.0,,1385.2
513366,F,False,False,canada,montreal,YUL,46,Quebec,8,3,3,3,0.3333333333333333,1.0,0.3333333333333333,269.62333333333333,0.3333333333333333,3.6666666666666665,808.87,2600.1
513402,F,True,True,usa,tacoma,TCM,48,Washington,8,1,1,1,0.0,1.0,1.0,584.21,0.0,1.0,584.21,520.0
513422,F,True,False,usa,new orleans,MSY,44,Louisiana,8,2,2,2,0.0,1.0,0.5,286.71500000000003,0.5,1.5,573.4300000000001,462.0
513470,F,True,True,usa,san diego,SAN,50,California,8,0,0,0,,,,,,,,
513509,F,False,False,usa,new york,LGA,38,New York,8,2,2,0,0.0,1.0,0.5,299.385,,,598.77,
513543,F,False,True,usa,new york,LGA,35,New York,8,1,0,1,0.0,,,,0.0,5.0,,300.0
513555,F,False,False,usa,seattle,BFI,48,Washington,9,5,4,4,0.0,1.0,0.5,570.6700000000001,0.25,2.75,2282.6800000000003,2536.0
513568,F,False,False,canada,halifax,YAW,63,,8,2,1,2,0.0,2.0,0.0,592.985,0.5,5.0,1185.97,1796.0
513620,F,False,False,canada,toronto,YZD,20,,9,3,2,3,0.3333333333333333,1.0,0.5,101.71000000000001,0.0,3.0,203.42000000000002,2344.0
513628,F,True,False,usa,fresno,FAT,42,California,8,3,3,3,0.0,1.0,1.0,424.99333333333334,0.3333333333333333,2.0,1274.98,1376.0
513638,F,True,True,canada,toronto,YKZ,58,Ontario,8,4,4,4,0.0,1.5,0.5,408.24,0.0,5.0,2862.1,4227.0
513661,F,False,False,canada,winnipeg,YWG,28,Manitoba,8,1,0,1,0.0,,,,0.0,10.0,,4720.0
513683,M,True,False,usa,fort worth,FTW,56,Texas,8,4,3,4,0.5,1.0,1.3333333333333333,276.79,0.5,4.25,783.8720000000001,1291.0
513714,F,False,False,usa,phoenix,LUF,25,Arizona,8,1,1,0,0.0,1.0,0.0,248.43,,,248.43,
513721,F,False,False,usa,nashville,BNA,43,Tennessee,9,5,4,5,0.0,1.0,0.75,363.645,0.0,3.0,1454.58,2445.0
513776,F,False,False,usa,chicago,UGN,69,Illinois,9,2,1,2,0.5,1.0,0.0,235.62,0.0,3.5,235.62,880.4
513800,M,True,True,usa,indianapolis,IND,55,Gujarat,8,0,0,0,,,,,,,,
513807,F,True,True,usa,chicago,UGN,47,Illinois,8,2,2,2,0.0,1.5,1.5,278.90999999999997,0.5,1.5,1024.84,716.0
513823,F,True,False,usa,new york,LGA,48,New York,8,0,0,0,,,,,,,,
513853,F,False,True,usa,san francisco,SFO,51,California,9,3,3,3,0.0,1.0,0.0,417.0133333333333,0.0,2.0,1251.04,1350.0
513860,F,True,False,canada,montreal,YUL,67,Quebec,8,3,2,3,0.0,1.5,0.5,365.4,0.3333333333333333,4.0,1379.18,2729.0
513869,F,False,True,usa,newark,EWR,43,New Jersey,8,1,0,1,1.0,,,,0.0,7.0,,665.0
513917,F,True,True,usa,philadelphia,PHL,58,Pennsylvania,8,3,3,3,0.3333333333333333,1.0,0.6666666666666666,592.3733333333333,0.6666666666666666,4.0,1777.12,2345.2
513926,M,False,False,usa,new york,JFK,40,New York,8,4,4,3,0.5,1.5,0.5,372.1475,1.0,1.6666666666666667,1704.8764999999999,2013.8
513933,M,False,False,canada,toronto,YKZ,41,Ontario,8,3,3,3,0.0,1.0,0.6666666666666666,289.4533333333333,0.6666666666666666,2.3333333333333335,868.36,846.0
513956,F,False,False,canada,vancouver,YVR,30,British Columbia,8,4,4,2,0.5,1.0,0.5,542.8425,0.0,1.0,2047.266,172.0
513967,F,False,False,usa,phoenix,PHX,40,Arizona,9,6,6,6,0.16666666666666666,1.0,0.6666666666666666,672.9983333333333,0.16666666666666666,4.5,3986.093,5255.0
513995,F,True,True,usa,dallas,DAL,40,Texas,8,4,2,4,0.25,1.0,0.5,43.79,0.0,4.75,87.58,7434.0
514003,F,True,False,usa,chicago,MDW,40,Illinois,8,3,3,3,0.0,1.0,1.3333333333333333,254.74333333333334,0.0,2.3333333333333335,764.23,2916.0
514071,F,False,False,usa,new york,LGA,41,New York,8,3,3,3,0.3333333333333333,1.0,0.6666666666666666,407.10999999999996,0.6666666666666666,1.0,1183.1834999999999,936.0
514076,F,True,True,usa,new york,JFK,60,New York,9,2,1,2,0.0,1.0,1.0,98.83,0.5,10.5,98.83,5382.0
514113,F,False,True,usa,jacksonville,LRF,20,Arkansas,8,2,1,2,0.0,1.0,0.0,309.1,0.0,3.0,309.1,574.0
514206,F,True,False,usa,austin,AUS,38,Texas,8,3,3,2,0.6666666666666666,1.6666666666666667,1.6666666666666667,311.04111111111115,0.5,3.0,973.0540000000001,2484.0
514208,F,False,True,usa,portland,PWM,40,Maine,8,1,1,1,0.0,1.0,0.0,186.61,1.0,3.0,186.61,303.0
514215,F,False,False,usa,minneapolis,MSP,56,Minnesota,8,3,3,3,0.6666666666666666,1.0,0.0,317.15333333333336,0.0,4.333333333333333,951.46,1990.5
514275,F,False,False,canada,montreal,YMX,33,Quebec,8,3,2,3,0.0,1.5,0.5,272.615,0.3333333333333333,5.0,1045.53,2494.0
514324,F,True,False,usa,los angeles,LAX,56,California,9,3,3,3,0.3333333333333333,1.0,0.6666666666666666,207.66,0.3333333333333333,2.3333333333333335,618.7065,1279.0
514344,F,False,False,usa,jacksonville,NZC,68,Ica,9,6,6,5,0.5,1.0,0.6666666666666666,304.83666666666664,0.4,2.6,1669.2785000000001,3195.0
514395,F,False,False,usa,los angeles,LAX,41,California,8,3,3,3,0.3333333333333333,1.0,0.3333333333333333,315.42333333333335,0.3333333333333333,8.0,946.27,1767.6
514461,F,True,True,usa,philadelphia,PHL,38,Pennsylvania,8,3,1,3,0.0,1.0,1.0,90.64,0.3333333333333333,10.666666666666666,90.64,8434.0
514501,F,True,True,usa,kansas city,MCI,52,Missouri,8,1,0,1,1.0,,,,1.0,10.0,,703.0
514526,F,True,True,usa,jacksonville,NIP,52,Florida,8,5,5,5,0.6,1.2,0.4,301.721,0.2,1.4,1532.538,2660.4
514551,F,False,False,usa,new york,LGA,25,New York,10,1,0,1,1.0,,,,1.0,13.0,,3856.45
514617,F,False,True,usa,san diego,SAN,42,California,8,4,3,3,0.25,1.3333333333333333,0.3333333333333333,323.945,0.0,3.0,1291.078,2904.0
514627,F,False,False,canada,hamilton,YHM,48,Ontario,8,3,3,2,0.0,1.3333333333333333,0.6666666666666666,282.9116666666667,0.0,2.0,966.85,2118.0
514639,F,True,False,usa,houston,IAH,71,Texas,8,0,0,0,,,,,,,,
514642,F,True,False,usa,los angeles,LAX,70,California,8,0,0,0,,,,,,,,
514682,F,False,False,usa,chicago,ORD,46,Illinois,9,4,3,4,0.5,1.0,0.6666666666666666,286.9433333333333,0.25,3.0,844.5474999999999,1395.5
514684,F,False,False,usa,minneapolis,MSP,27,Minnesota,8,0,0,0,,,,,,,,
514689,M,True,True,usa,akron,AKR,46,Ondo,8,2,2,2,0.5,1.0,0.5,116.725,0.0,1.0,233.45,140.10000000000002
514785,F,True,False,usa,fort worth,FTW,48,Texas,8,3,3,3,0.3333333333333333,1.0,0.3333333333333333,260.3066666666667,0.0,1.6666666666666667,744.068,622.0
514810,M,False,True,usa,nashville,BNA,35,Tennessee,8,3,1,3,0.6666666666666666,1.0,0.0,66.68,0.0,7.0,63.346000000000004,4323.0
514876,F,False,False,usa,milwaukee,MKE,20,Wisconsin,8,1,0,1,0.0,,,,0.0,8.0,,2432.0
514899,F,False,True,usa,boston,BOS,40,Massachusetts,9,6,6,5,0.6666666666666666,1.5,0.8333333333333334,291.9772222222222,0.4,2.2,1895.118,4223.4
514925,F,False,False,canada,ottawa,YOW,19,Ontario,8,1,0,1,0.0,,,,1.0,7.0,,1288.0
514926,F,False,False,canada,halifax,YHZ,31,Nova Scotia,8,3,2,3,0.0,1.0,0.0,452.675,0.3333333333333333,3.3333333333333335,905.35,1368.0
514951,F,False,True,usa,austin,AUS,40,Texas,8,2,2,1,0.0,1.5,1.0,1085.66,1.0,4.0,4057.52,420.0
514953,F,True,False,usa,sacramento,SMF,49,California,9,2,0,2,0.5,,,,0.0,10.0,,8922.0
515020,F,False,False,usa,san francisco,SFO,23,California,8,3,2,3,0.0,1.0,1.0,354.6,0.0,5.0,709.2,2644.0
515030,M,False,False,usa,fort worth,FTW,36,Texas,8,1,1,1,0.0,1.0,0.0,8.17,0.0,13.0,8.17,1482.0
515058,F,False,False,canada,saskatoon,YXE,52,Saskatchewan,8,5,4,5,0.0,1.0,0.25,354.4175,0.4,2.4,1417.67,4557.0
515060,F,False,False,usa,chicago,ORD,51,Illinois,9,2,2,2,0.0,1.0,1.0,104.63,0.0,3.0,209.26,1545.0
515085,F,True,True,usa,new york,JFK,63,New York,9,1,0,1,0.0,,,,1.0,9.0,,1737.0
515103,F,True,True,usa,chicago,MDW,54,Illinois,8,3,3,3,0.6666666666666666,1.0,1.0,217.15333333333334,0.0,2.3333333333333335,651.46,1401.8999999999999
515124,F,False,False,usa,reno,RNO,53,Nevada,8,3,3,3,0.0,1.3333333333333333,0.6666666666666666,476.1916666666666,0.3333333333333333,1.6666666666666667,1864.9099999999999,690.0
515131,F,True,False,usa,san antonio,RND,49,Texas,9,5,5,5,0.2,1.2,0.6,367.079,0.6,3.8,2182.24,4254.6
515139,F,False,False,usa,new york,JFK,38,New York,10,2,2,2,0.0,1.0,0.0,595.835,1.0,2.0,1191.67,762.0
515168,F,False,True,canada,london,YXU,49,Ontario,9,2,0,2,0.0,,,,0.0,3.5,,5286.0
515198,F,False,False,canada,toronto,YTZ,41,Ontario,8,1,0,1,1.0,,,,1.0,20.0,,3096.0
515205,F,True,False,usa,spokane,GEG,73,Washington,8,0,0,0,,,,,,,,
515243,F,True,False,usa,honolulu,HNL,44,Hawaii,8,4,4,2,0.25,1.25,0.25,1119.15125,0.0,1.5,5371.85,412.9
515258,M,False,False,usa,des moines,DSM,29,Iowa,8,3,3,3,0.3333333333333333,1.3333333333333333,0.3333333333333333,272.61833333333334,0.6666666666666666,1.3333333333333333,959.274,603.7
515274,M,False,False,canada,toronto,YKZ,38,Ontario,8,6,4,6,0.16666666666666666,1.0,0.25,298.5975,0.16666666666666666,2.8333333333333335,1194.39,2954.0
515398,F,True,True,usa,new york,LGA,43,New York,9,4,4,3,0.5,1.5,1.5,426.98,0.3333333333333333,1.3333333333333333,2699.8535,559.6
515421,F,False,False,canada,toronto,YKZ,51,Ontario,8,4,4,4,0.0,1.25,0.5,340.9325,0.25,2.5,1872.72,1464.0
515436,F,False,False,usa,grand rapids,GRR,25,Michigan,8,1,0,1,0.0,,,,0.0,4.0,,868.0
515490,F,True,True,usa,oklahoma city,TIK,58,Oklahoma,9,4,4,4,0.0,1.25,0.25,266.84875,0.0,3.0,1480.76,2372.0
515514,F,True,False,usa,newport news,PHF,22,Virginia,8,0,0,0,,,,,,,,
515529,F,True,True,usa,richmond,RIC,46,Virginia,8,2,2,1,0.5,1.0,1.0,395.755,0.0,1.0,760.12,119.0
515565,F,False,True,usa,los angeles,LAX,46,California,8,4,4,4,0.0,1.25,0.75,598.91625,0.25,3.5,3140.87,2675.0
515578,M,False,False,usa,san francisco,SFO,39,California,8,6,5,6,0.3333333333333333,1.0,0.6,489.26000000000005,0.5,2.8333333333333335,2275.992,2828.7
515675,F,False,False,usa,tacoma,TCM,33,Washington,9,2,1,2,0.5,1.0,0.0,613.56,0.0,1.5,429.49199999999996,792.4
515688,F,True,True,usa,akron,AKR,49,Ondo,8,4,4,4,0.0,1.25,1.25,193.87375,0.5,2.75,862.04,2027.0
515694,F,False,False,usa,lubbock,LBB,46,Texas,8,6,6,6,0.3333333333333333,1.0,0.5,299.0,0.16666666666666666,1.1666666666666667,1763.2765,2145.0
515713,F,True,False,usa,tucson,DMA,45,Arizona,8,3,2,3,0.6666666666666666,1.0,0.0,601.645,0.3333333333333333,20.333333333333332,1084.438,8355.0
515739,F,True,False,usa,new york,LGA,50,New York,8,3,3,2,0.3333333333333333,1.0,0.6666666666666666,219.90666666666667,0.5,2.5,659.72,563.0
515764,F,False,True,canada,edmonton,YED,26,,8,3,1,3,0.0,1.0,2.0,364.7,0.3333333333333333,9.666666666666666,364.7,8889.0
515802,F,False,False,usa,las vegas,LAS,43,Nevada,8,5,4,5,0.2,1.5,0.75,388.025,0.4,2.8,2250.04,3245.2
515835,F,True,True,usa,fort worth,FTW,50,Texas,8,3,3,3,0.0,1.3333333333333333,0.3333333333333333,218.8216666666667,0.3333333333333333,1.6666666666666667,832.2,1929.0
515908,F,True,True,usa,st. louis,STL,50,Missouri,8,2,2,2,0.5,1.0,0.5,293.49,1.0,1.5,564.1215,289.29999999999995
515941,F,True,True,usa,st. petersburg,PIE,49,Florida,8,4,2,4,0.0,1.0,0.5,618.12,0.5,5.0,1236.24,3951.0
515947,F,False,False,usa,new york,LGA,33,New York,8,2,2,2,0.0,1.0,0.5,264.065,0.5,1.0,528.13,454.0
515953,F,True,False,usa,los angeles,LAX,46,California,8,3,3,3,0.6666666666666666,1.6666666666666667,0.6666666666666666,264.1816666666667,0.0,1.6666666666666667,1340.269,1140.0
516004,F,True,True,usa,san francisco,SFO,53,California,9,2,2,2,0.0,1.0,0.5,342.05499999999995,0.5,2.0,684.1099999999999,1095.0
516039,F,False,False,usa,santa ana,SNA,19,California,9,0,0,0,,,,,,,,
516061,F,True,False,usa,chicago,UGN,58,Illinois,8,3,3,2,0.3333333333333333,1.3333333333333333,0.3333333333333333,171.48333333333335,1.0,4.0,717.899,2244.0
516089,F,True,True,usa,baltimore,BWI,59,Maryland,8,3,3,3,0.3333333333333333,1.0,0.6666666666666666,343.34,0.3333333333333333,3.0,1013.7080000000001,598.0
516092,M,True,False,usa,indianapolis,IND,40,Gujarat,9,4,4,3,0.25,1.25,1.0,262.87125000000003,0.0,1.3333333333333333,1267.42,632.8
516118,M,True,False,usa,newark,EWR,41,New Jersey,9,2,1,2,0.5,1.0,0.0,590.05,0.0,9.5,472.03999999999996,6554.0
516144,F,True,True,usa,denver,DEN,53,Colorado,9,4,4,3,0.0,1.0,0.75,317.935,0.0,1.0,1271.74,818.0
516150,F,True,True,usa,baton rouge,BTR,67,Louisiana,8,1,0,1,0.0,,,,0.0,20.0,,2520.0
516176,O,False,True,usa,new york,JFK,53,New York,8,4,4,3,0.0,1.0,0.25,185.85250000000002,0.6666666666666666,5.0,743.4100000000001,1325.0
516177,F,False,False,usa,philadelphia,PNE,53,Pennsylvania,8,3,3,3,0.0,1.0,1.0,452.94000000000005,0.0,4.0,1358.8200000000002,620.0
516178,F,False,True,canada,vancouver,YVR,31,British Columbia,8,3,3,2,0.6666666666666666,1.0,0.3333333333333333,385.83666666666664,0.0,1.5,1080.354,224.05
516246,F,False,False,usa,austin,AUS,40,Texas,9,4,4,4,0.5,1.0,0.75,368.4225,0.5,1.75,1304.0355,1303.4
516251,F,True,False,canada,calgary,YYC,54,Alberta,8,7,7,6,0.2857142857142857,1.2857142857142858,0.7142857142857143,478.4404761904762,0.0,2.0,4293.61,2077.85
516269,F,False,False,usa,stockton,SCK,40,California,9,5,4,5,0.2,1.5,0.25,485.75666666666666,0.6,2.4,2881.7670000000003,1813.0
516282,F,True,False,canada,victoria,YYJ,45,British Columbia,8,2,2,2,0.0,1.0,1.5,501.22499999999997,0.5,1.5,1002.4499999999999,515.0
516287,F,True,False,usa,honolulu,HNL,55,Hawaii,9,1,1,1,0.0,1.0,0.0,700.54,0.0,8.0,700.54,488.0
516375,F,True,False,usa,houston,IAH,40,Texas,9,5,5,5,0.6,1.0,0.4,357.62199999999996,0.4,2.0,1636.4524999999999,2028.75
516418,F,True,False,usa,dallas,DAL,29,Texas,8,3,2,3,0.3333333333333333,1.5,0.5,367.03,0.3333333333333333,4.333333333333333,1069.682,2186.5
516420,F,True,False,usa,san francisco,SFO,48,California,8,2,1,2,0.0,1.0,1.0,616.02,0.0,1.0,616.02,381.0
516456,F,True,False,canada,halifax,YHZ,41,Nova Scotia,8,4,4,3,0.25,1.0,0.25,485.1525,0.0,1.3333333333333333,1928.377,554.9
516507,M,True,False,usa,san diego,SAN,45,California,8,2,2,2,0.0,1.5,0.0,280.9275,0.0,5.0,885.06,1888.0
516528,F,True,False,usa,las vegas,LAS,56,Nevada,8,3,3,3,0.3333333333333333,1.0,0.6666666666666666,504.45,0.0,4.666666666666667,1349.085,5014.0
516571,F,True,False,usa,new york,LGA,67,New York,8,4,2,3,0.25,2.5,0.5,665.4975,0.3333333333333333,4.333333333333333,3123.33,2493.5
516579,F,False,False,usa,stockton,SCK,31,California,8,4,2,4,0.0,1.0,1.0,364.96000000000004,0.25,7.75,729.9200000000001,6620.0
516590,F,False,False,usa,jacksonville,JAX,21,Florida,9,2,1,2,0.5,1.0,0.0,274.62,0.5,2.0,192.23399999999998,1149.0
516593,F,False,False,usa,las vegas,LAS,41,Nevada,10,3,3,3,0.3333333333333333,1.0,0.6666666666666666,420.16333333333336,0.3333333333333333,10.333333333333334,1260.49,5767.2
516614,M,False,False,usa,new york,LGA,40,New York,8,4,4,3,0.25,1.0,0.75,445.65,0.0,4.333333333333333,1782.6,1566.6
516639,F,True,True,usa,phoenix,PHX,56,Arizona,8,5,5,2,0.2,1.0,1.0,440.40200000000004,0.5,3.5,2100.76,772.0
516679,F,False,False,usa,kansas city,MCI,45,Missouri,8,1,1,1,1.0,1.0,1.0,405.2,1.0,1.0,405.2,72.0
516680,F,True,False,usa,baltimore,BWI,69,Maryland,8,0,0,0,,,,,,,,
516697,F,False,False,usa,fresno,FAT,79,California,8,1,0,1,0.0,,,,0.0,5.0,,1580.0
516704,F,True,False,usa,long beach,LGB,49,California,8,4,3,4,0.25,1.0,0.3333333333333333,442.2166666666667,0.0,4.5,1326.65,2687.0
516739,F,False,True,usa,norfolk,ORF,41,Virginia,8,2,2,2,0.0,1.0,0.5,294.24,0.0,3.5,588.48,968.0
516744,F,False,False,usa,kansas city,MCI,24,Missouri,8,1,0,1,1.0,,,,0.0,7.0,,648.55
516763,M,True,False,usa,denver,DEN,48,Colorado,8,1,1,1,0.0,1.0,1.0,248.08,0.0,2.0,248.08,534.0
516789,F,False,False,usa,jacksonville,NCA,41,Turks and Caicos Islands,8,4,4,4,0.0,1.5,0.75,583.5575,0.25,1.75,3811.6800000000003,3730.0
516808,F,False,False,usa,san diego,SAN,31,California,8,3,3,3,0.0,1.3333333333333333,0.3333333333333333,341.9433333333333,0.3333333333333333,3.0,1629.66,2134.0
516833,F,False,False,canada,toronto,YTZ,21,Ontario,8,3,3,2,0.6666666666666666,1.3333333333333333,0.3333333333333333,418.59666666666664,0.5,4.0,1352.01,1866.0
516933,F,False,False,usa,new york,LGA,20,New York,8,3,3,1,0.0,1.0,0.0,604.7266666666667,0.0,1.0,1814.18,137.0
516965,F,False,True,usa,miami,OPF,39,Florida,9,4,4,4,0.5,1.0,0.0,392.0275,0.75,1.75,1481.6799999999998,1198.0
517131,F,True,False,usa,los angeles,LAX,70,California,8,2,0,2,0.0,,,,0.0,3.5,,1050.0
517142,M,True,False,usa,philadelphia,PNE,41,Pennsylvania,8,3,3,1,0.3333333333333333,1.0,0.6666666666666666,405.5,0.0,1.0,1216.5,124.0
517205,F,False,False,canada,calgary,YYC,51,Alberta,8,2,2,2,0.0,1.0,0.5,317.265,0.5,3.5,634.53,1982.0
517212,F,True,True,usa,louisville,LOU,56,Kentucky,9,5,5,4,0.0,1.2,0.2,207.33800000000002,0.25,2.75,1067.65,2423.0
517219,F,False,False,usa,boston,BOS,25,Massachusetts,8,0,0,0,,,,,,,,
517231,F,True,False,canada,edmonton,YXD,50,,8,2,1,2,0.5,1.0,1.0,411.88,0.0,8.5,411.88,3623.0
517284,F,True,True,usa,san antonio,SAT,47,Texas,9,5,4,3,0.2,1.5,0.5,608.4066666666668,0.6666666666666666,3.6666666666666665,5283.360000000001,2116.0
517324,F,True,False,usa,austin,AUS,71,Texas,8,1,1,0,0.0,1.0,1.0,472.44,,,472.44,
517356,F,True,False,usa,orlando,MCO,54,Florida,8,2,2,2,0.0,1.0,0.0,255.515,0.5,5.0,511.03,3202.0
517370,F,True,False,usa,new york,LGA,43,New York,8,3,2,3,0.0,1.0,1.5,402.865,0.6666666666666666,4.333333333333333,805.73,1875.0
517392,F,True,False,usa,los angeles,LAX,49,California,9,4,4,3,0.0,1.25,0.75,456.08250000000004,0.3333333333333333,1.6666666666666667,1895.0100000000002,784.0
517393,F,False,False,usa,shreveport,BAD,39,Louisiana,8,1,1,1,0.0,1.0,0.0,333.55,0.0,4.0,333.55,248.0
517397,F,False,False,usa,riverside,RAL,38,California,8,5,5,5,0.2,1.0,0.4,328.81399999999996,0.2,2.4,1644.07,1780.8
517403,F,True,True,canada,toronto,YKZ,52,Ontario,9,4,3,4,0.25,1.0,1.0,186.15,0.25,4.25,558.45,5280.95
517415,M,False,True,usa,st. petersburg,SPG,38,Florida,8,1,1,1,0.0,2.0,0.0,254.77,1.0,1.0,509.54,350.0
517438,M,False,False,usa,nashville,BNA,41,Tennessee,9,5,5,5,0.4,1.2,0.4,291.433,0.4,1.0,1684.5700000000002,1352.7
517445,F,True,False,usa,st. petersburg,PIE,43,Florida,9,3,1,3,0.0,1.0,1.0,271.98,0.3333333333333333,12.333333333333334,271.98,6615.0
517545,F,True,False,canada,saskatoon,YXE,55,Saskatchewan,8,2,2,1,0.5,1.0,0.0,396.115,1.0,1.0,696.2225,95.0
517548,F,True,False,usa,new york,JFK,55,New York,8,3,3,2,0.0,1.0,0.6666666666666666,310.2366666666666,0.5,1.5,930.7099999999999,445.0
517579,F,False,False,usa,los angeles,LAX,22,California,8,1,1,1,1.0,2.0,0.0,512.305,1.0,2.0,922.1489999999999,840.0
517596,F,True,True,usa,kansas city,MCI,56,Missouri,9,3,3,3,0.0,1.0,0.3333333333333333,239.82666666666668,0.3333333333333333,4.666666666666667,719.48,2390.0
517622,F,False,True,usa,san diego,NZY,20,California,8,0,0,0,,,,,,,,
517633,F,True,False,usa,houston,IAH,40,Texas,8,4,3,4,0.25,1.0,0.6666666666666666,303.86999999999995,0.25,6.5,911.6099999999999,4571.4
517653,F,True,True,usa,phoenix,LUF,56,Arizona,8,2,2,2,0.5,1.0,1.0,289.8,0.5,1.5,559.799,219.7
517676,F,True,False,usa,new york,JFK,45,New York,8,4,4,2,0.25,1.25,0.25,636.0175,0.5,1.0,2902.1800000000003,485.0
517700,F,False,False,usa,dallas,DAL,49,Texas,8,4,4,4,0.0,1.25,0.75,271.5575,0.5,2.5,1364.32,1220.0
517715,M,True,False,usa,chicago,MDW,84,Illinois,8,2,2,2,0.0,1.0,1.0,225.18,0.0,5.5,450.36,3436.0
517732,F,False,False,usa,tacoma,TCM,46,Washington,8,2,2,2,0.5,1.0,0.5,496.05,0.5,1.0,920.018,261.0
517735,F,True,True,usa,memphis,MEM,51,Tennessee,8,2,2,1,1.0,1.5,0.5,317.33000000000004,0.0,6.0,608.085,2964.0
517743,F,False,False,usa,new york,JFK,38,New York,8,4,4,4,0.25,1.0,0.5,413.21000000000004,0.25,1.75,1617.5929999999998,738.0
517772,F,False,True,usa,new york,JFK,41,New York,8,4,4,4,0.0,1.0,0.0,483.62,0.25,3.0,1934.48,1130.0
517776,F,True,True,usa,honolulu,HNL,62,Hawaii,8,3,3,3,0.0,1.0,1.0,1314.6966666666667,0.3333333333333333,2.3333333333333335,3944.09,1764.0
517825,F,True,False,usa,milwaukee,MKE,57,Wisconsin,8,4,4,4,0.0,1.0,0.75,157.6375,0.5,1.0,630.55,460.0
517839,F,True,False,usa,milwaukee,MKE,49,Wisconsin,8,3,3,2,0.0,1.0,0.3333333333333333,338.2266666666667,0.5,2.0,1014.6800000000001,731.0
517894,F,True,False,canada,montreal,YUL,50,Quebec,8,3,2,3,0.0,1.0,0.0,634.8,0.0,4.666666666666667,1269.6,2313.0
517898,F,False,True,usa,lubbock,LBB,22,Texas,8,1,1,1,0.0,1.0,0.0,418.25,0.0,1.0,418.25,174.0
517925,F,True,False,usa,st. louis,STL,30,Missouri,9,1,1,1,0.0,2.0,0.0,254.63,0.0,10.0,509.26,8400.0
517967,F,False,True,usa,phoenix,PHX,49,Arizona,8,2,1,2,0.0,1.0,0.0,389.94,0.5,3.0,389.94,1779.0
517968,F,True,False,usa,new york,LGA,46,New York,8,4,2,4,0.5,1.0,0.0,269.81,0.25,3.5,539.62,2633.8500000000004
518012,M,False,False,usa,rochester,ROC,37,New York,8,2,2,2,0.0,1.0,0.0,286.625,0.0,2.0,573.25,328.0
518084,F,False,False,usa,san francisco,SFO,27,California,8,1,1,1,1.0,2.0,1.0,515.445,1.0,18.0,979.3455,2124.0
518127,F,False,False,usa,memphis,MEM,38,Tennessee,8,4,4,4,0.5,1.25,0.25,209.655,0.25,3.75,967.77,1633.1499999999999
518211,F,False,True,usa,new york,LGA,41,New York,9,4,4,4,0.0,1.0,0.75,427.295,0.0,1.5,1709.18,609.0
518219,F,False,False,usa,columbus,LCK,28,Ohio,8,3,3,2,0.3333333333333333,1.0,0.3333333333333333,358.04333333333335,0.0,2.0,1045.74,476.0
518324,F,False,False,usa,norfolk,NGU,42,Virginia,8,5,5,5,0.2,1.2,0.4,165.936,0.0,1.0,949.119,1566.0
518348,F,True,True,usa,rochester,ROC,37,New York,8,2,1,2,1.0,1.0,1.0,593.66,0.5,2.5,474.928,4188.799999999999
518354,M,False,False,usa,denver,DEN,24,Colorado,8,0,0,0,,,,,,,,
518393,F,False,False,usa,los angeles,LAX,43,California,8,2,2,2,0.5,1.0,0.0,508.61,0.5,2.0,1017.22,252.1
518416,F,False,False,usa,houston,EFD,48,Texas,8,3,3,3,0.3333333333333333,1.3333333333333333,0.6666666666666666,308.82166666666666,0.6666666666666666,3.6666666666666665,899.124,4681.0
518422,F,True,False,usa,colorado springs,COS,62,Colorado,8,1,0,1,0.0,,,,0.0,3.0,,339.0
518443,F,True,False,canada,calgary,YYC,80,Alberta,8,2,1,2,0.5,1.0,1.0,550.93,0.5,5.5,550.93,2416.0
518516,F,True,True,usa,new york,LGA,59,New York,11,3,3,3,0.0,1.0,0.6666666666666666,290.4766666666667,1.0,3.6666666666666665,871.4300000000001,2300.0
518527,F,True,False,canada,edmonton,YED,47,,8,5,5,5,0.4,1.6,0.2,315.409,0.0,3.2,2178.974,4866.0
518533,F,False,True,usa,phoenix,LUF,39,Arizona,8,3,3,1,0.3333333333333333,1.0,0.6666666666666666,464.22333333333336,0.0,1.0,1339.8220000000001,76.0
518541,F,False,False,usa,long beach,LGB,49,California,8,4,3,2,0.25,1.0,0.6666666666666666,700.1733333333333,0.0,5.5,1990.813,1624.0
518582,F,True,True,usa,jacksonville,NZC,52,Ica,8,4,3,3,0.0,2.0,0.3333333333333333,848.3666666666667,0.3333333333333333,8.0,5090.2,8158.0
518612,F,False,False,usa,chicago,UGN,46,Illinois,8,6,5,6,0.3333333333333333,1.2,0.6,174.888,0.5,2.6666666666666665,1104.63,3283.2
518628,F,True,True,usa,charlotte,CLT,51,North Carolina,8,0,0,0,,,,,,,,
518629,F,False,False,usa,indianapolis,IND,50,Gujarat,8,4,4,4,0.0,1.0,0.5,237.26,0.25,1.25,949.04,620.0
518639,F,False,False,usa,phoenix,PHX,36,Arizona,8,1,1,1,0.0,1.0,1.0,233.1,1.0,1.0,233.1,96.0
518642,F,True,False,usa,memphis,MEM,73,Tennessee,9,1,0,1,0.0,,,,1.0,6.0,,5346.0
518696,F,False,True,canada,winnipeg,YWG,40,Manitoba,8,1,0,1,0.0,,,,0.0,6.0,,396.0
518716,F,True,True,canada,montreal,YUL,42,Quebec,8,2,1,2,0.5,1.0,1.0,628.5,1.0,10.0,628.5,4378.5
518722,F,True,False,usa,tulsa,TUL,55,Oklahoma,8,4,4,3,0.25,1.0,1.0,332.935,0.3333333333333333,1.6666666666666667,1331.74,378.04999999999995
518726,F,False,True,usa,oklahoma city,OKC,19,Oklahoma,8,1,1,0,0.0,2.0,0.0,319.455,,,638.91,
518867,F,True,False,canada,toronto,YZD,37,,8,2,2,2,0.5,1.5,0.5,592.365,0.5,2.0,1846.94,638.9
518894,F,False,False,usa,philadelphia,PNE,52,Pennsylvania,8,3,3,1,0.6666666666666666,1.0,0.6666666666666666,357.6066666666666,1.0,2.0,1072.82,83.6
518907,M,False,False,usa,san antonio,SAT,45,Texas,8,5,3,5,0.2,1.0,0.6666666666666666,361.45,0.2,3.6,1011.1959999999999,2675.9
518925,F,False,True,usa,shreveport,BAD,33,Louisiana,8,1,0,1,0.0,,,,1.0,8.0,,976.0
518931,F,False,True,usa,el paso,BIF,20,Texas,8,0,0,0,,,,,,,,
518954,F,True,True,usa,new york,LGA,39,New York,8,3,3,3,0.3333333333333333,1.0,0.3333333333333333,383.89000000000004,0.0,3.0,811.26,1147.0
518963,F,False,True,usa,san jose,SJC,33,California,8,2,2,2,0.0,1.0,0.0,164.18,0.0,2.5,328.36,642.0
518998,F,True,True,usa,st. petersburg,SPG,49,Florida,8,3,3,3,0.3333333333333333,1.0,1.3333333333333333,329.9433333333333,0.0,1.6666666666666667,989.8299999999999,624.2
519014,F,False,False,usa,portland,PWM,41,Maine,8,4,2,3,0.25,1.0,0.5,253.845,0.0,10.333333333333334,507.69,5241.0
519089,F,False,True,usa,philadelphia,PHL,36,Pennsylvania,8,3,3,2,0.3333333333333333,1.0,1.0,966.9166666666666,0.5,5.0,2862.1,728.0
519096,F,False,True,usa,tampa,MCF,35,Florida,8,2,2,2,1.0,1.0,0.0,237.79000000000002,0.5,3.0,416.363,840.25
519114,F,False,True,usa,san antonio,RND,41,Texas,8,3,3,3,0.3333333333333333,1.0,0.3333333333333333,427.95,0.6666666666666666,5.0,1259.4279999999999,2083.0
519117,F,True,True,usa,san antonio,SAT,48,Texas,8,4,4,4,0.75,1.0,0.5,272.39,0.5,3.75,1014.615,2501.45
519137,F,False,False,usa,houston,IAH,53,Texas,9,3,3,3,0.6666666666666666,1.3333333333333333,0.3333333333333333,356.80333333333334,0.3333333333333333,2.6666666666666665,1507.23,1684.95
519140,F,True,False,usa,new york,LGA,58,New York,8,5,4,5,0.0,1.25,1.0,132.835,0.4,2.4,635.71,2191.0
519171,F,False,True,usa,austin,AUS,50,Texas,9,2,2,1,0.0,1.5,0.5,400.385,1.0,7.0,1175.78,868.0
519191,M,False,False,usa,tampa,TPA,22,Florida,8,1,0,1,1.0,,,,0.0,14.0,,1808.8
519210,M,True,False,usa,san antonio,RND,47,Texas,9,4,2,3,0.0,1.0,0.5,386.305,0.3333333333333333,7.666666666666667,772.61,1514.0
519211,F,True,False,usa,san antonio,RND,39,Texas,8,5,4,5,0.2,1.0,0.75,396.0575,0.4,3.4,1584.23,1643.0
519260,F,False,True,usa,los angeles,LAX,29,California,8,3,2,3,0.3333333333333333,1.0,1.0,544.345,0.0,1.3333333333333333,1088.69,945.0
519267,F,False,False,usa,portland,PWM,49,Maine,9,1,1,1,0.0,1.0,1.0,361.38,0.0,1.0,361.38,65.0
519312,F,True,True,usa,modesto,MOD,61,California,8,0,0,0,,,,,,,,
519353,F,False,False,usa,phoenix,LUF,71,Arizona,8,1,0,1,0.0,,,,0.0,6.0,,1092.0
519357,F,False,True,usa,philadelphia,PHL,47,Pennsylvania,9,5,5,4,0.2,1.0,0.6,137.942,0.25,1.75,688.4005,1267.0
519383,F,False,False,usa,fayetteville,POB,35,North Carolina,9,1,0,1,0.0,,,,0.0,5.0,,1140.0
519392,F,True,False,usa,fort worth,FTW,60,Texas,8,2,2,1,0.5,1.0,1.0,415.625,1.0,2.0,787.34,262.0
519412,F,True,False,usa,houston,EFD,53,Texas,8,2,1,2,0.0,1.0,0.0,67.83,1.0,2.0,67.83,720.0
519419,F,False,True,usa,fresno,FAT,35,California,9,1,1,1,0.0,1.0,0.0,295.76,0.0,2.0,295.76,576.0
519430,F,False,False,usa,new york,JFK,37,New York,8,2,2,2,0.5,1.5,0.5,298.84250000000003,0.0,3.0,792.71,1199.75
519515,M,True,True,usa,indianapolis,IND,54,Gujarat,8,4,3,3,0.5,1.0,1.3333333333333333,350.93666666666667,0.3333333333333333,8.333333333333334,962.046,5762.0
519529,M,True,True,canada,windsor,YQG,27,Ontario,8,1,1,1,0.0,1.0,1.0,173.81,1.0,2.0,173.81,96.0
519548,M,True,True,usa,wichita,IAB,28,Kansas,8,0,0,0,,,,,,,,
519554,F,False,True,usa,seattle,SEA,35,Washington,9,3,3,3,0.0,1.0,0.6666666666666666,510.0033333333334,0.0,5.0,1530.0100000000002,2760.0
519626,M,False,True,usa,cleveland,CLE,49,Ohio,8,3,3,3,0.0,1.0,0.3333333333333333,218.82666666666668,0.6666666666666666,4.0,656.48,1482.0
519631,F,False,False,usa,san francisco,SFO,53,California,8,6,6,6,0.16666666666666666,1.0,0.5,230.34500000000003,0.16666666666666666,2.0,1382.0700000000002,2066.5
519664,F,True,True,usa,riverside,RAL,55,California,8,2,2,2,0.5,1.0,1.0,207.995,0.5,5.5,415.99,1392.8
519695,F,False,False,usa,houston,EFD,41,Texas,8,3,2,3,0.0,1.0,0.0,386.54499999999996,0.3333333333333333,2.3333333333333335,773.0899999999999,1838.0
519709,F,True,False,usa,chicago,MDW,34,Illinois,9,4,4,2,0.25,1.0,0.25,162.99,0.0,2.0,639.3305,902.0
519718,F,True,True,usa,buffalo,BUF,54,New York,8,3,2,3,0.0,1.0,0.5,213.89,0.3333333333333333,4.333333333333333,427.78,1953.0
519722,F,True,True,usa,new york,JFK,31,New York,8,3,1,2,0.0,3.0,0.0,390.64000000000004,0.5,6.0,1171.92,2520.0
519725,F,True,True,usa,louisville,LOU,43,Kentucky,8,2,1,2,0.5,1.0,1.0,232.88,0.0,2.0,232.88,567.45
519774,F,False,True,usa,las vegas,LAS,57,Nevada,8,3,2,3,0.3333333333333333,1.0,1.0,330.89000000000004,0.3333333333333333,6.0,661.7800000000001,1914.6000000000001
519859,F,False,False,usa,san diego,NZY,44,California,8,5,5,4,0.4,1.4,0.0,472.37399999999997,0.25,6.5,3257.638,5366.5
519885,F,False,False,usa,houston,HOU,30,Texas,8,3,2,3,0.3333333333333333,1.5,0.5,384.135,0.3333333333333333,6.0,1002.32,1927.0
519893,F,True,False,usa,spokane,GEG,45,Washington,9,4,3,4,0.0,1.6666666666666667,0.6666666666666666,515.1266666666667,0.0,2.75,2772.7200000000003,2188.0
519912,M,False,False,usa,houston,EFD,47,Texas,8,4,4,4,0.25,1.0,0.5,219.095,0.25,2.5,855.4145000000001,2043.0
519943,F,True,True,canada,toronto,YTZ,61,Ontario,9,0,0,0,,,,,,,,
519955,F,False,False,usa,orlando,MCO,40,Florida,8,2,2,2,0.5,1.0,0.5,474.105,0.0,2.5,879.63,1101.0
519957,F,True,False,usa,new york,LGA,56,New York,8,2,2,2,0.5,1.0,1.0,549.54,1.0,2.0,1063.394,502.0
520106,F,False,True,usa,salt lake city,SLC,29,Utah,8,1,1,1,0.0,1.0,1.0,185.18,0.0,2.0,185.18,490.0
520170,F,False,True,usa,omaha,OMA,27,Iowa,8,2,1,2,0.0,2.0,0.0,350.565,0.5,3.0,701.13,1670.0
520175,F,False,False,usa,atlanta,ATL,54,Georgia,8,3,3,3,0.3333333333333333,1.0,0.6666666666666666,305.42333333333335,0.0,2.3333333333333335,890.547,842.5
520177,F,True,False,usa,nashville,BNA,56,Tennessee,10,6,5,4,0.16666666666666666,1.0,0.4,230.05,0.25,6.0,1150.25,2666.8
520182,F,True,True,usa,new york,LGA,46,New York,8,3,3,1,0.0,1.3333333333333333,0.6666666666666666,428.7749999999999,1.0,6.0,1371.08,2130.0
520188,F,False,False,canada,victoria,YYJ,38,British Columbia,8,2,1,2,0.5,1.0,1.0,488.46,0.0,4.5,488.46,531.6
520244,F,True,False,usa,new york,JFK,44,New York,8,2,2,2,0.0,1.0,0.5,377.03999999999996,0.0,4.0,754.0799999999999,792.0
520248,F,False,True,usa,new york,JFK,41,New York,8,4,4,4,0.25,1.0,0.25,481.4975,0.0,2.0,1878.804,1547.0
520250,M,True,False,usa,austin,AUS,58,Texas,8,4,4,4,0.25,1.25,0.5,239.23000000000002,0.0,2.0,1434.16,1507.3
520256,F,True,False,usa,dallas,DAL,45,Texas,8,4,3,4,0.25,1.3333333333333333,0.0,162.00333333333333,0.0,5.0,558.01,1919.0
520298,F,False,False,usa,houston,EFD,44,Texas,8,2,1,2,1.0,1.0,2.0,311.82,0.0,3.5,218.27399999999997,1934.2
520307,F,False,False,usa,buffalo,BUF,54,New York,8,3,3,3,0.6666666666666666,1.0,0.3333333333333333,260.37333333333333,0.0,2.3333333333333335,781.12,1314.0
520314,F,False,True,usa,new york,JFK,19,New York,8,2,0,2,0.0,,,,1.0,5.0,,2620.0
520327,F,False,False,usa,new york,LGA,28,New York,8,2,2,2,0.5,1.0,0.0,594.55,0.5,1.0,1120.857,482.0
520358,F,True,False,usa,montgomery,MXF,52,Alabama,8,4,3,4,0.0,1.0,1.0,265.6,0.5,3.5,796.8000000000001,2078.0
520373,F,False,True,usa,buffalo,BUF,51,New York,8,3,3,3,0.0,1.3333333333333333,0.0,137.68333333333334,0.6666666666666666,3.0,449.31,1967.0
520405,F,False,False,usa,cleveland,CLE,33,Ohio,8,1,1,1,0.0,1.0,1.0,142.46,1.0,1.0,142.46,164.0
520422,F,False,False,usa,mobile,MOB,40,Alabama,8,2,2,1,1.0,1.0,0.0,333.8,0.0,3.0,561.124,645.0
520491,M,False,True,usa,new york,LGA,57,New York,8,5,4,4,0.0,1.25,1.25,388.25875,0.5,1.75,1923.8899999999999,1089.0
520497,F,False,False,usa,long beach,LGB,50,California,8,3,3,2,0.3333333333333333,1.0,1.0,640.8266666666667,0.0,2.5,1610.245,457.0
520527,F,False,False,usa,denver,DEN,35,Colorado,8,2,2,2,0.0,1.0,1.0,320.28,0.5,3.0,640.56,1468.0
520530,F,True,False,usa,los angeles,LAX,43,California,8,4,4,4,0.5,1.0,0.75,544.48,0.0,2.75,2141.482,1421.0
520561,F,False,True,usa,nashville,BNA,33,Tennessee,8,0,0,0,,,,,,,,
520619,F,True,False,usa,houston,IAH,60,Texas,8,2,2,2,0.5,1.0,1.0,384.54499999999996,0.5,2.0,708.439,1137.0
520696,F,False,False,usa,lincoln,LNK,44,Nebraska,8,1,1,1,0.0,1.0,0.0,316.25,0.0,2.0,316.25,122.0
520708,F,False,False,usa,tampa,MCF,44,Florida,8,3,3,2,0.0,1.3333333333333333,0.6666666666666666,247.53666666666666,0.0,2.5,919.8399999999999,1194.0
520745,F,False,False,usa,new york,JFK,43,New York,8,2,2,2,0.0,1.0,0.5,76.255,0.0,4.5,152.51,883.0
520783,F,True,False,canada,calgary,YYC,42,Alberta,8,3,2,3,0.3333333333333333,1.0,0.5,403.01,0.0,2.3333333333333335,806.02,1978.0
520804,F,True,False,usa,chicago,ORD,52,Illinois,8,3,3,2,0.6666666666666666,1.0,0.0,170.6966666666667,0.0,1.5,457.0775,394.0
520861,M,False,True,usa,austin,AUS,54,Texas,9,2,2,2,0.5,1.0,1.0,344.515,0.0,4.5,689.03,1824.6
520877,F,True,False,usa,grand rapids,GRR,52,Michigan,8,3,3,3,0.0,1.0,0.0,404.3833333333334,0.3333333333333333,4.333333333333333,1213.15,1400.0
520878,F,True,False,canada,ottawa,YOW,41,Ontario,9,4,2,4,0.25,1.0,1.0,694.0550000000001,0.75,5.25,1281.8605,6121.0
520882,F,False,False,usa,louisville,LOU,20,Kentucky,8,1,0,1,0.0,,,,1.0,6.0,,780.0
520885,M,True,True,usa,el paso,ELP,39,Texas,8,4,4,4,0.25,1.0,0.75,216.1075,0.0,3.25,852.6899999999999,6277.0
520920,F,False,False,usa,memphis,MEM,43,Tennessee,9,1,0,1,1.0,,,,0.0,7.0,,440.3
520934,F,False,True,usa,newark,EWR,55,New Jersey,9,1,1,1,1.0,2.0,0.0,713.27,1.0,1.0,1141.232,346.0
520947,O,True,True,usa,new york,LGA,25,New York,8,2,0,2,1.0,,,,0.5,4.0,,2143.3
521004,F,True,False,usa,san antonio,SKF,53,Texas,8,4,4,4,0.0,1.0,0.5,417.36,0.25,1.5,1669.44,585.0
521044,F,False,False,usa,houston,EFD,43,Texas,9,4,3,4,0.0,1.0,0.3333333333333333,348.27,0.5,3.75,1044.81,2707.0
521062,F,True,False,usa,little rock,LIT,62,Arkansas,9,0,0,0,,,,,,,,
521066,F,False,False,usa,knoxville,TYS,44,Tennessee,8,4,4,4,0.25,1.0,1.5,364.9225,0.0,2.25,1459.69,2398.7
521070,F,True,True,usa,knoxville,TYS,53,Tennessee,9,6,6,5,0.16666666666666666,1.3333333333333333,0.3333333333333333,645.3649999999999,0.4,2.8,6971.429999999999,2663.2
521109,F,False,True,usa,dallas,DAL,32,Texas,8,3,3,2,0.3333333333333333,1.0,0.3333333333333333,242.57333333333335,0.5,6.0,727.72,1435.0
521170,M,False,False,usa,chicago,MDW,46,Illinois,8,3,2,3,0.0,2.5,0.5,174.80124999999998,0.3333333333333333,3.3333333333333335,997.49,5213.0
521192,F,False,False,usa,wichita,ICT,30,Kansas,8,3,2,3,0.6666666666666666,1.0,1.0,253.57,0.0,4.0,394.1775,2299.0
521201,F,True,True,usa,memphis,MEM,60,Tennessee,8,1,1,1,1.0,1.0,0.0,284.81,0.0,1.0,242.08849999999998,63.0
521211,M,False,False,usa,bakersfield,BFL,28,California,8,1,0,1,1.0,,,,1.0,6.0,,582.0
521235,F,False,False,usa,seattle,SEA,37,Washington,8,5,5,5,0.4,1.8,1.2,496.6503333333333,0.0,4.6,3863.2235,3709.0
521250,M,False,False,usa,sacramento,MHR,33,California,8,2,2,1,1.0,1.0,0.0,557.4300000000001,0.0,1.0,1049.989,75.0
521286,F,False,False,canada,hamilton,YHM,36,Ontario,8,1,1,1,0.0,1.0,1.0,627.07,0.0,1.0,627.07,112.0
521293,F,True,False,usa,akron,AKR,37,Ondo,8,5,5,5,0.4,1.0,0.4,196.804,0.2,4.8,984.02,2584.8
521331,F,False,False,usa,cleveland,CLE,66,Ohio,10,1,1,1,0.0,1.0,1.0,13.77,0.0,6.0,13.77,288.0
521392,F,True,False,usa,chicago,MDW,42,Illinois,8,2,1,2,0.0,1.0,0.0,321.28,0.5,6.0,321.28,1468.0
521404,F,False,False,usa,detroit,DTW,47,Michigan,8,5,4,5,0.2,1.25,0.5,304.10125,0.4,2.8,1581.28,2304.0
521408,F,True,False,usa,san diego,NZY,58,California,8,2,2,2,1.0,1.0,1.0,661.6,1.0,6.5,1160.0265,2829.0
521416,F,True,False,usa,new york,JFK,49,New York,8,3,3,3,0.0,1.3333333333333333,0.6666666666666666,166.14833333333334,0.6666666666666666,1.0,551.6300000000001,1141.0
521474,F,False,False,usa,san francisco,SFO,20,California,8,1,1,1,0.0,2.0,2.0,691.2,0.0,1.0,1382.4,144.0
521491,F,False,False,usa,philadelphia,PNE,37,Pennsylvania,8,4,3,3,0.5,1.0,0.3333333333333333,309.0266666666667,0.0,4.333333333333333,927.0800000000002,4708.5
521510,F,True,False,usa,chicago,MDW,52,Illinois,8,3,2,3,0.0,1.0,1.5,250.615,0.3333333333333333,2.0,501.23,959.0
521657,F,False,False,canada,montreal,YUL,30,Quebec,8,3,2,3,0.0,1.0,1.0,616.87,0.3333333333333333,3.0,1233.74,1548.0
521658,F,True,False,usa,new york,LGA,52,New York,9,5,4,5,0.0,1.0,0.0,400.935,0.2,2.4,1603.74,1437.0
521785,F,False,False,usa,los angeles,LAX,26,California,9,2,1,2,0.0,1.0,0.0,301.52,0.0,4.5,301.52,2505.0
521814,F,True,True,canada,toronto,YKZ,45,Ontario,8,6,6,5,0.3333333333333333,1.1666666666666667,0.16666666666666666,327.52416666666664,0.2,2.4,2553.45,2153.85
521859,M,False,False,usa,new york,LGA,43,New York,8,5,5,5,0.0,1.0,0.4,312.652,0.0,2.6,1563.26,1370.0
521883,F,False,False,usa,tulsa,TUL,35,Oklahoma,9,3,3,1,0.3333333333333333,1.3333333333333333,1.0,362.58,0.0,2.0,1381.732,208.0
521884,F,False,True,usa,jacksonville,LRF,54,Arkansas,8,2,2,2,0.5,2.0,1.0,292.33333333333337,0.0,1.0,1560.38,805.0
521885,M,True,True,usa,houston,HOU,47,Texas,8,2,2,2,0.0,1.0,1.0,363.625,0.5,2.0,727.25,960.0
521904,F,False,True,usa,bakersfield,BFL,36,California,9,1,1,1,0.0,1.0,0.0,217.55,0.0,1.0,217.55,207.0
521921,F,True,True,usa,san antonio,SAT,51,Texas,8,1,1,1,0.0,2.0,0.0,429.295,0.0,2.0,858.59,376.0
521925,F,False,False,canada,edmonton,YED,44,,8,5,3,5,0.4,1.0,0.3333333333333333,444.1066666666666,0.6,5.0,1269.4475,4688.95
521941,F,True,True,usa,new orleans,MSY,30,Louisiana,8,3,2,3,0.3333333333333333,1.0,0.5,409.955,0.3333333333333333,6.333333333333333,819.91,4346.0
521943,F,True,False,usa,philadelphia,PNE,55,Pennsylvania,8,3,3,3,0.0,1.0,0.6666666666666666,514.9933333333333,0.0,2.6666666666666665,1544.98,1275.0
521992,F,True,True,usa,los angeles,LAX,35,California,9,4,4,4,0.75,1.25,0.75,551.925,0.25,3.0,2611.734,2716.8
521997,F,True,False,usa,new york,JFK,34,New York,8,4,2,4,0.0,1.0,0.0,467.35,0.25,5.0,934.7,2314.0
522111,F,False,True,usa,philadelphia,PHL,25,Pennsylvania,8,3,2,2,0.3333333333333333,1.5,0.5,439.27000000000004,0.5,5.0,1085.39,1332.0
522115,M,False,True,usa,chicago,MDW,41,Illinois,8,3,3,3,0.3333333333333333,1.0,1.0,165.66,0.6666666666666666,3.3333333333333335,496.98,2859.3
522134,F,False,True,usa,houston,IAH,20,Texas,8,0,0,0,,,,,,,,
522152,F,False,True,usa,dallas,DAL,34,Texas,8,1,1,1,0.0,1.0,1.0,381.11,1.0,1.0,381.11,59.0
522171,F,False,False,usa,louisville,LOU,40,Kentucky,8,4,3,3,0.0,1.6666666666666667,0.6666666666666666,75.60888888888888,0.3333333333333333,7.333333333333333,379.62,4758.0
522179,M,True,True,usa,dallas,DAL,43,Texas,8,3,3,2,0.3333333333333333,1.6666666666666667,1.0,244.79111111111112,0.5,2.5,789.7065,1089.0
522223,F,True,True,usa,nashville,BNA,53,Tennessee,8,4,4,4,0.0,1.25,0.75,367.57000000000005,0.5,4.0,2002.56,3911.0
522263,F,False,False,usa,oklahoma city,TIK,33,Oklahoma,8,2,2,2,0.5,1.0,0.0,378.655,0.5,3.0,698.246,1125.3
522265,F,False,True,usa,bakersfield,BFL,44,California,8,4,3,4,0.5,1.0,0.3333333333333333,448.5233333333333,0.0,3.5,1345.57,1368.3
522276,F,False,False,usa,anchorage,EDF,49,Alaska,8,2,2,2,0.0,2.0,1.5,833.25,0.5,1.5,3053.78,1688.0
522286,F,False,False,canada,edmonton,YXD,48,,8,3,3,2,0.0,1.0,1.0,465.01,0.0,2.0,1395.03,606.0
522323,F,False,False,usa,little rock,LIT,49,Arkansas,8,5,4,3,0.4,1.0,0.5,119.0325,0.0,3.6666666666666665,476.13,2251.6
522387,F,False,False,usa,louisville,LOU,25,Kentucky,8,1,0,1,0.0,,,,0.0,10.0,,4800.0
522420,F,True,False,usa,oakland,OAK,33,California,9,0,0,0,,,,,,,,
522445,F,True,False,usa,stockton,SCK,49,California,9,2,1,2,0.0,1.0,0.0,570.93,1.0,8.5,570.93,7505.0
522457,F,False,True,usa,san diego,NZY,39,California,8,6,6,5,0.16666666666666666,1.1666666666666667,0.5,499.7375,0.6,2.2,3585.706,3424.0
522465,M,True,False,usa,new york,LGA,67,New York,8,4,3,3,0.25,1.0,1.3333333333333333,537.83,0.0,14.666666666666666,1470.452,5279.0
522484,F,True,False,usa,washington,DCA,53,Virginia,10,6,6,4,0.16666666666666666,1.5,0.0,373.5186111111111,0.25,4.75,2978.19,5073.0
522533,F,False,False,usa,jacksonville,NCA,21,Turks and Caicos Islands,8,3,3,3,0.3333333333333333,1.0,0.0,1053.5033333333333,0.3333333333333333,4.333333333333333,3160.51,1510.0
522585,M,True,True,canada,edmonton,YED,43,,8,2,2,2,0.5,1.0,1.0,552.2049999999999,0.5,2.0,992.652,920.6
522607,F,True,False,usa,miami,MIA,47,Florida,8,3,2,3,0.3333333333333333,1.0,1.0,322.18,0.3333333333333333,5.666666666666667,611.678,2679.8
522633,F,False,False,usa,new york,LGA,41,New York,8,3,3,3,0.0,1.0,0.0,301.6166666666666,0.0,1.6666666666666667,904.8499999999999,1217.0
522738,F,False,False,usa,chicago,UGN,42,Illinois,8,2,2,2,0.5,1.0,0.0,915.655,0.5,9.0,1781.3609999999999,2472.6
522748,F,True,False,usa,las vegas,LSV,46,Nevada,9,5,4,3,0.8,1.0,0.75,563.0975,0.0,5.0,2097.3475,3385.95
522761,M,False,False,usa,houston,HOU,42,Texas,8,2,2,2,0.0,1.5,0.5,301.3725,0.5,2.0,885.03,1120.0
522800,F,False,False,usa,new york,LGA,31,New York,8,5,4,4,0.0,1.0,0.75,440.5725,0.0,4.0,1762.29,2643.0
522873,F,False,True,canada,victoria,YYJ,35,British Columbia,8,1,1,0,0.0,1.0,1.0,807.06,,,807.06,
522898,F,False,True,usa,honolulu,HNL,44,Hawaii,8,2,2,2,0.0,1.0,1.0,1483.3049999999998,0.5,9.0,2966.6099999999997,4058.0
522943,F,True,False,usa,los angeles,LAX,78,California,9,1,0,1,0.0,,,,1.0,3.0,,399.0
522970,F,False,False,usa,atlanta,ATL,46,Georgia,8,6,6,5,0.16666666666666666,1.0,0.3333333333333333,388.3933333333334,0.4,3.8,2270.594,2958.0
522981,F,False,False,usa,atlanta,ATL,40,Georgia,8,5,5,4,0.4,1.0,0.6,231.542,0.5,3.0,1157.71,2905.2
523030,F,False,False,usa,birmingham,BHM,37,Alabama,8,2,2,2,0.5,1.0,0.0,209.66,0.0,1.0,372.894,108.5
523057,F,False,False,usa,portland,PWM,71,Maine,8,0,0,0,,,,,,,,
523073,F,True,True,usa,orlando,MCO,38,Florida,8,2,1,2,0.0,1.0,0.0,274.75,0.5,2.0,274.75,1016.0
523098,M,False,False,usa,miami,MIA,43,Florida,8,3,3,2,0.6666666666666666,1.0,0.3333333333333333,285.9266666666667,0.0,4.0,772.07,1473.0
523146,F,False,True,usa,new york,LGA,51,New York,8,4,4,4,0.5,1.25,0.25,288.685,0.0,6.75,1079.945,5316.2
523158,F,True,True,usa,san francisco,SFO,44,California,8,3,3,2,0.3333333333333333,1.0,0.6666666666666666,334.19,0.5,5.0,1002.5699999999999,1846.0
523209,F,False,True,usa,lincoln,LNK,51,Nebraska,8,4,4,4,0.25,1.25,0.75,273.28875,0.5,3.0,1162.662,3031.0
523231,F,False,False,usa,los angeles,LAX,45,California,8,4,4,4,0.0,1.0,0.5,449.8525,0.25,3.0,1799.41,1827.0
523271,F,True,False,usa,los angeles,LAX,41,California,8,3,3,3,0.0,1.0,0.3333333333333333,603.5966666666667,0.3333333333333333,2.0,1810.79,791.0
523273,F,True,False,canada,ottawa,YOW,54,Ontario,8,2,1,2,0.0,1.0,0.0,462.18,0.0,6.5,462.18,2109.0
523299,F,True,False,usa,seattle,BFI,62,Washington,8,0,0,0,,,,,,,,
523335,F,False,False,usa,houston,IAH,31,Texas,8,3,3,2,0.3333333333333333,1.0,0.6666666666666666,185.67666666666665,0.5,5.0,557.03,1821.8
523392,F,False,False,usa,houston,IAH,42,Texas,10,3,3,2,0.3333333333333333,1.3333333333333333,0.3333333333333333,331.3933333333333,0.0,2.0,1288.075,1150.0
523395,F,False,False,usa,tucson,DMA,34,Arizona,8,3,3,3,0.3333333333333333,1.0,1.3333333333333333,442.26,0.3333333333333333,2.6666666666666665,1283.315,2098.0
523442,F,True,True,usa,milwaukee,MKE,56,Wisconsin,8,4,3,4,0.0,1.0,1.0,214.29666666666665,0.25,4.0,642.89,2421.0
523465,F,True,False,canada,montreal,YUL,52,Quebec,8,3,3,2,0.3333333333333333,1.0,0.3333333333333333,110.25,0.5,2.0,322.095,1751.0
523474,F,False,False,usa,houston,IAH,42,Texas,9,4,4,4,0.0,1.0,0.5,272.23,0.0,2.5,1088.92,1566.0
523513,F,True,True,usa,new york,JFK,56,New York,8,3,3,3,0.3333333333333333,1.0,0.6666666666666666,216.54999999999998,0.0,6.333333333333333,626.868,4019.0
523526,F,False,False,usa,denver,DEN,30,Colorado,10,1,1,1,0.0,4.0,1.0,447.515,0.0,1.0,1790.06,364.0
523546,M,False,True,usa,austin,AUS,61,Texas,8,3,2,2,0.0,1.0,0.5,198.32500000000002,0.0,4.0,396.65000000000003,1643.0
523619,F,True,True,canada,toronto,YZD,46,,8,2,1,2,0.5,2.0,1.0,65.33,0.5,8.5,130.66,3101.0
523657,F,True,False,usa,winston-salem,INT,38,North Carolina,8,2,2,2,0.0,1.5,1.0,537.99,0.5,1.5,1719.8200000000002,470.0
523686,F,True,True,canada,saskatoon,YXE,44,Saskatchewan,8,2,2,2,0.5,1.0,1.0,455.06000000000006,0.5,1.5,910.1200000000001,1006.55
523717,F,False,False,usa,baltimore,BWI,44,Maryland,9,6,6,6,0.3333333333333333,1.0,0.16666666666666666,444.12000000000006,0.5,1.6666666666666667,2599.565,1831.8
523729,F,True,False,usa,kansas city,MCI,77,Missouri,8,1,0,1,0.0,,,,1.0,2.0,,314.0
523735,F,True,True,canada,ottawa,YOW,57,Ontario,9,4,3,4,0.5,2.0,0.6666666666666666,528.4627777777778,0.25,5.5,3230.1290000000004,3175.6
523756,F,False,False,usa,houston,HOU,30,Texas,8,5,4,5,0.2,1.5,0.5,322.17333333333335,0.0,2.2,1804.3970000000002,4472.0
523824,F,False,False,usa,oklahoma city,OKC,24,Oklahoma,10,2,2,2,0.5,1.0,1.0,255.135,0.0,2.0,510.27,950.1
523842,M,True,False,usa,lincoln,LNK,45,Nebraska,8,4,3,4,0.25,1.0,0.6666666666666666,343.99,0.25,5.5,1031.97,2476.0
523845,F,False,True,usa,sacramento,MHR,45,California,8,5,4,3,0.4,1.25,0.25,417.54875,0.0,7.0,1979.8029999999999,1922.7
523846,M,False,True,canada,montreal,YUL,28,Quebec,8,2,1,2,0.5,1.0,1.0,713.0,0.0,2.5,713.0,661.8
523877,F,True,False,usa,los angeles,LAX,53,California,8,4,4,4,0.0,1.0,0.75,562.8075,0.5,3.0,2251.23,1493.0
523938,F,True,False,usa,new york,JFK,24,New York,8,2,2,2,0.0,1.5,2.0,333.1025,0.0,3.0,1267.81,1381.0
524012,F,True,False,usa,new york,LGA,44,New York,8,4,3,4,0.0,1.0,0.6666666666666666,169.58666666666667,0.25,4.75,508.76,6876.0
524031,F,True,False,usa,denver,DEN,39,Colorado,8,4,4,3,0.25,1.25,0.75,361.505,0.0,3.3333333333333335,1735.576,1559.0
524036,F,False,False,usa,new york,LGA,34,New York,8,3,2,2,1.0,1.0,1.0,426.76,0.0,5.5,853.52,1331.2
524052,F,False,False,usa,santa ana,SNA,44,California,8,3,3,3,0.6666666666666666,1.0,0.6666666666666666,495.6166666666666,0.3333333333333333,3.0,1446.77,818.0999999999999
524080,F,False,False,usa,los angeles,LAX,38,California,10,4,4,3,0.5,1.25,0.0,452.38750000000005,0.3333333333333333,3.6666666666666665,2080.999,1606.0
524120,F,False,False,usa,honolulu,HNL,42,Hawaii,8,4,4,4,0.5,1.0,0.75,1135.84,0.25,6.0,4252.071,2857.0
524151,M,False,False,usa,new york,JFK,26,New York,8,3,2,2,0.0,1.0,1.0,93.57499999999999,1.0,2.5,187.14999999999998,1067.0
524194,F,False,False,usa,richmond,RIC,37,Virginia,8,1,1,1,0.0,1.0,0.0,392.99,1.0,2.0,392.99,110.0
524200,F,True,False,usa,new york,LGA,57,New York,8,4,4,4,0.5,1.0,0.5,118.36500000000001,0.5,3.75,473.46000000000004,4738.5
524214,F,False,False,usa,st. louis,STL,35,Missouri,8,2,1,1,0.0,1.0,0.0,188.57,0.0,4.0,188.57,1184.0
524226,F,True,True,usa,new york,LGA,48,New York,8,4,4,4,1.0,1.0,0.25,296.3275,0.0,1.75,1110.4065,1083.0
524278,M,False,True,usa,portland,PWM,35,Maine,8,2,1,2,0.0,1.0,1.0,67.26,0.5,4.5,67.26,1725.0
524318,F,False,True,usa,columbus,LCK,27,Ohio,8,0,0,0,,,,,,,,
524328,F,False,True,usa,new york,LGA,36,New York,8,2,2,2,0.5,1.0,0.5,675.4749999999999,0.0,3.5,1350.9499999999998,1469.75
524358,F,False,True,usa,houston,HOU,39,Texas,9,2,2,2,0.0,2.0,0.5,372.11,0.5,1.5,1518.0,842.0
524407,F,False,False,canada,montreal,YMX,51,Quebec,8,3,3,3,0.0,1.0,0.6666666666666666,485.2333333333333,0.3333333333333333,6.333333333333333,1455.6999999999998,2310.0
524448,F,True,True,canada,ottawa,YOW,54,Ontario,8,1,1,0,1.0,1.0,0.0,585.03,,,555.7784999999999,
524473,M,True,False,usa,santa ana,SNA,53,California,8,3,2,3,0.6666666666666666,1.0,0.5,525.53,0.0,3.3333333333333335,732.0415,3287.9
524511,F,False,False,usa,los angeles,LAX,57,California,9,3,2,3,0.3333333333333333,1.0,1.5,509.82500000000005,0.0,1.6666666666666667,1019.6500000000001,1692.0
524607,F,True,False,usa,los angeles,LAX,39,California,8,5,5,3,0.0,1.0,0.6,654.434,0.3333333333333333,2.6666666666666665,3272.17,2022.0
524615,F,True,False,usa,chicago,UGN,55,Illinois,8,3,3,3,0.0,1.0,0.3333333333333333,143.71,0.3333333333333333,2.3333333333333335,431.13,969.0
524620,F,False,False,usa,corpus christi,CRP,33,Texas,10,3,3,3,0.3333333333333333,1.0,0.0,410.03,0.0,1.6666666666666667,1230.09,883.4
524628,M,True,False,usa,los angeles,LAX,52,California,8,3,3,3,0.0,1.0,0.0,370.8533333333333,0.3333333333333333,2.3333333333333335,1112.56,860.0
524637,F,False,False,usa,new york,JFK,40,New York,8,3,3,3,0.0,1.0,1.0,357.3766666666667,0.6666666666666666,2.6666666666666665,1072.13,839.0
524644,F,False,False,canada,ottawa,YOW,36,Ontario,8,3,2,2,0.0,1.0,0.0,515.84,0.0,6.5,1031.68,7810.0
524650,F,False,False,usa,chicago,MDW,32,Illinois,9,2,2,2,0.0,1.0,0.5,62.375,0.0,2.0,124.75,958.0
524663,F,True,True,usa,new york,JFK,40,New York,8,1,1,1,0.0,1.0,0.0,775.34,1.0,4.0,775.34,128.0
524682,F,True,False,usa,birmingham,BHM,50,Alabama,8,2,2,2,0.0,1.5,1.0,415.45,0.0,2.0,988.0699999999999,1224.0
524805,F,True,True,usa,sacramento,SAC,39,California,8,3,2,3,0.3333333333333333,1.0,0.5,380.145,0.3333333333333333,1.3333333333333333,746.988,906.0
524821,F,True,True,usa,rochester,ROC,30,New York,8,1,1,0,0.0,2.0,2.0,71.44,,,142.88,
524849,F,True,True,canada,edmonton,YEG,52,Alberta,8,3,2,3,0.6666666666666666,1.0,0.5,529.595,0.3333333333333333,6.0,1059.19,2642.4
524880,F,True,True,canada,toronto,YKZ,43,Ontario,8,0,0,0,,,,,,,,
524885,F,False,False,usa,jacksonville,LRF,42,Arkansas,8,0,0,0,,,,,,,,
524913,F,True,False,canada,toronto,YTZ,23,Ontario,9,1,0,1,0.0,,,,0.0,8.0,,9816.0
524923,F,False,False,usa,winston-salem,INT,33,North Carolina,8,3,3,1,0.0,1.3333333333333333,0.3333333333333333,474.2483333333333,0.0,1.0,2083.24,138.0
524929,F,False,False,usa,st. petersburg,SPG,46,Florida,9,4,4,4,0.5,1.5,0.75,354.3233333333333,0.0,2.5,1906.7815,3009.0
525043,F,True,False,usa,houston,EFD,42,Texas,9,3,3,3,0.0,1.0,0.0,362.64333333333326,0.6666666666666666,1.3333333333333333,1087.9299999999998,570.0
525053,F,True,False,canada,calgary,YYC,51,Alberta,8,3,3,3,0.6666666666666666,1.0,0.3333333333333333,506.14000000000004,0.3333333333333333,1.3333333333333333,1434.3375,473.29999999999995
525056,F,False,False,usa,new york,LGA,40,New York,8,4,4,4,0.5,1.5,0.5,349.035,0.0,3.5,2747.32,3587.1
525089,F,True,False,usa,seattle,BFI,45,Washington,9,4,4,4,0.25,1.5,0.25,528.9762499999999,0.25,2.75,3399.2515,2394.0
525102,F,False,True,usa,st. louis,STL,39,Missouri,8,5,4,5,0.4,1.0,0.5,352.8225,0.2,9.8,1327.4479999999999,7503.6
525175,M,True,False,usa,stockton,SCK,87,California,8,1,0,1,0.0,,,,0.0,3.0,,1218.0
525234,F,False,False,usa,houston,HOU,57,Texas,8,3,2,3,1.0,1.0,0.0,459.625,0.3333333333333333,4.666666666666667,876.1980000000001,3337.35
525244,M,False,False,usa,new york,JFK,34,New York,9,2,1,2,0.5,1.0,0.0,398.97,1.0,2.5,398.97,2250.9
525265,M,True,False,usa,houston,EFD,48,Texas,9,3,3,3,0.6666666666666666,1.3333333333333333,1.3333333333333333,368.8966666666667,0.0,1.6666666666666667,1356.2440000000001,822.8000000000001
525281,F,False,False,usa,chicago,MDW,40,Illinois,8,5,5,5,0.4,1.4,0.4,210.75,1.0,3.8,1423.617,2967.0
525323,F,False,False,usa,memphis,MEM,33,Tennessee,8,2,2,2,0.0,1.0,1.0,365.97,0.0,5.0,731.94,2852.0
525332,F,False,False,canada,toronto,YKZ,33,Ontario,8,4,4,4,0.25,1.25,0.75,210.37875,0.25,4.75,913.1145,5061.0
525356,F,True,True,usa,los angeles,LAX,54,California,8,3,3,3,0.0,1.0,0.3333333333333333,674.4933333333333,0.3333333333333333,1.6666666666666667,2023.48,3271.0
525410,F,False,False,usa,san diego,NZY,34,California,8,4,4,4,0.0,1.0,0.5,151.095,0.5,1.75,604.38,916.0
525447,F,False,False,usa,tucson,DMA,57,Arizona,9,4,3,4,0.5,1.0,0.0,628.5733333333334,0.0,4.0,1885.72,2111.2
525515,F,False,True,canada,toronto,YTZ,35,Ontario,8,4,4,4,0.25,1.25,0.75,97.52,0.0,3.75,494.45,3082.5
525555,F,False,True,canada,hamilton,YHM,44,Ontario,9,2,2,2,0.0,1.0,0.5,488.76,0.0,1.5,977.52,315.0
525611,F,False,False,usa,miami,TNT,42,Florida,8,5,4,5,0.0,1.0,1.0,398.4225,0.2,5.4,1593.69,2859.0
525615,F,False,False,usa,denver,DEN,37,Colorado,8,6,5,5,0.3333333333333333,1.0,0.8,314.65,0.0,2.4,1554.75,1922.5
525631,M,False,False,usa,new york,JFK,48,New York,8,2,1,2,0.0,2.0,1.0,717.515,0.5,6.0,1435.03,1314.0
525647,F,True,True,canada,edmonton,YED,65,,8,0,0,0,,,,,,,,
525684,F,True,True,usa,miami,TNT,54,Florida,8,4,3,3,0.25,2.0,0.3333333333333333,455.04222222222216,1.0,3.0,2236.368,3408.9
525716,F,True,False,usa,oklahoma city,TIK,57,Oklahoma,8,4,3,4,0.5,1.0,1.0,339.17,0.0,6.0,994.908,3577.8
525722,F,False,False,usa,phoenix,LUF,53,Arizona,9,5,5,4,0.2,1.2,0.2,254.208,0.25,1.25,1485.302,1061.1
525734,F,False,True,usa,houston,HOU,37,Texas,8,2,1,2,0.0,1.0,1.0,231.85,0.0,4.5,231.85,1600.0
525789,F,True,False,usa,birmingham,BHM,62,Alabama,9,4,3,4,0.5,1.0,0.3333333333333333,447.58,0.0,3.25,1342.74,1956.8
525824,F,True,False,usa,detroit,YIP,41,Michigan,9,2,2,1,0.5,1.5,1.0,427.75,1.0,8.0,1315.8159999999998,4304.0
525864,F,True,True,usa,minneapolis,MSP,45,Minnesota,9,2,2,2,0.0,1.5,0.5,291.1,0.0,1.0,848.95,470.0
525879,F,False,True,usa,new york,LGA,41,New York,8,4,4,4,0.0,1.0,1.0,163.0525,0.25,3.5,652.21,2956.0
526032,F,False,True,canada,windsor,YQG,38,Ontario,8,0,0,0,,,,,,,,
526079,F,True,False,usa,salt lake city,SLC,52,Utah,8,3,3,1,0.3333333333333333,1.0,1.0,324.23,0.0,4.0,914.9770000000001,680.0
526144,F,False,True,usa,chicago,MDW,45,Illinois,8,5,5,4,0.4,1.2,0.6,314.13,0.0,3.5,1753.0635,3105.8999999999996
526179,M,False,False,usa,colorado springs,COS,43,Colorado,9,5,5,4,0.0,1.0,0.8,325.216,0.25,3.75,1626.08,2271.0
526184,F,False,False,canada,montreal,YMX,26,Quebec,8,1,0,1,1.0,,,,1.0,6.0,,2370.6
526203,F,True,True,usa,new york,LGA,35,New York,9,3,3,2,0.3333333333333333,1.0,0.6666666666666666,230.1966666666667,0.0,8.5,642.948,2147.0
526221,F,True,False,usa,oklahoma city,OKC,68,Oklahoma,8,1,1,1,1.0,1.0,1.0,378.52,0.0,8.0,321.74199999999996,1160.0
526291,F,False,False,usa,orlando,MCO,34,Florida,8,0,0,0,,,,,,,,
526303,F,True,True,usa,mobile,MOB,24,Alabama,8,2,0,2,0.0,,,,0.0,7.0,,2788.0
526308,F,True,False,canada,toronto,YYZ,47,Ontario,8,4,4,3,0.0,1.0,0.5,277.4975,0.0,4.333333333333333,1109.99,1339.0
526354,F,True,False,usa,boston,BOS,51,Massachusetts,9,4,4,4,0.25,1.25,0.25,337.72625,0.5,5.0,1594.1170000000002,5617.0
526431,F,False,False,usa,charlotte,CLT,44,North Carolina,9,5,3,5,0.2,1.3333333333333333,0.3333333333333333,400.695,0.4,6.0,1856.96,3235.0
526435,F,True,False,usa,anchorage,MRI,72,Alaska,8,0,0,0,,,,,,,,
526445,F,False,False,usa,tampa,MCF,51,Florida,9,3,2,3,0.0,1.0,0.5,260.015,0.0,1.6666666666666667,520.03,656.0
526471,M,False,False,usa,washington,IAD,44,Virginia,8,6,6,4,0.3333333333333333,1.1666666666666667,0.6666666666666666,316.00166666666667,0.0,4.0,1912.415,6155.5
526492,F,True,False,usa,dallas,DAL,47,Texas,9,5,3,4,0.6,1.0,0.3333333333333333,373.75666666666666,0.25,8.25,1076.967,5845.799999999999
526570,F,False,False,usa,seattle,BFI,55,Washington,8,4,4,3,0.25,1.5,0.5,395.63875,0.6666666666666666,2.3333333333333335,1982.26,3268.0
526628,F,True,True,canada,montreal,YHU,45,Quebec,8,5,5,4,0.2,1.2,0.8,435.191,0.25,1.75,2509.1095,2052.0
526683,F,True,False,usa,kansas city,MCI,44,Missouri,8,3,3,2,0.0,1.0,0.6666666666666666,284.96666666666664,0.5,7.0,854.9,3374.0
526727,F,True,True,usa,memphis,MEM,66,Tennessee,9,1,1,1,0.0,1.0,1.0,238.57,1.0,2.0,238.57,498.0
526729,F,False,False,usa,new york,JFK,48,New York,8,4,3,4,0.25,1.0,0.3333333333333333,296.5466666666667,0.5,4.5,818.9525,4508.0
526759,F,True,False,usa,washington,IAD,46,Virginia,8,1,1,1,1.0,2.0,1.0,104.755,0.0,3.0,199.03449999999998,1146.0
526782,F,False,False,canada,montreal,YHU,32,Quebec,8,2,2,2,0.0,1.5,0.5,153.12,0.0,2.5,518.77,1078.0
526872,F,True,False,usa,st. petersburg,SPG,73,Florida,8,1,0,1,0.0,,,,0.0,8.0,,904.0
526873,F,False,False,canada,london,YXU,44,Ontario,8,3,2,3,0.6666666666666666,1.0,1.0,445.915,0.0,4.333333333333333,891.83,2941.1
526900,F,True,False,usa,new orleans,NBG,55,Louisiana,8,3,3,2,0.6666666666666666,1.0,0.6666666666666666,292.7133333333333,0.5,1.5,878.14,253.60000000000002
526905,F,False,False,usa,chicago,UGN,56,Illinois,8,5,4,4,0.2,1.0,0.75,188.0025,0.0,4.25,752.01,2627.8
526913,F,True,True,usa,san francisco,SFO,58,California,8,5,4,4,0.2,1.0,0.5,646.4749999999999,0.25,2.5,2511.0784999999996,2057.0
526970,F,False,False,canada,ottawa,YOW,41,Ontario,8,4,2,4,0.0,1.5,0.5,273.465,0.25,3.0,897.1999999999999,1855.0
527004,F,True,False,usa,new york,LGA,48,New York,8,2,2,2,0.5,1.5,0.0,565.0325,0.5,2.5,1888.3,1111.8
527019,F,False,False,usa,dallas,DAL,22,Texas,8,2,1,2,1.0,1.0,1.0,72.66,0.0,4.0,72.66,4415.65
527038,F,True,False,canada,calgary,YYC,43,Alberta,8,4,4,2,0.5,1.25,0.75,394.57625,0.5,5.0,1727.835,2611.6
527075,M,True,True,canada,edmonton,YXD,56,,8,3,3,3,0.0,1.3333333333333333,1.0,355.95166666666665,0.0,4.0,1592.37,2362.0
527130,F,True,False,usa,los angeles,LAX,67,California,8,2,1,2,0.5,1.0,0.0,679.22,0.0,18.0,679.22,11942.4
527132,M,False,False,usa,chicago,UGN,55,Illinois,8,2,2,2,0.5,1.0,0.0,80.69,0.5,3.0,160.386,927.0
527133,F,False,False,usa,lubbock,LBB,50,Texas,9,4,3,4,0.5,1.0,1.0,375.18333333333334,0.0,3.75,1125.55,1104.4
527154,F,False,False,usa,denver,DEN,38,Colorado,8,2,2,2,0.5,1.0,1.0,384.30499999999995,0.5,3.5,742.358,2311.0
527197,M,False,False,canada,hamilton,YHM,27,Ontario,8,3,2,3,0.3333333333333333,1.5,0.5,342.98249999999996,0.0,8.0,1355.5,11710.5
527219,F,False,False,usa,long beach,LGB,27,California,8,1,1,1,0.0,1.0,1.0,591.51,1.0,3.0,591.51,891.0
527232,F,True,False,usa,houston,EFD,57,Texas,8,2,2,2,0.0,1.0,0.0,169.46499999999997,0.0,2.5,338.92999999999995,478.0
527253,F,False,False,canada,toronto,YZD,44,,8,6,5,5,0.16666666666666666,1.0,0.6,278.896,0.2,5.8,1394.48,4115.0
527326,F,True,False,usa,tacoma,TCM,59,Washington,9,3,2,2,0.3333333333333333,3.0,1.0,235.84833333333336,0.0,1.0,1289.024,820.0
527344,F,True,False,usa,memphis,MEM,60,Tennessee,10,2,1,2,0.0,1.0,0.0,252.47,0.5,2.5,252.47,1915.0
527346,F,True,False,canada,toronto,YKZ,49,Ontario,8,3,3,2,0.0,2.0,0.3333333333333333,364.23277777777776,0.5,2.0,2679.41,1159.0
527389,F,False,True,usa,boston,BOS,36,Massachusetts,8,2,0,2,0.0,,,,0.0,3.0,,696.0
527396,M,False,False,usa,austin,AUS,43,Texas,9,3,2,3,0.6666666666666666,1.0,1.0,375.28499999999997,0.0,12.666666666666666,675.513,3842.0
527406,F,False,False,usa,austin,AUS,42,Texas,8,3,3,2,0.3333333333333333,1.0,0.3333333333333333,460.9766666666667,0.5,9.5,1382.93,2429.2
527445,M,False,False,usa,los angeles,LAX,20,California,8,0,0,0,,,,,,,,
527451,F,False,False,canada,toronto,YKZ,34,Ontario,8,3,3,3,0.3333333333333333,1.0,0.6666666666666666,109.53000000000002,0.0,1.6666666666666667,328.59000000000003,930.45
527507,M,True,True,usa,san francisco,SFO,45,California,8,4,3,3,0.5,1.0,0.6666666666666666,788.1700000000001,0.3333333333333333,7.666666666666667,2364.51,2883.7
527524,F,False,False,canada,halifax,YHZ,27,Nova Scotia,8,1,0,1,0.0,,,,0.0,8.0,,3792.0
527536,F,True,False,usa,richmond,RIC,77,Virginia,8,1,1,0,1.0,2.0,1.0,85.0,,,170.0,
527541,F,True,False,canada,london,YXU,43,Ontario,9,1,0,1,0.0,,,,0.0,11.0,,550.0
527552,F,True,True,usa,portland,PDX,60,Oregon,9,1,0,1,1.0,,,,0.0,7.0,,700.0
527564,F,True,False,canada,gatineau,YND,39,Quebec,8,4,3,3,0.0,1.0,0.6666666666666666,362.66,0.6666666666666666,6.666666666666667,1087.98,4204.0
527585,F,False,False,usa,minneapolis,MSP,43,Minnesota,8,4,4,4,0.25,1.5,0.25,263.5625,0.25,2.5,1645.5895,3215.0
527605,F,False,False,canada,toronto,YKZ,36,Ontario,8,3,3,2,0.3333333333333333,1.0,0.3333333333333333,452.5,0.0,3.5,1322.932,855.0
527689,M,False,False,usa,new orleans,NBG,22,Louisiana,8,1,0,1,1.0,,,,1.0,13.0,,2000.6999999999998
527735,M,False,False,usa,new york,LGA,24,New York,8,1,1,1,1.0,1.0,1.0,729.63,1.0,2.0,729.63,559.8000000000001
527782,F,False,True,usa,memphis,MEM,43,Tennessee,8,3,2,2,0.0,1.0,0.5,508.405,0.5,4.0,1016.81,1403.0
527783,F,False,False,usa,indianapolis,IND,48,Gujarat,8,2,2,2,0.0,1.0,0.5,272.685,0.0,7.0,545.37,1763.0
527824,F,True,False,usa,new york,JFK,48,New York,8,5,5,5,0.0,1.0,0.8,369.142,0.0,1.4,1845.71,498.0
527850,M,True,True,usa,san antonio,SKF,40,Texas,8,5,3,5,0.6,1.0,0.6666666666666666,465.10999999999996,0.0,4.6,1270.28,6460.5
527886,F,True,False,usa,wichita,IAB,48,Kansas,10,3,1,3,0.3333333333333333,1.0,1.0,374.71,0.3333333333333333,11.666666666666666,374.71,4204.65
527944,M,False,False,usa,san diego,NZY,39,California,8,4,4,4,0.25,1.0,0.75,534.0925,0.5,3.25,2111.874,2238.0
527987,F,False,True,canada,hamilton,YHM,54,Ontario,9,4,4,3,0.0,1.0,0.75,177.9425,0.6666666666666666,2.3333333333333335,711.77,994.0
528105,F,False,False,usa,san jose,SJC,34,California,8,4,3,4,0.0,1.0,0.6666666666666666,646.18,0.25,3.75,1938.54,2347.0
528122,F,False,True,canada,toronto,YYZ,40,Ontario,8,5,5,5,0.4,1.2,0.6,167.547,0.4,3.0,1184.901,7155.8
528137,F,True,False,usa,sacramento,MCC,71,California,8,0,0,0,,,,,,,,
528139,F,False,True,usa,corpus christi,CRP,29,Texas,8,1,0,1,0.0,,,,1.0,9.0,,2808.0
528158,F,True,False,usa,columbus,CMH,52,Ohio,8,3,3,1,0.3333333333333333,1.0,0.3333333333333333,318.9166666666667,0.0,3.0,956.75,373.34999999999997
528164,M,True,False,usa,san francisco,SFO,49,California,8,6,5,3,0.3333333333333333,1.2,0.8,499.975,0.0,4.0,2585.69,1501.0
528186,F,False,False,usa,denver,DEN,45,Colorado,8,4,4,4,0.25,1.0,0.0,315.7175,0.25,2.0,1236.5929999999998,1395.0
528216,F,True,True,usa,houston,EFD,53,Texas,8,3,3,3,0.3333333333333333,1.0,0.6666666666666666,332.9066666666667,0.3333333333333333,2.0,998.72,630.85
528242,M,True,True,usa,indianapolis,IND,30,Gujarat,9,3,3,2,0.0,1.0,0.6666666666666666,176.35,0.5,1.5,529.05,458.0
528354,M,True,True,canada,windsor,YQG,57,Ontario,8,3,3,3,0.3333333333333333,1.0,0.6666666666666666,405.3633333333333,1.0,3.0,1216.09,786.0
528372,F,False,True,usa,san antonio,SAT,27,Texas,8,1,0,1,1.0,,,,0.0,11.0,,1881.0
528379,F,True,True,usa,new york,LGA,52,New York,8,2,2,2,0.5,1.0,1.0,562.245,0.5,1.0,1019.2365,355.0
528411,F,True,False,usa,milwaukee,MKE,46,Wisconsin,8,4,4,3,0.25,1.0,1.0,165.0875,0.3333333333333333,1.3333333333333333,635.0540000000001,1208.0
528417,F,False,False,usa,oakland,OAK,54,California,8,2,2,2,0.5,1.0,0.5,520.89,0.5,2.0,1041.78,407.2
528455,F,True,True,usa,fresno,FAT,49,California,9,3,3,3,0.3333333333333333,1.0,0.6666666666666666,592.3933333333333,0.3333333333333333,6.333333333333333,1649.5140000000001,3531.2
528500,F,False,False,usa,cincinnati,LUK,43,Ohio,8,0,0,0,,,,,,,,
528528,M,False,False,usa,charlotte,CLT,19,North Carolina,8,1,1,1,0.0,1.0,0.0,185.81,0.0,4.0,185.81,616.0
528612,F,True,True,usa,boston,BOS,41,Massachusetts,8,2,2,2,0.5,1.0,0.5,426.65000000000003,0.0,1.0,847.014,372.0
528657,F,False,False,usa,st. louis,STL,42,Missouri,8,4,4,4,0.0,1.0,0.75,295.5325,0.5,3.75,1182.13,4191.0
528683,F,True,False,usa,houston,HOU,53,Texas,9,2,1,2,0.5,1.0,0.0,274.63,0.5,8.0,274.63,3792.0
528723,F,False,True,canada,calgary,YYC,37,Alberta,8,4,3,4,0.0,1.6666666666666667,1.0,350.25333333333333,0.0,7.0,1725.48,3910.0
528744,M,False,False,usa,san francisco,SFO,50,California,8,4,3,4,0.25,1.0,0.6666666666666666,476.11666666666673,0.0,2.75,1428.3500000000001,2109.05
528777,F,True,False,usa,new york,LGA,50,New York,8,4,3,4,0.25,1.3333333333333333,0.6666666666666666,189.40333333333334,0.25,3.5,649.23,4136.0
528816,F,True,True,usa,san antonio,SAT,56,Texas,8,5,5,5,0.0,1.2,0.8,278.812,0.4,6.0,1640.69,14926.0
528826,F,False,False,usa,san francisco,SFO,33,California,8,2,2,2,0.0,1.0,0.5,286.795,0.5,1.5,573.59,430.0
528827,F,True,True,usa,st. petersburg,SPG,53,Florida,8,4,3,4,0.75,1.0,0.3333333333333333,277.2866666666667,0.25,3.5,745.7165,2027.4
528839,F,False,False,usa,baltimore,BWI,35,Maryland,8,1,1,0,1.0,1.0,0.0,53.62,,,53.62,
528844,F,False,False,usa,houston,IAH,38,Texas,9,2,2,2,0.5,1.5,1.0,391.2775,0.0,2.0,1333.4699999999998,669.75
528906,F,False,False,usa,portland,PWM,36,Maine,8,1,1,1,0.0,1.0,0.0,77.86,0.0,4.0,77.86,368.0
528929,F,False,True,usa,st. petersburg,PIE,50,Florida,8,2,2,1,0.5,1.0,0.5,536.355,0.0,2.0,1017.04,1722.0
528930,F,True,True,usa,tucson,TUS,52,Arizona,8,2,2,2,0.5,1.0,0.5,243.39,0.0,2.0,486.78,941.5
528965,F,False,False,usa,miami,MIA,33,Florida,8,2,1,2,0.0,1.0,0.0,721.67,0.0,13.5,721.67,2753.0
528995,M,True,False,usa,houston,HOU,57,Texas,8,3,3,3,0.0,1.0,0.3333333333333333,410.7133333333333,0.0,3.6666666666666665,1232.1399999999999,3421.0
529048,F,True,True,usa,portland,PDX,66,Oregon,9,1,1,1,0.0,1.0,0.0,483.46,0.0,2.0,483.46,522.0
529050,F,False,False,usa,new york,JFK,44,New York,8,2,2,2,0.0,1.0,1.0,592.595,0.0,4.0,1185.19,1178.0
529214,F,True,False,usa,tucson,DMA,66,Arizona,8,2,2,2,0.0,1.0,1.0,609.965,0.5,1.5,1219.93,361.0
529216,F,False,False,usa,new orleans,NBG,27,Louisiana,8,1,0,1,0.0,,,,0.0,12.0,,1572.0
529224,F,True,False,usa,new york,LGA,57,New York,8,7,6,5,0.0,1.0,0.8333333333333334,544.5216666666666,0.0,3.0,3267.13,3508.0
529229,F,False,False,usa,tucson,DMA,30,Arizona,9,2,2,2,0.0,1.5,0.0,449.6175,0.5,5.0,1402.52,2964.0
529231,F,False,False,usa,newark,EWR,25,New Jersey,9,2,1,2,0.5,1.0,1.0,679.34,1.0,17.0,679.34,3380.0
529237,F,True,True,usa,colorado springs,COS,47,Colorado,8,2,1,2,0.0,1.0,1.0,454.19,0.5,5.5,454.19,1825.0
529249,F,True,False,usa,dallas,DAL,53,Texas,8,3,3,2,0.3333333333333333,1.3333333333333333,0.3333333333333333,384.2816666666667,1.0,2.0,1481.3609999999999,428.0
529309,F,False,False,usa,san antonio,SKF,44,Texas,8,5,4,5,0.2,1.0,0.5,417.375,0.2,3.2,1669.5,4281.0
529362,F,False,False,usa,san antonio,SAT,40,Texas,9,4,4,4,0.25,1.0,0.0,318.93,0.5,1.75,1252.153,1001.0
529421,F,False,False,usa,sacramento,MCC,41,California,8,5,4,5,0.0,1.0,0.0,481.625,0.2,3.0,1926.5,3258.0
529488,F,True,False,usa,sacramento,SMF,47,California,9,2,2,1,0.5,2.0,0.5,1048.3125,0.0,2.0,4047.8025,180.0
529502,F,True,False,usa,new york,JFK,41,New York,8,3,3,3,0.6666666666666666,1.3333333333333333,0.3333333333333333,445.1666666666667,0.3333333333333333,2.0,1768.4289999999999,1274.8
529513,F,False,False,usa,louisville,LOU,43,Kentucky,8,5,3,4,0.2,1.0,0.3333333333333333,378.18333333333334,0.0,5.0,1129.7334999999998,3930.0
529520,M,False,True,usa,stockton,SCK,24,California,8,1,1,1,1.0,2.0,0.0,725.56,0.0,1.0,1233.4519999999998,318.0
529602,M,True,True,usa,charlotte,CLT,47,North Carolina,8,2,2,2,0.0,1.0,0.0,404.78,1.0,6.5,809.56,2667.0
529677,F,False,True,canada,montreal,YMX,24,Quebec,8,1,0,1,0.0,,,,0.0,10.0,,1730.0
529678,F,False,False,usa,houston,IAH,43,Texas,9,3,3,3,0.6666666666666666,1.6666666666666667,0.6666666666666666,438.16,0.0,2.0,2029.249,1729.25
529689,F,True,True,usa,san jose,SJC,49,California,9,4,3,3,0.5,1.0,0.3333333333333333,715.0799999999999,0.0,12.333333333333334,2000.7785,5005.0
529695,F,False,False,usa,new york,LGA,39,New York,9,5,5,4,0.0,1.4,0.4,458.928,0.0,2.75,3051.38,1157.0
529781,F,True,True,usa,lubbock,LBB,46,Texas,8,3,1,3,0.3333333333333333,1.0,1.0,86.24,0.6666666666666666,3.6666666666666665,86.24,1514.0
529783,F,False,False,usa,phoenix,PHX,24,Arizona,9,2,0,2,0.5,,,,0.5,4.5,,6300.0
529787,F,True,True,usa,dallas,DAL,51,Texas,8,4,4,3,0.25,1.0,0.75,243.375,0.0,2.0,973.5,544.0
529801,F,False,True,usa,chicago,MDW,45,Illinois,8,5,4,4,0.0,1.0,0.75,230.25750000000002,0.25,5.5,921.0300000000001,3872.0
529831,F,False,False,usa,dallas,DAL,30,Texas,8,5,4,4,0.0,1.0,0.5,299.8325,0.25,6.0,1199.33,4254.0
529840,M,False,False,usa,new york,LGA,49,New York,8,1,1,0,0.0,1.0,1.0,109.03,,,109.03,
529845,F,True,False,usa,cleveland,CLE,39,Ohio,10,2,2,2,0.0,1.0,0.0,99.16,0.0,4.0,198.32,900.0
529913,F,False,False,usa,sacramento,SAC,37,California,8,0,0,0,,,,,,,,
529940,F,True,True,usa,nashville,BNA,68,Tennessee,9,3,2,2,0.0,1.0,1.0,163.4,0.5,2.5,326.8,973.0
530004,M,False,False,usa,cincinnati,CVG,45,Kentucky,8,2,2,1,0.5,1.0,0.5,272.28,0.0,6.0,515.564,1572.0
530090,F,False,True,usa,bakersfield,BFL,45,California,9,3,3,3,0.3333333333333333,1.0,0.6666666666666666,296.30333333333334,0.6666666666666666,1.6666666666666667,888.91,1327.4
530196,F,False,False,usa,detroit,DTW,20,Michigan,8,2,0,2,0.0,,,,0.5,3.5,,3176.0
530199,F,True,False,usa,burlington,BTV,48,Vermont,8,2,1,2,0.0,2.0,1.0,41.27,0.0,8.5,82.54,3078.0
530213,F,True,False,usa,houston,HOU,51,Texas,9,3,3,3,0.0,1.0,0.6666666666666666,265.21999999999997,1.0,2.3333333333333335,795.66,719.0
530383,F,False,False,usa,oakland,OAK,33,California,8,3,3,2,0.0,1.0,0.6666666666666666,395.20666666666665,0.0,2.5,1185.62,529.0
530421,M,True,False,usa,detroit,DET,49,Michigan,9,4,4,4,0.25,1.25,0.25,311.635,0.25,3.5,1304.664,2485.0
530453,F,False,False,usa,montgomery,MXF,20,Alabama,9,0,0,0,,,,,,,,
530463,F,False,False,usa,seattle,SEA,41,Washington,8,6,6,5,0.5,1.6666666666666667,0.16666666666666666,406.44305555555553,0.2,2.0,3591.577,3913.3
530468,F,True,True,usa,tampa,MCF,40,Florida,8,4,4,4,0.0,1.5,0.25,450.255,0.25,1.75,2076.1400000000003,2354.0
530563,M,True,True,usa,phoenix,LUF,49,Arizona,8,4,4,4,0.5,1.75,1.0,428.53562500000004,0.25,3.0,2728.799,2430.8
530579,F,True,False,usa,bakersfield,BFL,54,California,9,4,4,4,0.25,2.0,0.25,420.9708333333333,0.75,1.75,3593.1899999999996,1407.8
530581,M,True,True,usa,san diego,NZY,20,California,8,1,0,1,0.0,,,,1.0,10.0,,1760.0
530599,F,False,False,usa,dallas,DAL,27,Texas,8,1,0,1,0.0,,,,0.0,8.0,,1640.0
530625,F,False,True,usa,reno,RNO,46,Nevada,8,2,2,2,0.0,1.0,0.5,262.89,0.5,4.5,525.78,1363.0
530627,F,False,False,usa,shreveport,SHV,42,Louisiana,8,3,3,2,0.3333333333333333,1.0,0.6666666666666666,302.0733333333333,0.0,2.5,906.22,1081.6
530645,F,False,False,usa,new york,JFK,39,New York,8,6,6,6,0.16666666666666666,1.3333333333333333,0.3333333333333333,352.1233333333334,0.6666666666666666,1.3333333333333333,2299.88,821.8
530649,F,True,False,canada,halifax,YAW,52,,9,4,3,4,0.5,1.6666666666666667,1.0,369.14000000000004,0.0,4.0,1867.05,1799.4
530656,F,True,False,usa,san francisco,SFO,44,California,8,2,2,2,0.0,1.0,0.0,416.57000000000005,0.0,2.0,833.1400000000001,562.0
530665,F,False,False,usa,jacksonville,LRF,40,Arkansas,8,3,3,3,0.0,1.0,0.6666666666666666,278.0333333333333,0.6666666666666666,4.0,834.0999999999999,1192.0
530724,F,False,False,canada,edmonton,YED,42,,10,7,7,6,0.2857142857142857,1.0,0.42857142857142855,419.5214285714286,0.5,2.6666666666666665,2936.65,1881.7
530739,F,False,False,usa,houston,HOU,27,Texas,9,1,1,1,0.0,1.0,1.0,356.93,0.0,7.0,356.93,798.0
530743,F,False,False,usa,birmingham,BHM,58,Alabama,8,3,3,2,0.3333333333333333,1.3333333333333333,1.0,234.74166666666667,0.5,1.5,782.754,936.0
530754,F,False,True,usa,seattle,BFI,39,Washington,9,5,4,4,0.2,1.0,0.75,586.44,0.25,4.5,2298.785,2937.0
530797,F,False,False,usa,indianapolis,IND,27,Gujarat,8,2,2,2,0.0,1.0,0.0,370.47,0.0,1.5,740.94,345.0
530811,F,False,True,canada,toronto,YTZ,20,Ontario,8,3,1,2,0.3333333333333333,2.0,1.0,1132.08,0.0,4.5,2264.16,1195.0
530906,F,True,False,usa,tacoma,TCM,53,Washington,8,1,1,1,1.0,1.0,1.0,611.65,1.0,2.0,611.65,551.0
530949,F,True,False,usa,amarillo,AMA,41,Texas,8,2,2,2,0.0,2.0,0.5,199.07333333333332,0.5,7.0,860.96,7458.0
530950,F,False,False,canada,victoria,YYJ,41,British Columbia,8,4,3,3,0.25,1.0,0.6666666666666666,518.4766666666667,0.3333333333333333,5.666666666666667,1555.43,3835.0
531006,M,False,True,usa,new york,JFK,42,New York,9,2,2,2,0.5,1.0,0.0,434.265,0.0,5.5,812.744,1450.0
531009,M,True,False,usa,san jose,SJC,54,California,8,5,4,5,0.0,1.25,0.5,571.905,0.4,5.6,2943.49,3582.0
531016,M,False,False,usa,new york,JFK,42,New York,8,6,4,6,0.3333333333333333,1.0,0.5,282.1275,0.3333333333333333,4.5,1116.274,5378.0
531020,M,False,False,usa,los angeles,LAX,50,California,8,5,5,5,0.2,1.2,0.6,416.514,0.0,1.2,1996.762,2534.0
531094,F,False,False,usa,columbus,LCK,31,Ohio,8,3,3,3,0.6666666666666666,2.0,1.0,278.3141666666667,0.3333333333333333,2.6666666666666665,937.7675000000002,2445.6
531109,F,True,True,usa,san francisco,SFO,51,California,8,4,4,4,0.5,1.0,1.0,240.4775,0.0,1.25,961.4565,511.6
531143,F,True,False,usa,miami,MIA,50,Florida,8,4,4,4,0.25,1.5,0.5,455.9975,0.75,2.75,2847.4970000000003,2002.0
531198,F,False,False,usa,dallas,DAL,27,Texas,9,2,1,2,0.0,1.0,0.0,322.45,0.0,6.0,322.45,2084.0
531204,M,True,False,canada,calgary,YYC,44,Alberta,8,3,2,3,0.3333333333333333,1.0,0.5,316.61,0.0,5.0,577.174,3032.0
531217,F,True,True,canada,toronto,YKZ,54,Ontario,8,4,4,3,0.25,1.0,0.0,345.34999999999997,1.0,1.0,1366.4824999999998,531.0
531322,F,False,True,canada,hamilton,YHM,40,Ontario,9,4,3,4,0.5,1.0,0.3333333333333333,365.3866666666667,0.5,2.0,1047.463,1964.1
531339,F,True,False,usa,madison,MSN,45,Wisconsin,9,1,1,0,0.0,1.0,1.0,392.93,,,392.93,
531344,F,False,False,usa,anchorage,MRI,50,Alaska,8,2,2,2,0.0,1.0,0.5,875.255,0.5,6.0,1750.51,1284.0
531361,F,False,True,usa,montgomery,MXF,34,Alabama,8,2,2,1,0.0,1.5,0.5,958.19,0.0,4.0,3621.85,696.0
531373,F,False,True,usa,riverside,RIV,53,California,9,3,2,3,0.0,1.0,0.5,473.58500000000004,0.3333333333333333,5.0,947.1700000000001,1683.0
531386,F,True,False,canada,calgary,YYC,54,Alberta,8,6,5,6,0.0,1.0,0.4,507.47799999999995,0.16666666666666666,4.0,2537.39,3976.0
531427,F,True,False,usa,new york,JFK,56,New York,8,3,3,3,0.0,1.0,0.3333333333333333,499.4666666666667,0.0,2.0,1498.4,1261.0
531431,F,True,False,usa,san antonio,SAT,54,Texas,8,6,6,5,0.3333333333333333,2.0,0.5,411.68777777777774,0.0,3.0,4534.821,5430.8
531471,F,True,False,usa,new york,JFK,48,New York,9,4,4,3,0.0,1.5,1.25,324.14833333333337,0.0,2.6666666666666665,1648.6,1266.0
531499,F,True,False,usa,new york,LGA,40,New York,8,3,3,3,0.0,1.3333333333333333,0.6666666666666666,340.4533333333333,0.6666666666666666,4.0,1196.18,3772.0
531511,F,False,False,usa,tulsa,TUL,47,Oklahoma,9,3,3,3,0.0,1.0,0.6666666666666666,232.38,0.3333333333333333,3.0,697.14,1608.0
531512,F,False,False,usa,minneapolis,MSP,41,Minnesota,8,1,1,1,0.0,1.0,0.0,275.27,0.0,4.0,275.27,1152.0
531557,F,True,False,canada,winnipeg,YAV,51,,8,6,6,6,0.5,1.1666666666666667,0.8333333333333334,312.6325,0.16666666666666666,3.1666666666666665,2058.3785,5463.2
531562,F,False,True,usa,baton rouge,BTR,25,Louisiana,8,2,0,2,0.0,,,,0.5,2.5,,1292.0
531620,F,True,False,usa,new york,LGA,73,New York,8,0,0,0,,,,,,,,
531625,F,True,False,canada,ottawa,YOW,36,Ontario,8,2,1,2,0.5,1.0,0.0,294.9,0.0,4.0,294.9,1034.1999999999998
531650,F,False,False,canada,calgary,YYC,37,Alberta,8,3,2,2,0.0,1.0,0.5,491.885,0.5,2.0,983.77,720.0
531663,F,False,True,usa,birmingham,BHM,50,Alabama,9,2,2,2,0.5,1.0,0.5,176.22000000000003,0.0,1.5,349.81050000000005,269.0
531682,F,False,True,usa,las vegas,LSV,24,Nevada,8,0,0,0,,,,,,,,
531771,F,True,True,usa,austin,AUS,54,Texas,8,3,3,3,1.0,2.0,0.3333333333333333,393.805,0.0,1.0,1644.5815,1640.55
531789,F,True,False,usa,san francisco,SFO,43,California,8,3,3,2,0.3333333333333333,1.0,0.6666666666666666,559.3833333333333,0.0,4.0,1678.15,1646.0
531824,F,False,False,usa,denver,DEN,34,Colorado,9,4,4,4,0.0,1.25,0.75,353.12125000000003,0.25,1.25,1819.24,1048.0
531844,F,False,True,usa,columbus,LCK,29,Ohio,8,1,1,1,0.0,1.0,0.0,82.04,0.0,3.0,82.04,2313.0
531847,F,True,False,usa,miami,OPF,68,Florida,8,2,2,2,0.0,1.0,1.0,301.525,0.0,3.5,603.05,1436.0
531868,F,True,True,canada,toronto,YTZ,61,Ontario,8,3,3,3,0.3333333333333333,1.3333333333333333,0.3333333333333333,413.5783333333333,0.3333333333333333,1.3333333333333333,1664.779,969.0
531884,F,True,True,usa,chicago,UGN,53,Illinois,8,4,3,4,0.25,1.0,0.3333333333333333,340.1933333333333,0.5,8.5,980.524,7061.0
531967,F,False,False,usa,st. louis,STL,25,Missouri,8,0,0,0,,,,,,,,
531987,F,False,False,usa,san antonio,SKF,38,Texas,9,2,2,1,0.5,1.0,0.5,350.105,1.0,3.0,700.21,636.0
531989,F,False,True,usa,san francisco,SFO,57,California,8,3,2,3,0.3333333333333333,2.0,0.5,695.02,0.0,5.0,2632.852,1992.0
532064,F,False,True,usa,san diego,SAN,28,California,8,0,0,0,,,,,,,,
532073,F,False,False,usa,atlanta,ATL,42,Georgia,9,5,5,3,0.2,1.0,0.6,207.02800000000002,0.6666666666666666,3.0,993.152,1889.0
532106,F,True,True,usa,new york,LGA,47,New York,8,4,3,4,0.0,1.0,0.6666666666666666,653.21,0.0,2.5,1959.63,1952.0
532159,F,False,False,usa,san antonio,RND,24,Texas,8,2,1,2,0.5,1.0,0.0,509.22,0.5,3.0,509.22,1477.0
532225,F,True,False,usa,new york,JFK,57,New York,8,3,3,3,0.0,1.0,1.0,362.9866666666667,0.0,1.3333333333333333,1088.96,715.0
532233,M,True,False,usa,washington,DCA,46,Virginia,9,4,3,2,0.0,2.6666666666666665,0.6666666666666666,316.39888888888885,0.0,3.0,3231.5699999999997,1911.0
532329,F,False,True,usa,newark,EWR,22,New Jersey,8,2,1,2,0.0,1.0,0.0,216.97,0.0,15.5,216.97,6993.0
532347,F,False,False,usa,philadelphia,PNE,33,Pennsylvania,8,3,3,3,0.0,1.0,1.0,404.2366666666667,0.0,1.3333333333333333,1212.71,485.0
532365,M,True,False,usa,omaha,OFF,52,Nebraska,8,1,1,1,0.0,3.0,1.0,154.11333333333332,1.0,5.0,462.34,1950.0
532381,F,False,False,usa,omaha,OMA,54,Iowa,9,3,3,3,0.3333333333333333,1.3333333333333333,1.0,275.8333333333333,1.0,1.3333333333333333,900.7925,583.0
532388,F,True,False,usa,wichita,IAB,59,Kansas,8,2,1,2,1.0,1.0,0.0,171.01,0.5,4.5,171.01,2149.6
532426,F,False,False,usa,salt lake city,SLC,31,Utah,10,1,1,1,0.0,1.0,0.0,1610.23,0.0,15.0,1610.23,9015.0
532535,F,False,False,usa,los angeles,LAX,44,California,8,3,2,3,0.3333333333333333,1.0,0.5,188.21,0.0,5.666666666666667,376.42,4527.5
532544,F,False,False,usa,newark,EWR,28,New Jersey,8,0,0,0,,,,,,,,
532568,F,False,False,canada,calgary,YYC,55,Alberta,8,3,1,3,0.3333333333333333,1.0,0.0,380.84,0.3333333333333333,3.0,380.84,1318.8
532607,F,False,False,usa,providence,PVD,33,Rhode Island,9,4,4,3,0.25,1.25,1.0,264.26875,0.6666666666666666,2.0,1101.5140000000001,729.0
532623,F,False,True,usa,montgomery,MXF,53,Alabama,8,2,2,2,0.0,1.0,0.5,237.885,0.0,1.0,475.77,310.0
532627,M,False,True,usa,columbus,LCK,23,Ohio,8,0,0,0,,,,,,,,
532637,M,False,False,usa,madison,MSN,25,Wisconsin,8,2,0,2,0.5,,,,0.0,7.0,,2946.0
532650,F,False,False,usa,portland,PWM,42,Maine,8,5,4,4,0.2,1.0,0.5,254.60250000000002,0.25,4.25,1018.4100000000001,3480.0
532721,F,False,False,usa,spokane,SKA,50,Washington,8,3,2,3,0.0,1.5,0.5,227.865,0.6666666666666666,3.0,517.02,818.0
532742,F,False,False,usa,new york,JFK,44,New York,8,3,3,3,0.3333333333333333,1.0,0.3333333333333333,423.07666666666665,0.3333333333333333,2.3333333333333335,1259.566,836.0
532750,F,False,False,canada,london,YXU,33,Ontario,8,2,2,1,0.5,1.5,0.5,285.7925,0.0,2.0,1029.0325,732.0
532774,F,True,False,usa,atlanta,ATL,60,Georgia,8,0,0,0,,,,,,,,
532810,F,True,False,usa,san antonio,SAT,53,Texas,8,3,3,3,0.0,1.3333333333333333,0.6666666666666666,394.42333333333335,0.6666666666666666,4.0,1677.9199999999998,4136.0
532823,F,False,False,usa,tulsa,TUL,38,Oklahoma,9,4,3,3,0.25,1.0,0.6666666666666666,356.9533333333334,0.6666666666666666,3.0,1032.263,1234.0
532863,M,False,False,usa,phoenix,LUF,57,Arizona,8,4,3,4,0.75,1.0,0.0,315.24666666666667,0.25,5.5,898.5995,3621.95
532901,F,False,False,usa,oklahoma city,OKC,27,Oklahoma,8,1,1,1,0.0,1.0,1.0,119.44,1.0,1.0,119.44,123.0
532912,F,True,False,usa,new york,JFK,46,New York,8,4,4,3,0.75,1.5,1.0,470.71500000000003,0.0,5.0,2734.4624999999996,2344.0
532941,F,False,False,canada,toronto,YZD,33,,8,3,2,3,0.0,1.0,0.5,371.225,0.3333333333333333,4.666666666666667,742.45,2248.0
532989,F,True,True,usa,seattle,BFI,54,Washington,9,5,4,5,0.0,1.0,0.5,568.7,0.0,2.8,2274.8,2716.0
533093,F,False,False,usa,new york,JFK,23,New York,9,2,1,2,0.0,1.0,1.0,648.69,0.0,3.0,648.69,742.0
533155,F,True,False,usa,los angeles,LAX,50,California,8,3,3,3,0.6666666666666666,1.3333333333333333,1.0,655.7966666666667,0.0,1.6666666666666667,2327.6730000000002,2799.6
533199,F,False,False,usa,new york,LGA,29,New York,10,3,3,3,0.3333333333333333,1.0,0.3333333333333333,313.81333333333333,0.0,1.3333333333333333,933.65,972.0
533248,F,True,True,usa,los angeles,LAX,47,California,8,3,3,3,0.3333333333333333,1.3333333333333333,1.0,681.465,0.0,2.3333333333333335,2661.6059999999998,1284.0
533251,F,True,True,usa,detroit,DET,48,Michigan,8,2,2,2,0.0,1.0,0.5,322.515,0.5,2.0,645.03,1624.0
533388,F,True,True,usa,wichita,ICT,54,Kansas,8,1,1,1,0.0,4.0,3.0,291.61,1.0,11.0,1166.44,2442.0
533396,F,True,False,usa,austin,AUS,52,Texas,8,5,5,5,0.4,1.0,0.6,322.924,0.2,2.8,1564.734,3819.2
533449,F,False,False,usa,new york,JFK,20,New York,9,1,1,1,0.0,1.0,1.0,814.84,0.0,1.0,814.84,151.0
533492,F,True,True,usa,chicago,MDW,48,Illinois,8,3,3,2,0.6666666666666666,2.3333333333333335,1.6666666666666667,1087.2520000000002,0.5,2.0,10955.364,732.0
533537,F,False,False,canada,montreal,YMX,36,Quebec,9,3,2,2,0.6666666666666666,1.0,0.0,449.31,0.5,9.5,669.6185,4369.200000000001
533573,F,False,False,canada,windsor,YQG,47,Ontario,8,2,2,1,0.5,1.0,1.0,156.38,1.0,1.0,302.009,93.0
533575,F,False,True,usa,indianapolis,IND,38,Gujarat,8,4,4,4,0.25,1.0,0.75,161.53,0.0,2.5,613.812,1203.0
533598,F,False,False,usa,milwaukee,MKE,45,Wisconsin,8,3,3,3,0.6666666666666666,1.0,0.0,155.65666666666667,0.3333333333333333,6.333333333333333,432.8885,2827.2
533613,F,True,True,usa,oklahoma city,TIK,49,Oklahoma,9,3,3,3,0.3333333333333333,1.0,0.3333333333333333,298.91,0.3333333333333333,2.6666666666666665,896.73,1633.2
533656,M,False,False,usa,boston,BOS,40,Massachusetts,8,2,2,1,1.0,2.0,1.0,269.265,0.0,6.0,1052.0625,1219.8
533716,F,False,False,usa,tampa,TPA,51,Florida,8,3,3,1,0.6666666666666666,1.0,0.6666666666666666,378.06,0.0,4.0,1134.18,463.59999999999997
533742,M,True,True,usa,el paso,BIF,35,Texas,8,3,3,2,0.6666666666666666,1.0,0.6666666666666666,341.49666666666667,0.0,1.0,1000.29,170.0
533755,F,False,False,canada,toronto,YTZ,23,Ontario,8,0,0,0,,,,,,,,
533773,F,False,False,canada,calgary,YYC,33,Alberta,8,4,3,3,0.25,1.3333333333333333,0.6666666666666666,417.1383333333333,0.6666666666666666,6.0,1327.665,4340.0
533782,F,True,False,usa,honolulu,HNL,55,Hawaii,8,3,2,3,0.0,1.0,1.0,924.1199999999999,0.3333333333333333,4.333333333333333,1848.2399999999998,2024.0
533809,F,True,True,usa,milwaukee,MKE,40,Wisconsin,10,2,2,2,0.0,1.5,0.5,383.15,0.5,2.0,979.25,505.0
533895,F,False,False,usa,houston,IAH,34,Texas,8,2,2,1,0.0,1.0,0.0,259.47,1.0,1.0,518.94,238.0
533975,F,False,True,usa,sacramento,SAC,39,California,8,3,0,3,1.0,,,,0.6666666666666666,5.0,,4128.7
533990,F,False,True,canada,windsor,YQG,52,Ontario,8,5,4,4,0.4,1.25,0.25,241.255,0.75,4.75,1403.0549999999998,4048.0
534040,F,True,True,usa,chicago,ORD,57,Illinois,8,2,1,2,0.0,1.0,0.0,249.08,0.0,11.0,249.08,4864.0
534066,F,True,True,usa,new york,JFK,45,New York,8,5,5,4,0.4,1.0,0.4,319.39199999999994,0.25,2.0,1487.774,625.8
534088,M,False,True,usa,kansas city,MCI,29,Missouri,8,3,2,2,0.3333333333333333,1.0,0.5,235.195,0.0,3.5,452.71049999999997,1659.0
534105,F,False,False,usa,tucson,TUS,53,Arizona,8,6,6,5,0.16666666666666666,1.1666666666666667,0.3333333333333333,375.8675,0.2,5.6,2561.9835,3158.6
534246,F,True,False,usa,houston,HOU,40,Texas,8,2,1,2,0.0,1.0,0.0,49.97,0.0,6.0,49.97,1489.0
534295,F,False,False,usa,new york,JFK,51,New York,9,3,3,3,0.3333333333333333,2.0,0.6666666666666666,567.6091666666666,0.0,5.0,4037.645,3382.0
534333,F,False,True,usa,houston,IAH,52,Texas,9,2,2,2,0.0,1.5,0.0,306.57,0.5,2.5,954.5,1400.0
534378,F,True,True,usa,los angeles,LAX,62,California,8,1,1,1,0.0,1.0,1.0,730.57,0.0,1.0,730.57,83.0
534380,M,False,True,canada,saskatoon,YXE,40,Saskatchewan,8,3,3,3,0.6666666666666666,1.3333333333333333,0.3333333333333333,718.4583333333334,0.0,6.0,3201.3465,1733.0
534391,F,True,False,canada,victoria,YYJ,52,British Columbia,8,3,3,3,0.6666666666666666,1.0,0.6666666666666666,360.8566666666666,0.3333333333333333,3.6666666666666665,964.1055,2179.0
534499,F,True,True,usa,madison,MSN,34,Wisconsin,8,1,0,1,0.0,,,,0.0,2.0,,136.0
534564,F,True,False,usa,miami,MIA,52,Florida,9,1,1,1,0.0,1.0,0.0,326.33,0.0,1.0,326.33,176.0
534594,F,True,False,canada,windsor,YQG,46,Ontario,8,2,1,2,0.0,1.0,0.0,147.43,0.5,15.5,147.43,28114.0
534697,F,True,False,usa,omaha,OMA,51,Iowa,9,2,1,2,0.5,1.0,0.0,355.15,0.0,4.5,284.12,1147.0
534742,F,False,False,usa,dallas,DAL,73,Texas,8,2,1,2,0.5,1.0,0.0,354.66,0.0,2.5,354.66,616.0
534798,F,False,False,usa,lubbock,LBB,31,Texas,8,3,3,3,0.6666666666666666,1.0,0.0,273.8666666666667,0.3333333333333333,1.3333333333333333,766.914,353.9
534842,F,True,False,usa,tulsa,TUL,48,Oklahoma,8,2,2,2,0.5,1.0,0.0,123.035,1.0,1.0,226.942,321.0
534858,F,True,True,usa,new york,LGA,56,New York,8,3,3,3,0.0,1.0,1.0,304.08,0.6666666666666666,2.0,912.24,2482.0
534895,M,False,True,canada,winnipeg,YWG,35,Manitoba,8,2,2,2,0.5,1.0,0.5,362.515,0.0,3.0,708.1085,906.0
534903,F,False,True,usa,nashville,BNA,53,Tennessee,9,3,3,3,0.0,2.3333333333333335,0.6666666666666666,187.85916666666665,0.0,2.0,1521.0800000000002,3298.0
534939,F,False,False,usa,washington,IAD,46,Virginia,8,3,2,3,0.0,1.0,0.0,667.24,0.0,5.666666666666667,1334.48,4581.0
534948,F,True,False,usa,colorado springs,COS,42,Colorado,8,4,1,4,0.25,2.0,1.0,455.93,0.5,5.75,911.86,2658.6
534971,F,False,False,canada,toronto,YTZ,36,Ontario,8,2,2,2,1.0,1.0,0.5,172.255,0.5,1.5,281.82,374.55
534986,M,False,False,usa,oakland,OAK,63,California,8,4,4,4,0.25,1.25,0.75,521.175,0.0,5.0,2755.85,2263.1
535047,F,False,True,usa,rochester,ROC,49,New York,8,4,4,4,0.25,1.25,0.5,274.99,0.0,3.5,1520.36,2625.6000000000004
535060,F,False,False,usa,los angeles,LAX,37,California,8,4,4,4,0.25,1.0,0.5,304.115,0.5,1.0,1198.9270000000001,1035.0
535081,F,True,False,usa,knoxville,TYS,41,Tennessee,8,4,2,4,0.5,1.0,1.0,204.13,0.25,4.5,408.26,4516.8
535136,M,False,False,usa,new york,JFK,29,New York,8,3,3,3,0.3333333333333333,1.0,0.3333333333333333,335.25,0.3333333333333333,2.6666666666666665,935.191,1220.0
535149,F,False,True,usa,baton rouge,BTR,58,Louisiana,8,1,1,1,1.0,1.0,2.0,272.85,0.0,2.0,272.85,207.4
535155,F,True,False,usa,nashville,BNA,56,Tennessee,8,1,1,1,0.0,1.0,1.0,595.66,1.0,1.0,595.66,144.0
535177,F,False,False,canada,toronto,YYZ,41,Ontario,8,2,2,2,1.0,1.5,1.0,321.875,1.0,4.5,946.939,3705.2000000000003
535189,M,True,True,usa,memphis,MEM,51,Tennessee,8,2,2,2,0.0,1.5,0.5,175.4225,0.0,1.5,553.81,1016.0
535365,F,False,True,usa,los angeles,LAX,32,California,8,2,2,2,0.0,1.0,0.5,123.98,0.5,3.0,247.96,594.0
535447,F,True,False,canada,ottawa,YOW,54,Ontario,9,5,5,5,0.4,1.4,1.2,319.552,0.6,2.2,1573.3149999999998,5550.0
535495,F,True,True,usa,corpus christi,CRP,45,Texas,8,3,2,3,0.0,1.0,1.0,474.73,0.6666666666666666,2.6666666666666665,949.46,2352.0
535497,F,False,True,usa,chicago,MDW,37,Illinois,8,0,0,0,,,,,,,,
535600,F,False,False,usa,los angeles,LAX,39,California,8,3,2,2,0.0,1.0,0.0,189.89499999999998,0.0,6.0,379.78999999999996,3236.0
535637,F,False,False,canada,calgary,YYC,34,Alberta,8,3,1,3,0.0,1.0,0.0,539.85,0.0,3.6666666666666665,539.85,939.0
535644,F,True,False,usa,nashville,BNA,50,Tennessee,10,4,4,4,0.25,1.0,0.25,270.9125,0.0,2.5,1083.65,1735.2
535682,F,False,False,usa,los angeles,LAX,21,California,8,0,0,0,,,,,,,,
535686,F,True,False,canada,windsor,YQG,60,Ontario,9,3,3,3,0.3333333333333333,1.6666666666666667,0.6666666666666666,167.99666666666667,0.0,1.6666666666666667,741.242,1824.0
535701,F,False,False,usa,san jose,SJC,41,California,8,1,1,1,0.0,2.0,0.0,814.62,1.0,1.0,1629.24,1082.0
535702,F,True,True,usa,new york,LGA,44,New York,8,5,5,5,0.0,1.0,0.6,392.714,0.6,3.8,1963.57,9929.0
535734,F,False,False,usa,stockton,SCK,43,California,8,2,2,2,0.0,1.0,0.0,437.6,0.0,1.5,875.2,394.0
535747,F,False,False,usa,new york,JFK,29,New York,8,2,1,2,0.5,1.0,0.0,98.16,0.5,8.5,98.16,3310.1
535878,F,False,False,usa,phoenix,LUF,55,Arizona,10,4,3,4,0.25,1.3333333333333333,1.0,572.6983333333334,0.5,7.25,2184.209,7311.0
535879,F,True,True,usa,new york,LGA,41,New York,8,5,4,5,0.2,1.0,0.5,417.8125,0.2,3.6,1671.25,6884.7
535905,F,False,False,usa,new york,JFK,35,New York,8,1,1,1,0.0,1.0,1.0,615.87,1.0,3.0,615.87,1065.0
535906,F,False,False,usa,new york,JFK,37,New York,8,5,3,5,0.6,1.0,0.3333333333333333,309.58,0.2,5.0,866.807,4873.0
535994,F,False,True,usa,chicago,MDW,28,Illinois,8,1,0,1,1.0,,,,0.0,11.0,,1619.75
536039,F,False,True,usa,norfolk,NGU,38,Virginia,8,5,3,3,0.2,1.6666666666666667,0.3333333333333333,425.1133333333333,0.0,6.333333333333333,2490.9145,10686.0
536050,F,False,False,canada,toronto,YYZ,32,Ontario,8,3,3,3,0.3333333333333333,1.0,1.3333333333333333,317.66,0.3333333333333333,1.6666666666666667,952.98,1142.3
536058,F,True,False,usa,philadelphia,PNE,46,Pennsylvania,8,2,1,2,0.5,1.0,1.0,410.74,0.5,5.5,410.74,6372.6
536099,F,False,True,usa,columbus,CMH,37,Ohio,8,4,2,4,0.25,1.5,0.0,108.5875,0.25,5.25,359.51,3264.0
536170,F,True,False,canada,calgary,YYC,70,Alberta,9,0,0,0,,,,,,,,
536241,F,True,True,usa,philadelphia,PHL,52,Pennsylvania,8,2,2,1,1.0,2.0,0.5,674.22,0.0,4.0,2326.5,1056.0
536275,F,True,True,usa,jacksonville,LRF,48,Arkansas,8,1,1,1,1.0,1.0,0.0,78.73,0.0,2.0,70.857,326.0
536278,F,True,False,usa,tucson,DMA,41,Arizona,9,3,2,3,0.0,2.5,0.5,400.65666666666664,0.6666666666666666,8.0,2195.78,3960.0
536343,M,False,False,usa,lubbock,LBB,41,Texas,8,2,2,1,0.0,2.5,0.5,210.02749999999997,0.0,3.0,1444.4199999999998,1644.0
536431,F,True,False,usa,baltimore,BWI,46,Maryland,8,5,4,5,0.2,1.0,0.75,117.91,0.6,5.8,466.4075,6896.0
536490,F,False,False,usa,boston,BOS,34,Massachusetts,8,3,3,3,0.3333333333333333,1.0,0.6666666666666666,329.66,0.0,2.0,929.2099999999999,2139.0
536532,F,True,True,usa,kansas city,MCI,50,Missouri,8,3,2,3,0.0,1.0,1.0,341.87,0.3333333333333333,6.0,683.74,1749.0
536566,F,False,False,usa,phoenix,PHX,54,Arizona,8,2,2,2,0.0,1.0,0.5,431.70000000000005,0.0,2.5,863.4000000000001,451.0
536641,F,False,False,usa,washington,DCA,51,Virginia,8,5,5,5,0.2,1.0,0.4,366.9,0.4,1.4,1784.156,1340.0
536652,F,False,False,usa,oakland,OAK,29,California,8,4,3,4,0.0,1.0,0.0,146.69333333333336,0.25,4.5,440.08000000000004,2131.0
536658,F,True,False,usa,new york,LGA,57,New York,8,2,2,1,0.5,1.0,0.5,456.58000000000004,1.0,2.0,767.1220000000001,708.0
536659,F,False,False,usa,indianapolis,IND,50,Gujarat,8,6,6,6,0.16666666666666666,1.5,0.6666666666666666,111.42888888888888,0.16666666666666666,4.833333333333333,1006.75,5493.4
536675,F,False,False,usa,minneapolis,MSP,31,Minnesota,8,3,3,2,0.3333333333333333,1.0,0.6666666666666666,276.24333333333334,0.0,1.5,791.2225000000001,555.0
536691,M,False,False,usa,new york,LGA,42,New York,8,5,5,2,0.6,1.4,0.6,495.11533333333335,1.0,5.0,3414.8005,2040.0
536695,F,True,False,canada,toronto,YZD,43,,8,6,6,5,0.16666666666666666,1.0,0.5,321.7666666666667,0.6,2.4,1930.6000000000001,2667.0
536791,F,False,False,usa,honolulu,HNL,42,Hawaii,8,3,3,3,0.3333333333333333,1.0,0.3333333333333333,838.8466666666667,0.0,1.6666666666666667,2413.2455,864.0
536810,F,False,False,usa,jacksonville,NCA,43,Turks and Caicos Islands,9,4,4,4,0.0,1.25,0.75,226.75375,0.25,4.0,1128.93,2954.0
536876,F,False,False,usa,minneapolis,MSP,32,Minnesota,8,1,1,1,0.0,1.0,1.0,190.69,0.0,1.0,190.69,224.0
536893,F,True,False,usa,dallas,DAL,68,Texas,8,2,1,2,0.0,1.0,0.0,69.52,0.5,4.0,69.52,1440.0
537066,F,False,False,usa,chicago,UGN,41,Illinois,8,6,5,4,0.16666666666666666,1.0,0.2,333.04,0.5,3.25,1665.2,1467.6
537098,M,True,False,usa,denver,DEN,47,Colorado,8,1,1,1,1.0,2.0,1.0,482.165,0.0,1.0,771.464,254.0
537177,M,True,True,canada,edmonton,YED,59,,9,1,1,0,1.0,1.0,0.0,562.18,,,534.0709999999999,
537181,F,False,True,usa,los angeles,LAX,47,California,8,5,4,5,0.2,1.25,0.75,543.24125,0.4,3.4,2842.26,3704.95
537317,F,False,True,canada,winnipeg,YAV,35,,8,4,3,4,0.0,1.6666666666666667,0.3333333333333333,390.34833333333336,0.25,5.75,1889.02,2474.0
537373,F,False,True,usa,new york,LGA,40,New York,9,5,5,5,0.4,1.0,0.4,433.75,0.2,2.8,2168.75,2665.1
537393,F,False,False,usa,kansas city,MCI,48,Missouri,8,4,4,3,0.75,1.5,0.5,348.46000000000004,0.0,2.6666666666666665,1875.0,1564.5
537400,M,False,True,usa,san antonio,SAT,23,Texas,8,2,0,2,0.0,,,,0.0,8.0,,5120.0
537470,F,True,True,usa,omaha,OFF,27,Nebraska,8,2,0,2,1.0,,,,0.0,4.0,,599.9
537481,F,True,False,usa,atlanta,ATL,72,Georgia,9,1,0,1,1.0,,,,1.0,4.0,,406.59999999999997
537507,F,False,False,usa,riverside,RIV,43,California,9,3,1,3,0.0,1.0,0.0,952.48,0.0,11.333333333333334,952.48,4992.0
537560,F,True,False,usa,nashville,BNA,47,Tennessee,8,6,5,5,0.3333333333333333,1.0,0.8,183.844,0.0,2.2,913.8275000000001,1463.6
537595,F,False,False,usa,portland,PDX,51,Oregon,8,4,4,3,0.25,1.25,0.25,490.01875,0.6666666666666666,1.3333333333333333,2461.53,777.1
537671,F,True,False,usa,new york,JFK,47,New York,8,3,3,3,0.3333333333333333,1.0,1.3333333333333333,426.05333333333334,0.6666666666666666,2.6666666666666665,1278.16,1206.2
537723,M,False,False,usa,new york,LGA,20,New York,8,1,1,1,0.0,1.0,0.0,216.24,0.0,1.0,216.24,200.0
537725,F,True,False,usa,columbus,CMH,34,Ohio,8,2,2,2,1.0,1.0,0.5,174.765,1.0,1.0,336.499,390.5
537748,F,False,False,usa,oakland,OAK,39,California,8,6,5,5,0.0,1.2,0.6,480.01800000000003,0.2,6.0,3188.6,5663.0
537770,F,True,False,usa,philadelphia,PHL,43,Pennsylvania,8,4,3,4,0.25,1.0,1.0,280.75,0.0,3.0,842.25,1621.6
537795,M,False,False,canada,montreal,YUL,25,Quebec,8,1,1,1,0.0,2.0,1.0,209.45,0.0,1.0,418.9,190.0
537804,F,False,True,usa,boston,BOS,22,Massachusetts,8,1,1,1,0.0,1.0,0.0,56.9,0.0,2.0,56.9,248.0
537818,F,False,True,usa,minneapolis,MSP,34,Minnesota,8,3,1,3,0.0,2.0,1.0,110.475,0.3333333333333333,3.6666666666666665,220.95,4698.0
537819,F,False,False,usa,chicago,ORD,41,Illinois,8,4,3,4,0.25,1.0,1.0,344.0566666666667,0.5,2.75,1032.17,3174.6
537861,F,False,True,usa,spokane,SKA,42,Washington,8,3,2,3,0.0,1.0,0.0,545.745,0.3333333333333333,5.666666666666667,1091.49,1490.0
537975,M,False,False,usa,santa ana,SNA,29,California,8,1,0,1,0.0,,,,1.0,6.0,,360.0
538069,F,False,True,usa,nashville,BNA,52,Tennessee,8,2,2,2,0.0,2.0,0.0,466.17999999999995,0.0,3.5,1864.7199999999998,2842.0
538074,F,False,False,canada,calgary,YYC,51,Alberta,8,5,5,5,0.4,1.0,0.2,507.73199999999997,0.0,3.4,2484.681,5890.6
538108,F,False,True,canada,toronto,YTZ,32,Ontario,8,2,2,0,0.5,1.5,1.0,76.83250000000001,,,220.5115,
538134,M,True,False,usa,san antonio,SAT,56,Texas,8,3,3,2,0.0,1.6666666666666667,1.0,187.09555555555553,0.0,4.5,1244.96,3172.0
538139,F,False,False,canada,london,YXU,20,Ontario,8,1,1,1,1.0,1.0,1.0,577.54,0.0,2.0,577.54,482.40000000000003
538167,F,False,True,canada,toronto,YKZ,55,Ontario,9,3,3,3,0.0,1.3333333333333333,0.6666666666666666,321.2333333333333,0.6666666666666666,2.6666666666666665,1311.59,1354.0
538188,F,True,True,canada,hamilton,YHM,48,Ontario,8,4,3,4,0.25,1.3333333333333333,0.0,440.2666666666667,0.25,3.0,1338.8305,3397.0
538197,F,False,False,canada,calgary,YYC,47,Alberta,8,4,4,4,0.75,1.0,0.25,500.4225,0.75,2.25,1889.261,888.8
538214,F,False,True,usa,oakland,OAK,52,California,9,3,2,3,0.0,1.0,0.0,25.919999999999998,0.6666666666666666,3.3333333333333335,51.839999999999996,1136.0
538216,F,False,False,canada,calgary,YYC,66,Alberta,8,3,3,3,0.3333333333333333,1.3333333333333333,0.6666666666666666,431.49,0.6666666666666666,1.6666666666666667,1695.9,850.0
538306,F,True,True,usa,tucson,DMA,57,Arizona,8,2,2,2,0.0,1.0,0.0,429.15,0.0,1.5,858.3,635.0
538321,F,False,True,usa,san antonio,SKF,30,Texas,8,2,1,1,0.5,1.0,0.0,433.64,0.0,9.0,368.594,2835.0
538331,F,False,True,usa,portland,PDX,42,Oregon,8,5,4,4,0.0,1.25,0.75,438.76125,0.25,5.5,1830.4099999999999,6509.0
538388,M,True,False,usa,san diego,NZY,47,California,8,5,5,5,0.2,1.0,1.0,474.392,0.2,2.4,2371.96,1364.15
538413,F,True,True,usa,new york,JFK,61,New York,9,0,0,0,,,,,,,,
538426,F,True,True,usa,washington,IAD,54,Virginia,8,1,1,1,0.0,1.0,0.0,104.13,0.0,1.0,104.13,39.0
538454,F,True,False,usa,baltimore,BWI,58,Maryland,9,3,2,2,0.3333333333333333,1.0,0.0,99.1,0.0,4.5,198.2,1184.0
538457,F,False,False,usa,philadelphia,PHL,31,Pennsylvania,8,3,3,3,0.6666666666666666,1.0,1.0,288.33,0.0,3.3333333333333335,864.99,1196.1
538489,F,False,True,usa,omaha,OFF,37,Nebraska,8,3,2,3,0.3333333333333333,1.5,1.5,315.14750000000004,0.3333333333333333,4.0,924.97,2348.4
538522,F,False,False,canada,montreal,YMX,36,Quebec,8,4,4,4,0.25,1.25,0.5,238.83625,0.5,3.25,964.367,2633.0
538638,F,True,False,canada,toronto,YKZ,41,Ontario,8,2,2,2,0.5,2.0,0.5,274.885,0.0,2.0,1270.9099999999999,1259.0
538641,M,True,False,canada,toronto,YYZ,39,Ontario,9,1,1,1,0.0,1.0,0.0,459.44,0.0,2.0,459.44,618.0
538677,F,True,False,usa,knoxville,TYS,60,Tennessee,8,1,1,1,0.0,1.0,0.0,171.12,0.0,1.0,171.12,96.0
538681,F,False,False,usa,new york,LGA,20,New York,9,1,1,1,0.0,4.0,2.0,62.8625,0.0,1.0,251.45,608.0
538691,F,True,False,canada,montreal,YMX,54,Quebec,8,4,3,4,0.0,1.0,0.6666666666666666,228.06000000000003,0.75,4.0,684.1800000000001,2540.0
538696,F,False,True,usa,shreveport,BAD,27,Louisiana,8,2,0,2,0.5,,,,0.5,2.0,,282.0
538703,M,True,True,usa,el paso,BIF,55,Texas,8,3,3,2,0.3333333333333333,2.3333333333333335,0.6666666666666666,481.8077777777778,0.0,1.0,3177.4590000000003,846.0
538714,F,True,False,usa,norfolk,ORF,41,Virginia,8,3,3,3,0.3333333333333333,2.0,0.3333333333333333,409.20166666666665,0.0,2.6666666666666665,2228.014,1700.0
538780,F,True,True,usa,los angeles,LAX,49,California,9,3,3,3,0.0,1.0,0.3333333333333333,536.2066666666666,0.0,5.0,1608.62,2236.0
538814,F,True,True,usa,st. petersburg,SPG,49,Florida,8,2,1,1,1.0,1.0,0.0,316.59,1.0,2.0,284.931,55.800000000000004
538883,F,True,False,usa,new york,JFK,40,New York,9,2,2,2,0.0,1.0,0.5,266.96999999999997,0.5,4.0,533.9399999999999,816.0
538915,F,True,False,usa,indianapolis,IND,43,Gujarat,8,4,4,3,0.0,1.0,0.0,367.055,0.6666666666666666,1.0,1468.22,775.0
538919,F,True,True,usa,riverside,RIV,26,California,8,0,0,0,,,,,,,,
539008,M,False,False,usa,philadelphia,PHL,42,Pennsylvania,8,3,3,3,0.0,1.0,0.0,290.5833333333333,0.3333333333333333,2.0,871.75,1252.0
539010,F,True,True,usa,san francisco,SFO,43,California,8,3,2,3,0.3333333333333333,1.0,0.5,583.5,0.3333333333333333,4.666666666666667,1167.0,4044.0
539012,F,True,True,usa,new york,LGA,48,New York,8,3,3,3,0.3333333333333333,1.6666666666666667,1.3333333333333333,409.43666666666667,0.0,2.3333333333333335,2175.39,2903.9
539093,F,True,False,usa,miami,TNT,55,Florida,8,3,3,3,0.3333333333333333,1.0,0.3333333333333333,433.9766666666667,0.0,3.6666666666666665,1301.93,1319.65
539105,M,True,True,usa,los angeles,LAX,48,California,9,1,1,1,1.0,1.0,1.0,344.83,0.0,1.0,293.1055,64.0
539140,F,True,False,usa,riverside,RIV,38,California,9,3,3,3,0.6666666666666666,1.0,0.3333333333333333,648.5433333333334,0.0,1.3333333333333333,1915.179,818.0
539146,F,False,True,usa,tacoma,TCM,38,Washington,8,1,1,1,0.0,1.0,0.0,192.71,0.0,1.0,192.71,404.0
539243,F,False,False,usa,dallas,DAL,23,Texas,8,3,3,3,0.0,1.0,0.3333333333333333,201.37666666666667,0.3333333333333333,7.666666666666667,604.13,2915.0
539300,F,False,False,usa,new york,JFK,43,New York,9,3,3,1,0.6666666666666666,1.0,1.0,468.94666666666666,1.0,1.0,1231.05,161.0
539315,F,True,True,canada,vancouver,YVR,57,British Columbia,9,3,3,3,0.0,1.3333333333333333,0.6666666666666666,399.0366666666667,0.3333333333333333,2.3333333333333335,1524.48,1530.0
539317,F,False,True,usa,wichita,ICT,41,Kansas,9,5,4,5,0.4,1.25,0.25,286.81624999999997,0.4,3.4,1306.77,3707.7
539384,F,False,False,usa,new york,JFK,34,New York,8,2,2,2,0.0,1.0,0.0,262.935,0.0,1.5,525.87,470.0
539414,F,True,True,usa,fort worth,FTW,38,Texas,8,3,2,3,0.6666666666666666,1.0,0.0,229.20999999999998,0.6666666666666666,4.666666666666667,450.8225,3428.5
539493,F,False,False,usa,richmond,RIC,20,Virginia,9,0,0,0,,,,,,,,
539510,F,False,True,usa,tulsa,TUL,47,Oklahoma,10,4,3,4,0.25,1.0,0.6666666666666666,301.7,0.25,5.5,905.1,2473.4
539519,F,True,False,usa,corpus christi,CRP,43,Texas,8,3,2,3,0.0,1.0,0.5,458.16,0.3333333333333333,3.3333333333333335,916.32,1389.0
539528,F,True,True,usa,boston,BOS,39,Massachusetts,8,3,3,2,0.3333333333333333,2.0,0.6666666666666666,432.00333333333333,0.0,1.5,2481.3360000000002,1532.0
539558,M,False,True,usa,new york,LGA,41,New York,8,4,4,4,0.25,1.5,0.25,241.45375,0.5,3.5,1165.43,2361.0
539566,F,True,False,canada,quebec,YQB,68,Quebec,8,2,2,2,0.5,1.5,0.5,1717.66,0.5,4.0,6118.275500000001,800.0
539611,F,True,False,usa,new york,JFK,41,New York,8,3,3,3,0.0,1.0,0.6666666666666666,330.11,0.0,3.0,990.33,835.0
539637,M,True,False,usa,indianapolis,IND,62,Gujarat,8,4,2,4,1.0,1.0,0.5,201.29500000000002,0.5,5.5,402.59000000000003,4902.75
539656,F,True,False,usa,new orleans,NBG,69,Louisiana,10,1,0,1,1.0,,,,1.0,4.0,,680.0
539669,F,False,False,canada,montreal,YMX,20,Quebec,8,2,1,2,0.5,1.0,0.0,596.67,0.0,1.5,566.8364999999999,914.4
539671,F,True,False,canada,calgary,YYC,48,Alberta,8,1,1,1,0.0,1.0,1.0,549.43,1.0,3.0,549.43,312.0
539899,M,False,False,usa,new york,LGA,23,New York,8,1,1,0,1.0,2.0,1.0,51.715,,,103.43,
539917,F,False,False,usa,new york,JFK,48,New York,8,4,4,3,0.0,1.25,0.5,421.725,0.0,2.0,2254.32,1091.0
539936,F,False,False,usa,seattle,BFI,56,Washington,9,2,2,2,0.0,1.5,0.5,567.695,0.5,2.5,1887.8500000000001,901.0
539962,M,False,False,canada,windsor,YQG,19,Ontario,8,0,0,0,,,,,,,,
540014,F,False,True,usa,honolulu,HNL,45,Hawaii,8,3,3,3,0.0,1.0,0.0,958.86,0.3333333333333333,1.0,2876.58,555.0
540094,F,True,True,usa,chicago,MDW,48,Illinois,8,3,3,2,0.3333333333333333,1.0,1.0,344.26,1.0,1.0,1032.78,274.0
540150,F,False,True,usa,phoenix,PHX,37,Arizona,8,2,2,2,0.0,1.0,0.5,344.155,0.0,3.0,688.31,924.0
540226,F,True,False,usa,washington,IAD,80,Virginia,8,0,0,0,,,,,,,,
540252,F,False,False,usa,baltimore,BWI,41,Maryland,8,2,1,2,0.5,1.0,1.0,221.33,0.0,6.0,221.33,2400.0
540253,F,True,False,usa,san francisco,SFO,50,California,8,1,1,1,0.0,1.0,1.0,412.3,0.0,4.0,412.3,568.0
540260,F,True,False,usa,milwaukee,MKE,45,Wisconsin,9,3,3,3,0.0,1.6666666666666667,1.0,223.34888888888887,0.3333333333333333,1.3333333333333333,1040.12,1576.0
540308,M,False,False,usa,nashville,BNA,57,Tennessee,8,1,1,1,0.0,1.0,1.0,130.38,0.0,1.0,130.38,89.0
540415,F,False,False,usa,new york,LGA,55,New York,8,2,2,2,0.0,1.0,0.5,548.145,0.0,3.0,1096.29,785.0
540444,F,True,False,usa,burlington,BTV,50,Vermont,8,4,3,3,0.25,1.6666666666666667,0.6666666666666666,204.5533333333333,0.3333333333333333,2.6666666666666665,925.98,2727.8
540475,F,False,False,usa,new york,LGA,38,New York,8,2,1,2,0.5,1.0,1.0,27.99,0.0,7.5,27.99,3880.4
540572,F,True,True,usa,phoenix,LUF,52,Arizona,8,6,5,6,0.3333333333333333,2.0,1.2,393.93933333333337,0.16666666666666666,4.333333333333333,3157.2760000000003,11597.0
540597,F,True,False,usa,cincinnati,LUK,54,Ohio,9,2,2,1,0.0,1.0,0.0,89.85499999999999,1.0,2.0,179.70999999999998,416.0
540642,F,True,False,usa,new york,LGA,74,New York,8,1,0,1,0.0,,,,0.0,27.0,,756.0
540666,M,False,True,usa,san francisco,SFO,32,California,9,2,2,2,0.0,1.0,0.0,385.885,0.0,2.0,771.77,857.0
540698,F,True,False,usa,los angeles,LAX,53,California,8,3,3,3,0.6666666666666666,1.0,0.0,364.2833333333333,0.6666666666666666,2.3333333333333335,1092.85,947.05
540708,F,True,False,usa,boston,BOS,38,Massachusetts,8,4,3,4,0.0,1.0,0.3333333333333333,343.8633333333334,0.25,5.25,1031.5900000000001,3111.0
540733,F,False,False,canada,montreal,YMX,37,Quebec,8,4,3,3,0.25,1.3333333333333333,0.3333333333333333,311.60166666666663,0.3333333333333333,3.0,1034.58,2489.5
540819,M,False,False,usa,cincinnati,LUK,45,Ohio,9,3,3,3,0.6666666666666666,1.0,0.6666666666666666,417.8433333333333,0.6666666666666666,1.6666666666666667,1167.1000000000001,624.5
540941,F,False,True,usa,los angeles,LAX,24,California,8,2,1,1,0.5,1.0,0.0,2569.93,0.0,1.0,2569.93,239.0
540966,F,True,False,canada,montreal,YUL,60,Quebec,9,0,0,0,,,,,,,,
540973,F,False,False,usa,portland,PDX,34,Oregon,8,3,3,3,0.0,1.0,1.0,511.50666666666666,0.0,1.0,1534.52,699.0
540974,M,False,False,usa,baton rouge,BTR,35,Louisiana,8,2,1,2,0.0,1.0,1.0,227.72,0.5,3.0,227.72,609.0
541047,F,True,False,usa,madison,MSN,75,Wisconsin,8,1,0,1,0.0,,,,1.0,6.0,,3744.0
541083,F,True,False,usa,san jose,SJC,71,California,8,1,1,1,1.0,2.0,0.0,697.635,0.0,1.0,1395.27,205.7
541112,F,False,False,usa,detroit,DTW,46,Michigan,8,4,3,4,0.25,1.3333333333333333,1.3333333333333333,135.87666666666667,0.5,3.25,583.202,2108.0
541132,M,True,True,usa,los angeles,LAX,34,California,8,0,0,0,,,,,,,,
541193,F,True,True,canada,london,YXU,27,Ontario,8,0,0,0,,,,,,,,
541224,F,False,True,canada,montreal,YMX,53,Quebec,8,2,2,2,0.0,1.0,0.5,681.685,0.5,2.0,1363.37,498.0
541236,M,False,True,usa,burlington,BTV,49,Vermont,8,0,0,0,,,,,,,,
541249,F,True,False,usa,charlotte,CLT,58,North Carolina,8,3,2,3,0.6666666666666666,1.5,0.0,154.195,0.3333333333333333,4.0,399.76099999999997,5548.0
541282,F,True,False,usa,honolulu,HNL,49,Hawaii,10,1,0,1,1.0,,,,1.0,16.0,,1232.0
541352,F,True,True,usa,portland,PWM,46,Maine,8,2,2,2,0.0,1.0,0.5,89.4,0.0,4.0,178.8,2622.0
541357,F,False,False,usa,buffalo,BUF,45,New York,8,4,4,3,0.5,1.0,0.75,474.0625,0.0,2.0,1709.2269999999999,1054.4
541438,F,True,False,usa,new york,LGA,38,New York,9,2,2,2,0.0,1.0,0.5,81.035,0.0,2.0,162.07,520.0
541497,F,False,False,usa,los angeles,LAX,29,California,8,0,0,0,,,,,,,,
541516,M,False,False,usa,bakersfield,BFL,56,California,8,3,2,3,0.3333333333333333,1.0,1.0,386.53499999999997,0.6666666666666666,3.0,698.478,1760.0
541539,F,False,False,usa,washington,IAD,20,Virginia,9,0,0,0,,,,,,,,
541612,F,False,True,usa,san jose,SJC,41,California,8,5,5,3,0.2,1.0,0.4,605.706,0.0,2.0,3028.53,746.0
541700,M,True,False,usa,san diego,SAN,48,California,8,2,2,1,0.5,1.0,1.0,445.285,0.0,6.0,696.0125,1416.0
541735,F,True,False,usa,charlotte,CLT,46,North Carolina,8,1,0,1,0.0,,,,1.0,4.0,,2624.0
541812,F,True,True,canada,toronto,YZD,50,,9,6,5,5,0.16666666666666666,1.2,0.2,291.729,0.2,3.0,1405.28,4444.0
541901,F,False,False,canada,toronto,YZD,45,,8,6,5,5,0.16666666666666666,1.0,0.8,176.28199999999998,0.2,5.6,881.41,7158.1
541906,F,True,False,usa,san jose,SJC,54,California,8,3,2,2,0.0,1.0,1.5,410.07,0.5,6.5,820.14,1069.0
541931,F,False,False,usa,omaha,OFF,42,Nebraska,8,4,2,4,0.0,1.5,0.5,359.72249999999997,0.25,6.75,1036.25,3814.0
541939,F,True,True,usa,charlotte,CLT,55,North Carolina,8,4,3,3,0.0,1.0,0.0,302.87333333333333,0.0,4.333333333333333,908.62,2628.0
541967,F,True,False,usa,new york,JFK,44,New York,8,4,4,3,0.25,1.75,1.0,250.26,0.3333333333333333,2.0,1688.79,1959.0
541972,F,True,True,usa,chicago,ORD,57,Illinois,8,2,2,2,0.0,1.0,1.0,244.65,0.0,5.5,489.3,4514.0
542015,F,True,False,usa,new york,LGA,45,New York,8,6,4,6,0.16666666666666666,1.0,1.0,472.6,0.6666666666666666,5.166666666666667,1890.4,5097.6
542027,F,False,True,usa,lubbock,LBB,40,Texas,8,4,3,4,0.5,1.0,0.3333333333333333,225.38000000000002,0.0,3.0,648.366,2528.0
542036,F,True,True,usa,long beach,LGB,43,California,8,2,2,2,0.0,1.0,0.5,596.03,0.0,1.5,1192.06,402.0
542056,F,False,True,usa,long beach,LGB,30,California,8,1,0,1,0.0,,,,0.0,11.0,,2365.0
542095,F,True,True,usa,minneapolis,MSP,53,Minnesota,8,0,0,0,,,,,,,,
542153,F,False,False,usa,san jose,SJC,51,California,8,2,2,2,0.0,1.0,0.5,517.445,0.0,2.5,1034.89,1123.0
542189,F,False,False,canada,winnipeg,YAV,26,,9,1,1,1,1.0,1.0,0.0,355.53,0.0,2.0,355.53,268.2
542230,F,True,False,usa,philadelphia,PNE,51,Pennsylvania,10,1,1,1,0.0,3.0,0.0,437.32666666666665,0.0,4.0,1311.98,3000.0
542267,F,True,False,usa,seattle,BFI,26,Washington,8,0,0,0,,,,,,,,
542277,F,False,False,canada,london,YXU,38,Ontario,8,2,2,2,0.5,1.0,1.0,506.3,0.0,3.0,982.9399999999999,1478.0
542303,F,True,True,usa,cleveland,CLE,44,Ohio,8,1,1,1,0.0,2.0,0.0,207.155,0.0,3.0,414.31,828.0
542366,F,True,False,usa,atlanta,ATL,50,Georgia,8,3,3,3,0.3333333333333333,1.0,0.6666666666666666,151.04333333333332,0.6666666666666666,1.6666666666666667,453.13,699.4
542383,M,False,False,usa,dallas,DAL,45,Texas,8,3,3,3,0.0,1.0,0.6666666666666666,344.5566666666667,0.0,1.6666666666666667,1033.67,658.0
542418,M,False,False,usa,new york,LGA,51,New York,8,3,3,3,0.3333333333333333,2.0,0.3333333333333333,101.30611111111112,0.3333333333333333,1.3333333333333333,601.21,989.2
542570,F,True,False,usa,austin,AUS,59,Texas,8,1,1,1,0.0,1.0,1.0,327.66,0.0,2.0,327.66,252.0
542585,F,True,True,usa,cleveland,CLE,54,Ohio,8,3,2,2,0.6666666666666666,1.5,0.5,148.99,0.5,5.0,467.03000000000003,1674.3999999999999
542605,F,True,True,usa,wichita,ICT,41,Kansas,8,1,1,1,0.0,1.0,0.0,367.25,1.0,2.0,367.25,588.0
542658,F,False,False,usa,phoenix,PHX,28,Arizona,8,3,3,1,0.3333333333333333,1.3333333333333333,0.6666666666666666,553.555,1.0,1.0,2154.0185,274.0
542670,F,False,False,usa,new york,LGA,58,New York,8,3,2,3,0.0,2.0,0.5,330.86,1.0,8.333333333333334,1940.4,21672.0
542706,F,False,False,canada,calgary,YYC,20,Alberta,8,1,0,1,0.0,,,,1.0,10.0,,930.0
542767,F,False,False,usa,phoenix,LUF,43,Arizona,8,2,2,2,0.5,1.0,0.5,1170.435,0.0,8.5,2340.87,1587.9
542796,M,False,False,usa,long beach,LGB,50,California,8,4,4,2,0.25,1.75,0.75,496.71999999999997,1.0,1.0,3840.555,308.0
542825,F,False,False,canada,winnipeg,YAV,39,,8,4,4,4,0.25,1.0,0.5,305.295,0.5,2.0,1210.513,1979.0
542850,F,False,False,usa,columbus,LCK,37,Ohio,8,4,4,3,0.0,1.0,0.25,159.815,1.0,5.666666666666667,639.26,3296.0
542857,M,False,False,canada,montreal,YUL,23,Quebec,8,0,0,0,,,,,,,,
542937,M,False,False,usa,houston,EFD,39,Texas,8,5,5,5,0.0,1.4,0.4,257.80066666666664,0.2,2.0,2157.63,3707.0
543008,F,True,True,usa,buffalo,BUF,51,New York,8,1,1,1,0.0,1.0,0.0,90.82,0.0,5.0,90.82,365.0
543052,F,True,False,usa,seattle,SEA,43,Washington,8,5,5,3,0.2,1.4,0.4,450.53933333333333,0.3333333333333333,2.3333333333333335,3397.8900000000003,738.0
543074,F,True,False,usa,jacksonville,NZC,56,Ica,8,1,1,1,1.0,1.0,0.0,290.26,0.0,2.0,275.74699999999996,268.0
543075,M,True,True,usa,newark,EWR,54,New Jersey,8,1,1,1,0.0,1.0,1.0,411.4,0.0,2.0,411.4,534.0
543081,F,True,False,usa,louisville,LOU,57,Kentucky,8,4,4,4,0.25,1.75,0.25,288.329375,0.25,2.75,2793.41,6262.6
543114,F,True,False,usa,new york,JFK,55,New York,8,5,4,5,0.2,1.0,0.5,488.61749999999995,0.2,3.6,1954.4699999999998,4240.9
543126,F,False,False,canada,toronto,YKZ,20,Ontario,8,3,2,3,0.3333333333333333,2.0,1.0,121.54833333333333,0.3333333333333333,4.0,474.37,1369.5
543165,F,True,False,usa,washington,DCA,49,Virginia,9,3,3,2,0.6666666666666666,1.0,0.3333333333333333,392.88000000000005,0.0,1.5,1145.9920000000002,324.9
543240,F,True,False,usa,lubbock,LBB,66,Texas,8,3,1,3,0.3333333333333333,1.0,0.0,287.17,0.6666666666666666,9.333333333333334,287.17,3744.0
543271,F,False,False,usa,honolulu,HNL,43,Hawaii,9,2,2,2,0.0,1.5,1.0,1442.33,0.5,2.0,4247.17,941.0
543304,F,False,True,usa,st. louis,STL,51,Missouri,8,3,3,3,0.3333333333333333,2.0,1.0,403.8233333333333,0.3333333333333333,2.0,2636.95,2355.3
543327,M,False,False,usa,houston,HOU,44,Texas,8,4,4,4,0.0,1.0,0.25,387.3125,0.5,2.0,1549.25,1391.0
543339,F,False,False,canada,montreal,YMX,30,Quebec,8,3,3,3,0.0,1.0,0.3333333333333333,691.02,0.0,6.333333333333333,2073.06,2774.0
543375,F,False,False,usa,los angeles,LAX,45,California,9,4,4,4,0.25,1.25,0.5,601.40125,0.0,1.25,3237.4715,1716.0
543385,F,False,False,usa,new york,JFK,43,New York,8,6,5,6,0.6666666666666666,1.6,0.4,532.881,0.3333333333333333,2.8333333333333335,2721.012,3895.0
543428,F,False,True,usa,portland,PWM,37,Maine,8,2,0,2,0.5,,,,0.0,7.0,,1839.0
543437,F,False,False,usa,san diego,SAN,38,California,9,2,1,2,0.5,1.0,0.0,347.33,0.0,1.5,347.33,622.0999999999999
543476,F,True,True,usa,oklahoma city,TIK,37,Oklahoma,8,1,0,1,1.0,,,,0.0,8.0,,462.4
543557,F,False,False,usa,new york,JFK,38,New York,8,2,2,2,0.0,1.0,0.5,129.855,0.5,2.0,259.71,594.0
543559,M,True,True,usa,new orleans,NBG,49,Louisiana,8,2,2,2,0.5,1.0,0.0,402.70000000000005,0.0,2.0,805.4000000000001,562.2
543618,M,False,False,usa,seattle,BFI,38,Washington,8,1,1,1,0.0,1.0,1.0,421.73,0.0,1.0,421.73,399.0
543659,F,False,False,usa,los angeles,LAX,36,California,8,5,5,4,0.2,1.0,0.8,384.47400000000005,0.25,2.25,1822.7145,1011.0
543671,F,True,True,usa,phoenix,LUF,55,Arizona,9,2,1,2,1.0,1.0,0.0,288.21,0.0,2.5,288.21,1348.1999999999998
543716,F,True,True,usa,philadelphia,PNE,43,Pennsylvania,10,4,4,4,0.0,1.25,1.0,493.18499999999995,0.5,2.5,2077.04,2525.0
543778,F,True,True,usa,new york,JFK,58,New York,8,4,3,4,0.75,1.0,0.3333333333333333,419.19,0.5,3.25,1133.5984999999998,1234.8000000000002
543810,F,False,False,usa,new york,JFK,35,New York,8,6,5,6,0.5,1.0,0.6,459.328,0.3333333333333333,1.8333333333333333,2224.047,1587.9
543885,F,True,False,usa,baton rouge,BTR,42,Louisiana,10,1,0,1,0.0,,,,0.0,6.0,,936.0
543928,F,False,False,usa,houston,EFD,20,Texas,8,2,2,2,0.0,1.0,0.5,313.20000000000005,0.0,4.0,626.4000000000001,1090.0
543952,F,False,False,usa,san jose,SJC,42,California,8,5,5,4,0.4,1.0,0.0,616.5360000000001,0.25,3.0,3056.77,1372.5
543968,F,False,False,usa,modesto,MOD,38,California,8,6,6,6,0.5,1.0,0.5,599.9783333333334,0.0,2.6666666666666665,3536.0789999999997,3565.1
543976,F,False,False,usa,chicago,MDW,36,Illinois,9,3,2,3,0.0,1.0,1.0,205.31,0.0,2.3333333333333335,410.62,1754.0
544008,F,False,False,usa,oklahoma city,TIK,40,Oklahoma,8,3,3,2,0.0,1.3333333333333333,0.3333333333333333,224.625,0.5,2.5,1054.21,1495.0
544012,F,False,True,usa,tulsa,TUL,51,Oklahoma,8,4,3,4,0.25,1.3333333333333333,0.3333333333333333,86.375,0.75,3.0,277.06600000000003,3015.0
544043,F,False,True,usa,santa ana,SNA,43,California,10,4,3,4,0.25,1.0,0.6666666666666666,197.61,0.0,2.75,592.83,1245.55
544256,F,True,False,usa,birmingham,BHM,46,Alabama,9,1,1,1,0.0,2.0,1.0,287.515,0.0,3.0,575.03,288.0
544333,F,True,False,usa,santa ana,SNA,64,California,10,0,0,0,,,,,,,,
544364,F,False,False,usa,wichita,ICT,34,Kansas,9,0,0,0,,,,,,,,
544391,M,True,True,usa,phoenix,LUF,46,Arizona,8,3,2,3,0.6666666666666666,1.0,0.5,274.055,0.3333333333333333,4.0,533.2885,3177.8
544414,F,True,False,usa,el paso,ELP,58,Texas,8,3,3,3,0.0,1.3333333333333333,0.6666666666666666,507.07166666666666,0.0,3.0,1965.34,3496.0
544444,F,False,False,usa,dallas,DAL,56,Texas,8,2,2,2,0.5,1.5,0.5,146.405,1.0,3.0,329.336,1182.0
544447,M,True,False,canada,edmonton,YEG,45,Alberta,8,2,1,1,0.5,1.0,1.0,316.94,0.0,1.0,316.94,134.9
544449,M,True,True,usa,new york,LGA,47,New York,8,4,2,4,0.5,1.5,0.5,290.0025,0.25,5.25,735.8810000000001,6275.8
544469,F,False,True,usa,new york,JFK,43,New York,9,3,3,2,0.3333333333333333,1.3333333333333333,0.6666666666666666,395.02833333333336,0.0,2.5,1356.7285000000002,2116.0
544476,M,True,True,usa,minneapolis,MSP,49,Minnesota,8,1,1,1,0.0,1.0,2.0,106.04,0.0,1.0,106.04,124.0
544627,F,False,True,usa,chicago,MDW,47,Illinois,8,4,4,3,0.25,1.0,0.75,259.08500000000004,0.6666666666666666,3.6666666666666665,1008.76,1039.0
544647,F,False,False,canada,edmonton,YEG,28,Alberta,8,1,0,1,0.0,,,,0.0,7.0,,602.0
544685,M,False,True,usa,kansas city,MCI,39,Missouri,8,1,1,1,0.0,2.0,0.0,270.77,0.0,2.0,541.54,348.0
544694,M,True,False,usa,bakersfield,BFL,55,California,8,2,2,2,0.5,1.0,0.5,368.35,0.0,1.5,736.7,720.7
544698,F,True,True,usa,new york,LGA,38,New York,8,1,0,1,1.0,,,,1.0,5.0,,635.0
544747,M,False,False,usa,phoenix,PHX,36,Arizona,8,4,3,4,0.75,1.0,1.0,369.09999999999997,0.25,4.75,1058.111,2270.5
544749,M,False,False,usa,colorado springs,COS,46,Colorado,8,1,1,1,0.0,1.0,0.0,463.99,0.0,2.0,463.99,526.0
544868,F,False,False,usa,columbus,CMH,52,Ohio,8,2,2,1,0.0,1.0,0.0,495.21999999999997,1.0,2.0,990.4399999999999,112.0
545011,F,True,True,usa,memphis,MEM,57,Tennessee,8,4,4,3,0.5,1.25,1.0,296.6375,0.3333333333333333,3.0,1471.73,3400.7000000000003
545063,M,True,False,usa,mobile,MOB,85,Alabama,8,0,0,0,,,,,,,,
545132,M,True,True,usa,denver,DEN,29,Colorado,8,1,1,1,1.0,1.0,0.0,255.02,0.0,1.0,242.269,144.9
545208,F,True,False,usa,atlanta,ATL,58,Georgia,9,1,1,1,0.0,2.0,0.0,192.665,0.0,1.0,385.33,256.0
545209,F,False,False,canada,edmonton,YEG,39,Alberta,8,2,2,2,0.0,1.0,0.5,495.615,0.0,3.5,991.23,2801.0
545264,M,False,False,usa,wichita,ICT,28,Kansas,8,0,0,0,,,,,,,,
545272,M,True,False,usa,phoenix,PHX,56,Arizona,8,1,1,1,1.0,1.0,1.0,445.62,0.0,5.0,289.653,2698.0
545290,F,False,True,usa,los angeles,LAX,47,California,8,4,4,3,0.75,1.0,0.25,542.58,0.3333333333333333,1.6666666666666667,2128.505,796.25
545317,F,False,True,usa,austin,AUS,43,Texas,9,6,6,5,0.16666666666666666,1.1666666666666667,0.5,345.34666666666664,0.0,2.8,2176.417,2644.6
545318,F,True,True,usa,indianapolis,IND,54,Gujarat,8,3,3,3,0.3333333333333333,1.0,0.3333333333333333,340.6933333333333,0.3333333333333333,3.0,944.7684999999999,2660.0
545327,F,True,True,usa,milwaukee,MKE,31,Wisconsin,8,4,3,4,0.25,1.3333333333333333,0.3333333333333333,134.32000000000002,0.0,1.75,504.82000000000005,903.0
545345,F,False,False,usa,reno,RNO,36,Nevada,8,1,1,1,0.0,1.0,1.0,291.71,1.0,2.0,291.71,430.0
545360,M,False,False,usa,oklahoma city,OKC,40,Oklahoma,8,2,1,1,0.0,1.0,0.0,423.1,0.0,4.0,423.1,672.0
545404,F,False,False,usa,houston,IAH,53,Texas,10,5,5,4,0.4,1.2,0.4,343.538,0.25,3.5,2035.204,1499.0
545465,F,True,True,usa,santa ana,SNA,51,California,8,1,1,1,1.0,1.0,2.0,748.86,0.0,2.0,711.417,210.0
545518,F,False,True,canada,edmonton,YXD,48,,8,3,3,3,0.3333333333333333,1.3333333333333333,0.0,419.175,0.0,3.0,1826.0775,1847.0
545551,F,False,True,usa,austin,AUS,50,Texas,8,4,4,4,0.5,1.0,0.5,358.3425,0.5,5.25,1376.666,3539.0
545577,M,False,False,usa,omaha,OMA,42,Iowa,8,5,5,5,0.2,1.0,0.4,272.614,0.0,2.0,1310.3555000000001,1523.0
545652,F,False,False,usa,fayetteville,FYV,45,Arkansas,8,3,3,3,0.0,1.0,0.0,312.26,0.3333333333333333,2.3333333333333335,936.78,829.0
545684,F,True,True,usa,chicago,ORD,49,Illinois,8,1,1,1,0.0,2.0,1.0,238.91,0.0,1.0,477.82,178.0
545736,F,False,False,usa,columbus,LCK,25,Ohio,8,2,1,2,0.5,1.0,0.0,95.63,0.5,8.5,95.63,2169.0
545754,M,False,True,usa,fayetteville,POB,23,North Carolina,8,0,0,0,,,,,,,,
545770,F,True,False,usa,omaha,OMA,46,Iowa,9,4,4,4,0.0,1.0,0.25,248.925,0.0,4.25,995.7,3123.0
545771,F,False,False,usa,fayetteville,FYV,56,Arkansas,8,2,2,2,0.0,1.0,0.0,249.89999999999998,0.5,2.5,499.79999999999995,450.0
545803,F,False,True,usa,des moines,DSM,56,Iowa,9,3,3,3,0.0,1.0,0.6666666666666666,323.81,0.0,4.0,971.4300000000001,1246.0
545805,F,True,True,usa,rochester,ROC,51,New York,8,4,3,4,0.75,1.6666666666666667,0.6666666666666666,457.04333333333335,0.25,6.0,1485.9075,7303.2
545810,F,False,True,usa,phoenix,LUF,24,Arizona,8,1,0,1,1.0,,,,1.0,7.0,,1236.8999999999999
545848,F,True,True,usa,los angeles,LAX,52,California,8,1,0,1,0.0,,,,1.0,6.0,,738.0
545865,F,True,False,usa,newark,EWR,44,New Jersey,8,4,4,3,0.25,1.0,0.75,370.6475,0.0,3.0,1482.59,1753.6
545939,F,False,False,usa,newport news,PHF,46,Virginia,9,4,4,3,0.0,1.0,0.5,341.61499999999995,0.3333333333333333,1.6666666666666667,1366.4599999999998,1262.0
545958,F,False,False,usa,houston,IAH,59,Texas,9,1,1,0,1.0,1.0,0.0,230.74,,,230.74,
546050,F,True,False,canada,gatineau,YND,54,Quebec,9,2,2,2,0.0,1.5,0.5,466.8325,0.5,1.0,1212.85,244.0
546064,F,True,True,usa,san jose,SJC,56,California,8,5,5,5,0.2,1.0,0.6,564.688,0.4,4.4,2757.4210000000003,4243.0
546065,M,True,True,usa,omaha,OMA,50,Iowa,8,3,3,3,0.0,1.0,0.3333333333333333,294.75666666666666,0.0,5.333333333333333,884.27,1044.0
546121,F,False,False,usa,milwaukee,MKE,20,Wisconsin,8,1,1,1,0.0,1.0,0.0,455.84,1.0,1.0,455.84,353.0
546164,F,False,False,canada,winnipeg,YAV,24,,8,1,0,1,0.0,,,,1.0,7.0,,1960.0
546224,F,True,True,usa,phoenix,PHX,47,Arizona,8,2,2,2,0.0,1.0,1.0,240.84500000000003,0.0,1.0,481.69000000000005,275.0
546280,F,False,False,usa,los angeles,LAX,44,California,9,2,2,2,1.0,1.0,0.5,610.885,0.0,1.0,1221.77,634.05
546307,F,False,False,usa,portland,PWM,57,Maine,9,4,3,4,0.0,1.0,0.6666666666666666,353.83,0.5,3.0,1061.49,2401.0
546399,F,False,False,usa,el paso,BIF,38,Texas,8,1,1,0,0.0,1.0,0.0,256.53,,,256.53,
546419,F,False,True,usa,san diego,SAN,57,California,8,3,3,2,0.6666666666666666,1.0,0.3333333333333333,564.8133333333334,0.0,1.0,1694.44,921.55
546462,F,False,False,usa,los angeles,LAX,75,California,8,2,0,2,1.0,,,,0.0,5.5,,2900.2000000000003
546470,F,True,False,usa,new york,LGA,45,New York,8,1,1,0,1.0,1.0,0.0,592.55,,,592.55,
546529,F,True,False,usa,las vegas,LAS,50,Nevada,10,3,3,2,0.3333333333333333,1.3333333333333333,1.0,617.8766666666667,0.5,1.0,2465.27,209.0
546648,F,True,True,usa,san jose,SJC,41,California,8,4,3,3,0.75,1.0,0.6666666666666666,511.19,0.3333333333333333,4.333333333333333,1433.164,3982.0
546664,F,True,False,usa,shreveport,BAD,35,Louisiana,8,1,1,1,1.0,1.0,1.0,40.69,1.0,6.0,40.69,803.6999999999999
546702,F,True,False,usa,chicago,ORD,48,Illinois,8,3,3,3,0.0,1.3333333333333333,0.0,228.03833333333333,0.0,2.0,878.32,2589.0
546740,F,False,False,usa,new york,JFK,43,New York,8,2,2,2,0.0,1.0,1.0,573.95,0.5,2.0,1147.9,408.0
546756,F,False,False,usa,fayetteville,FYV,47,Arkansas,8,2,2,1,0.0,1.5,0.0,364.8325,0.0,4.0,1011.3699999999999,1912.0
546844,F,True,True,canada,edmonton,YED,48,,8,5,5,5,0.2,1.0,0.6,421.65200000000004,0.4,1.6,2046.5439999999999,1303.0
546857,F,True,False,usa,kansas city,MCI,69,Missouri,8,1,0,1,0.0,,,,0.0,16.0,,5184.0
546864,M,True,False,usa,boston,BOS,46,Massachusetts,8,1,1,1,1.0,1.0,0.0,891.92,0.0,7.0,758.132,1155.0
546881,F,True,True,usa,new york,LGA,44,New York,8,2,2,2,0.0,1.0,0.5,274.595,0.0,2.0,549.19,680.0
546900,F,False,False,usa,san antonio,SAT,41,Texas,8,3,3,3,0.3333333333333333,1.0,0.6666666666666666,371.09666666666664,0.3333333333333333,4.666666666666667,1068.6889999999999,2392.0
546964,F,True,False,usa,new york,JFK,47,New York,8,6,6,5,0.5,1.1666666666666667,0.3333333333333333,396.9691666666667,0.4,1.8,2707.549,2118.0
547100,F,False,False,canada,toronto,YZD,52,,8,2,2,2,0.0,1.0,1.0,384.17,0.0,2.5,768.34,1162.0
547130,F,False,False,usa,new york,LGA,22,New York,8,1,0,1,0.0,,,,1.0,5.0,,590.0
547175,F,False,False,canada,toronto,YZD,20,,8,2,1,2,0.5,1.0,0.0,91.79,0.0,8.5,91.79,1729.5
547181,F,True,False,usa,tucson,TUS,65,Arizona,8,3,1,3,0.0,2.0,1.0,674.81,0.3333333333333333,3.3333333333333335,1349.62,1011.0
547320,F,False,False,usa,knoxville,TYS,32,Tennessee,8,1,0,1,1.0,,,,0.0,9.0,,1273.95
547336,F,True,False,usa,madison,MSN,45,Wisconsin,9,1,1,1,0.0,1.0,0.0,310.5,1.0,1.0,310.5,116.0
547342,M,False,False,usa,los angeles,LAX,29,California,8,1,1,1,0.0,1.0,1.0,255.33,0.0,4.0,255.33,700.0
547412,M,False,False,usa,new york,LGA,55,New York,8,2,2,2,0.0,2.0,1.0,144.46833333333333,0.0,3.5,440.31,3532.0
547453,F,False,True,usa,st. louis,STL,31,Missouri,8,3,2,3,0.3333333333333333,1.0,0.5,423.08,0.3333333333333333,2.3333333333333335,846.16,1200.5
547459,F,True,False,usa,los angeles,LAX,62,California,8,4,2,4,0.25,1.5,0.5,295.0275,0.25,8.25,670.8285,8687.2
547568,F,False,False,usa,new york,JFK,32,New York,8,2,1,2,1.0,1.0,2.0,383.46,0.5,12.5,364.287,9441.0
547606,F,True,True,usa,little rock,LIT,58,Arkansas,8,3,3,3,0.3333333333333333,1.3333333333333333,0.3333333333333333,395.8516666666667,0.3333333333333333,2.0,1523.28,906.0
547617,F,True,False,usa,charlotte,CLT,56,North Carolina,9,3,2,1,0.0,1.0,0.0,338.565,0.0,8.0,677.13,1000.0
547663,F,False,False,canada,london,YXU,46,Ontario,8,2,2,2,0.5,1.0,0.0,659.3199999999999,0.5,3.5,1318.6399999999999,1044.3
547693,M,False,True,usa,bakersfield,BFL,45,California,8,0,0,0,,,,,,,,
547761,F,False,False,usa,las vegas,LAS,51,Nevada,8,2,2,2,0.5,1.0,0.5,451.07500000000005,0.0,5.0,885.8785,783.0
547779,F,True,True,usa,los angeles,LAX,44,California,8,3,3,3,0.3333333333333333,1.3333333333333333,1.0,291.78,0.0,4.333333333333333,1173.745,2866.0
547792,F,False,True,usa,seattle,BFI,41,Washington,8,5,4,3,0.4,1.5,0.5,442.06875,0.0,4.666666666666667,2436.4139999999998,2350.0
547817,F,False,False,usa,newport news,PHF,29,Virginia,8,3,1,3,0.3333333333333333,1.0,0.0,218.66,0.6666666666666666,8.0,218.66,8326.0
547823,F,True,False,usa,reno,RNO,57,Nevada,8,5,4,5,0.0,1.0,0.25,512.2025,0.2,4.8,2048.81,3579.0
547825,F,False,False,usa,colorado springs,COS,24,Colorado,8,2,1,2,0.5,1.0,1.0,501.62,0.5,6.0,501.62,1480.3
547834,F,False,False,usa,providence,PVD,28,Rhode Island,8,0,0,0,,,,,,,,
547857,F,True,True,usa,new york,JFK,67,New York,9,1,1,1,0.0,1.0,1.0,605.2,0.0,2.0,605.2,436.0
547911,F,False,True,usa,san francisco,SFO,42,California,8,2,2,2,0.0,1.0,0.5,500.645,0.0,1.5,1001.29,344.0
547966,F,True,True,usa,wichita,ICT,46,Kansas,8,2,1,2,0.0,2.0,1.0,167.565,1.0,9.0,335.13,6011.0
547997,F,True,False,usa,los angeles,LAX,60,California,8,1,1,0,0.0,1.0,1.0,327.48,,,327.48,
548022,F,True,False,usa,san antonio,SAT,49,Texas,8,4,4,4,0.25,1.0,0.75,355.875,0.5,5.5,1395.094,3330.0
548032,F,False,False,usa,chicago,ORD,44,Illinois,8,3,3,2,0.0,1.6666666666666667,0.6666666666666666,287.9877777777778,0.0,1.5,1109.93,1322.0
548037,F,True,False,usa,new york,JFK,51,New York,8,2,2,2,0.0,1.0,1.0,576.97,0.5,2.0,1153.94,662.0
548120,F,False,False,usa,tampa,MCF,49,Florida,9,3,3,2,0.6666666666666666,1.0,1.0,334.02,0.0,1.0,939.494,317.1
548123,M,True,True,canada,edmonton,YEG,50,Alberta,8,0,0,0,,,,,,,,
548185,F,False,False,usa,long beach,LGB,29,California,9,2,0,2,0.0,,,,0.0,8.0,,2916.0
548189,F,False,False,canada,montreal,YUL,32,Quebec,8,3,1,3,0.6666666666666666,3.0,0.0,91.60333333333334,0.3333333333333333,4.666666666666667,261.0695,4467.4
548193,F,False,True,usa,denver,DEN,20,Colorado,8,1,1,0,0.0,1.0,1.0,283.93,,,283.93,
548256,F,True,True,usa,cleveland,CLE,44,Ohio,8,4,3,3,0.0,1.0,0.3333333333333333,281.48,0.0,3.0,844.44,1570.0
548258,M,False,False,usa,louisville,LOU,47,Kentucky,9,6,6,6,0.3333333333333333,1.0,0.3333333333333333,302.09666666666664,0.16666666666666666,2.1666666666666665,1747.08,2452.4
548272,F,True,True,usa,chicago,MDW,45,Illinois,8,3,3,3,0.3333333333333333,1.0,1.0,227.59333333333333,0.3333333333333333,6.0,640.294,5715.0
548391,F,True,True,canada,toronto,YKZ,59,Ontario,8,1,1,1,0.0,1.0,1.0,363.18,0.0,2.0,363.18,506.0
548422,F,True,False,usa,tulsa,TUL,41,Oklahoma,8,4,4,4,0.0,1.0,1.0,385.02,0.0,3.25,1540.08,2690.0
548448,F,False,False,usa,sacramento,SAC,65,California,8,3,1,3,0.0,1.0,0.0,582.82,0.3333333333333333,9.333333333333334,582.82,8465.0
548474,F,True,True,usa,anchorage,ANC,35,Alaska,8,3,1,2,0.0,1.0,0.0,689.31,0.0,7.0,689.31,3529.0
548488,F,False,False,usa,new york,JFK,39,New York,8,3,3,3,0.0,1.3333333333333333,0.6666666666666666,271.1583333333333,0.6666666666666666,1.6666666666666667,902.4599999999999,1042.0
548651,F,True,True,usa,milwaukee,MKE,46,Wisconsin,8,5,5,4,0.8,1.4,0.4,298.522,0.25,2.0,1723.3895,1536.6
548708,M,True,False,usa,cleveland,CLE,41,Ohio,8,3,2,3,0.3333333333333333,1.0,0.0,227.01,0.0,6.0,454.02,6009.5
548853,F,True,False,canada,quebec,YQB,56,Quebec,8,3,2,2,0.3333333333333333,2.0,1.0,223.46666666666664,0.5,3.0,1107.4264999999998,1554.0
548872,F,False,True,usa,chicago,MDW,22,Illinois,8,1,0,1,1.0,,,,0.0,4.0,,664.0
548961,F,False,True,usa,san antonio,RND,42,Texas,8,3,2,2,0.3333333333333333,1.0,0.5,286.645,0.5,5.5,547.6020000000001,2695.0
548990,F,False,False,usa,los angeles,LAX,35,California,8,2,1,2,0.5,1.0,1.0,687.54,0.5,4.0,687.54,434.4
549115,F,False,True,canada,victoria,YYJ,35,British Columbia,8,1,1,1,0.0,1.0,0.0,263.86,0.0,12.0,263.86,4188.0
549116,F,True,True,usa,columbus,LCK,46,Ohio,8,3,3,3,0.0,1.3333333333333333,0.0,152.20166666666668,0.6666666666666666,5.0,600.65,6773.0
549121,F,False,False,usa,san antonio,SKF,76,Texas,8,1,1,1,0.0,1.0,1.0,227.99,0.0,3.0,227.99,462.0
549152,F,False,False,canada,quebec,YQB,35,Quebec,8,3,2,3,0.3333333333333333,1.0,0.0,404.95000000000005,0.3333333333333333,4.333333333333333,809.9000000000001,2180.0
549154,M,True,True,canada,toronto,YKZ,51,Ontario,8,5,3,5,0.8,1.0,0.3333333333333333,366.05,0.4,5.2,1066.262,4261.6
549190,F,False,False,canada,montreal,YMX,19,Quebec,8,1,0,1,0.0,,,,1.0,6.0,,738.0
549235,F,True,True,usa,los angeles,LAX,43,California,9,2,0,2,0.5,,,,1.0,7.5,,4042.0
549251,F,False,True,usa,los angeles,LAX,33,California,8,2,2,1,0.0,1.0,0.0,688.78,0.0,3.0,1377.56,492.0
549290,M,False,False,usa,norfolk,ORF,21,Virginia,8,1,0,1,0.0,,,,0.0,11.0,,1782.0
549313,F,False,True,usa,corpus christi,CRP,47,Texas,8,2,2,2,0.0,1.0,0.0,163.70000000000002,0.0,1.5,327.40000000000003,469.0
549320,F,False,True,usa,long beach,LGB,20,California,8,2,0,2,0.0,,,,0.0,4.5,,1704.0
549357,F,False,False,usa,new orleans,MSY,48,Louisiana,9,2,2,1,0.5,1.0,1.0,314.83,0.0,5.0,583.501,655.5
549359,F,False,True,usa,colorado springs,COS,38,Colorado,8,3,3,3,0.0,1.0,0.3333333333333333,382.7733333333333,0.0,2.3333333333333335,1148.32,2632.0
549361,F,True,True,usa,new york,JFK,54,New York,8,4,4,4,0.5,1.25,1.0,304.9375,0.25,3.5,1171.7395,1889.0
549366,M,True,True,usa,new york,JFK,50,New York,8,0,0,0,,,,,,,,
549389,F,False,True,usa,phoenix,LUF,21,Arizona,8,2,0,2,0.5,,,,0.0,6.5,,4572.25
549450,F,True,True,usa,richmond,RIC,47,Virginia,8,0,0,0,,,,,,,,
549466,F,True,False,usa,philadelphia,PNE,50,Pennsylvania,8,3,3,2,0.0,1.0,0.3333333333333333,126.96666666666665,0.0,1.0,380.9,573.0
549472,F,False,False,canada,hamilton,YHM,25,Ontario,8,1,1,1,0.0,1.0,0.0,104.51,0.0,1.0,104.51,160.0
549515,F,False,True,canada,ottawa,YOW,46,Ontario,8,5,4,4,0.6,1.25,0.5,351.34749999999997,0.75,2.5,2013.462,2517.4
549569,F,True,False,usa,minneapolis,MSP,51,Minnesota,8,3,3,2,0.6666666666666666,1.3333333333333333,0.6666666666666666,305.94,0.5,2.5,1257.356,970.8
549572,F,False,True,usa,new york,LGA,57,New York,8,4,4,4,0.25,1.5,0.5,148.66416666666666,0.25,2.75,1020.91,1938.6
549579,F,False,False,usa,st. louis,STL,45,Missouri,8,1,1,1,0.0,1.0,0.0,183.7,0.0,2.0,183.7,232.0
549580,F,True,False,usa,dallas,DAL,49,Texas,8,6,6,6,0.16666666666666666,1.1666666666666667,0.16666666666666666,259.5933333333333,0.3333333333333333,2.5,1978.24,2722.4
549584,F,True,False,usa,san francisco,SFO,46,California,8,2,2,2,0.0,1.5,1.5,638.6775,0.0,6.0,2013.56,1048.0
549608,F,True,True,usa,columbus,LCK,61,Ohio,9,0,0,0,,,,,,,,
549623,M,False,True,usa,louisville,LOU,41,Kentucky,8,4,4,4,0.25,1.5,0.25,177.18,0.5,1.25,1171.88,1140.2
549710,F,True,True,usa,los angeles,LAX,40,California,8,5,4,5,0.2,1.0,0.5,555.6800000000001,0.4,4.6,2222.7200000000003,3232.4
549733,M,False,False,usa,chicago,ORD,37,Illinois,8,2,2,1,0.0,1.0,0.5,1108.725,1.0,5.0,2217.45,1775.0
549759,F,True,False,canada,montreal,YHU,69,Quebec,8,0,0,0,,,,,,,,
549777,F,True,True,canada,edmonton,YXD,32,,8,1,1,1,1.0,1.0,0.0,533.85,1.0,2.0,533.85,81.0
549800,F,True,True,usa,knoxville,TYS,42,Tennessee,8,2,2,1,0.5,1.5,3.5,322.735,0.0,2.0,1204.19,140.0
549850,F,False,False,canada,winnipeg,YAV,52,,8,4,4,4,0.25,1.0,0.25,316.3175,0.0,5.5,1251.7224999999999,1181.0
549894,F,True,True,usa,denver,DEN,51,Colorado,9,1,1,0,0.0,1.0,0.0,232.92,,,232.92,
549938,F,False,False,usa,los angeles,LAX,40,California,8,2,1,2,0.0,1.0,1.0,315.72,0.0,4.0,315.72,1153.0
549988,F,True,False,usa,los angeles,LAX,52,California,9,1,1,0,0.0,1.0,1.0,658.47,,,658.47,
550022,F,False,False,canada,edmonton,YXD,25,,8,0,0,0,,,,,,,,
550077,M,True,False,canada,montreal,YUL,53,Quebec,8,2,2,2,0.5,1.0,0.0,338.275,0.5,1.0,676.55,209.4
550110,F,True,False,canada,halifax,YHZ,56,Nova Scotia,9,2,2,2,0.0,1.0,0.5,456.645,0.5,6.5,913.29,1658.0
550229,F,False,False,canada,edmonton,YEG,40,Alberta,8,3,3,3,0.0,1.3333333333333333,0.3333333333333333,484.2266666666667,0.3333333333333333,2.3333333333333335,1847.23,899.0
550298,F,False,False,usa,las vegas,LSV,26,Nevada,8,1,0,1,0.0,,,,1.0,8.0,,528.0
550400,F,True,False,usa,new york,JFK,75,New York,8,1,1,1,0.0,1.0,0.0,399.62,0.0,7.0,399.62,1449.0
550426,F,True,True,canada,windsor,YQG,52,Ontario,9,4,3,4,0.5,1.0,0.0,101.48333333333333,0.25,7.25,265.353,6433.9
550455,F,True,True,usa,jacksonville,NZC,53,Ica,8,2,1,2,0.0,1.0,0.0,715.94,0.0,5.0,715.94,1660.0
550460,F,False,False,usa,las vegas,LAS,47,Nevada,8,4,3,4,0.5,1.0,0.0,539.2766666666666,0.0,4.5,1567.862,2395.8
550482,F,False,True,canada,windsor,YQG,24,Ontario,8,0,0,0,,,,,,,,
550506,F,True,True,usa,montgomery,MXF,42,Alabama,8,2,1,2,0.5,3.0,1.0,282.6033333333333,0.5,5.0,847.81,8595.0
550579,F,True,True,usa,portland,PDX,48,Oregon,8,5,5,3,0.6,1.4,1.2,736.013,0.0,5.0,5239.138,2885.0
550703,F,True,False,usa,san jose,SJC,71,California,8,2,0,2,0.0,,,,0.5,10.5,,7762.0
550711,F,False,False,usa,new york,LGA,19,New York,8,1,1,1,0.0,1.0,0.0,44.93,0.0,1.0,44.93,503.0
550754,F,True,True,usa,tulsa,TUL,54,Oklahoma,10,3,3,3,0.3333333333333333,1.0,0.3333333333333333,186.56000000000003,0.3333333333333333,4.666666666666667,551.704,3476.0
550804,M,True,True,usa,dallas,DAL,49,Texas,8,1,1,1,0.0,1.0,0.0,435.62,0.0,1.0,435.62,180.0
550830,F,True,False,usa,atlanta,ATL,80,Georgia,8,0,0,0,,,,,,,,
550868,F,True,False,usa,jacksonville,NIP,50,Florida,8,1,1,1,0.0,1.0,0.0,141.38,0.0,1.0,141.38,314.0
550904,F,True,False,usa,new york,JFK,49,New York,9,5,5,5,0.2,1.2,0.4,413.733,0.4,1.8,2715.157,2038.0
550973,F,False,False,usa,detroit,YIP,45,Michigan,10,4,4,4,0.25,1.0,0.75,165.95999999999998,0.25,1.5,630.606,609.0
550985,F,False,False,usa,laredo,LRD,49,Texas,8,2,2,2,1.0,2.0,0.0,485.0516666666667,0.5,3.0,1910.89,511.65
551023,F,False,False,usa,denver,DEN,59,Colorado,8,3,3,2,0.3333333333333333,1.0,0.6666666666666666,390.26,0.0,2.5,1125.5990000000002,904.0
551051,F,False,True,canada,london,YXU,51,Ontario,8,1,0,1,1.0,,,,1.0,9.0,,567.0
551116,F,False,False,canada,ottawa,YOW,42,Ontario,8,2,2,2,0.0,1.0,1.0,553.2249999999999,0.0,5.5,1106.4499999999998,2544.0
551237,F,False,False,usa,tulsa,TUL,45,Oklahoma,8,2,2,1,0.0,1.0,0.5,307.395,0.0,1.0,614.79,113.0
551241,M,False,False,usa,los angeles,LAX,31,California,8,3,2,2,0.0,1.0,0.5,507.57500000000005,0.0,4.0,1015.1500000000001,1269.0
551278,F,True,False,usa,austin,AUS,43,Texas,8,2,2,1,0.0,1.0,0.0,381.185,1.0,1.0,762.37,150.0
551282,F,True,False,usa,oakland,OAK,57,California,8,4,4,4,0.5,1.0,0.75,194.12,0.5,2.0,757.4014999999999,1047.1
551331,F,True,True,canada,winnipeg,YWG,52,Manitoba,8,3,3,3,0.3333333333333333,1.3333333333333333,1.0,330.3333333333333,0.3333333333333333,3.0,1184.6565,2070.2
551340,F,True,False,usa,portland,PWM,38,Maine,8,2,1,1,0.0,2.0,2.0,85.325,0.0,5.0,170.65,2690.0
551359,F,False,False,usa,denver,DEN,47,Colorado,8,5,3,5,0.0,1.0,1.0,342.1766666666667,0.2,4.8,1026.53,5963.0
551430,F,False,True,canada,vancouver,YVR,46,British Columbia,8,2,2,2,0.0,1.5,1.0,663.6925,0.0,2.0,1990.99,1021.0
551431,F,False,False,usa,san diego,SAN,24,California,9,0,0,0,,,,,,,,
551448,F,True,False,usa,grand rapids,GRR,49,Michigan,8,3,3,2,0.3333333333333333,1.3333333333333333,0.3333333333333333,380.46166666666664,0.5,1.0,1438.426,222.10000000000002
551468,F,False,False,usa,oakland,OAK,54,California,8,4,4,4,0.0,1.0,0.5,461.9175,0.25,4.5,1847.67,3514.0
551486,F,False,True,usa,chicago,ORD,20,Illinois,9,1,1,1,0.0,2.0,0.0,433.42,1.0,1.0,866.84,448.0
551501,F,True,False,usa,shreveport,BAD,69,Louisiana,8,0,0,0,,,,,,,,
551549,F,False,True,canada,toronto,YTZ,61,Ontario,8,3,3,2,0.0,1.0,0.0,227.63,0.0,1.0,682.89,252.0
551560,F,False,True,usa,minneapolis,MSP,39,Minnesota,8,1,1,1,1.0,1.0,0.0,489.59,1.0,1.0,489.59,146.29999999999998
551567,F,True,False,usa,los angeles,LAX,53,California,8,6,6,6,0.16666666666666666,1.1666666666666667,0.8333333333333334,589.5458333333333,0.3333333333333333,3.3333333333333335,4265.1125,4110.0
551576,F,False,False,usa,tallahassee,TLH,20,Florida,8,1,1,1,0.0,1.0,1.0,198.03,0.0,3.0,198.03,249.0
551600,F,False,False,usa,boston,BOS,20,Massachusetts,8,1,1,1,0.0,2.0,1.0,423.53,0.0,7.0,847.06,5124.0
551615,F,True,False,usa,omaha,OFF,32,Nebraska,8,2,1,1,0.5,1.0,0.0,235.86,0.0,4.0,235.86,464.0
551620,F,False,False,usa,chicago,UGN,32,Illinois,8,3,2,2,1.0,1.0,0.0,367.325,0.5,3.0,654.655,662.25
551622,M,True,False,usa,san antonio,SKF,60,Texas,8,0,0,0,,,,,,,,
551662,F,False,False,usa,san diego,SAN,48,California,8,1,1,1,0.0,1.0,0.0,519.88,0.0,3.0,519.88,297.0
551671,F,False,True,canada,winnipeg,YAV,26,,8,0,0,0,,,,,,,,
551681,F,False,False,canada,edmonton,YXD,33,,8,2,2,2,0.5,2.0,0.5,480.62833333333333,1.0,1.0,1795.0969999999998,549.0
551718,F,False,True,usa,baltimore,BWI,35,Maryland,8,3,2,3,0.0,2.0,0.5,130.21,0.3333333333333333,6.666666666666667,366.58000000000004,6297.0
551834,F,True,False,usa,cleveland,CLE,57,Ohio,8,3,2,2,0.0,1.0,0.0,118.16,0.5,4.0,236.32,1881.0
551847,F,True,False,usa,washington,DCA,39,Virginia,8,2,2,2,0.5,1.0,0.5,262.33,0.0,6.5,524.66,2422.0
551914,F,False,False,canada,calgary,YYC,53,Alberta,8,2,2,2,0.0,1.0,1.0,586.36,0.0,1.0,1172.72,355.0
551990,F,False,False,usa,washington,IAD,20,Virginia,9,3,2,3,0.0,1.5,0.0,450.9275,0.6666666666666666,6.666666666666667,1255.53,3645.0
552088,F,False,False,usa,kansas city,MCI,31,Missouri,8,3,2,3,0.3333333333333333,1.0,0.0,275.155,0.0,3.3333333333333335,405.0355,479.0
552165,F,True,True,usa,bakersfield,BFL,59,California,8,0,0,0,,,,,,,,
552192,F,False,False,usa,los angeles,LAX,40,California,8,5,4,5,0.0,1.25,0.75,398.88375,0.0,1.8,2255.51,1059.0
552209,F,False,False,usa,indianapolis,IND,54,Gujarat,8,1,1,0,1.0,3.0,1.0,139.88333333333333,,,356.7025,
552303,F,True,False,usa,oklahoma city,OKC,58,Oklahoma,8,4,3,4,0.0,1.0,0.6666666666666666,200.03333333333333,0.0,6.0,600.1,3881.0
552314,F,True,True,usa,san diego,SAN,55,California,8,4,3,2,0.25,1.0,0.3333333333333333,636.8433333333334,0.5,3.0,1814.9965,738.0
552345,M,True,True,usa,san jose,SJC,43,California,8,3,3,3,0.0,1.3333333333333333,0.3333333333333333,683.7950000000001,0.3333333333333333,1.0,2918.05,844.0
552363,F,True,False,canada,saskatoon,YXE,34,Saskatchewan,8,3,3,3,0.6666666666666666,1.0,1.0,320.89000000000004,0.6666666666666666,2.6666666666666665,962.6700000000001,1408.3000000000002
552372,F,True,False,canada,ottawa,YOW,51,Ontario,8,2,2,2,0.0,1.0,0.5,239.96499999999997,0.0,1.0,479.92999999999995,237.0
552414,F,False,False,usa,las vegas,LSV,34,Nevada,8,4,4,4,0.5,1.0,0.25,352.3625,0.75,3.25,1409.45,2291.9
552432,F,True,False,usa,new york,JFK,51,New York,8,4,4,3,0.0,1.5,0.75,348.065,0.6666666666666666,2.3333333333333335,2513.59,2598.0
552440,F,True,True,usa,san jose,SJC,58,California,8,2,2,2,0.0,1.0,0.5,341.83000000000004,0.0,2.0,683.6600000000001,201.0
552473,F,False,False,canada,montreal,YUL,41,Quebec,8,3,3,1,0.0,1.0,0.3333333333333333,729.3633333333333,0.0,1.0,2188.09,80.0
552487,F,True,False,usa,new orleans,NBG,52,Louisiana,8,2,1,2,0.5,1.0,0.0,476.52,0.5,2.0,476.52,591.1
552532,F,True,True,usa,los angeles,LAX,56,California,8,2,2,2,0.0,2.5,0.5,202.79083333333335,0.0,2.0,869.51,1670.0
552558,F,True,True,canada,vancouver,YVR,54,British Columbia,8,4,2,4,0.25,1.0,1.0,444.14,0.5,4.25,888.28,2132.2
552598,F,True,True,usa,san diego,SAN,55,California,9,3,3,2,0.0,1.3333333333333333,0.3333333333333333,358.4266666666667,0.0,1.0,1202.55,238.0
552613,F,False,True,usa,philadelphia,PNE,46,Pennsylvania,8,4,4,4,0.5,1.0,0.0,272.5725,0.25,2.75,1051.999,2247.0
552623,F,False,True,usa,austin,AUS,20,Texas,8,1,1,1,0.0,2.0,2.0,3026.45,0.0,9.0,6052.9,495.0
552642,F,True,False,usa,phoenix,LUF,45,Arizona,8,3,3,3,0.3333333333333333,1.0,0.6666666666666666,317.87333333333333,0.3333333333333333,1.6666666666666667,889.6825,1445.25
552643,F,True,True,canada,saskatoon,YXE,47,Saskatchewan,8,3,3,3,0.0,1.0,0.0,318.43333333333334,0.6666666666666666,1.6666666666666667,955.3,850.0
552653,F,True,False,usa,philadelphia,PHL,61,Pennsylvania,9,1,1,1,1.0,1.0,0.0,127.03,1.0,2.0,127.03,180.0
552661,F,False,False,usa,dallas,DAL,32,Texas,8,3,3,3,0.6666666666666666,1.0,0.6666666666666666,175.35333333333332,0.0,3.3333333333333335,515.447,1136.5
552726,F,True,True,canada,victoria,YYJ,62,British Columbia,9,1,0,1,1.0,,,,0.0,4.0,,816.0
552734,F,False,True,usa,nashville,BNA,54,Tennessee,8,4,4,3,0.0,1.0,1.0,323.5375,0.0,2.6666666666666665,1294.15,978.0
552763,M,True,False,usa,omaha,OMA,45,Iowa,8,3,3,2,0.0,1.0,1.0,300.52666666666664,0.0,1.0,901.5799999999999,183.0
552775,F,False,False,canada,calgary,YYC,23,Alberta,8,3,2,3,0.0,1.0,1.0,399.83000000000004,0.3333333333333333,2.0,799.6600000000001,2528.0
552809,F,False,False,usa,nashville,BNA,36,Tennessee,8,4,3,3,0.5,1.0,0.6666666666666666,362.77,0.0,4.0,1088.31,1883.2
552861,F,True,False,usa,new york,LGA,47,New York,8,1,1,1,0.0,2.0,0.0,355.145,0.0,2.0,710.29,312.0
552904,F,False,True,usa,new york,JFK,50,New York,8,4,4,4,0.75,1.25,0.5,225.99875,0.5,3.25,963.5540000000001,2012.9
553139,F,False,False,usa,st. louis,STL,43,Missouri,9,4,4,4,0.5,1.75,0.75,399.9920833333333,0.0,2.25,2410.8475,3564.0
553151,F,True,True,usa,omaha,OFF,49,Nebraska,8,4,3,2,0.25,1.0,1.0,360.64000000000004,0.0,6.5,1081.92,795.0
553208,F,False,False,usa,richmond,RIC,27,Virginia,9,1,0,1,0.0,,,,0.0,9.0,,531.0
553220,F,False,True,usa,bakersfield,BFL,60,California,9,3,2,3,0.3333333333333333,1.0,0.0,195.69500000000002,0.6666666666666666,3.3333333333333335,388.199,2602.0
553231,F,True,True,usa,milwaukee,MKE,51,Wisconsin,8,3,3,3,0.3333333333333333,1.6666666666666667,0.6666666666666666,89.40222222222222,0.3333333333333333,2.6666666666666665,715.3,1334.4
553339,F,False,False,usa,riverside,RIV,45,California,8,4,4,3,0.0,1.0,1.0,377.06,0.6666666666666666,4.666666666666667,1508.24,4782.0
553456,M,False,False,usa,nashville,BNA,45,Tennessee,8,3,3,2,0.0,1.6666666666666667,0.6666666666666666,269.59499999999997,0.5,1.5,1585.31,1494.0
553533,F,False,True,usa,rochester,ROC,43,New York,9,1,1,1,0.0,1.0,1.0,158.96,1.0,1.0,158.96,87.0
553607,F,True,True,usa,omaha,OFF,54,Nebraska,9,3,3,3,0.6666666666666666,1.3333333333333333,0.6666666666666666,288.31666666666666,0.6666666666666666,4.666666666666667,1047.3319999999999,3296.55
553645,F,True,False,usa,cleveland,CLE,56,Ohio,8,4,3,3,0.25,1.0,1.0,267.6233333333333,0.0,1.6666666666666667,802.8699999999999,3020.0
553664,F,False,False,canada,ottawa,YOW,55,Ontario,8,2,2,2,1.0,1.0,0.5,324.49,0.5,2.5,632.7905,1091.7
553690,F,True,False,usa,los angeles,LAX,70,California,8,0,0,0,,,,,,,,
553704,F,False,False,usa,los angeles,LAX,27,California,8,2,1,2,1.0,2.0,1.0,514.995,0.0,4.5,926.991,1362.0
553754,F,True,True,usa,shreveport,SHV,50,Louisiana,8,3,3,3,0.0,1.3333333333333333,0.3333333333333333,295.44666666666666,0.0,3.0,1076.84,1142.0
553783,F,False,False,usa,los angeles,LAX,36,California,8,1,1,1,0.0,1.0,0.0,30.0,0.0,1.0,30.0,351.0
553805,F,True,True,usa,minneapolis,MSP,52,Minnesota,8,2,2,2,0.0,1.5,0.5,308.315,0.0,1.0,917.36,943.0
553938,F,False,False,usa,oakland,OAK,46,California,8,2,2,2,0.0,1.0,1.0,525.7049999999999,0.5,3.0,1051.4099999999999,496.0
553943,F,False,False,usa,tucson,DMA,49,Arizona,8,4,4,3,0.0,1.5,0.5,353.7375,0.3333333333333333,2.0,2763.07,1317.0
553967,F,False,True,usa,phoenix,LUF,43,Arizona,8,2,2,1,0.0,1.0,0.0,421.095,0.0,4.0,842.19,496.0
553985,F,False,False,usa,san jose,SJC,39,California,8,2,2,2,0.0,1.0,0.0,461.7,0.0,3.0,923.4,207.0
554175,F,True,False,usa,tallahassee,TLH,48,Florida,9,3,3,3,0.0,1.3333333333333333,0.6666666666666666,461.9266666666667,0.0,3.0,2080.3,1543.0
554202,F,False,False,usa,new york,LGA,20,New York,8,2,1,2,1.0,1.0,1.0,810.97,0.5,4.0,770.4215,657.9
554213,F,False,False,usa,memphis,MEM,32,Tennessee,8,2,2,2,0.0,1.0,1.0,325.53499999999997,0.5,1.5,651.0699999999999,360.0
554217,F,False,False,usa,boston,BOS,27,Massachusetts,8,2,2,1,0.0,1.5,0.5,661.4725000000001,0.0,3.0,1982.45,870.0
554284,F,True,True,usa,san antonio,SAT,38,Texas,8,2,2,2,0.5,1.0,1.0,185.16,0.5,1.0,365.37,445.0
554289,F,False,False,usa,newark,EWR,24,New Jersey,8,1,0,1,0.0,,,,0.0,9.0,,1296.0
554299,F,True,False,usa,santa ana,SNA,70,California,8,0,0,0,,,,,,,,
554413,F,False,True,usa,santa ana,SNA,44,California,8,4,4,3,0.25,1.0,0.75,586.11,0.0,5.333333333333333,2218.9125,2776.0
554450,F,False,False,usa,boston,BOS,27,Massachusetts,9,0,0,0,,,,,,,,
554532,F,False,False,canada,vancouver,YVR,41,British Columbia,8,3,3,3,0.0,1.0,0.3333333333333333,505.8766666666667,0.3333333333333333,3.3333333333333335,1517.63,1754.0
554560,F,False,False,canada,calgary,YYC,22,Alberta,8,1,1,1,1.0,1.0,0.0,586.32,1.0,3.0,469.05600000000004,906.3
554670,F,True,False,usa,austin,AUS,56,Texas,8,2,2,1,0.5,1.0,0.5,473.64,0.0,2.0,847.4639999999999,96.0
554681,F,True,True,usa,columbus,CMH,26,Ohio,8,1,0,1,0.0,,,,0.0,7.0,,3500.0
554801,F,False,False,canada,toronto,YYZ,54,Ontario,8,3,3,3,0.0,1.0,0.0,1174.76,0.0,3.0,3524.2799999999997,2798.0
554866,F,False,False,usa,akron,AKR,21,Ondo,9,0,0,0,,,,,,,,
554922,F,True,False,usa,winston-salem,INT,42,North Carolina,8,1,1,1,0.0,1.0,0.0,327.51,0.0,4.0,327.51,272.0
554939,F,False,False,usa,phoenix,PHX,26,Arizona,8,0,0,0,,,,,,,,
555030,F,False,False,usa,long beach,LGB,26,California,8,0,0,0,,,,,,,,
555075,F,False,False,usa,memphis,MEM,20,Tennessee,8,0,0,0,,,,,,,,
555083,F,True,True,usa,louisville,LOU,61,Kentucky,8,2,2,2,0.0,1.0,1.0,260.925,1.0,5.5,521.85,4068.0
555108,F,False,False,usa,fort worth,FTW,41,Texas,8,3,3,2,0.3333333333333333,1.0,0.6666666666666666,276.93,0.0,4.0,830.79,1112.0
555135,F,False,False,usa,houston,EFD,52,Texas,9,6,3,6,0.5,1.0,0.3333333333333333,283.74666666666667,0.16666666666666666,4.5,851.24,4388.1
555147,F,False,False,usa,denver,DEN,19,Colorado,9,1,1,1,0.0,1.0,1.0,517.59,0.0,1.0,517.59,104.0
555180,F,True,True,usa,houston,IAH,46,Texas,8,2,1,2,0.0,1.0,0.0,386.41,0.0,5.5,386.41,3042.0
555186,F,False,True,usa,portland,PDX,42,Oregon,8,4,4,4,0.25,1.0,0.75,546.4375,0.5,1.75,2185.75,1757.6
555187,F,True,False,usa,winston-salem,INT,66,North Carolina,8,0,0,0,,,,,,,,
555191,F,True,False,usa,new orleans,NBG,56,Louisiana,9,2,2,2,0.5,1.5,0.5,274.3575,0.5,4.0,1014.77,1557.0
555193,M,True,True,usa,jacksonville,JAX,52,Florida,8,2,2,2,1.0,1.0,0.5,410.22999999999996,0.5,2.0,799.2449999999999,264.20000000000005
555203,F,False,False,usa,boston,BOS,66,Massachusetts,9,2,0,2,0.0,,,,0.5,7.5,,3741.0
555257,F,False,True,usa,new york,JFK,30,New York,8,3,3,3,0.3333333333333333,1.0,0.6666666666666666,349.71000000000004,0.3333333333333333,5.0,985.9725000000001,1237.0
555275,F,False,False,usa,chicago,UGN,62,Illinois,8,2,2,2,0.0,1.0,0.5,247.015,0.0,1.5,494.03,544.0
555301,F,True,True,usa,des moines,DSM,47,Iowa,8,4,3,4,0.0,1.0,0.6666666666666666,247.25666666666666,0.5,2.75,741.77,2409.0
555418,F,True,False,usa,jacksonville,JAX,78,Florida,8,0,0,0,,,,,,,,
555478,F,False,False,usa,new york,LGA,32,New York,8,3,3,3,0.3333333333333333,1.3333333333333333,0.3333333333333333,471.5183333333334,0.3333333333333333,4.333333333333333,1754.1365,3627.0
555484,F,False,False,usa,el paso,BIF,42,Texas,8,5,4,5,0.2,1.0,0.75,363.55,0.0,4.6,1454.2,6023.0
555492,F,False,False,usa,atlanta,ATL,53,Georgia,8,2,2,1,0.0,1.0,1.0,230.05,0.0,1.0,460.1,178.0
555499,F,True,True,canada,montreal,YMX,45,Quebec,8,4,3,4,0.25,1.0,1.3333333333333333,454.1833333333334,0.0,3.25,1362.5500000000002,2315.0
555521,F,True,False,usa,tulsa,TUL,52,Oklahoma,9,2,2,2,0.5,1.0,0.5,397.845,0.0,12.5,681.7975,7655.0
555587,F,True,False,usa,miami,OPF,38,Florida,8,4,3,3,0.25,1.0,0.3333333333333333,600.65,0.3333333333333333,3.3333333333333335,1801.9499999999998,2522.4
555648,M,False,False,usa,austin,AUS,43,Texas,9,5,5,5,0.4,1.2,0.4,326.16999999999996,0.2,3.0,1868.424,2475.6
555656,F,False,False,usa,new york,JFK,33,New York,8,0,0,0,,,,,,,,
555710,F,True,False,canada,toronto,YZD,49,,10,3,2,3,0.0,2.0,1.0,143.89249999999998,0.0,5.333333333333333,575.5699999999999,4348.0
555773,F,False,False,usa,minneapolis,MSP,24,Minnesota,8,0,0,0,,,,,,,,
555784,M,True,True,usa,oklahoma city,TIK,37,Oklahoma,8,3,2,3,0.0,1.5,0.0,312.1925,0.3333333333333333,6.0,876.37,4738.0
555818,F,False,False,usa,cleveland,CLE,26,Ohio,8,0,0,0,,,,,,,,
555850,F,True,True,usa,memphis,MEM,52,Tennessee,8,2,2,2,0.0,1.0,1.0,169.415,0.5,4.5,338.83,942.0
555894,F,True,False,usa,birmingham,BHM,48,Alabama,9,4,4,3,0.75,1.25,0.75,216.89375,0.3333333333333333,1.6666666666666667,1026.85,817.1
555934,M,False,False,canada,quebec,YQB,37,Quebec,9,3,3,3,0.0,1.0,0.6666666666666666,311.3066666666667,0.3333333333333333,2.0,933.9200000000001,1205.0
555960,F,True,False,usa,colorado springs,COS,71,Colorado,8,0,0,0,,,,,,,,
555997,F,False,False,canada,montreal,YUL,44,Quebec,8,7,7,6,0.14285714285714285,1.0,0.2857142857142857,319.09857142857146,0.5,2.3333333333333335,2233.69,3852.1
556019,F,True,False,usa,indianapolis,IND,60,Gujarat,9,3,3,3,0.0,1.0,0.3333333333333333,267.2766666666667,0.0,2.6666666666666665,801.83,1018.0
556138,F,False,False,usa,tulsa,TUL,39,Oklahoma,8,4,3,4,0.0,1.0,0.6666666666666666,260.46,0.0,3.75,781.38,1565.0
556214,F,False,False,usa,houston,HOU,49,Texas,8,2,2,2,1.0,2.0,0.5,441.8616666666667,0.0,2.5,1823.8300000000002,580.5
556215,F,False,False,usa,houston,IAH,59,Texas,9,2,2,2,0.0,1.0,1.0,418.71000000000004,0.0,5.0,837.4200000000001,480.0
556395,F,False,False,canada,edmonton,YED,20,,8,0,0,0,,,,,,,,
556417,M,True,True,usa,dallas,DAL,32,Texas,8,0,0,0,,,,,,,,
556621,F,False,False,canada,toronto,YKZ,59,Ontario,8,1,0,1,0.0,,,,0.0,4.0,,2736.0
556622,F,True,False,usa,los angeles,LAX,55,California,8,4,4,2,0.0,1.5,0.5,344.3325,0.0,3.0,2400.91,2172.0
556623,F,True,False,usa,newark,EWR,41,New Jersey,8,1,1,1,1.0,1.0,1.0,424.46,0.0,3.0,297.12199999999996,177.0
556647,F,False,False,canada,ottawa,YOW,48,Ontario,8,2,2,2,1.0,1.0,0.5,491.295,0.5,2.5,884.331,2347.0
556714,F,False,False,usa,memphis,MEM,40,Tennessee,8,2,2,2,0.5,1.5,0.0,187.29500000000002,1.0,1.0,547.952,441.0
556830,F,True,False,usa,new york,JFK,53,New York,8,3,1,2,0.3333333333333333,1.0,0.0,168.18,1.0,6.5,168.18,3568.9
556841,F,False,True,canada,toronto,YKZ,36,Ontario,8,3,2,2,0.3333333333333333,1.0,0.0,349.01,0.5,2.5,698.02,396.0
556900,F,False,False,usa,new york,JFK,20,New York,8,1,0,1,1.0,,,,0.0,2.0,,153.60000000000002
556904,F,True,False,usa,los angeles,LAX,61,California,8,3,3,3,0.3333333333333333,1.0,0.6666666666666666,408.99,0.0,4.0,1157.644,2838.0
557005,M,False,True,canada,hamilton,YHM,52,Ontario,8,4,3,4,0.25,1.3333333333333333,1.0,853.5233333333334,0.0,6.5,4912.68,5569.0
557010,F,False,False,usa,salt lake city,SLC,20,Utah,8,0,0,0,,,,,,,,
557033,F,True,False,usa,milwaukee,MKE,58,Wisconsin,8,3,3,3,0.0,1.0,0.6666666666666666,211.45333333333335,0.0,3.0,634.36,2016.0
557118,F,False,False,usa,dallas,DAL,42,Texas,9,5,5,5,0.4,1.0,0.6,300.144,0.2,2.2,1493.734,1436.2
557134,F,True,False,usa,washington,IAD,59,Virginia,8,5,2,5,0.2,1.0,0.5,122.325,0.4,6.8,244.65,13624.0
557236,F,True,False,usa,los angeles,LAX,56,California,8,4,4,4,0.0,1.25,0.25,573.77125,0.75,1.75,3018.5,1361.0
557262,F,True,True,usa,los angeles,LAX,29,California,8,3,2,3,0.3333333333333333,1.0,0.0,434.715,0.3333333333333333,7.0,869.43,3094.0
557298,F,False,False,canada,calgary,YYC,48,Alberta,8,2,2,2,0.0,1.5,0.0,218.065,0.0,3.0,556.27,1056.0
557307,O,True,True,usa,st. louis,STL,50,Missouri,8,1,1,1,0.0,1.0,0.0,464.45,0.0,2.0,464.45,226.0
557314,F,True,False,usa,houston,IAH,49,Texas,8,4,4,4,0.25,1.5,0.75,329.11333333333334,0.25,2.25,1762.7315,4315.0
557343,F,False,False,usa,new york,LGA,45,New York,8,1,1,1,1.0,1.0,0.0,95.52,0.0,1.0,95.52,73.95
557449,F,False,False,usa,san antonio,SAT,40,Texas,8,1,1,1,0.0,1.0,1.0,509.96,1.0,1.0,509.96,126.0
557476,M,False,False,usa,seattle,SEA,50,Washington,8,3,3,3,0.0,1.0,0.3333333333333333,526.1733333333333,0.3333333333333333,5.0,1578.52,2834.0
557492,M,False,True,usa,chicago,MDW,28,Illinois,8,2,1,2,0.0,1.0,0.0,252.54,0.5,5.0,252.54,7444.0
557508,F,False,False,usa,san jose,SJC,37,California,8,4,4,4,0.75,1.25,0.75,742.7425000000001,0.5,2.0,3665.032,1278.4
557525,M,False,True,canada,toronto,YYZ,44,Ontario,8,3,3,3,0.0,1.0,0.6666666666666666,269.3233333333333,0.0,1.0,807.97,625.0
557562,F,True,False,usa,new york,JFK,41,New York,8,5,3,5,0.4,1.0,0.3333333333333333,328.09666666666664,0.0,8.0,984.29,7865.1
557643,F,False,False,canada,vancouver,YVR,48,British Columbia,8,3,3,2,0.0,1.0,0.0,461.73,0.5,6.0,1385.19,1882.0
557726,F,True,False,usa,des moines,DSM,52,Iowa,8,1,1,0,1.0,1.0,0.0,298.28,,,223.70999999999998,
557815,F,True,False,usa,louisville,LOU,51,Kentucky,8,3,2,3,0.3333333333333333,1.0,0.5,286.69,0.3333333333333333,4.333333333333333,573.38,2029.1
557834,F,False,False,usa,los angeles,LAX,20,California,8,1,1,1,0.0,1.0,1.0,98.17,0.0,2.0,98.17,146.0
557851,F,True,False,usa,philadelphia,PHL,49,Pennsylvania,8,4,4,4,0.75,1.75,1.75,298.65708333333333,0.25,3.75,2896.59,4582.05
557876,F,False,False,usa,grand rapids,GRR,41,Michigan,8,3,3,2,0.3333333333333333,1.3333333333333333,0.0,253.96,0.0,1.0,1088.1,681.5
557963,F,True,False,usa,newport news,PHF,48,Virginia,8,2,2,2,0.0,1.0,0.0,108.415,0.5,4.0,216.83,551.0
557986,F,False,False,usa,san jose,SJC,20,California,10,2,2,2,0.0,1.0,1.0,334.95000000000005,0.5,3.0,669.9000000000001,1060.0
558019,F,True,False,canada,london,YXU,41,Ontario,8,2,2,2,0.0,1.0,0.5,263.365,0.0,2.0,526.73,934.0
558081,M,True,False,usa,austin,AUS,52,Texas,8,3,3,3,0.0,1.0,0.0,303.71999999999997,0.3333333333333333,5.333333333333333,911.16,1530.0
558138,F,False,False,usa,dallas,DAL,38,Texas,8,4,4,4,0.5,1.0,0.75,372.365,0.25,2.25,1407.093,2395.0
558202,F,False,False,usa,san diego,SAN,20,California,8,3,2,2,0.3333333333333333,2.0,0.0,561.6875,0.5,3.0,1987.2495,4660.0
558300,F,False,True,usa,san diego,SAN,42,California,8,3,3,3,0.0,1.3333333333333333,0.6666666666666666,567.375,0.6666666666666666,1.6666666666666667,2405.23,669.0
558388,F,True,True,usa,houston,HOU,42,Texas,8,4,3,4,0.5,1.6666666666666667,1.3333333333333333,390.48499999999996,0.5,2.75,1877.6315,1577.8
558394,F,True,False,usa,memphis,MEM,59,Tennessee,9,2,2,2,0.0,1.0,1.0,313.58500000000004,0.5,6.0,627.1700000000001,2178.0
558506,F,True,True,usa,new york,LGA,57,New York,8,2,2,2,0.5,1.0,0.5,83.88,0.0,1.5,162.405,681.0
558651,F,True,True,usa,philadelphia,PNE,47,Pennsylvania,8,2,2,1,0.5,1.0,1.0,59.245,0.0,1.0,114.20599999999999,159.0
558682,F,True,True,usa,laredo,LRD,45,Texas,9,3,2,3,0.3333333333333333,1.0,0.5,491.78499999999997,0.3333333333333333,3.0,930.3199999999999,947.6
558774,F,True,False,canada,london,YXU,47,Ontario,8,2,2,1,0.0,1.0,0.5,376.66499999999996,1.0,1.0,753.3299999999999,153.0
558786,F,True,True,usa,houston,EFD,41,Texas,9,3,3,2,0.0,1.0,0.0,331.45,0.0,3.5,994.35,762.0
558852,F,False,True,usa,austin,AUS,61,Texas,9,0,0,0,,,,,,,,
558966,F,True,True,usa,austin,AUS,46,Texas,9,3,3,3,0.6666666666666666,1.3333333333333333,0.3333333333333333,272.9216666666667,0.0,1.6666666666666667,829.3919999999999,641.0
559094,F,True,True,canada,vancouver,YVR,54,British Columbia,8,1,0,1,0.0,,,,1.0,2.0,,1652.0
559146,F,True,True,canada,montreal,YHU,37,Quebec,8,4,2,3,0.0,1.0,0.5,283.39,0.3333333333333333,5.666666666666667,566.78,2957.0
559176,F,True,True,usa,columbus,LCK,66,Ohio,8,2,1,2,0.5,1.0,0.0,544.33,0.0,2.5,489.89700000000005,818.0
559194,F,True,False,canada,victoria,YYJ,61,British Columbia,8,2,2,2,0.0,1.0,0.5,510.90000000000003,0.5,6.0,1021.8000000000001,1294.0
559226,F,True,True,usa,rochester,ROC,41,New York,8,1,1,1,0.0,1.0,0.0,85.06,0.0,1.0,85.06,172.0
559228,M,False,False,usa,chicago,ORD,60,Illinois,8,1,1,1,0.0,1.0,1.0,505.98,0.0,3.0,505.98,504.0
559345,F,False,False,canada,toronto,YKZ,40,Ontario,8,2,1,1,0.5,1.0,0.0,102.16,0.0,8.0,102.16,5792.0
559368,F,False,True,usa,atlanta,ATL,50,Georgia,8,3,3,3,0.3333333333333333,1.0,1.3333333333333333,481.39000000000004,0.3333333333333333,2.3333333333333335,1386.2024999999999,1616.0
559407,F,True,False,usa,chicago,UGN,56,Illinois,8,4,4,4,0.5,1.25,0.75,189.97250000000003,0.25,4.5,842.5340000000001,2640.4
559441,F,True,False,usa,montgomery,MXF,69,Alabama,9,2,1,1,0.0,1.0,1.0,165.17,0.0,3.0,165.17,453.0
559461,F,True,True,usa,new york,JFK,27,New York,8,0,0,0,,,,,,,,
559465,F,False,False,usa,los angeles,LAX,20,California,8,0,0,0,,,,,,,,
559468,F,False,False,usa,des moines,DSM,32,Iowa,8,2,1,2,0.0,1.0,1.0,314.62,0.5,7.0,314.62,2446.0
559473,F,False,False,usa,new york,LGA,44,New York,8,3,3,3,0.3333333333333333,1.0,0.3333333333333333,330.03000000000003,0.0,2.3333333333333335,958.4580000000001,728.0
559547,F,True,False,usa,dallas,DAL,71,Texas,9,1,0,1,1.0,,,,1.0,3.0,,184.5
559661,F,False,False,canada,toronto,YZD,24,,8,0,0,0,,,,,,,,
559712,F,False,False,canada,toronto,YZD,43,,9,3,3,3,0.3333333333333333,1.0,1.0,312.0833333333333,0.3333333333333333,3.3333333333333335,936.25,1767.85
559775,F,True,False,usa,san antonio,RND,49,Texas,9,3,3,3,0.3333333333333333,1.0,1.0,194.5566666666667,0.3333333333333333,3.6666666666666665,583.6700000000001,2302.3
559787,F,True,False,usa,los angeles,LAX,54,California,9,4,4,2,0.25,1.25,0.75,868.88,0.0,5.0,4907.79,1344.0
559846,F,True,True,usa,los angeles,LAX,59,California,9,1,1,1,1.0,1.0,0.0,728.52,1.0,4.0,619.242,1407.6000000000001
560015,F,False,False,usa,boston,BOS,20,Massachusetts,8,1,1,1,1.0,1.0,1.0,615.08,0.0,3.0,615.08,228.0
560035,F,False,False,usa,san diego,NZY,53,California,8,2,2,2,0.0,1.0,1.0,322.995,0.0,6.0,645.99,1987.0
560065,F,True,False,usa,san jose,SJC,52,California,10,4,2,4,0.75,1.0,0.5,607.1800000000001,0.0,5.5,1110.314,3355.0
560078,F,True,False,usa,nashville,BNA,58,Tennessee,8,3,3,2,0.6666666666666666,1.0,1.0,343.28999999999996,0.5,1.5,1029.87,302.4
560085,F,True,True,usa,fresno,FAT,49,California,8,4,4,3,0.0,1.25,0.5,548.04625,0.6666666666666666,5.666666666666667,2534.8199999999997,4644.0
560090,F,False,False,usa,new york,LGA,32,New York,8,3,2,3,0.3333333333333333,1.0,0.5,149.405,0.0,3.0,298.81,1091.0
560279,F,False,False,usa,el paso,ELP,68,Texas,8,0,0,0,,,,,,,,
560374,F,True,False,usa,new york,LGA,47,New York,8,5,4,5,0.4,2.25,0.5,548.7760416666666,0.6,4.0,4462.0405,3142.0
560495,F,True,False,usa,los angeles,LAX,69,California,8,0,0,0,,,,,,,,
560519,F,False,False,usa,riverside,RAL,54,California,8,2,2,1,0.0,1.0,0.0,348.86,0.0,7.0,697.72,847.0
560529,F,False,False,usa,san diego,NZY,20,California,8,1,0,1,0.0,,,,0.0,8.0,,1568.0
560627,F,False,False,usa,bakersfield,BFL,43,California,9,2,2,2,0.5,1.0,1.0,421.46000000000004,0.0,5.0,819.0915,910.0
560672,F,False,False,usa,los angeles,LAX,34,California,8,3,3,3,0.3333333333333333,1.0,0.3333333333333333,299.6933333333333,0.3333333333333333,3.3333333333333335,899.0799999999999,2437.3
560680,F,True,True,usa,washington,IAD,50,Virginia,8,0,0,0,,,,,,,,
560733,F,True,False,usa,indianapolis,IND,55,Gujarat,8,4,3,4,0.25,1.6666666666666667,1.0,244.9988888888889,0.75,2.75,1559.03,2313.0
560739,F,True,True,usa,columbus,LCK,39,Ohio,8,3,3,3,0.3333333333333333,1.0,0.3333333333333333,216.1,0.3333333333333333,2.6666666666666665,648.3,1483.0
560747,F,True,False,usa,chicago,MDW,45,Illinois,8,4,4,3,0.25,1.25,0.25,257.83625,0.6666666666666666,1.6666666666666667,1222.66,1657.0
560796,F,True,False,canada,calgary,YYC,41,Alberta,8,2,2,1,1.0,1.0,1.0,473.02,1.0,9.0,917.933,1208.7
560870,M,True,False,usa,spokane,SFF,56,Washington,8,2,2,1,0.5,1.0,0.5,541.76,1.0,4.0,1083.52,532.0
560897,F,False,False,usa,los angeles,LAX,56,California,8,3,3,3,0.0,1.0,1.0,425.53666666666663,0.3333333333333333,1.3333333333333333,1276.61,433.0
560929,F,True,True,usa,seattle,SEA,31,Washington,10,2,1,2,0.0,1.0,1.0,495.75,0.5,2.0,495.75,369.0
560948,F,False,False,usa,san diego,NZY,26,California,8,0,0,0,,,,,,,,
560949,F,False,False,usa,lubbock,LBB,41,Texas,8,2,1,2,0.0,3.0,2.0,404.1266666666667,0.0,6.5,1212.38,4209.0
561013,F,True,False,usa,washington,DCA,45,Virginia,8,3,2,2,0.6666666666666666,1.0,0.5,278.82,0.5,16.0,557.64,7264.0
561054,M,False,False,canada,winnipeg,YAV,28,,9,4,3,4,0.5,1.6666666666666667,1.0,371.57,0.0,3.75,1789.15,922.2
561156,F,True,False,usa,seattle,BFI,80,Washington,8,0,0,0,,,,,,,,
561201,F,True,True,canada,montreal,YUL,62,Quebec,8,3,2,2,0.3333333333333333,3.5,3.0,271.68416666666667,0.5,3.0,1073.81,744.0
561288,F,False,True,usa,laredo,LRD,50,Texas,8,0,0,0,,,,,,,,
561326,F,False,False,usa,new orleans,MSY,40,Louisiana,8,2,1,2,0.5,1.0,1.0,137.14,0.0,6.0,137.14,1537.1999999999998
561367,F,True,False,usa,san diego,NZY,44,California,8,2,2,1,0.0,1.0,0.5,392.895,0.0,3.0,785.79,165.0
561386,F,False,True,usa,chicago,MDW,51,Illinois,8,4,4,3,0.25,1.0,0.75,258.6925,0.0,4.0,1034.77,2085.35
561699,F,False,False,usa,new york,JFK,20,New York,8,1,1,1,0.0,1.0,0.0,380.04,0.0,3.0,380.04,963.0
561837,F,True,False,usa,philadelphia,PNE,47,Pennsylvania,8,2,1,2,0.0,1.0,0.0,722.26,0.0,4.0,722.26,852.0
561908,F,False,False,canada,ottawa,YOW,37,Ontario,9,1,1,1,0.0,2.0,0.0,128.03,0.0,1.0,256.06,812.0
561945,F,False,False,canada,toronto,YKZ,29,Ontario,8,1,1,1,1.0,1.0,1.0,515.23,0.0,1.0,463.70700000000005,103.0
562032,F,False,False,usa,minneapolis,MSP,25,Minnesota,8,2,0,2,1.0,,,,0.0,7.5,,3924.0
562042,M,True,True,canada,edmonton,YED,45,,8,2,2,2,0.5,1.0,0.5,501.395,0.5,1.0,926.3365,447.0
562108,F,False,False,usa,chicago,MDW,47,Illinois,8,5,5,5,0.0,1.2,0.2,233.962,0.4,4.0,1394.24,3417.0
562192,F,True,True,usa,las vegas,LSV,44,Nevada,8,3,3,2,0.0,1.0,1.3333333333333333,290.55,1.0,1.0,871.65,272.0
562283,F,False,True,usa,anchorage,ANC,29,Alaska,8,1,0,1,1.0,,,,0.0,4.0,,367.2
562334,F,False,False,usa,mobile,BFM,45,Alabama,9,4,3,4,0.0,1.3333333333333333,0.6666666666666666,349.76500000000004,0.75,3.5,1333.78,1794.0
562338,F,True,False,usa,houston,EFD,47,Texas,8,3,1,3,0.3333333333333333,1.0,1.0,245.51,0.3333333333333333,7.333333333333333,245.51,8680.0
562362,F,False,True,usa,fort worth,FTW,31,Texas,8,2,2,2,0.0,1.0,0.5,398.58,1.0,1.5,797.16,412.0
562416,F,True,False,usa,dallas,DAL,37,Texas,9,3,2,3,0.6666666666666666,1.0,0.5,395.735,0.3333333333333333,3.6666666666666665,722.444,2243.0
562417,F,True,False,usa,dallas,DAL,58,Texas,8,3,3,3,0.3333333333333333,1.0,0.3333333333333333,284.15000000000003,0.0,4.333333333333333,852.45,2552.15
562490,F,True,False,usa,new york,JFK,55,New York,8,3,3,1,0.3333333333333333,1.3333333333333333,1.0,843.9433333333333,0.0,1.0,4012.2,73.1
562516,F,False,False,usa,phoenix,LUF,20,Arizona,8,0,0,0,,,,,,,,
562585,F,False,False,usa,san diego,SAN,46,California,8,1,1,1,1.0,1.0,0.0,692.99,0.0,1.0,658.3405,210.89999999999998
562641,F,False,True,usa,anchorage,EDF,43,Alaska,8,1,1,1,1.0,1.0,0.0,893.08,0.0,2.0,893.08,385.6
562648,F,False,True,usa,oklahoma city,OKC,45,Oklahoma,8,3,3,3,0.3333333333333333,1.3333333333333333,0.6666666666666666,254.84333333333333,0.3333333333333333,4.0,958.367,1593.0
562832,F,True,True,usa,bakersfield,BFL,36,California,10,5,4,3,0.4,1.5,0.25,477.9583333333333,0.6666666666666666,3.6666666666666665,2306.0425,7346.0
562843,M,True,False,usa,san jose,SJC,57,California,8,4,4,3,0.0,1.25,0.75,341.56875,0.3333333333333333,2.6666666666666665,1403.52,4450.0
562869,F,True,False,usa,new york,JFK,52,New York,8,4,4,4,0.5,1.5,0.75,432.4625,0.25,2.25,2260.3905,1578.0
562894,M,False,True,usa,miami,MIA,41,Florida,8,2,2,1,0.0,1.0,0.5,562.64,0.0,1.0,1125.28,61.0
563012,F,False,False,usa,chicago,ORD,27,Illinois,8,1,0,1,1.0,,,,0.0,9.0,,2300.4
563021,F,True,True,usa,corpus christi,CRP,52,Texas,8,1,1,1,0.0,1.0,0.0,499.4,1.0,1.0,499.4,402.0
563100,F,False,False,usa,memphis,MEM,22,Tennessee,8,2,2,2,0.5,1.5,0.5,199.2375,0.0,3.5,526.51,3562.0
563148,F,False,False,usa,new york,JFK,33,New York,8,3,3,3,0.0,1.0,0.6666666666666666,288.81,0.0,2.6666666666666665,866.43,2260.0
563165,M,False,False,usa,colorado springs,COS,56,Colorado,9,2,2,2,1.0,1.0,0.5,232.275,0.0,4.5,405.3705,1773.0
563221,F,False,True,usa,riverside,RAL,41,California,8,4,4,4,0.25,1.25,0.25,466.75625,0.0,2.25,2357.19,2921.1
563253,F,False,False,usa,new york,JFK,34,New York,8,3,2,3,0.6666666666666666,1.0,1.0,274.265,0.3333333333333333,2.6666666666666665,503.88700000000006,2062.5
563266,F,False,False,canada,montreal,YMX,22,Quebec,8,2,2,2,0.5,1.0,0.0,365.785,0.5,1.5,725.9525,1423.0
563315,F,True,False,canada,calgary,YYC,50,Alberta,8,3,2,3,0.3333333333333333,1.0,1.0,343.27,0.0,4.333333333333333,686.54,2277.8
563340,F,True,False,usa,jacksonville,NCA,44,Turks and Caicos Islands,8,2,2,1,0.5,1.0,0.5,512.36,0.0,1.0,969.7660000000001,54.0
563343,F,True,False,usa,riverside,RIV,68,California,8,2,1,2,0.5,1.0,1.0,278.37,0.5,3.0,278.37,953.4
563375,F,True,True,usa,los angeles,LAX,67,California,9,3,2,2,0.6666666666666666,2.0,0.5,515.5616666666666,0.0,7.0,1664.62,2394.45
563410,F,True,True,canada,winnipeg,YWG,62,Manitoba,8,2,2,2,0.0,1.0,0.0,303.275,1.0,2.0,606.55,932.0
563425,F,True,True,usa,el paso,BIF,66,Texas,8,2,1,2,0.5,1.0,0.0,534.77,1.0,5.0,534.77,1844.4
563482,F,False,False,usa,new york,JFK,57,New York,9,2,2,2,0.5,1.0,0.0,622.85,0.5,2.5,1245.7,1231.6
563507,F,True,False,usa,san francisco,SFO,40,California,8,4,4,3,0.25,1.25,1.0,538.4075,0.0,2.0,2285.0035,1186.0
563588,F,True,True,usa,houston,EFD,45,Texas,9,2,2,1,0.5,1.0,0.5,436.17499999999995,1.0,14.0,819.535,1263.5
563592,M,False,False,usa,newark,EWR,39,New Jersey,8,3,2,3,0.3333333333333333,2.0,0.0,541.0733333333333,0.6666666666666666,4.333333333333333,2403.357,2749.0
563679,F,False,True,usa,san diego,SAN,24,California,9,0,0,0,,,,,,,,
563711,F,True,False,usa,riverside,RIV,47,California,9,3,3,3,0.3333333333333333,1.0,0.6666666666666666,380.99666666666667,0.0,2.0,1110.2615,422.0
563740,F,False,False,canada,winnipeg,YAV,32,,8,3,2,3,0.3333333333333333,1.0,0.5,405.5,0.3333333333333333,2.6666666666666665,787.546,1494.0
563831,F,True,False,usa,providence,PVD,81,Rhode Island,9,0,0,0,,,,,,,,
563896,M,False,True,usa,jacksonville,NCA,46,Turks and Caicos Islands,8,1,1,1,0.0,1.0,1.0,97.35,1.0,2.0,97.35,154.0
564052,F,False,True,usa,wichita,ICT,52,Kansas,8,3,3,3,0.0,1.3333333333333333,0.6666666666666666,298.3933333333333,1.0,2.0,1047.46,1658.0
564101,F,False,False,usa,oklahoma city,OKC,19,Oklahoma,8,0,0,0,,,,,,,,
564112,F,False,False,usa,san diego,NZY,39,California,8,3,3,3,0.3333333333333333,1.0,0.3333333333333333,517.0566666666667,0.6666666666666666,2.3333333333333335,1475.2235,1424.0
564182,M,False,False,usa,dallas,DAL,42,Texas,8,3,3,3,0.6666666666666666,1.3333333333333333,0.3333333333333333,351.7250000000001,0.3333333333333333,1.3333333333333333,1301.2800000000002,713.6
564204,F,True,False,canada,toronto,YKZ,57,Ontario,8,5,5,4,0.0,1.4,0.6,355.50266666666664,0.25,2.25,1961.04,2210.0
564234,F,False,False,usa,grand rapids,GRR,47,Michigan,9,2,2,1,0.5,1.0,0.0,232.99,0.0,3.0,447.505,312.0
564258,F,False,False,usa,rochester,ROC,19,New York,8,3,1,3,0.6666666666666666,2.0,0.0,408.66,0.3333333333333333,7.666666666666667,817.32,8342.0
564306,F,False,False,usa,shreveport,SHV,44,Louisiana,8,4,3,3,0.5,1.0,0.6666666666666666,282.80333333333334,0.6666666666666666,5.0,750.19,2221.25
564312,F,True,False,usa,new york,LGA,46,New York,8,4,3,4,0.25,1.0,0.3333333333333333,286.24333333333334,0.25,4.25,857.3149999999999,2641.0
564364,F,False,True,usa,omaha,OFF,57,Nebraska,8,1,1,1,0.0,2.0,1.0,360.06,0.0,10.0,720.12,3240.0
564369,F,True,True,usa,oakland,OAK,56,California,8,0,0,0,,,,,,,,
564434,F,True,True,canada,hamilton,YHM,38,Ontario,8,0,0,0,,,,,,,,
564616,F,True,False,usa,houston,IAH,57,Texas,9,2,2,1,0.5,1.0,0.5,316.32,0.0,3.0,632.64,1050.0
564792,F,True,True,usa,new york,LGA,47,New York,8,2,1,2,0.5,1.0,1.0,433.82,1.0,5.5,433.82,1383.6
564822,F,False,False,usa,miami,OPF,26,Florida,8,0,0,0,,,,,,,,
564842,M,False,True,usa,indianapolis,IND,23,Gujarat,8,2,2,2,0.0,1.0,0.5,196.155,0.5,1.0,392.31,480.0
564854,F,False,False,usa,new york,LGA,42,New York,8,2,1,2,0.0,1.0,1.0,72.53,0.5,2.5,72.53,988.0
565056,F,False,False,usa,houston,IAH,20,Texas,8,0,0,0,,,,,,,,
565131,F,True,False,canada,winnipeg,YAV,40,,8,3,3,3,0.3333333333333333,1.0,0.6666666666666666,238.75,0.6666666666666666,2.3333333333333335,692.8720000000001,1619.0
565212,F,False,False,usa,nashville,BNA,52,Tennessee,8,4,4,4,0.25,1.25,1.0,274.5125,0.25,3.5,1217.4279999999999,2233.0
565240,F,False,False,canada,vancouver,YVR,42,British Columbia,8,0,0,0,,,,,,,,
565265,M,False,False,canada,quebec,YQB,29,Quebec,8,4,3,4,0.0,1.0,0.3333333333333333,375.4766666666667,0.25,4.25,1126.43,3824.0
565275,F,True,True,usa,philadelphia,PNE,60,Pennsylvania,8,2,1,1,0.5,1.0,1.0,666.7,0.0,2.0,600.0300000000001,218.0
565294,F,False,False,usa,el paso,ELP,48,Texas,8,5,4,5,0.2,1.0,0.75,270.3,0.6,4.6,1027.766,3830.0
565301,F,False,True,usa,new orleans,MSY,41,Louisiana,8,5,5,5,0.2,1.2,0.4,383.301,0.2,2.2,2448.7484999999997,3608.0
565348,F,True,False,usa,colorado springs,COS,58,Colorado,8,1,0,1,0.0,,,,0.0,15.0,,2670.0
565365,M,False,True,usa,memphis,MEM,53,Tennessee,8,1,1,1,0.0,1.0,1.0,234.44,1.0,8.0,234.44,1928.0
565377,F,False,False,usa,orlando,ORL,45,Florida,8,4,3,4,0.25,1.0,0.6666666666666666,398.6033333333333,0.25,5.5,1156.3515,4339.0
565387,F,False,False,usa,new york,JFK,23,New York,8,2,2,1,0.0,1.5,0.5,1180.3400000000001,1.0,1.0,4602.71,176.0
565467,F,False,False,usa,las vegas,LAS,29,Nevada,8,3,2,3,0.3333333333333333,1.0,0.0,249.02,0.0,5.0,498.04,2306.0
565487,F,False,False,canada,halifax,YHZ,20,Nova Scotia,8,0,0,0,,,,,,,,
565508,F,False,True,usa,dallas,DAL,48,Texas,8,0,0,0,,,,,,,,
565514,F,False,False,canada,hamilton,YHM,50,Ontario,9,4,4,3,0.25,1.75,0.75,225.3,0.3333333333333333,1.6666666666666667,1297.3999999999999,559.0
565565,F,True,True,usa,chicago,MDW,62,Illinois,8,3,2,2,0.3333333333333333,1.0,0.0,247.27499999999998,0.0,5.0,457.929,1088.0
565582,F,True,True,usa,anchorage,ANC,29,Alaska,8,2,2,2,0.5,1.0,0.5,769.79,0.5,6.0,1475.9989999999998,1052.0
565601,M,True,True,usa,austin,AUS,52,Texas,8,0,0,0,,,,,,,,
565718,F,False,False,usa,san antonio,RND,53,Texas,8,4,3,4,0.0,1.0,1.0,262.2133333333333,0.75,2.75,786.64,1646.0
565755,M,False,False,usa,newark,EWR,35,New Jersey,8,1,1,1,1.0,1.0,0.0,228.13,1.0,1.0,205.317,456.0
565841,F,True,True,canada,toronto,YYZ,45,Ontario,8,3,2,3,0.3333333333333333,1.0,0.0,448.22,0.0,4.0,896.44,1010.0
565902,F,False,True,usa,nashville,BNA,25,Tennessee,8,2,2,2,0.0,1.0,0.0,110.64500000000001,0.5,3.5,221.29000000000002,1298.0
565910,F,False,False,canada,edmonton,YXD,32,,8,2,2,1,0.0,1.0,0.0,486.58,0.0,1.0,973.16,47.0
565912,F,False,False,usa,philadelphia,PNE,56,Pennsylvania,9,2,1,1,0.5,1.0,0.0,692.45,1.0,4.0,623.205,1008.0
565915,F,False,True,usa,new york,LGA,19,New York,9,1,1,1,0.0,2.0,0.0,411.365,0.0,1.0,822.73,208.0
565949,F,False,True,usa,los angeles,LAX,40,California,8,4,3,4,0.5,1.0,1.0,494.06333333333333,0.25,5.75,1430.1219999999998,3425.0
566002,F,True,False,usa,new york,JFK,71,New York,8,0,0,0,,,,,,,,
566044,M,True,True,usa,dallas,DAL,61,Texas,8,0,0,0,,,,,,,,
566097,F,True,False,usa,long beach,LGB,68,California,8,0,0,0,,,,,,,,
566152,F,False,False,usa,phoenix,LUF,43,Arizona,9,4,4,2,0.25,1.5,0.25,499.6358333333333,0.5,4.5,2693.5765,1200.0
566173,F,False,True,usa,san francisco,SFO,48,California,8,2,1,2,0.0,1.0,0.0,727.25,0.5,8.0,727.25,2260.0
566174,M,True,True,usa,new york,LGA,50,New York,9,3,3,3,0.0,1.0,0.6666666666666666,334.02666666666664,0.0,4.333333333333333,1002.0799999999999,1264.0
566196,M,True,False,usa,shreveport,SHV,52,Louisiana,8,3,2,3,0.3333333333333333,1.0,0.5,181.545,0.0,5.0,334.256,6189.0
566312,F,False,False,canada,vancouver,YVR,20,British Columbia,8,2,1,2,0.5,1.0,1.0,324.65,0.0,4.0,292.185,2142.0
566336,F,True,False,canada,edmonton,YED,52,,8,6,6,6,0.16666666666666666,1.8333333333333333,0.16666666666666666,321.3811111111111,0.3333333333333333,1.0,3360.356,1837.0
566366,M,False,False,usa,grand rapids,GRR,40,Michigan,9,3,2,3,0.0,1.0,0.0,430.375,0.0,3.3333333333333335,860.75,1387.0
566424,F,True,False,usa,los angeles,LAX,40,California,8,2,1,2,0.0,1.0,0.0,551.9,1.0,4.0,551.9,1636.0
566455,F,False,True,usa,new york,LGA,46,New York,8,4,4,4,0.25,1.25,0.75,512.97375,0.25,2.5,2530.31,3590.0
566456,M,False,True,usa,new york,LGA,35,New York,8,0,0,0,,,,,,,,
566489,M,False,False,usa,phoenix,LUF,52,Arizona,8,3,3,2,0.0,1.0,1.0,232.6833333333333,0.5,4.0,698.05,3704.0
566533,F,False,False,usa,los angeles,LAX,23,California,8,0,0,0,,,,,,,,
566592,F,True,False,usa,birmingham,BHM,64,Alabama,8,0,0,0,,,,,,,,
566614,F,False,False,usa,new york,JFK,31,New York,8,2,1,2,0.0,1.0,1.0,477.61,0.0,6.0,477.61,1414.0
566625,F,True,True,usa,austin,AUS,51,Texas,9,4,2,4,0.5,1.0,0.0,277.045,0.5,4.0,503.09100000000007,3234.5
566650,F,False,False,usa,new york,LGA,53,New York,8,2,2,2,0.0,1.0,1.0,207.44,0.5,2.0,414.88,297.0
566682,F,False,True,usa,spokane,GEG,54,Washington,8,3,3,2,0.0,1.0,0.3333333333333333,482.18333333333334,0.5,1.0,1446.55,466.0
566726,F,True,True,usa,portland,PDX,57,Oregon,8,2,2,2,0.0,1.0,1.0,474.91499999999996,0.5,3.0,949.8299999999999,615.0
566749,F,False,False,usa,chicago,MDW,23,Illinois,8,0,0,0,,,,,,,,
566762,F,True,True,usa,mobile,MOB,43,Alabama,9,5,4,5,0.6,1.0,0.25,232.445,0.4,5.0,881.579,4466.9
566861,F,True,True,usa,indianapolis,IND,49,Gujarat,8,5,4,4,0.0,1.0,0.75,358.1225,0.25,4.5,1432.49,13275.0
566964,M,False,False,usa,new york,JFK,40,New York,8,3,2,3,0.6666666666666666,1.0,0.5,371.155,0.0,8.0,742.31,1058.7
566992,F,False,False,canada,ottawa,YOW,39,Ontario,8,5,5,5,0.4,1.2,1.0,264.676,0.0,3.0,1357.45,3393.3
566996,F,True,True,usa,dallas,DAL,32,Texas,8,1,1,0,0.0,1.0,1.0,384.92,,,384.92,
566999,F,False,False,usa,las vegas,LSV,49,Nevada,9,2,2,0,0.0,1.0,0.0,345.13,,,690.26,
567061,F,True,True,usa,chicago,UGN,36,Illinois,8,1,1,1,0.0,1.0,1.0,258.47,0.0,4.0,258.47,700.0
567114,F,True,False,canada,ottawa,YOW,54,Ontario,8,0,0,0,,,,,,,,
567172,F,True,False,canada,hamilton,YHM,57,Ontario,8,2,2,2,0.0,1.0,1.0,184.185,0.5,4.0,368.37,615.0
567195,F,True,False,usa,corpus christi,CRP,46,Texas,8,2,1,2,0.0,1.0,0.0,356.35,0.0,3.5,356.35,714.0
567211,F,False,False,usa,tampa,MCF,47,Florida,8,2,2,2,0.0,1.0,0.5,318.675,0.0,2.0,637.35,874.0
567256,F,True,False,canada,montreal,YMX,48,Quebec,9,5,5,4,0.0,2.2,0.6,385.5765,0.25,2.25,3345.41,4172.0
567342,F,False,True,usa,chicago,MDW,32,Illinois,8,1,0,1,0.0,,,,0.0,3.0,,369.0
567390,F,False,False,usa,los angeles,LAX,26,California,8,0,0,0,,,,,,,,
567431,F,False,False,usa,new york,JFK,42,New York,9,1,1,1,0.0,1.0,0.0,62.47,0.0,3.0,62.47,204.0
567518,F,False,False,usa,new york,JFK,58,New York,9,3,2,3,0.0,1.0,0.5,161.33499999999998,0.0,4.666666666666667,322.66999999999996,4145.0
567548,F,True,False,usa,tucson,TUS,48,Arizona,9,1,1,1,0.0,1.0,1.0,404.93,1.0,3.0,404.93,279.0
567558,F,False,True,usa,honolulu,HNL,38,Hawaii,8,2,1,2,0.5,1.0,0.0,786.74,0.0,3.5,786.74,815.1
567563,F,True,False,usa,new york,LGA,47,New York,8,3,3,1,0.3333333333333333,1.0,1.0,307.2633333333333,0.0,1.0,895.23,176.0
567589,F,False,False,usa,chicago,ORD,30,Illinois,8,1,0,1,0.0,,,,0.0,4.0,,404.0
567682,F,False,False,canada,calgary,YYC,39,Alberta,8,3,3,2,0.3333333333333333,1.0,0.3333333333333333,587.9633333333333,0.0,2.0,1763.8899999999999,665.4000000000001
567824,F,False,True,canada,ottawa,YOW,37,Ontario,8,0,0,0,,,,,,,,
567849,F,True,False,usa,washington,IAD,43,Virginia,8,4,4,4,0.0,1.0,0.5,508.58500000000004,0.5,2.25,2034.3400000000001,1857.0
567885,F,False,True,canada,toronto,YZD,41,,8,3,2,3,0.3333333333333333,1.0,1.5,523.07,0.0,3.0,1046.14,1343.35
567906,F,False,False,usa,new york,JFK,42,New York,9,3,3,2,0.3333333333333333,1.0,0.3333333333333333,280.71333333333337,0.0,3.0,826.1690000000001,1317.0
567961,F,False,False,usa,philadelphia,PHL,29,Pennsylvania,8,3,3,2,0.0,1.3333333333333333,0.6666666666666666,531.2199999999999,0.0,2.5,2331.8,1151.0
568013,F,True,False,usa,nashville,BNA,43,Tennessee,9,3,3,3,0.3333333333333333,1.3333333333333333,0.3333333333333333,269.9316666666667,0.0,1.6666666666666667,1016.3505,684.0
568060,F,False,True,usa,laredo,LRD,44,Texas,8,4,2,4,0.75,1.0,0.0,390.985,0.5,5.25,763.965,2434.5
568093,F,False,False,canada,toronto,YYZ,41,Ontario,8,3,3,3,0.0,1.0,0.3333333333333333,275.76666666666665,0.3333333333333333,2.6666666666666665,827.3,1319.0
568101,F,True,True,canada,montreal,YUL,56,Quebec,8,4,4,3,0.0,1.0,0.5,597.2275,0.0,1.3333333333333333,2388.91,795.0
568105,F,False,True,usa,new york,LGA,42,New York,8,4,3,4,0.25,1.0,0.3333333333333333,194.14000000000001,0.25,6.0,572.02,6025.0
568121,M,True,True,usa,chicago,MDW,43,Illinois,8,2,2,2,0.5,2.0,1.5,230.56833333333333,1.0,1.0,773.013,1650.0
568182,F,False,True,usa,jacksonville,JAX,40,Florida,8,2,1,2,0.0,1.0,1.0,252.9,0.0,4.0,252.9,1738.0
568258,F,False,False,usa,houston,IAH,26,Texas,8,2,0,2,0.5,,,,0.0,13.5,,13438.0
568325,F,True,False,usa,houston,HOU,69,Texas,8,1,1,1,0.0,1.0,1.0,407.66,0.0,1.0,407.66,123.0
568371,F,False,False,usa,akron,AKR,35,Ondo,8,1,1,1,0.0,1.0,0.0,71.26,0.0,3.0,71.26,189.0
568536,F,True,False,usa,los angeles,LAX,79,California,8,0,0,0,,,,,,,,
568605,F,False,False,usa,new york,LGA,26,New York,8,1,0,1,1.0,,,,0.0,5.0,,1380.0
568641,F,True,False,usa,sacramento,SAC,47,California,8,1,1,1,1.0,1.0,1.0,24.2,0.0,4.0,21.78,440.0
568696,F,True,True,usa,tulsa,TUL,51,Oklahoma,9,3,3,2,0.0,1.0,0.6666666666666666,237.09333333333333,0.5,5.5,711.28,1704.0
568716,F,False,False,usa,kansas city,MCI,44,Missouri,9,5,5,4,0.4,1.4,1.0,261.932,0.5,4.5,1507.411,2272.35
568773,F,True,True,usa,dallas,DAL,47,Texas,10,4,4,4,0.0,1.25,0.5,218.505,0.5,1.25,1253.19,629.0
568931,F,True,True,usa,detroit,DTW,46,Michigan,8,4,4,3,0.0,1.0,0.5,324.03000000000003,0.3333333333333333,2.0,1296.1200000000001,601.0
568970,F,False,True,usa,las vegas,LAS,47,Nevada,8,2,2,0,0.5,1.0,0.5,200.37,,,400.74,
569031,F,False,False,canada,montreal,YMX,35,Quebec,9,2,2,2,0.5,1.0,0.0,1310.3850000000002,0.0,8.5,2601.6715000000004,6121.0
569082,F,True,False,canada,montreal,YUL,50,Quebec,8,3,3,2,0.3333333333333333,1.3333333333333333,0.6666666666666666,315.055,0.5,7.0,1568.1200000000001,1990.0
569180,F,False,True,usa,washington,IAD,47,Virginia,8,3,2,2,0.0,1.0,1.5,674.825,0.5,4.0,1349.65,2640.0
569203,M,False,False,usa,jacksonville,NIP,42,Florida,8,1,1,1,0.0,1.0,0.0,493.22,0.0,2.0,493.22,136.0
569236,F,True,False,usa,philadelphia,PNE,58,Pennsylvania,8,4,3,4,0.0,1.3333333333333333,1.0,224.03333333333333,0.25,7.5,1039.01,3360.0
569243,F,False,True,usa,louisville,LOU,40,Kentucky,8,2,2,2,0.5,1.0,0.5,529.91,0.5,7.0,999.689,1374.0
569300,F,False,False,usa,washington,DCA,69,Virginia,10,4,3,4,0.5,1.3333333333333333,0.0,301.7816666666667,0.25,2.0,1287.2,2021.2
569335,F,True,True,usa,chicago,UGN,38,Illinois,8,1,0,1,0.0,,,,0.0,3.0,,1380.0
569364,F,True,True,usa,fort worth,FTW,42,Texas,8,3,2,3,0.3333333333333333,1.5,0.5,139.8975,0.3333333333333333,2.3333333333333335,493.48,1412.8
569530,F,True,False,usa,charlotte,CLT,48,North Carolina,8,3,3,3,0.0,1.0,0.6666666666666666,461.15333333333336,0.0,3.6666666666666665,1383.46,5420.0
569733,F,False,False,usa,dallas,DAL,51,Texas,8,4,4,4,0.0,1.25,0.5,201.81125,0.25,1.75,1000.03,1638.0
569754,F,True,False,usa,akron,AKR,41,Ondo,8,5,5,3,0.2,1.0,0.6,108.5,0.6666666666666666,2.3333333333333335,536.4259999999999,1337.0
569779,F,True,False,usa,columbus,CMH,46,Ohio,8,2,2,2,0.0,1.0,0.0,313.625,0.5,8.0,627.25,5229.0
569788,M,False,False,usa,atlanta,ATL,40,Georgia,8,2,1,2,0.0,1.0,0.0,283.82,1.0,3.5,283.82,1764.0
569792,F,False,False,usa,tulsa,TUL,38,Oklahoma,8,4,4,4,0.0,1.75,0.5,150.750625,0.25,3.25,803.23,3476.0
569829,F,True,False,usa,chicago,ORD,41,Illinois,8,5,5,5,0.4,1.0,1.0,328.30600000000004,0.2,1.6,1554.9630000000002,2213.75
569832,F,True,False,usa,tacoma,TCM,36,Washington,9,1,1,1,0.0,1.0,1.0,595.15,0.0,7.0,595.15,749.0
569863,F,False,False,usa,new york,LGA,42,New York,8,6,6,5,0.16666666666666666,1.0,0.5,467.0133333333333,0.2,2.0,2662.754,1871.0
569883,F,True,False,usa,nashville,BNA,53,Tennessee,9,4,3,4,0.25,1.3333333333333333,0.3333333333333333,223.3516666666667,0.0,3.25,864.71,3290.0
569920,F,True,False,usa,new york,LGA,36,New York,8,2,1,2,0.5,1.0,0.0,391.78,0.0,4.5,391.78,2445.0
570215,F,False,False,usa,honolulu,HNL,48,Hawaii,8,3,3,2,0.3333333333333333,1.0,0.3333333333333333,1329.6899999999998,0.0,2.0,3794.4195,649.0
570242,F,False,False,usa,memphis,MEM,21,Tennessee,8,0,0,0,,,,,,,,
570329,M,False,True,usa,jacksonville,LRF,28,Arkansas,8,0,0,0,,,,,,,,
570330,F,True,False,usa,new york,LGA,57,New York,9,3,2,1,0.0,1.0,0.5,331.975,0.0,16.0,663.95,2384.0
570418,F,False,False,canada,toronto,YKZ,42,Ontario,9,4,4,3,0.0,1.0,0.5,491.105,0.3333333333333333,3.0,1964.42,1544.0
570436,F,True,False,usa,san diego,SAN,47,California,8,2,2,2,0.0,1.0,0.5,120.285,0.0,1.0,240.57,282.0
570439,F,False,False,usa,san antonio,RND,41,Texas,8,3,3,3,0.3333333333333333,1.0,0.3333333333333333,290.32666666666665,0.3333333333333333,2.6666666666666665,870.98,1332.2
570600,F,True,False,usa,richmond,RIC,69,Virginia,10,1,1,1,0.0,2.0,1.0,2504.65,0.0,10.0,5009.3,2830.0
570625,F,False,True,usa,new york,LGA,25,New York,8,1,1,1,0.0,3.0,0.0,371.5,0.0,1.0,1114.5,222.0
570626,F,True,False,usa,new york,LGA,51,New York,8,4,4,4,0.0,1.0,0.75,369.5075,0.25,1.75,1478.03,764.0
570639,F,False,False,usa,new york,JFK,35,New York,9,3,3,2,0.3333333333333333,1.0,0.0,619.1666666666666,0.5,2.5,1857.5,1335.1
570654,F,False,False,usa,el paso,BIF,36,Texas,8,1,1,1,0.0,1.0,0.0,504.45,0.0,1.0,504.45,169.0
570683,F,False,False,usa,new york,LGA,50,New York,8,4,4,4,0.5,1.25,1.0,543.8475,0.5,2.75,2888.55,2892.4
570692,F,False,False,usa,washington,IAD,37,Virginia,8,2,2,2,0.0,1.0,0.0,345.855,0.0,2.5,691.71,366.0
570693,F,False,False,canada,toronto,YTZ,59,Ontario,8,3,2,2,0.0,1.0,0.5,350.23,0.0,7.5,700.46,1735.0
570697,M,False,False,canada,calgary,YYC,19,Alberta,8,1,1,1,0.0,1.0,0.0,474.29,1.0,3.0,474.29,237.0
570713,F,False,False,usa,new york,JFK,53,New York,8,2,2,1,0.0,2.0,1.5,735.0833333333333,0.0,1.0,3000.42,153.0
570746,F,False,False,usa,new york,JFK,44,New York,8,3,2,2,0.6666666666666666,1.0,1.0,416.955,0.0,8.0,816.7199999999999,8364.4
570750,F,False,False,canada,ottawa,YOW,71,Ontario,8,1,1,0,0.0,1.0,1.0,89.81,,,89.81,
570821,F,True,True,usa,miami,TNT,43,Florida,8,3,3,3,0.3333333333333333,1.0,0.6666666666666666,482.6233333333333,0.3333333333333333,2.6666666666666665,1417.1889999999999,884.0
570829,M,True,False,usa,baltimore,BWI,48,Maryland,8,3,3,3,0.3333333333333333,1.6666666666666667,0.6666666666666666,229.92833333333337,0.6666666666666666,3.3333333333333335,1359.8935000000001,7291.0
570837,F,False,False,canada,gatineau,YND,41,Quebec,8,5,5,4,0.0,1.2,0.4,324.242,0.25,2.75,1809.4299999999998,2790.0
570928,F,False,False,usa,fresno,FAT,50,California,8,2,2,2,0.0,1.5,0.5,669.225,0.5,2.5,2037.15,1360.0
570945,F,True,False,usa,phoenix,PHX,58,Arizona,8,2,2,2,0.0,1.0,0.0,532.4549999999999,0.0,2.5,1064.9099999999999,831.0
571084,F,True,False,usa,san diego,NZY,62,California,9,4,2,4,0.25,1.5,0.5,708.7625,0.25,3.5,2032.5445,3672.0
571208,F,True,True,usa,new york,JFK,37,New York,8,0,0,0,,,,,,,,
571233,F,False,False,usa,houston,HOU,47,Texas,8,1,1,1,1.0,1.0,1.0,396.48,0.0,8.0,376.656,1328.0
571243,F,False,True,usa,portland,PDX,49,Oregon,9,1,1,0,0.0,1.0,1.0,445.81,,,445.81,
571300,M,True,False,usa,new york,JFK,51,New York,8,2,2,2,1.0,1.0,0.5,565.9649999999999,0.5,3.0,1022.9309999999999,1225.5
571348,F,True,False,usa,philadelphia,PNE,56,Pennsylvania,8,3,1,3,0.3333333333333333,1.0,0.0,352.26,0.3333333333333333,5.0,352.26,4686.0
571454,F,True,False,usa,los angeles,LAX,39,California,8,3,3,3,0.0,1.3333333333333333,0.0,355.00333333333333,0.6666666666666666,3.0,1833.28,4211.0
571523,F,True,False,usa,dallas,DAL,48,Texas,8,3,3,2,0.6666666666666666,1.0,0.0,380.43,0.5,3.0,1141.29,765.3
571525,F,False,False,usa,charlotte,CLT,34,North Carolina,8,4,3,4,0.5,1.3333333333333333,0.6666666666666666,243.90666666666667,0.25,2.5,837.696,2053.0
571553,M,True,True,usa,tucson,TUS,52,Arizona,8,5,4,5,0.2,1.25,0.5,445.90625,0.0,5.4,2285.931,7420.0
571566,F,False,False,canada,montreal,YUL,59,Quebec,8,6,6,6,0.16666666666666666,1.5,0.6666666666666666,310.6691666666667,0.0,1.6666666666666667,3227.9275,2590.0
571580,F,False,False,usa,omaha,OMA,31,Iowa,8,2,2,1,0.0,2.0,0.5,236.14333333333332,0.0,6.0,1080.2,2574.0
571643,F,False,False,usa,houston,EFD,38,Texas,8,3,3,3,0.6666666666666666,1.0,0.6666666666666666,370.15000000000003,0.3333333333333333,1.3333333333333333,1086.788,393.3
571819,F,True,False,usa,los angeles,LAX,52,California,8,3,3,3,0.3333333333333333,1.0,0.3333333333333333,388.4633333333333,0.0,1.6666666666666667,1148.4769999999999,607.0
571876,F,True,False,usa,houston,HOU,59,Texas,8,3,2,3,0.6666666666666666,2.0,0.5,287.5625,0.3333333333333333,3.3333333333333335,1121.3609999999999,2548.0
572133,F,True,False,usa,montgomery,MXF,75,Alabama,8,1,0,1,1.0,,,,0.0,7.0,,567.0
572176,M,False,False,usa,boston,BOS,74,Massachusetts,8,1,1,1,0.0,1.0,0.0,121.28,1.0,2.0,121.28,184.0
572214,F,True,False,usa,oakland,OAK,71,California,8,0,0,0,,,,,,,,
572428,F,True,True,usa,omaha,OFF,43,Nebraska,9,2,2,2,0.5,1.0,0.0,297.39,0.5,3.5,594.78,840.0999999999999
572489,F,True,True,usa,los angeles,LAX,48,California,8,2,1,1,0.5,1.0,0.0,363.73,0.0,7.0,236.42450000000002,1988.0
572502,F,True,False,usa,fresno,FAT,60,California,8,3,2,3,0.0,1.0,1.0,407.58500000000004,0.6666666666666666,2.0,815.1700000000001,1202.0
572529,F,True,False,usa,los angeles,LAX,66,California,8,2,2,2,0.0,1.0,0.0,185.79,0.0,1.5,371.58,274.0
572554,F,False,False,usa,norfolk,NGU,56,Virginia,9,8,6,6,0.25,1.1666666666666667,0.8333333333333334,234.015,0.16666666666666666,3.3333333333333335,1620.551,3759.0
572578,F,False,False,canada,montreal,YUL,42,Quebec,8,2,2,2,0.5,1.0,0.5,184.66,0.5,6.0,348.8225,1391.4
572609,F,True,False,usa,kansas city,MCI,43,Missouri,8,3,2,3,0.3333333333333333,1.0,0.5,353.34000000000003,0.0,2.6666666666666665,686.0315,925.0
572669,F,True,False,canada,winnipeg,YWG,53,Manitoba,9,2,1,2,0.5,1.0,0.0,192.71,0.5,5.0,192.71,2556.8
572728,F,False,True,usa,jacksonville,LRF,58,Arkansas,8,5,4,4,0.4,1.25,1.0,261.35125,0.75,2.75,1373.23,2856.0
572826,F,True,True,usa,houston,IAH,45,Texas,8,2,1,2,0.5,1.0,0.0,365.0,0.0,3.5,365.0,1665.0
572898,F,True,True,usa,norfolk,NGU,52,Virginia,9,2,1,2,0.5,1.0,0.0,45.66,0.5,2.5,45.66,2381.4
572908,F,True,True,usa,new york,JFK,54,New York,8,5,5,4,0.0,1.0,0.8,492.53200000000004,0.25,2.75,2462.6600000000003,2110.0
572992,F,False,False,usa,phoenix,PHX,50,Arizona,9,4,4,4,0.25,1.75,1.0,357.259375,0.0,2.5,2790.364,3799.0
573010,F,False,True,usa,new york,JFK,48,New York,8,2,2,2,0.5,1.5,0.5,367.155,0.5,3.5,731.9060000000001,3618.0
573011,F,True,False,usa,san antonio,SKF,45,Texas,8,4,2,4,0.0,2.5,1.0,430.4625,0.25,6.0,2147.39,9608.0
573040,M,False,False,usa,portland,PDX,49,Oregon,8,3,3,3,0.0,1.0,0.3333333333333333,534.3666666666667,0.0,1.6666666666666667,1603.1,604.0
573086,F,False,True,usa,new york,LGA,47,New York,8,2,2,2,0.5,1.0,1.0,292.425,1.0,6.5,568.308,2601.0
573122,F,True,False,usa,new orleans,MSY,53,Louisiana,8,4,4,4,0.0,1.0,0.25,276.9975,0.0,2.5,1107.99,916.0
573147,F,True,False,usa,chicago,ORD,44,Illinois,8,4,3,4,0.0,1.0,1.3333333333333333,276.8933333333334,0.0,3.5,830.6800000000001,1899.0
573153,M,False,False,usa,los angeles,LAX,45,California,8,3,3,2,0.0,1.0,0.6666666666666666,507.3733333333333,0.5,2.0,1522.12,676.0
573189,F,True,False,usa,santa ana,SNA,54,California,8,4,4,4,0.0,1.0,1.0,618.0550000000001,0.5,3.75,2472.2200000000003,1742.0
573191,M,False,False,usa,cleveland,CLE,40,Ohio,8,2,2,2,1.0,1.0,0.5,136.01,1.0,3.0,231.21699999999998,1911.6
573373,F,False,False,usa,madison,MSN,51,Wisconsin,8,2,2,1,0.5,1.0,0.5,233.67,1.0,2.0,430.825,142.0
573423,F,False,False,usa,omaha,OMA,23,Iowa,8,0,0,0,,,,,,,,
573427,F,True,False,usa,winston-salem,INT,57,North Carolina,8,4,3,3,0.75,1.3333333333333333,1.3333333333333333,389.65333333333336,0.3333333333333333,6.0,1254.832,2341.0
573493,F,True,True,usa,el paso,BIF,51,Texas,9,3,3,3,0.6666666666666666,1.0,0.6666666666666666,360.95,0.3333333333333333,2.6666666666666665,1035.667,644.7
573564,F,False,False,usa,cleveland,CLE,29,Ohio,8,5,5,3,0.0,1.0,0.2,243.72600000000003,0.6666666666666666,4.0,1218.63,1288.0
573584,M,True,False,usa,oklahoma city,OKC,40,Oklahoma,8,1,1,1,1.0,1.0,0.0,210.1,1.0,3.0,189.09,233.7
573588,F,False,False,canada,vancouver,YVR,42,British Columbia,8,4,4,4,0.25,1.0,0.5,483.5325,0.5,1.5,1934.13,1002.4000000000001
573621,F,True,True,usa,knoxville,TYS,52,Tennessee,9,4,4,4,0.25,1.25,0.25,221.21249999999998,0.5,2.5,995.584,1743.0
573670,F,False,False,usa,phoenix,LUF,34,Arizona,8,5,3,5,0.2,1.0,0.6666666666666666,406.2633333333333,0.4,4.8,1183.797,2701.0
573720,F,False,False,canada,vancouver,YVR,48,British Columbia,8,3,3,3,0.0,1.0,0.3333333333333333,627.02,0.0,3.0,1881.06,873.0
573792,F,False,False,usa,denver,DEN,48,Colorado,8,1,1,1,0.0,1.0,2.0,444.44,0.0,1.0,444.44,207.0
573807,F,True,True,usa,milwaukee,MKE,38,Wisconsin,8,2,2,2,0.0,1.0,0.5,346.46,0.5,2.0,692.92,1026.0
573841,F,True,True,usa,sacramento,MCC,46,California,8,2,1,2,0.0,1.0,0.0,734.88,0.5,4.5,734.88,3575.0
573926,F,False,True,usa,colorado springs,COS,26,Colorado,8,0,0,0,,,,,,,,
573931,F,False,False,canada,toronto,YZD,19,,8,3,3,3,0.6666666666666666,1.3333333333333333,1.0,346.2133333333333,0.3333333333333333,2.0,1674.82,1328.6
573988,F,True,True,usa,houston,HOU,50,Texas,8,3,3,3,0.0,1.0,0.0,354.79333333333335,0.0,6.666666666666667,1064.38,1688.0
574150,M,True,False,usa,columbus,LCK,57,Ohio,8,3,3,2,1.0,1.3333333333333333,0.6666666666666666,391.3966666666667,0.0,2.5,1430.478,827.0
574206,F,True,True,usa,phoenix,PHX,38,Arizona,8,2,1,2,0.0,1.0,0.0,351.35,0.5,2.5,351.35,1064.0
574465,F,True,False,usa,chicago,MDW,35,Illinois,8,3,3,3,0.0,1.3333333333333333,0.3333333333333333,213.6916666666667,0.6666666666666666,2.0,661.12,2166.0
574467,M,True,True,usa,san antonio,RND,48,Texas,8,4,4,3,0.25,1.0,0.75,318.165,0.3333333333333333,2.6666666666666665,1272.66,2348.0
574489,F,True,True,usa,rochester,ROC,54,New York,8,2,2,2,0.0,1.0,1.0,464.045,0.0,2.0,928.09,976.0
574493,F,True,False,usa,indianapolis,IND,39,Gujarat,9,3,3,3,0.3333333333333333,1.3333333333333333,1.0,136.405,0.3333333333333333,3.6666666666666665,434.082,2006.0
574513,F,False,False,usa,houston,HOU,47,Texas,8,4,4,2,0.25,1.0,0.5,442.0275,0.5,4.0,1768.11,1258.0
574603,F,True,True,usa,indianapolis,IND,44,Gujarat,8,4,3,4,0.5,1.3333333333333333,0.3333333333333333,314.3333333333333,0.25,4.0,1158.92,3264.1
574625,F,True,False,usa,las vegas,LAS,53,Nevada,8,4,4,3,0.0,1.0,0.5,350.3375,0.3333333333333333,5.333333333333333,1401.35,2876.0
574680,F,False,False,canada,toronto,YYZ,43,Ontario,8,2,1,2,0.5,1.0,1.0,574.26,0.0,4.0,545.5469999999999,2476.0
574885,F,False,False,usa,las vegas,LSV,39,Nevada,8,1,1,1,1.0,1.0,0.0,176.13,1.0,3.0,158.517,243.0
574987,F,True,True,usa,new york,LGA,44,New York,8,1,1,1,1.0,1.0,1.0,50.54,0.0,9.0,40.432,783.0
575092,F,False,False,canada,london,YXU,27,Ontario,8,1,0,1,0.0,,,,0.0,6.0,,1836.0
575131,F,False,False,canada,windsor,YQG,40,Ontario,8,3,3,3,0.0,1.0,0.6666666666666666,111.82000000000001,1.0,1.3333333333333333,335.46000000000004,751.0
575208,F,False,False,usa,san diego,NZY,42,California,8,1,1,1,0.0,2.0,0.0,296.035,0.0,2.0,592.07,1080.0
575253,M,True,True,canada,ottawa,YOW,46,Ontario,8,3,3,2,0.3333333333333333,1.0,0.6666666666666666,301.21,0.0,1.5,894.681,424.0
575433,F,True,False,usa,los angeles,LAX,58,California,8,3,2,3,0.0,1.0,1.0,545.165,0.0,2.6666666666666665,1090.33,3133.0
575459,F,False,False,usa,laredo,LRD,58,Texas,8,4,4,4,0.25,1.5,0.5,300.53125,0.25,3.75,1601.764,4676.0
575500,M,False,False,usa,san diego,NZY,54,California,8,2,2,2,0.0,1.0,0.0,609.3199999999999,0.0,1.0,1218.6399999999999,473.0
575528,F,True,False,usa,phoenix,PHX,56,Arizona,9,2,2,2,0.0,1.0,0.0,334.05,0.0,4.0,668.1,3676.0
575677,F,True,False,canada,toronto,YYZ,46,Ontario,9,5,4,5,0.2,1.0,0.25,167.6525,0.4,4.4,669.581,5385.0
575756,F,False,False,usa,colorado springs,COS,41,Colorado,8,2,1,2,0.0,1.0,0.0,349.94,0.5,3.0,349.94,855.0
575823,F,True,False,usa,new york,JFK,44,New York,9,1,1,1,1.0,2.0,0.0,713.82,1.0,1.0,1356.258,242.0
575868,F,True,False,usa,dallas,DAL,68,Texas,8,2,2,1,0.5,1.0,1.0,423.26,0.0,1.0,846.52,86.7
575964,F,True,False,usa,kansas city,MCI,61,Missouri,10,0,0,0,,,,,,,,
575971,F,False,False,usa,chicago,MDW,54,Illinois,8,5,5,5,0.6,1.0,0.8,326.824,0.4,4.0,1634.1200000000001,3599.9
576159,F,True,True,usa,new york,LGA,30,New York,9,2,1,2,0.0,1.0,1.0,24.44,0.0,6.0,24.44,1677.0
576169,F,False,False,usa,dallas,DAL,41,Texas,8,5,5,4,0.2,1.0,0.8,265.84000000000003,0.25,2.5,1329.2,1619.25
576231,F,True,True,canada,toronto,YYZ,33,Ontario,8,2,1,2,0.5,1.0,0.0,101.29,0.0,2.5,101.29,1430.65
576272,F,False,True,usa,charlotte,CLT,43,North Carolina,8,4,4,3,0.25,1.0,0.5,313.9275,0.0,2.3333333333333335,1240.8585,1815.0
576370,M,False,False,canada,edmonton,YXD,37,,8,1,1,1,0.0,1.0,1.0,487.34,0.0,5.0,487.34,1065.0
576373,F,False,False,canada,halifax,YHZ,50,Nova Scotia,8,4,2,4,0.25,1.5,1.0,379.85,0.5,6.25,1049.2915,2543.0
576663,F,True,True,usa,new york,JFK,45,New York,8,1,1,1,0.0,1.0,0.0,13.68,1.0,1.0,13.68,272.0
576668,F,False,False,usa,baton rouge,BTR,20,Louisiana,9,0,0,0,,,,,,,,
576677,F,True,False,canada,toronto,YZD,55,,9,3,3,3,0.3333333333333333,1.0,0.6666666666666666,109.22333333333331,0.3333333333333333,2.0,285.217,997.0
576691,F,True,True,canada,winnipeg,YWG,45,Manitoba,8,5,4,4,0.2,1.0,0.75,358.3575,0.0,3.75,1433.43,7093.1
576712,F,False,False,canada,toronto,YKZ,72,Ontario,8,1,0,1,0.0,,,,0.0,12.0,,1932.0
576765,F,False,False,canada,calgary,YYC,23,Alberta,8,0,0,0,,,,,,,,
576833,F,False,True,usa,san antonio,SAT,43,Texas,8,4,4,3,0.25,1.0,0.0,467.71250000000003,0.0,1.6666666666666667,1744.1675,572.0
576846,F,False,True,usa,grand rapids,GRR,22,Michigan,8,1,0,1,0.0,,,,1.0,3.0,,1992.0
576945,M,True,True,usa,orlando,MCO,52,Florida,8,1,1,1,0.0,1.0,1.0,643.99,0.0,1.0,643.99,124.0
576985,F,True,False,usa,austin,AUS,42,Texas,8,4,3,4,0.25,1.0,0.3333333333333333,359.99333333333334,0.25,10.75,991.7365,9884.0
577007,F,True,False,usa,minneapolis,MSP,42,Minnesota,8,3,1,3,0.3333333333333333,1.0,3.0,404.03,0.3333333333333333,5.666666666666667,323.224,2215.0
577044,F,True,True,usa,chicago,UGN,57,Illinois,9,3,3,2,0.3333333333333333,1.3333333333333333,0.3333333333333333,227.59833333333336,0.0,1.0,904.94,536.25
577089,F,True,True,usa,new york,JFK,66,New York,8,3,3,2,0.0,1.0,0.6666666666666666,428.53000000000003,0.0,2.0,1285.5900000000001,747.0
577115,F,False,False,usa,indianapolis,IND,33,Gujarat,8,4,3,4,0.5,1.0,0.0,367.97333333333336,0.5,3.5,1079.4054999999998,3171.5
577208,F,False,True,usa,tallahassee,TLH,46,Florida,8,2,1,2,0.0,1.0,0.0,170.97,0.0,3.0,170.97,377.0
577215,F,False,False,usa,jacksonville,NIP,34,Florida,9,1,1,1,0.0,1.0,0.0,291.0,0.0,2.0,291.0,488.0
577216,F,True,True,usa,tucson,TUS,49,Arizona,8,4,2,4,0.75,1.0,1.0,313.86,0.25,3.0,627.72,2793.5
577225,F,True,False,usa,amarillo,AMA,48,Texas,8,2,2,2,0.0,1.5,1.5,222.5975,1.0,2.0,697.39,1179.0
577386,F,False,False,usa,houston,EFD,55,Texas,8,2,2,1,0.0,1.5,0.5,430.46000000000004,0.0,3.0,1223.17,534.0
577410,F,True,True,usa,milwaukee,MKE,38,Wisconsin,8,5,3,5,0.2,1.0,1.0,154.06666666666666,0.4,3.8,462.2,2152.4
577541,F,False,False,usa,baltimore,BWI,36,Maryland,8,2,2,2,0.5,1.0,1.0,199.485,0.5,2.5,382.17,586.8
577598,F,False,False,usa,new york,JFK,55,New York,8,3,3,3,0.0,1.0,0.3333333333333333,320.95,0.3333333333333333,3.3333333333333335,962.8499999999999,1572.0
577626,F,True,True,usa,indianapolis,IND,47,Gujarat,9,4,4,4,0.75,1.0,0.5,245.81,0.25,2.75,971.3505,1836.2
577643,F,False,False,usa,madison,MSN,22,Wisconsin,8,0,0,0,,,,,,,,
577667,F,True,False,usa,minneapolis,MSP,40,Minnesota,8,1,1,0,0.0,1.0,0.0,242.14,,,242.14,
577682,M,False,False,usa,newport news,PHF,20,Virginia,8,1,1,1,0.0,1.0,1.0,394.76,0.0,1.0,394.76,62.0
577851,F,True,True,usa,santa ana,SNA,30,California,8,1,1,1,0.0,1.0,0.0,687.02,0.0,1.0,687.02,93.0
577915,M,True,False,usa,chicago,UGN,47,Illinois,8,4,4,4,0.25,1.0,1.0,329.52750000000003,0.25,4.75,1299.8715,5026.0
577930,F,True,False,usa,columbus,LCK,48,Ohio,8,4,3,4,0.25,1.0,0.3333333333333333,179.8033333333333,0.25,2.25,539.41,1758.25
578058,F,False,False,usa,wichita,IAB,33,Kansas,8,1,1,1,0.0,1.0,1.0,379.88,1.0,1.0,379.88,140.0
578088,F,False,False,usa,houston,HOU,44,Texas,8,3,3,2,0.3333333333333333,1.0,0.0,275.8566666666667,0.0,2.0,827.57,1118.0
578120,F,True,False,usa,las vegas,LSV,62,Nevada,8,3,2,3,0.0,1.0,1.0,512.4,0.6666666666666666,3.0,1024.8,1500.0
578459,F,False,False,usa,san jose,SJC,41,California,8,3,3,1,0.0,1.0,0.6666666666666666,426.78,1.0,2.0,1280.34,224.0
578488,F,False,False,usa,chicago,ORD,54,Illinois,8,2,2,2,0.5,1.0,1.0,95.00999999999999,0.0,1.5,158.7625,615.0
578511,F,True,True,usa,buffalo,BUF,56,New York,9,1,1,1,0.0,2.0,0.0,660.625,0.0,2.0,1321.25,300.0
578824,M,False,False,usa,phoenix,PHX,36,Arizona,8,5,5,5,0.0,1.0,0.4,373.024,0.2,2.4,1865.12,1835.0
578872,F,False,False,usa,grand rapids,GRR,36,Michigan,8,2,2,2,0.5,1.0,0.5,126.53999999999999,0.5,2.0,220.96049999999997,942.0
578886,F,True,True,usa,new york,JFK,28,New York,9,2,1,1,0.0,2.0,1.0,396.525,0.0,2.0,793.05,348.0
578993,F,False,True,usa,houston,HOU,31,Texas,8,2,2,2,0.0,1.0,0.0,516.03,0.0,1.0,1032.06,222.0
579040,F,True,False,canada,london,YXU,49,Ontario,9,0,0,0,,,,,,,,
579307,F,True,True,usa,nashville,BNA,57,Tennessee,9,4,4,3,0.0,1.0,0.75,175.4725,0.3333333333333333,1.3333333333333333,701.89,513.0
579503,F,True,False,usa,tucson,TUS,75,Arizona,8,0,0,0,,,,,,,,
579792,F,True,False,canada,toronto,YZD,49,,8,5,4,5,0.4,1.25,0.25,271.64,0.4,5.0,1038.0575,3357.3
579804,F,True,False,usa,baton rouge,BTR,57,Louisiana,8,3,2,3,0.3333333333333333,1.0,1.0,152.025,0.3333333333333333,4.0,304.05,5853.5
579950,F,False,True,usa,baltimore,BWI,38,Maryland,9,5,4,5,0.2,1.0,0.5,529.5,0.2,5.2,2053.6220000000003,4451.0
579971,F,True,False,usa,baltimore,BWI,80,Maryland,8,0,0,0,,,,,,,,
580211,F,False,False,usa,oklahoma city,TIK,41,Oklahoma,8,6,6,6,0.3333333333333333,1.0,0.8333333333333334,290.40833333333336,0.3333333333333333,3.8333333333333335,1716.289,4159.6
580212,F,False,False,usa,baltimore,BWI,48,Maryland,8,4,3,4,0.5,1.0,0.3333333333333333,300.96666666666664,0.0,2.75,893.4449999999999,2541.0
580402,F,False,False,usa,las vegas,LAS,43,Nevada,8,5,4,4,0.0,1.25,1.0,374.7925,0.5,4.25,2002.06,1720.0
580515,F,False,False,usa,corpus christi,CRP,50,Texas,9,3,3,3,0.6666666666666666,2.0,0.6666666666666666,443.68416666666667,1.0,3.6666666666666665,2591.1135,2614.0
580611,F,False,False,usa,new york,JFK,40,New York,8,4,4,3,0.25,1.0,0.25,401.2975,0.6666666666666666,2.6666666666666665,1605.19,890.4000000000001
580622,F,True,False,canada,london,YXU,70,Ontario,8,0,0,0,,,,,,,,
580658,F,False,False,canada,windsor,YQG,49,Ontario,8,3,3,3,0.3333333333333333,1.0,0.3333333333333333,218.53666666666666,0.0,2.3333333333333335,655.61,789.1
580895,F,True,False,usa,austin,AUS,74,Texas,8,2,0,2,0.5,,,,0.5,5.0,,1970.0
580902,F,True,False,usa,philadelphia,PHL,56,Pennsylvania,9,2,2,2,0.0,1.0,0.0,28.555,0.0,3.5,57.11,1452.0
581005,F,False,False,usa,el paso,ELP,47,Texas,8,5,5,4,0.0,1.0,0.6,405.566,0.5,4.25,2027.83,2873.0
581086,F,False,False,usa,los angeles,LAX,45,California,8,1,1,1,1.0,3.0,0.0,732.87,0.0,2.0,1978.7490000000003,777.6
581120,F,False,False,canada,quebec,YQB,43,Quebec,8,2,2,2,0.0,1.0,1.0,469.21000000000004,0.0,2.5,938.4200000000001,442.0
581239,M,False,True,usa,chicago,UGN,39,Illinois,8,2,2,1,0.0,1.0,1.0,266.145,1.0,5.0,532.29,225.0
581343,F,False,False,canada,halifax,YAW,27,,8,1,1,1,0.0,1.0,1.0,878.09,0.0,3.0,878.09,924.0
581385,F,True,True,canada,calgary,YYC,53,Alberta,8,1,0,1,1.0,,,,1.0,4.0,,932.0
581491,F,False,False,usa,kansas city,MCI,20,Missouri,9,2,1,2,0.0,1.0,0.0,380.41,0.5,5.0,380.41,1830.0
581577,M,True,False,usa,portland,PWM,40,Maine,8,2,2,2,0.0,1.0,0.5,440.15500000000003,0.0,1.0,880.3100000000001,297.0
581595,F,False,True,canada,edmonton,YEG,20,Alberta,9,0,0,0,,,,,,,,
582038,F,False,False,usa,norfolk,NGU,31,Virginia,9,2,2,2,0.0,2.0,2.5,593.6300000000001,0.5,3.5,2372.36,2172.0
582190,F,True,False,usa,new york,JFK,71,New York,8,0,0,0,,,,,,,,
582254,F,False,False,usa,indianapolis,IND,52,Gujarat,8,4,4,3,0.0,1.0,0.5,222.56,0.3333333333333333,4.0,890.24,3978.0
582319,F,False,False,usa,denver,DEN,58,Colorado,8,4,4,4,0.25,1.25,0.75,820.8262500000001,0.25,4.25,5376.9400000000005,3102.2
582320,F,True,False,canada,ottawa,YOW,60,Ontario,9,2,1,2,0.0,1.0,0.0,653.76,0.0,3.5,653.76,1224.0
582326,F,True,False,usa,baltimore,BWI,47,Maryland,8,4,4,4,0.0,1.0,1.25,212.70250000000001,0.25,2.0,850.8100000000001,1345.0
582333,F,True,False,usa,san antonio,SKF,45,Texas,8,4,3,3,0.25,1.3333333333333333,0.6666666666666666,305.48,0.6666666666666666,4.0,980.19,2490.5
582343,F,False,False,usa,tampa,MCF,38,Florida,8,2,2,2,0.0,1.0,1.0,489.575,0.0,1.5,979.15,539.0
582446,F,False,True,usa,rochester,ROC,36,New York,8,2,1,2,0.5,1.0,1.0,387.75,0.0,3.0,387.75,801.5
582586,F,True,False,usa,chicago,ORD,91,Illinois,8,0,0,0,,,,,,,,
582664,F,True,True,usa,anchorage,MRI,56,Alaska,8,1,1,1,0.0,1.0,0.0,933.5,0.0,3.0,933.5,1029.0
582723,F,True,True,usa,new york,LGA,50,New York,9,4,4,4,0.5,1.25,0.25,680.605,0.75,4.25,3450.1330000000003,5615.8
582729,F,True,True,usa,kansas city,MCI,65,Missouri,8,0,0,0,,,,,,,,
582768,F,True,False,usa,chicago,ORD,45,Illinois,8,5,5,4,0.0,1.2,0.4,517.325,0.75,4.5,4354.62,9485.0
582785,F,False,True,usa,stockton,SCK,56,California,8,6,6,6,0.16666666666666666,1.0,0.3333333333333333,459.8516666666667,0.5,2.1666666666666665,2729.9494999999997,1723.0
582796,F,False,False,canada,toronto,YKZ,27,Ontario,9,1,0,1,0.0,,,,0.0,21.0,,5838.0
582801,F,True,False,usa,milwaukee,MKE,54,Wisconsin,8,2,2,2,0.5,1.0,0.5,195.82999999999998,0.0,4.0,365.953,1738.0
582828,F,False,False,usa,san antonio,SAT,33,Texas,8,3,3,1,0.3333333333333333,1.0,0.6666666666666666,410.6666666666667,1.0,2.0,1232.0,1497.6000000000001
582833,F,False,False,usa,detroit,YIP,46,Michigan,8,2,2,1,0.0,4.0,0.5,104.625,0.0,1.0,837.0,668.0
582979,F,False,False,usa,reno,RNO,49,Nevada,9,6,6,5,0.3333333333333333,1.0,0.5,445.34666666666664,0.2,2.8,2604.426,1749.0
583023,F,True,False,usa,cleveland,CLE,56,Ohio,8,3,2,3,0.3333333333333333,1.0,0.5,103.315,0.6666666666666666,3.6666666666666665,206.63,13425.45
583038,M,True,False,usa,chicago,MDW,47,Illinois,8,3,3,2,0.6666666666666666,1.0,0.6666666666666666,161.35,0.0,2.5,445.514,783.0
583052,F,False,False,usa,miami,MIA,44,Florida,8,4,4,4,0.75,1.25,0.75,332.59749999999997,0.0,3.25,1560.5385,1897.5
583070,F,False,True,usa,new york,LGA,28,New York,8,3,3,1,0.3333333333333333,1.3333333333333333,0.6666666666666666,414.83166666666665,0.0,2.0,1678.41,1050.0
583166,F,False,True,usa,columbus,CMH,23,Ohio,9,0,0,0,,,,,,,,
583335,F,False,True,usa,san jose,SJC,21,California,8,2,2,2,0.5,1.5,0.5,494.785,0.5,1.5,1419.69,618.3
583342,F,False,False,usa,riverside,RIV,68,California,8,2,0,2,0.5,,,,0.0,7.0,,1430.6
583446,F,False,False,usa,los angeles,LAX,36,California,8,4,3,4,0.25,1.6666666666666667,0.6666666666666666,639.6316666666667,0.5,3.5,2926.6189999999997,5982.0
583454,F,False,True,usa,montgomery,MXF,24,Alabama,8,1,1,1,0.0,1.0,1.0,232.56,0.0,1.0,232.56,123.0
583490,M,False,False,usa,los angeles,LAX,27,California,8,1,0,1,0.0,,,,0.0,6.0,,1290.0
583499,F,False,False,canada,ottawa,YOW,51,Ontario,8,3,3,3,0.6666666666666666,2.0,1.6666666666666667,405.895,0.6666666666666666,2.6666666666666665,2067.877,1215.0
583664,F,True,False,usa,detroit,DET,50,Michigan,9,2,2,2,0.0,1.0,0.5,164.66500000000002,0.5,1.0,329.33000000000004,240.0
583759,F,False,True,usa,akron,AKR,39,Ondo,8,2,1,2,0.0,1.0,0.0,115.02,0.0,5.0,115.02,1810.0
583931,M,False,False,usa,newark,EWR,51,New Jersey,8,3,2,3,0.3333333333333333,1.0,0.5,50.535,0.3333333333333333,3.3333333333333335,101.07,934.0
583955,F,False,False,usa,new york,LGA,30,New York,8,0,0,0,,,,,,,,
584001,F,False,False,canada,calgary,YYC,19,Alberta,8,1,1,1,0.0,2.0,1.0,391.325,0.0,1.0,782.65,556.0
584012,F,True,True,usa,milwaukee,MKE,49,Wisconsin,8,2,2,2,0.0,1.0,1.0,265.9,0.5,3.0,531.8,642.0
584030,F,True,True,usa,chicago,ORD,55,Illinois,8,4,4,4,0.25,1.0,0.5,332.505,0.75,1.25,1272.125,933.0
584034,F,False,False,usa,new york,JFK,41,New York,8,3,3,3,0.3333333333333333,1.0,1.0,377.0733333333333,0.0,1.6666666666666667,1131.22,1165.6999999999998
584115,F,False,True,usa,houston,IAH,38,Texas,8,2,0,2,0.5,,,,1.0,3.5,,1166.0
584241,F,False,True,usa,charlotte,CLT,58,North Carolina,8,2,0,2,0.0,,,,0.0,3.0,,1960.0
584288,F,False,False,usa,tallahassee,TLH,40,Florida,9,5,5,5,0.4,1.2,0.8,313.439,0.0,2.6,1709.654,2006.2
584525,F,False,False,usa,new york,LGA,52,New York,8,7,6,5,0.2857142857142857,1.1666666666666667,0.5,219.4283333333333,0.4,8.6,1717.749,5412.0
584537,F,True,False,usa,el paso,BIF,52,Texas,8,5,4,4,0.2,1.0,0.5,215.765,0.0,1.5,863.06,890.6
584787,F,True,False,usa,los angeles,LAX,68,California,9,2,0,2,0.5,,,,0.5,9.5,,3876.0
584875,F,True,False,usa,las vegas,LAS,42,Nevada,8,3,3,3,0.0,1.3333333333333333,0.6666666666666666,572.7116666666667,0.0,3.6666666666666665,2233.14,4238.0
584912,F,False,False,usa,tucson,DMA,39,Arizona,8,4,4,3,0.25,1.0,0.5,458.2625,0.6666666666666666,2.0,1833.05,1471.0
584977,M,False,False,usa,fort worth,FTW,48,Texas,8,3,3,3,0.3333333333333333,1.3333333333333333,0.3333333333333333,299.78333333333336,0.3333333333333333,3.0,1285.0035,4180.0
584998,F,True,False,usa,lincoln,LNK,58,Nebraska,8,4,2,4,0.5,1.0,1.5,313.195,0.0,6.0,626.39,2804.4
585169,M,True,True,usa,los angeles,LAX,37,California,8,0,0,0,,,,,,,,
585187,F,True,False,usa,philadelphia,PHL,59,Pennsylvania,8,3,3,3,0.3333333333333333,1.0,1.0,337.59,0.0,1.6666666666666667,917.1329999999999,474.6
585231,M,False,False,usa,new york,LGA,51,New York,8,0,0,0,,,,,,,,
585248,F,True,True,usa,el paso,ELP,50,Texas,8,1,1,1,0.0,1.0,0.0,394.55,0.0,1.0,394.55,121.0
585250,F,False,False,usa,new york,JFK,49,New York,8,0,0,0,,,,,,,,
585310,F,False,False,canada,toronto,YZD,37,,8,3,3,3,0.0,1.0,0.6666666666666666,375.50333333333333,0.3333333333333333,2.0,1126.51,1976.0
585361,F,False,True,usa,new york,LGA,25,New York,8,0,0,0,,,,,,,,
585492,F,False,False,usa,new york,LGA,47,New York,8,1,1,1,1.0,1.0,0.0,682.21,0.0,2.0,613.989,120.0
585522,M,True,False,usa,phoenix,LUF,70,Arizona,8,0,0,0,,,,,,,,
585583,F,False,True,usa,milwaukee,MKE,40,Wisconsin,9,2,2,2,0.0,1.5,0.0,156.60999999999999,0.5,2.0,435.02,577.0
585650,F,False,False,usa,portland,PDX,34,Oregon,8,2,1,2,0.5,1.0,0.0,161.59,0.5,4.5,161.59,3270.0
585717,M,False,False,usa,houston,HOU,22,Texas,8,2,2,1,0.5,1.0,0.0,394.845,1.0,3.0,789.69,300.0
585768,F,False,True,usa,san francisco,SFO,46,California,8,1,1,1,0.0,1.0,1.0,742.71,1.0,2.0,742.71,544.0
585832,F,False,False,canada,hamilton,YHM,52,Ontario,8,2,2,2,0.0,1.0,1.0,264.41,0.0,2.0,528.82,533.0
585915,F,True,False,usa,los angeles,LAX,49,California,8,3,3,1,0.0,1.3333333333333333,1.0,249.49833333333333,0.0,4.0,846.14,1544.0
585946,F,True,False,usa,akron,AKR,50,Ondo,8,2,1,2,0.5,1.0,0.0,222.77,0.5,3.0,200.49300000000002,1548.0
586096,F,True,False,usa,chicago,ORD,49,Illinois,8,4,3,4,0.5,1.0,0.3333333333333333,363.29333333333335,0.0,2.5,1089.88,1296.3
586257,M,False,False,usa,norfolk,NGU,22,Virginia,8,0,0,0,,,,,,,,
586270,F,False,True,usa,boston,BOS,38,Massachusetts,9,2,1,2,0.5,1.0,0.0,92.54,0.5,4.0,92.54,951.0
586272,F,False,False,usa,colorado springs,COS,20,Colorado,8,1,1,1,0.0,1.0,0.0,367.45,0.0,2.0,367.45,272.0
586344,F,False,False,canada,edmonton,YED,20,,8,1,0,1,0.0,,,,1.0,16.0,,736.0
586357,F,False,False,usa,san diego,SAN,24,California,8,0,0,0,,,,,,,,
586384,F,False,False,canada,toronto,YTZ,36,Ontario,8,6,4,5,0.5,1.25,0.5,232.79875,0.6,5.2,843.006,4597.950000000001
586458,F,True,False,usa,el paso,BIF,72,Texas,8,0,0,0,,,,,,,,
586471,F,False,False,usa,philadelphia,PNE,50,Pennsylvania,8,1,1,1,1.0,1.0,1.0,23.25,0.0,1.0,23.25,152.0
586637,F,True,False,usa,chicago,MDW,49,Illinois,8,4,3,4,0.5,1.6666666666666667,0.3333333333333333,225.51888888888888,0.25,4.0,811.51,5874.5
586644,F,True,False,usa,philadelphia,PNE,53,Pennsylvania,8,3,2,3,0.0,1.0,0.0,304.705,0.0,3.0,609.41,1318.0
586656,F,True,False,canada,toronto,YTZ,48,Ontario,9,1,1,1,0.0,1.0,0.0,91.45,0.0,6.0,91.45,966.0
586762,F,False,False,canada,montreal,YUL,39,Quebec,8,3,3,3,0.3333333333333333,1.3333333333333333,0.3333333333333333,529.8966666666666,0.3333333333333333,6.333333333333333,1752.51,5819.0
586774,F,True,True,usa,new york,LGA,42,New York,8,3,3,3,0.3333333333333333,1.3333333333333333,0.3333333333333333,283.96999999999997,0.3333333333333333,2.0,942.044,1031.0
586811,F,False,True,usa,baltimore,BWI,45,Maryland,9,4,4,2,0.0,1.0,0.5,172.67000000000002,0.0,2.0,690.6800000000001,575.0
586820,F,True,False,canada,toronto,YYZ,45,Ontario,8,4,4,3,0.75,1.75,0.25,216.51749999999998,0.0,7.0,1104.876,8383.099999999999
586829,F,False,False,usa,los angeles,LAX,19,California,8,0,0,0,,,,,,,,
586850,F,False,False,canada,hamilton,YHM,47,Ontario,8,4,4,4,0.0,1.0,0.5,303.425,0.75,1.5,1213.7,1248.0
586876,F,False,True,canada,toronto,YZD,37,,8,4,3,4,0.25,1.0,0.6666666666666666,118.89999999999999,0.5,5.25,336.504,4780.0
586953,F,False,True,usa,memphis,MEM,42,Tennessee,8,4,3,3,0.25,1.0,0.6666666666666666,307.56,0.0,4.0,922.68,1712.0
587470,F,True,True,usa,indianapolis,IND,58,Gujarat,8,1,1,1,1.0,1.0,0.0,198.72,0.0,6.0,198.72,598.5
587483,F,False,False,usa,miami,MIA,50,Florida,8,4,3,3,0.5,1.0,0.3333333333333333,305.21666666666664,0.3333333333333333,4.0,915.65,2511.5
587538,F,False,True,usa,kansas city,MCI,43,Missouri,9,3,2,2,0.3333333333333333,1.5,0.0,250.27499999999998,0.5,3.5,564.6419999999999,3398.0
587577,F,True,False,canada,toronto,YTZ,53,Ontario,8,2,1,2,0.0,1.0,0.0,508.6,1.0,3.5,508.6,1839.0
587642,F,False,False,usa,fresno,FAT,73,California,8,0,0,0,,,,,,,,
587675,F,False,False,usa,atlanta,ATL,45,Georgia,8,1,1,1,0.0,1.0,1.0,70.84,0.0,7.0,70.84,2002.0
587698,F,False,False,usa,salt lake city,SLC,23,Utah,9,1,1,1,0.0,1.0,0.0,470.7,0.0,2.0,470.7,250.0
588013,M,False,False,canada,hamilton,YHM,30,Ontario,8,1,1,1,0.0,1.0,0.0,680.76,0.0,6.0,680.76,2526.0
588048,F,True,False,usa,san antonio,SKF,46,Texas,8,3,3,1,0.3333333333333333,1.0,1.3333333333333333,403.0533333333333,0.0,2.0,1209.1599999999999,476.0
588103,F,True,False,usa,san jose,SJC,51,California,8,6,6,5,0.16666666666666666,1.1666666666666667,1.0,452.9533333333333,0.0,1.6,3098.845,1094.0
588497,F,False,True,usa,san jose,SJC,22,California,8,1,1,1,0.0,1.0,0.0,467.71,1.0,5.0,467.71,850.0
588507,F,False,False,usa,st. petersburg,PIE,52,Florida,8,3,2,3,0.3333333333333333,1.5,0.5,1300.6925,0.6666666666666666,11.666666666666666,4825.03,2968.0
588677,F,True,True,usa,atlanta,ATL,36,Georgia,8,3,3,3,0.3333333333333333,1.0,0.3333333333333333,326.7033333333333,0.3333333333333333,1.3333333333333333,980.1099999999999,615.05
588732,F,False,False,usa,lincoln,LNK,40,Nebraska,8,3,3,2,0.6666666666666666,1.0,0.3333333333333333,281.4533333333333,0.0,2.0,736.9080000000001,1373.0
588893,F,False,False,usa,phoenix,LUF,45,Arizona,8,2,2,2,1.0,1.0,0.5,270.26,0.0,2.0,526.1890000000001,1271.6
588919,F,True,True,usa,fort worth,FTW,56,Texas,8,2,1,2,0.5,1.0,2.0,218.05,0.0,5.0,218.05,1206.4499999999998
589121,F,False,False,usa,madison,MSN,24,Wisconsin,9,3,2,3,0.3333333333333333,1.0,1.0,62.03,0.0,1.6666666666666667,124.06,1059.0
589140,F,False,True,usa,los angeles,LAX,32,California,8,1,1,1,0.0,1.0,0.0,780.45,0.0,1.0,780.45,458.0
589162,F,False,True,usa,sacramento,SMF,52,California,9,3,3,3,0.3333333333333333,1.0,0.0,502.43666666666667,0.0,4.333333333333333,1507.31,1802.8
589171,F,True,True,usa,los angeles,LAX,38,California,10,1,1,1,0.0,1.0,0.0,695.01,0.0,5.0,695.01,280.0
589228,M,True,False,usa,los angeles,LAX,53,California,8,3,3,3,0.6666666666666666,1.0,0.0,492.4066666666667,0.3333333333333333,2.3333333333333335,1201.9920000000002,1592.0
589259,M,True,True,usa,los angeles,LAX,40,California,8,2,1,2,0.0,1.0,2.0,736.89,0.5,4.0,736.89,1676.0
589311,F,True,True,usa,portland,PWM,44,Maine,8,4,2,3,0.25,1.0,0.5,464.67999999999995,0.3333333333333333,5.333333333333333,929.3599999999999,3492.0
589414,F,True,True,usa,omaha,OMA,48,Iowa,8,1,1,1,1.0,1.0,1.0,405.82,1.0,1.0,344.947,171.0
589822,F,False,False,usa,columbus,CMH,23,Ohio,8,0,0,0,,,,,,,,
589995,F,True,False,usa,nashville,BNA,52,Tennessee,8,3,3,2,0.6666666666666666,1.3333333333333333,1.0,259.53833333333336,0.5,1.0,951.139,471.0
590014,F,False,False,canada,toronto,YKZ,22,Ontario,8,1,1,1,1.0,1.0,0.0,627.22,0.0,1.0,627.22,71.39999999999999
590095,F,False,False,usa,providence,PVD,40,Rhode Island,8,1,1,1,0.0,1.0,1.0,41.28,0.0,8.0,41.28,4024.0
590103,F,True,False,usa,philadelphia,PNE,51,Pennsylvania,9,3,3,3,0.0,1.0,0.3333333333333333,227.1933333333333,0.6666666666666666,2.0,681.5799999999999,1094.0
590130,F,False,False,usa,austin,AUS,61,Texas,8,2,2,2,0.5,1.0,0.0,506.66,0.5,1.0,960.6490000000001,285.35
590230,F,False,False,usa,new york,JFK,30,New York,8,2,2,2,0.0,1.0,1.0,423.33500000000004,0.0,2.5,846.6700000000001,1393.0
590394,F,True,True,usa,san francisco,SFO,44,California,8,2,1,2,0.5,1.0,0.0,107.13,0.0,2.5,107.13,1164.0
590400,F,True,False,canada,montreal,YMX,47,Quebec,8,4,3,4,0.5,1.0,1.0,107.76666666666667,0.0,3.5,307.547,3339.2
590404,F,True,True,usa,san antonio,RND,54,Texas,8,4,4,4,0.5,1.25,0.5,360.59375,0.75,3.25,1970.231,1819.0
590429,F,False,False,usa,louisville,LOU,59,Kentucky,8,3,3,1,0.3333333333333333,1.3333333333333333,0.3333333333333333,168.295,0.0,2.0,697.97,768.0
590434,M,False,False,usa,riverside,RIV,56,California,8,3,3,2,0.0,1.0,1.0,409.43333333333334,0.5,2.5,1228.3,2186.0
590442,F,True,False,usa,rochester,ROC,47,New York,8,4,4,4,0.0,1.0,0.0,313.475,0.5,2.75,1253.9,970.0
590558,F,True,False,usa,milwaukee,MKE,29,Wisconsin,9,3,1,3,0.6666666666666666,1.0,1.0,130.01,0.0,5.0,130.01,5268.400000000001
590744,F,False,False,usa,los angeles,LAX,23,California,8,1,1,1,0.0,1.0,0.0,543.25,1.0,3.0,543.25,486.0
590829,F,False,False,usa,minneapolis,MSP,46,Minnesota,8,3,2,3,0.0,1.0,1.0,276.005,0.0,3.0,552.01,1243.0
590905,F,True,False,usa,houston,EFD,44,Texas,8,4,3,4,0.5,1.6666666666666667,0.6666666666666666,211.23555555555552,0.0,3.0,836.362,2559.6
590922,F,False,False,canada,montreal,YUL,68,Quebec,9,3,3,3,0.3333333333333333,1.0,0.0,400.27666666666664,0.0,4.666666666666667,1166.1105,2274.0
590967,F,False,True,usa,houston,HOU,48,Texas,9,5,5,5,0.2,1.0,0.4,387.42199999999997,0.2,4.2,1895.5169999999998,2477.0
591003,F,False,True,usa,philadelphia,PNE,49,Pennsylvania,8,4,4,3,0.25,1.0,0.75,305.59749999999997,0.6666666666666666,4.0,1222.3899999999999,1952.1
591155,M,True,False,canada,windsor,YQG,43,Ontario,8,2,1,2,1.0,1.0,1.0,546.35,0.5,3.5,546.35,853.9
591255,F,False,False,usa,omaha,OMA,30,Iowa,8,1,1,1,0.0,1.0,1.0,253.11,1.0,3.0,253.11,468.0
591271,F,True,False,canada,halifax,YAW,49,,9,0,0,0,,,,,,,,
591433,F,False,False,usa,dallas,DAL,38,Texas,8,5,5,5,0.2,1.2,0.8,302.02200000000005,0.2,3.2,1789.8625,1946.0
591478,F,False,False,usa,new york,JFK,22,New York,8,2,0,2,0.5,,,,0.0,8.5,,2951.0
591582,M,True,False,canada,montreal,YUL,33,Quebec,8,3,3,3,0.3333333333333333,1.6666666666666667,0.6666666666666666,560.9311111111111,0.0,4.0,2027.292,1654.0
591593,F,False,False,usa,long beach,LGB,27,California,8,2,2,2,1.0,1.5,0.5,587.4525,0.5,2.5,2034.99,517.5
591599,F,False,True,usa,lincoln,LNK,57,Nebraska,8,2,2,2,0.5,1.0,1.0,313.005,0.0,2.5,598.043,462.0
591746,F,False,False,usa,san antonio,RND,41,Texas,8,3,3,3,0.3333333333333333,1.0,0.6666666666666666,268.32,0.6666666666666666,1.3333333333333333,804.96,1076.7
591835,F,False,False,usa,reno,RNO,78,Nevada,9,1,0,1,0.0,,,,0.0,3.0,,756.0
592035,F,False,True,usa,jacksonville,LRF,46,Arkansas,9,2,2,1,0.0,2.0,0.5,149.73250000000002,0.0,3.0,598.9300000000001,126.0
592082,F,True,False,usa,boston,BOS,61,Massachusetts,9,2,2,2,0.0,1.0,0.0,329.265,0.5,2.5,658.53,650.0
592118,F,False,False,usa,san jose,SJC,20,California,8,0,0,0,,,,,,,,
592158,F,True,True,usa,washington,IAD,46,Virginia,8,2,2,2,0.0,1.0,0.0,688.37,0.0,1.5,1376.74,329.0
592221,F,False,False,usa,bakersfield,BFL,39,California,8,3,3,3,0.0,1.6666666666666667,0.6666666666666666,542.0755555555555,0.6666666666666666,1.6666666666666667,3058.2799999999997,1252.0
592372,M,False,False,usa,charlotte,CLT,19,North Carolina,8,2,2,1,0.5,2.0,1.0,1299.4133333333334,0.0,1.0,7539.38,394.0
592399,F,False,False,canada,toronto,YKZ,34,Ontario,8,4,4,4,0.25,1.0,0.75,371.6875,1.0,2.0,1422.5120000000002,830.0
592445,M,False,True,usa,new york,JFK,39,New York,8,3,2,3,0.0,2.0,0.5,343.1333333333333,0.0,4.0,2010.96,1896.0
592491,F,True,False,usa,rochester,ROC,41,New York,8,4,3,4,0.25,1.6666666666666667,1.3333333333333333,397.98555555555555,0.0,3.75,1346.75,6064.2
592598,F,True,True,usa,fresno,FAT,52,California,8,5,5,4,0.0,1.8,1.8,490.6576,0.25,5.75,4961.76,1921.0
592707,F,True,False,usa,boston,BOS,26,Massachusetts,8,1,1,1,0.0,1.0,1.0,653.08,0.0,2.0,653.08,386.0
592792,F,False,True,canada,montreal,YUL,49,Quebec,9,3,3,3,0.0,1.3333333333333333,0.3333333333333333,328.1616666666667,0.6666666666666666,1.3333333333333333,1282.81,1292.0
592833,F,False,True,usa,chicago,MDW,42,Illinois,8,3,3,3,0.6666666666666666,1.3333333333333333,0.6666666666666666,244.8183333333333,0.3333333333333333,3.3333333333333335,900.67,2323.2
592958,F,False,False,usa,chicago,ORD,20,Illinois,8,1,0,1,0.0,,,,0.0,3.0,,1566.0
593020,F,False,False,usa,oakland,OAK,40,California,8,3,3,3,0.3333333333333333,1.3333333333333333,0.3333333333333333,271.6766666666667,0.3333333333333333,2.6666666666666665,974.44,627.5999999999999
593047,F,True,True,usa,dallas,DAL,62,Texas,10,0,0,0,,,,,,,,
593244,F,False,False,usa,columbus,LCK,32,Ohio,8,3,3,2,0.3333333333333333,1.0,0.6666666666666666,328.13666666666666,0.0,3.5,984.41,1024.0
593386,F,False,False,usa,sacramento,SMF,40,California,8,3,2,3,0.0,1.0,0.0,472.18499999999995,0.0,7.0,944.3699999999999,2750.0
593632,F,True,True,usa,dallas,DAL,57,Texas,9,4,4,2,0.5,1.0,0.75,358.3575,0.0,5.0,1358.6685,1077.6
593719,M,False,True,usa,houston,HOU,39,Texas,8,1,1,1,0.0,1.0,1.0,505.27,1.0,6.0,505.27,330.0
593786,F,False,True,canada,vancouver,YVR,47,British Columbia,8,2,2,2,0.5,1.0,1.0,431.29499999999996,0.0,5.5,835.9,1588.0
593804,F,True,False,canada,victoria,YYJ,32,British Columbia,8,1,1,0,0.0,1.0,1.0,601.44,,,601.44,
593910,M,True,False,canada,winnipeg,YAV,58,,8,2,2,2,0.5,1.0,1.5,291.4,0.0,3.5,563.3465,2664.0
594103,F,False,True,usa,tampa,TPA,38,Florida,8,3,2,3,0.0,1.0,0.0,214.01999999999998,0.0,4.333333333333333,428.03999999999996,7574.0
594123,F,False,True,canada,quebec,YQB,49,Quebec,8,2,1,2,0.5,1.0,1.0,114.9,0.0,4.0,114.9,5052.0
594188,F,False,True,usa,oakland,OAK,56,California,8,2,2,2,0.0,2.0,0.5,400.365,0.5,3.0,2320.9700000000003,837.0
594238,F,True,True,usa,amarillo,AMA,57,Texas,8,2,2,2,0.5,1.0,0.5,427.97,0.0,1.5,810.682,767.0
594240,F,False,True,usa,austin,AUS,45,Texas,8,1,1,1,1.0,1.0,0.0,44.28,1.0,1.0,30.996,86.45
594446,F,False,True,canada,montreal,YUL,28,Quebec,8,3,2,2,0.3333333333333333,1.5,1.0,1565.2225,0.5,7.5,4877.970499999999,2307.0
594503,F,False,False,usa,los angeles,LAX,25,California,8,2,1,2,0.0,1.0,1.0,340.28,0.0,5.5,340.28,1112.0
594601,F,True,False,usa,honolulu,HNL,37,Hawaii,8,1,1,1,0.0,1.0,0.0,722.45,0.0,1.0,722.45,258.0
594695,F,True,False,usa,denver,DEN,58,Colorado,8,4,3,3,0.25,1.0,1.0,412.1166666666666,0.0,10.333333333333334,1236.35,6747.0
594737,F,True,True,usa,los angeles,LAX,36,California,8,3,2,3,0.6666666666666666,1.0,0.5,569.005,0.0,2.3333333333333335,1138.01,940.4
594892,F,True,False,usa,san antonio,SKF,54,Texas,8,2,2,2,0.5,1.0,0.0,478.355,0.0,2.0,956.71,1200.75
594914,F,False,False,canada,halifax,YHZ,45,Nova Scotia,8,3,3,3,0.6666666666666666,1.0,0.3333333333333333,510.64000000000004,0.3333333333333333,5.0,1477.5434999999998,1518.4
594948,F,False,False,canada,edmonton,YXD,67,,8,1,1,1,0.0,1.0,1.0,344.54,0.0,4.0,344.54,480.0
594985,F,False,False,canada,toronto,YKZ,44,Ontario,8,3,3,3,0.3333333333333333,1.0,0.3333333333333333,150.07666666666668,0.6666666666666666,3.6666666666666665,428.914,1792.0
595026,F,False,False,canada,montreal,YMX,49,Quebec,8,3,1,3,0.0,1.0,1.0,427.97,0.3333333333333333,4.333333333333333,427.97,4778.0
595087,F,False,False,usa,los angeles,LAX,44,California,8,5,4,5,0.4,1.0,0.75,486.41,0.4,4.2,1872.923,3993.0
595122,F,True,False,canada,toronto,YZD,60,,8,2,2,2,0.5,1.5,0.5,1016.105,0.0,8.5,3760.0564999999997,1704.0
595126,F,False,False,canada,gatineau,YND,35,Quebec,9,2,1,2,1.0,2.0,1.0,1001.99,0.0,8.0,1703.383,2723.0
595184,F,False,False,canada,toronto,YYZ,52,Ontario,8,5,4,4,0.4,1.0,0.75,258.63,0.25,1.5,1034.52,700.25
595284,F,True,False,usa,new york,LGA,54,New York,8,4,4,4,0.5,1.25,0.25,332.5675,0.0,4.25,1341.474,4248.1
595414,F,True,False,usa,dallas,DAL,51,Texas,8,4,4,4,0.0,1.0,0.75,298.48,0.0,3.75,1193.92,2140.0
595431,F,False,False,usa,new york,LGA,39,New York,8,3,3,3,0.0,1.0,0.3333333333333333,319.95666666666665,0.3333333333333333,4.333333333333333,959.8699999999999,2277.0
595624,F,False,False,usa,anchorage,ANC,38,Alaska,9,1,1,1,0.0,1.0,0.0,944.73,0.0,3.0,944.73,1092.0
595626,F,False,False,usa,los angeles,LAX,48,California,8,4,4,3,0.5,1.5,0.5,364.93499999999995,0.0,2.6666666666666665,2048.817,1159.0
595740,F,True,True,usa,san diego,NZY,60,California,8,2,2,2,0.5,1.5,0.0,491.90749999999997,0.5,1.5,1684.87,503.8
595852,F,False,False,canada,montreal,YMX,56,Quebec,9,3,3,3,0.0,1.0,1.0,212.5233333333333,0.0,1.3333333333333333,637.5699999999999,567.0
595861,F,False,False,usa,new york,LGA,43,New York,8,1,1,1,0.0,1.0,0.0,833.72,0.0,1.0,833.72,383.0
595958,F,True,False,usa,sacramento,MCC,53,California,8,3,2,3,0.3333333333333333,1.0,0.5,431.52000000000004,0.0,2.3333333333333335,848.193,518.0
596329,F,False,False,usa,phoenix,PHX,23,Arizona,9,0,0,0,,,,,,,,
596335,M,True,False,canada,hamilton,YHM,41,Ontario,8,2,2,2,0.0,1.5,0.5,368.275,0.5,5.0,860.73,1960.0
596442,O,False,False,usa,omaha,OMA,20,Iowa,8,1,0,1,1.0,,,,0.0,6.0,,997.5
596559,F,False,False,canada,edmonton,YEG,21,Alberta,8,0,0,0,,,,,,,,
596611,M,False,False,canada,halifax,YAW,25,,8,0,0,0,,,,,,,,
596856,F,False,True,canada,quebec,YQB,32,Quebec,8,3,1,3,0.3333333333333333,1.0,1.0,263.24,0.0,6.666666666666667,263.24,3231.0
597003,F,True,False,usa,stockton,SCK,46,California,9,2,2,2,0.0,1.0,0.0,496.685,0.0,1.5,993.37,679.0
597010,F,True,False,canada,edmonton,YXD,42,,8,4,4,3,0.25,1.75,0.25,332.95916666666665,0.0,3.3333333333333335,2228.5029999999997,1272.0
597410,M,False,False,usa,new york,JFK,50,New York,8,3,2,3,0.0,1.0,0.0,416.8,0.3333333333333333,9.333333333333334,833.6,5413.0
597498,M,True,False,canada,london,YXU,61,Ontario,8,5,5,4,0.0,1.2,0.0,340.788,0.5,3.0,1830.1,1169.0
597510,F,False,True,canada,montreal,YHU,55,Quebec,8,3,3,3,0.3333333333333333,1.0,0.6666666666666666,313.3333333333333,0.3333333333333333,2.6666666666666665,940.0,2419.2
597662,F,False,True,canada,ottawa,YOW,20,Ontario,8,0,0,0,,,,,,,,
597948,M,False,True,canada,montreal,YHU,21,Quebec,8,0,0,0,,,,,,,,
597954,F,True,False,usa,new york,JFK,43,New York,8,4,4,4,0.5,1.25,0.5,232.58249999999998,0.5,2.5,909.476,2277.05
598069,F,False,False,usa,tampa,TPA,33,Florida,8,3,2,2,0.3333333333333333,1.0,0.5,277.66499999999996,0.0,6.5,452.47799999999995,2182.0
598185,F,True,True,usa,cleveland,CLE,37,Ohio,8,2,1,2,0.0,5.0,4.0,138.772,0.0,6.0,693.86,6246.0
598276,F,True,False,usa,mobile,BFM,48,Alabama,9,2,2,2,0.0,1.0,0.0,196.23,0.5,4.0,392.46,639.0
598306,F,True,False,usa,miami,TNT,51,Florida,8,2,2,2,0.0,1.5,2.5,421.94,0.5,4.0,1536.4099999999999,2782.0
598687,M,False,False,usa,modesto,MOD,42,California,8,3,3,3,0.0,1.0,1.0,292.8933333333334,0.3333333333333333,3.3333333333333335,878.6800000000001,1585.0
598691,F,False,False,canada,ottawa,YOW,39,Ontario,8,2,2,2,0.5,1.0,0.5,92.495,0.0,6.0,179.95499999999998,1320.0
598832,F,True,True,usa,louisville,LOU,54,Kentucky,8,1,0,1,0.0,,,,0.0,3.0,,1014.0
599065,M,False,True,usa,new york,LGA,42,New York,8,2,2,2,0.0,1.5,0.5,473.075,0.0,2.5,1319.92,848.0
599239,F,False,True,usa,nashville,BNA,41,Tennessee,10,2,1,2,0.0,1.0,0.0,464.9,0.0,4.5,464.9,1445.0
599311,F,False,True,canada,quebec,YQB,41,Quebec,8,3,2,2,0.6666666666666666,1.0,0.5,159.70000000000002,0.5,2.5,316.5385,1154.0
599348,F,False,False,usa,san antonio,RND,42,Texas,8,5,5,3,0.0,1.0,0.4,363.73199999999997,0.3333333333333333,3.3333333333333335,1818.6599999999999,975.0
599649,F,True,True,usa,new york,JFK,58,New York,8,3,3,3,0.6666666666666666,2.0,1.0,546.86,0.3333333333333333,3.6666666666666665,3259.15,5608.5
599651,F,True,False,usa,shreveport,SHV,45,Louisiana,9,0,0,0,,,,,,,,
599657,F,True,False,canada,london,YXU,51,Ontario,8,1,1,1,1.0,1.0,0.0,108.37,0.0,1.0,86.69600000000001,141.0
599765,F,False,False,usa,los angeles,LAX,56,California,8,1,1,1,1.0,1.0,0.0,640.68,1.0,8.0,512.544,728.0
599790,F,False,False,usa,new york,JFK,59,New York,8,0,0,0,,,,,,,,
599927,F,False,False,usa,los angeles,LAX,45,California,8,4,4,4,0.25,1.0,0.5,468.14,0.25,2.25,1795.7645000000002,2966.0
599999,F,False,False,canada,victoria,YYJ,69,British Columbia,8,0,0,0,,,,,,,,
600011,F,False,False,usa,new york,JFK,47,New York,8,3,3,2,0.0,1.3333333333333333,0.0,588.8283333333333,0.5,2.0,2137.88,973.0
600163,M,True,True,usa,minneapolis,MSP,57,Minnesota,8,1,0,1,0.0,,,,0.0,5.0,,660.0
600265,F,False,True,canada,victoria,YYJ,37,British Columbia,8,1,1,1,0.0,1.0,0.0,460.28,1.0,17.0,460.28,1445.0
600395,F,True,False,usa,houston,HOU,56,Texas,8,4,3,4,0.25,1.3333333333333333,0.6666666666666666,318.915,0.5,2.0,1116.8400000000001,990.2
600444,F,True,False,canada,edmonton,YXD,55,,8,5,5,5,0.4,1.0,0.4,369.63599999999997,0.0,1.6,1789.3449999999998,859.4
600515,F,True,False,canada,toronto,YZD,38,,9,3,3,3,0.3333333333333333,1.0,1.0,425.60999999999996,0.3333333333333333,2.6666666666666665,1276.83,1419.6999999999998
600605,F,True,False,usa,oakland,OAK,58,California,8,3,2,3,0.3333333333333333,1.0,0.0,546.65,0.3333333333333333,6.0,986.0649999999999,2027.0
600796,F,True,False,canada,vancouver,YVR,82,British Columbia,8,1,0,1,1.0,,,,1.0,6.0,,2106.0
600833,F,True,False,usa,san diego,SAN,74,California,8,1,0,1,0.0,,,,0.0,9.0,,2484.0
600926,M,True,True,usa,kansas city,MCI,50,Missouri,8,2,2,2,0.5,1.0,0.0,239.985,0.0,2.5,479.97,822.6
600930,F,True,True,usa,sacramento,SAC,59,California,8,2,2,1,0.5,1.5,0.5,505.09250000000003,0.0,1.0,1280.7800000000002,80.0
601094,M,False,False,usa,chicago,ORD,20,Illinois,8,0,0,0,,,,,,,,
601104,F,True,False,usa,santa ana,SNA,57,California,8,2,1,2,0.5,1.0,1.0,10.84,0.0,10.0,10.84,6257.0
601158,F,False,False,usa,new york,LGA,33,New York,8,2,2,1,0.5,1.0,0.5,658.45,1.0,3.0,1283.55,603.0
601582,M,False,True,usa,sacramento,SMF,55,California,8,2,1,2,0.0,1.0,0.0,188.89,0.5,9.5,188.89,3317.0
601882,F,True,False,usa,omaha,OFF,49,Nebraska,9,3,3,2,0.0,1.0,0.0,338.9866666666667,0.0,2.5,1016.96,746.0
602120,F,False,False,canada,montreal,YMX,45,Quebec,8,4,4,4,0.5,1.0,0.5,302.4125,0.25,3.5,1204.972,1539.7
602323,F,False,True,usa,dallas,DAL,21,Texas,9,2,1,2,0.5,2.0,0.0,235.265,1.0,2.0,423.477,890.0
602433,F,False,False,usa,madison,MSN,55,Wisconsin,8,3,3,3,0.3333333333333333,1.0,0.6666666666666666,439.5333333333333,0.0,1.3333333333333333,1270.962,806.8
602476,F,False,False,canada,edmonton,YED,38,,8,4,3,4,0.5,1.0,0.0,358.6766666666667,0.25,4.0,1067.369,3560.2
602598,F,True,True,usa,new york,LGA,34,New York,8,4,3,4,0.25,1.6666666666666667,0.6666666666666666,212.46444444444444,0.25,3.5,933.048,1734.0
602734,F,False,False,usa,chicago,UGN,39,Illinois,8,0,0,0,,,,,,,,
602748,M,True,False,usa,oklahoma city,TIK,45,Oklahoma,8,4,4,3,0.25,1.25,0.5,884.985,0.3333333333333333,2.0,6395.740000000001,1400.7
602793,F,False,True,usa,miami,OPF,39,Florida,8,2,1,2,0.0,1.0,1.0,352.75,0.0,3.0,352.75,676.0
602827,F,True,True,usa,san jose,SJC,59,California,8,5,5,5,0.4,1.0,0.6,671.268,0.2,2.0,3356.34,1715.6999999999998
602918,F,True,False,canada,winnipeg,YWG,47,Manitoba,8,3,2,1,0.3333333333333333,1.0,1.0,327.415,0.0,6.0,654.83,522.0
602953,F,False,False,usa,memphis,MEM,43,Tennessee,10,4,4,3,0.0,1.0,0.75,321.205,0.3333333333333333,3.0,1284.82,2108.0
602962,F,True,True,canada,ottawa,YOW,43,Ontario,8,3,3,3,0.3333333333333333,1.0,0.6666666666666666,238.1966666666667,0.3333333333333333,3.6666666666666665,695.7,1615.0
603160,F,False,False,usa,los angeles,LAX,39,California,8,6,6,5,0.3333333333333333,1.0,0.6666666666666666,487.1066666666666,0.6,2.2,2922.64,2304.0
603278,F,True,False,canada,calgary,YYC,36,Alberta,8,3,3,3,0.6666666666666666,1.0,1.0,463.0933333333333,0.3333333333333333,1.3333333333333333,1369.042,235.75
603296,F,False,False,canada,halifax,YHZ,44,Nova Scotia,8,3,3,1,0.6666666666666666,1.0,1.0,272.0133333333333,0.0,1.0,731.5875,192.0
603345,F,True,True,canada,saskatoon,YXE,54,Saskatchewan,8,2,2,2,0.0,1.0,1.0,274.315,0.0,1.5,548.63,451.0
603440,F,False,False,usa,colorado springs,COS,45,Colorado,8,3,2,3,0.0,1.0,0.0,270.23,0.0,4.333333333333333,540.46,1857.0
603515,M,False,False,usa,san diego,NZY,40,California,8,3,2,3,0.0,1.0,0.5,172.305,0.3333333333333333,4.0,344.61,3272.0
603592,F,False,False,usa,oklahoma city,OKC,40,Oklahoma,8,2,2,2,0.0,1.0,0.5,381.395,0.0,4.0,762.79,1856.0
603635,F,True,False,canada,hamilton,YHM,67,Ontario,8,2,2,2,0.5,1.0,1.0,503.13,0.5,5.5,1006.26,1696.6
603715,F,True,False,usa,phoenix,LUF,48,Arizona,8,3,2,3,0.3333333333333333,1.0,0.0,574.115,0.0,3.3333333333333335,1148.23,2471.8
603883,F,True,False,usa,baltimore,BWI,62,Maryland,8,3,2,3,0.3333333333333333,1.0,0.5,226.56,0.6666666666666666,2.0,453.12,1388.1
604136,F,True,False,canada,toronto,YKZ,41,Ontario,8,3,2,1,0.3333333333333333,1.5,0.0,101.225,1.0,7.0,304.78,553.0
604355,F,False,False,usa,houston,EFD,34,Texas,8,3,2,3,0.6666666666666666,1.0,1.5,155.97,0.3333333333333333,3.0,272.649,2412.0
604617,F,True,False,usa,new orleans,NBG,55,Louisiana,8,2,1,1,0.0,1.0,1.0,570.16,1.0,10.0,570.16,1150.0
604688,F,True,True,usa,san francisco,SFO,42,California,8,3,3,3,0.3333333333333333,1.0,0.6666666666666666,469.8433333333333,0.6666666666666666,3.0,1409.53,1401.0
604804,F,True,True,usa,new york,LGA,51,New York,8,2,2,1,0.0,1.0,0.5,203.995,0.0,1.0,407.99,52.0
604840,F,False,False,usa,tampa,TPA,40,Florida,8,3,3,3,0.0,1.6666666666666667,0.3333333333333333,606.4150000000001,0.3333333333333333,2.0,2943.92,2464.0
604916,F,False,True,usa,new york,JFK,28,New York,8,0,0,0,,,,,,,,
605004,F,True,False,usa,buffalo,BUF,44,New York,8,3,3,3,0.0,1.6666666666666667,0.6666666666666666,319.3855555555555,0.3333333333333333,2.3333333333333335,1420.43,978.0
605096,M,True,True,usa,dallas,DAL,55,Texas,8,3,3,3,0.0,1.0,1.3333333333333333,236.49,0.3333333333333333,2.0,709.47,1306.0
605308,F,True,False,usa,houston,EFD,71,Texas,8,0,0,0,,,,,,,,
605311,F,False,True,usa,cleveland,CLE,47,Ohio,8,3,3,3,0.0,1.3333333333333333,0.6666666666666666,215.08,0.6666666666666666,3.0,679.35,2152.0
605578,F,False,False,usa,honolulu,HNL,35,Hawaii,8,1,0,1,0.0,,,,0.0,8.0,,1040.0
605619,F,True,True,usa,miami,OPF,46,Florida,8,2,2,2,0.0,1.0,2.0,503.19000000000005,0.5,3.0,1006.3800000000001,714.0
605878,F,True,False,usa,brownsville,BRO,44,Texas,8,2,2,2,0.5,1.0,0.5,335.495,0.0,3.5,670.99,699.45
606094,F,True,False,usa,new orleans,NBG,56,Louisiana,8,4,4,4,0.25,1.0,0.0,252.97,0.5,2.25,1011.88,1152.5
606290,F,True,False,usa,new york,JFK,40,New York,10,4,3,4,0.0,1.0,1.0,603.17,0.5,2.75,1809.51,3392.0
606362,F,True,False,usa,new york,LGA,53,New York,8,1,1,1,0.0,1.0,0.0,201.33,0.0,5.0,201.33,3450.0
606568,M,False,False,usa,los angeles,LAX,49,California,8,2,1,2,0.5,1.0,0.0,393.97,0.5,3.5,393.97,1723.2
606635,F,False,False,usa,reno,RNO,48,Nevada,8,2,2,2,0.5,1.0,0.0,433.025,0.0,4.5,851.5585,2816.0
606862,F,False,False,canada,calgary,YYC,41,Alberta,8,2,2,2,1.0,1.0,1.0,455.28999999999996,0.0,3.5,825.706,802.6
606930,F,False,False,usa,charlotte,CLT,43,North Carolina,9,4,4,4,0.5,1.5,1.0,451.99833333333333,0.5,2.5,2257.6435,2148.0
607017,F,False,False,usa,sacramento,MCC,45,California,8,4,3,3,0.75,1.0,0.3333333333333333,183.58,0.3333333333333333,7.333333333333333,514.017,3618.0
607028,F,False,False,usa,seattle,BFI,51,Washington,8,4,4,4,0.25,1.25,0.75,366.2425,0.25,3.75,1669.364,3779.0
607197,F,False,True,usa,dallas,DAL,20,Texas,8,0,0,0,,,,,,,,
607270,F,True,False,usa,columbus,CMH,45,Ohio,8,1,1,1,0.0,1.0,1.0,533.64,1.0,4.0,533.64,1308.0
607524,F,True,False,usa,miami,MIA,67,Florida,8,1,0,1,1.0,,,,1.0,20.0,,5060.0
607799,F,False,True,usa,los angeles,LAX,38,California,8,1,1,1,0.0,1.0,1.0,118.05,0.0,1.0,118.05,177.0
607931,F,False,False,canada,edmonton,YED,31,,8,3,3,2,0.3333333333333333,1.0,0.3333333333333333,490.82666666666665,0.0,2.0,1386.4875,1019.0
607949,F,False,False,usa,new york,JFK,20,New York,8,2,1,1,0.0,1.0,0.0,572.0,1.0,12.0,572.0,2664.0
607998,F,False,False,usa,new york,JFK,42,New York,8,3,3,2,0.3333333333333333,1.0,0.0,512.1033333333334,0.0,2.0,1536.31,650.0
608343,F,True,False,usa,new orleans,MSY,46,Louisiana,8,1,1,1,0.0,1.0,1.0,133.37,0.0,4.0,133.37,420.0
608520,F,True,False,usa,new orleans,MSY,53,Louisiana,8,4,2,4,0.5,1.5,1.0,518.56,0.5,3.5,1329.52,1920.45
608725,F,True,True,usa,tacoma,TCM,49,Washington,8,2,1,2,0.0,1.0,1.0,594.22,0.0,3.0,594.22,620.0
608727,F,False,True,canada,hamilton,YHM,57,Ontario,8,4,2,4,0.25,1.0,0.0,328.685,0.5,7.5,630.727,4826.0
608823,F,False,False,canada,windsor,YQG,20,Ontario,8,1,1,1,0.0,1.0,0.0,623.83,1.0,7.0,623.83,756.0
608860,F,False,False,usa,san antonio,RND,46,Texas,8,2,2,2,0.0,1.0,0.5,333.505,0.0,6.0,667.01,3790.0
609102,F,False,True,usa,new york,LGA,44,New York,8,1,1,1,0.0,1.0,2.0,198.24,0.0,4.0,198.24,824.0
609167,F,False,False,usa,omaha,OMA,41,Iowa,8,4,4,4,0.5,1.25,0.75,246.5125,0.25,3.0,1099.464,2010.0
609221,F,False,False,usa,oakland,OAK,33,California,8,1,1,0,0.0,1.0,1.0,686.5,,,686.5,
609228,F,True,False,usa,los angeles,LAX,58,California,8,3,3,3,0.3333333333333333,1.0,0.0,595.5933333333334,0.0,4.333333333333333,1786.78,1617.95
609230,F,False,False,usa,austin,AUS,32,Texas,8,2,2,1,1.0,1.5,0.0,287.16249999999997,1.0,1.0,721.8699999999999,155.20000000000002
609236,F,False,False,usa,milwaukee,MKE,43,Wisconsin,8,4,3,4,0.5,1.0,0.6666666666666666,216.14000000000001,0.25,5.0,526.088,3478.0
609240,F,False,True,canada,toronto,YYZ,56,Ontario,8,3,3,3,0.3333333333333333,1.0,1.3333333333333333,302.7,0.3333333333333333,2.0,908.0999999999999,583.8
609393,M,False,False,canada,ottawa,YOW,41,Ontario,9,3,3,2,0.3333333333333333,1.3333333333333333,0.6666666666666666,181.47833333333332,0.5,6.0,612.26,1648.8000000000002
609413,F,False,True,canada,quebec,YQB,54,Quebec,8,3,3,3,0.3333333333333333,1.0,0.6666666666666666,113.5,0.3333333333333333,2.0,336.154,1010.0
609683,F,False,False,usa,memphis,MEM,19,Tennessee,8,0,0,0,,,,,,,,
609720,F,False,True,usa,phoenix,PHX,40,Arizona,8,2,2,1,0.0,1.0,0.5,630.775,0.0,2.0,1261.55,178.0
609763,F,False,True,canada,vancouver,YVR,20,British Columbia,8,1,0,1,0.0,,,,0.0,2.0,,186.0
609800,F,True,True,canada,ottawa,YOW,50,Ontario,9,2,2,2,0.5,1.0,1.0,329.485,0.0,1.5,649.9795,217.0
609817,F,False,False,usa,bakersfield,BFL,55,California,8,4,4,3,0.25,1.0,0.5,300.0525,0.3333333333333333,2.0,1174.926,841.0
609838,F,True,False,usa,buffalo,BUF,69,New York,8,0,0,0,,,,,,,,
609868,F,True,True,canada,halifax,YAW,57,,8,4,4,4,0.25,1.0,0.25,430.3825,0.0,1.5,1721.53,626.1
610144,F,False,False,usa,los angeles,LAX,48,California,8,6,6,6,0.16666666666666666,1.0,0.6666666666666666,526.255,0.0,2.5,3157.53,3135.0
610226,F,False,True,usa,houston,IAH,60,Texas,8,1,1,1,0.0,1.0,1.0,248.2,1.0,5.0,248.2,1860.0
610280,F,True,True,canada,toronto,YKZ,60,Ontario,9,2,0,2,0.0,,,,0.5,9.0,,2418.0
610474,F,True,False,usa,indianapolis,IND,55,Gujarat,8,3,3,3,0.0,1.0,0.3333333333333333,156.73000000000002,0.3333333333333333,5.333333333333333,470.19000000000005,2522.0
610482,F,False,False,usa,winston-salem,INT,38,North Carolina,8,5,3,5,0.2,1.0,0.6666666666666666,378.9766666666667,0.4,3.0,1136.93,4698.4
610492,F,False,True,canada,calgary,YYC,22,Alberta,8,1,0,1,1.0,,,,0.0,2.0,,696.6
610530,F,False,False,usa,oklahoma city,TIK,27,Oklahoma,8,0,0,0,,,,,,,,
610670,F,False,True,canada,toronto,YTZ,38,Ontario,8,3,3,3,0.0,1.0,0.6666666666666666,363.0133333333333,0.6666666666666666,2.0,1089.04,441.0
610763,F,False,True,usa,milwaukee,MKE,27,Wisconsin,8,1,1,1,0.0,1.0,1.0,249.61,0.0,2.0,249.61,314.0
610793,F,False,True,usa,dallas,DAL,37,Texas,8,2,2,2,0.0,1.0,0.5,395.93,0.5,2.5,791.86,926.0
610806,F,True,False,usa,laredo,LRD,50,Texas,8,4,4,3,0.25,1.25,0.5,309.83625,0.6666666666666666,6.0,1584.38,2665.4
611065,F,False,False,usa,los angeles,LAX,45,California,8,4,4,4,0.0,1.5,0.75,593.9658333333333,0.5,1.5,3572.77,1681.0
611251,F,False,False,canada,ottawa,YOW,51,Ontario,8,3,3,3,0.0,1.6666666666666667,0.3333333333333333,457.21222222222224,0.3333333333333333,1.6666666666666667,1490.03,635.0
611371,F,False,False,canada,calgary,YYC,37,Alberta,8,5,4,4,0.6,1.0,0.75,468.26500000000004,0.5,3.25,1873.0600000000002,4001.65
611583,M,False,True,usa,jacksonville,JAX,40,Florida,8,3,3,2,0.0,1.0,1.0,246.6833333333333,0.0,1.5,740.05,398.0
611887,F,False,False,usa,philadelphia,PNE,34,Pennsylvania,8,3,3,1,0.6666666666666666,1.0,0.6666666666666666,299.5933333333333,1.0,5.0,898.78,492.0
611954,F,False,False,usa,st. louis,STL,45,Missouri,8,4,4,4,0.5,1.0,0.75,187.13,0.75,2.0,724.595,1608.15
612002,F,False,True,usa,los angeles,LAX,46,California,9,3,2,3,0.0,1.0,0.5,619.89,0.3333333333333333,8.0,1239.78,2376.0
612128,M,True,True,usa,phoenix,PHX,47,Arizona,8,2,1,2,0.5,1.0,2.0,263.56,0.5,3.5,263.56,2394.8
612175,F,True,True,usa,little rock,LIT,40,Arkansas,8,3,2,3,0.0,1.0,1.5,304.755,0.0,4.333333333333333,609.51,4360.0
612797,F,True,True,usa,phoenix,LUF,56,Arizona,8,1,1,1,1.0,1.0,0.0,170.91,0.0,1.0,170.91,487.8
612812,M,True,False,usa,orlando,MCO,71,Florida,8,1,0,1,1.0,,,,0.0,14.0,,932.4
612976,F,False,False,usa,tucson,TUS,28,Arizona,8,0,0,0,,,,,,,,
613252,F,False,False,usa,austin,AUS,24,Texas,8,0,0,0,,,,,,,,
613386,F,False,True,usa,chicago,UGN,20,Illinois,8,0,0,0,,,,,,,,
613442,M,False,False,usa,fresno,FAT,38,California,8,4,3,4,0.5,1.0,1.0,372.5533333333333,0.5,1.75,1117.6599999999999,1696.2
613655,F,False,False,canada,calgary,YYC,61,Alberta,8,2,2,2,0.5,1.0,0.5,518.005,0.5,1.5,1003.9585,470.0
613921,F,False,False,usa,milwaukee,MKE,33,Wisconsin,9,1,1,1,0.0,1.0,1.0,127.84,0.0,1.0,127.84,242.0
613941,F,True,False,usa,new york,LGA,46,New York,8,3,1,3,0.6666666666666666,2.0,0.0,379.365,0.6666666666666666,5.666666666666667,758.73,3089.75
614111,M,False,False,usa,tampa,MCF,36,Florida,8,3,2,3,0.3333333333333333,1.5,0.0,172.71,0.0,9.0,637.8,6219.8
614165,F,False,False,usa,columbus,CMH,30,Ohio,8,4,4,4,0.0,1.0,0.75,274.16499999999996,0.0,3.0,1096.6599999999999,4302.0
614311,F,True,False,usa,memphis,MEM,52,Tennessee,8,1,1,1,0.0,1.0,1.0,305.05,0.0,2.0,305.05,88.0
614549,F,False,False,usa,el paso,BIF,30,Texas,8,3,2,3,0.3333333333333333,1.5,1.0,559.355,0.3333333333333333,2.0,1700.71,756.2
614595,F,True,True,usa,santa ana,SNA,52,California,8,0,0,0,,,,,,,,
614814,F,True,False,usa,montgomery,MXF,71,Alabama,8,1,0,1,0.0,,,,0.0,7.0,,2023.0
614918,F,False,False,canada,toronto,YKZ,41,Ontario,8,5,5,5,0.4,1.0,0.6,198.8,0.0,1.2,985.0045,1115.8
614933,F,True,False,usa,indianapolis,IND,57,Gujarat,8,2,2,2,0.0,1.0,0.5,410.755,0.0,4.0,821.51,1710.0
615006,F,False,False,usa,columbus,CMH,52,Ohio,8,1,1,1,1.0,1.0,0.0,577.02,0.0,4.0,548.169,660.0
615489,F,True,True,usa,montgomery,MXF,59,Alabama,8,1,1,1,0.0,2.0,0.0,198.09,1.0,1.0,396.18,216.0
615749,F,False,False,usa,san francisco,SFO,51,California,8,4,4,4,0.0,1.25,0.0,473.77375,0.5,1.5,1988.8600000000001,1557.0
615881,F,False,False,usa,riverside,RIV,67,California,8,0,0,0,,,,,,,,
616222,F,True,True,canada,quebec,YQB,50,Quebec,9,2,2,2,0.5,1.5,0.5,528.2825,0.5,2.5,1789.2054999999998,1274.4
616491,F,False,True,usa,nashville,BNA,52,Tennessee,8,3,3,3,0.0,1.0,0.3333333333333333,106.18333333333332,0.0,3.0,318.54999999999995,2940.0
616518,F,False,False,usa,new york,LGA,47,New York,9,2,2,2,0.0,1.0,1.0,369.88,0.5,1.5,739.76,243.0
616718,F,True,False,canada,hamilton,YHM,48,Ontario,9,3,3,3,0.3333333333333333,1.3333333333333333,0.0,547.3449999999999,0.3333333333333333,3.3333333333333335,2109.716,1552.0
616752,F,False,True,usa,honolulu,HNL,20,Hawaii,9,2,1,2,0.5,1.0,1.0,1046.34,0.5,6.0,1046.34,2964.0
616802,F,True,False,usa,montgomery,MXF,46,Alabama,8,3,3,2,0.0,1.0,0.6666666666666666,258.82,0.5,1.5,776.46,628.0
617052,F,True,True,usa,laredo,LRD,50,Texas,9,3,3,3,0.3333333333333333,1.3333333333333333,0.6666666666666666,278.96999999999997,0.3333333333333333,2.0,1060.6205,1004.8
617199,M,True,False,usa,kansas city,MCI,54,Missouri,9,5,3,5,0.2,1.3333333333333333,0.6666666666666666,345.39000000000004,0.2,7.6,1294.79,13186.0
617458,F,True,True,canada,montreal,YMX,32,Quebec,8,3,3,2,0.0,1.0,0.6666666666666666,81.98,0.5,2.5,245.94,637.0
617964,F,False,True,usa,miami,OPF,34,Florida,8,1,0,1,1.0,,,,1.0,3.0,,171.0
618230,F,True,False,usa,omaha,OMA,30,Iowa,8,0,0,0,,,,,,,,
618266,F,False,True,usa,miami,OPF,45,Florida,8,1,1,1,1.0,1.0,1.0,309.68,1.0,3.0,309.68,990.9
618308,F,True,True,usa,memphis,MEM,61,Tennessee,10,2,2,2,0.5,1.0,1.0,230.505,0.0,2.0,428.978,655.5
618343,M,True,True,usa,new york,LGA,42,New York,8,1,0,1,0.0,,,,1.0,6.0,,1056.0
618418,F,False,False,canada,toronto,YKZ,47,Ontario,8,5,5,5,0.2,1.0,0.4,334.764,0.2,3.2,1616.108,2800.8
618429,M,False,True,usa,philadelphia,PHL,49,Pennsylvania,8,3,3,3,0.3333333333333333,1.0,1.0,390.3633333333333,0.3333333333333333,3.0,1171.09,1242.6
618642,F,True,False,usa,honolulu,HNL,42,Hawaii,8,2,2,0,0.0,1.0,1.0,1164.45,,,2328.9,
618759,F,False,True,usa,san diego,SAN,26,California,8,2,1,1,0.5,1.0,1.0,117.77,0.0,16.0,117.77,2310.4
618780,F,False,True,usa,new york,JFK,37,New York,8,3,3,3,0.0,1.0,0.6666666666666666,358.5566666666667,0.6666666666666666,3.0,1075.67,1288.0
618815,F,False,True,usa,san francisco,SFO,34,California,8,1,0,1,0.0,,,,0.0,8.0,,832.0
619109,F,False,False,usa,portland,PWM,42,Maine,8,1,1,1,0.0,1.0,0.0,76.67,0.0,6.0,76.67,420.0
619218,F,True,False,usa,orlando,MCO,45,Florida,8,1,1,1,0.0,1.0,0.0,710.51,0.0,3.0,710.51,567.0
619362,F,True,False,usa,san francisco,SFO,49,California,8,4,4,4,0.0,1.25,0.5,580.21625,0.5,2.25,2988.85,1703.0
619520,F,True,False,canada,ottawa,YOW,39,Ontario,9,2,2,2,0.0,1.5,0.5,316.485,0.5,1.0,780.52,236.0
619615,F,False,False,usa,nashville,BNA,51,Tennessee,8,4,4,4,0.0,1.0,0.25,384.925,0.75,2.0,1539.7,1950.0
619938,F,False,False,usa,houston,IAH,28,Texas,9,0,0,0,,,,,,,,
619971,F,True,False,usa,san diego,NZY,41,California,8,1,0,1,0.0,,,,0.0,2.0,,274.0
619988,F,False,False,usa,providence,PVD,19,Rhode Island,8,0,0,0,,,,,,,,
620274,F,True,False,usa,tucson,DMA,66,Arizona,8,3,3,3,0.6666666666666666,1.0,0.6666666666666666,458.23999999999995,0.0,2.0,1284.1999999999998,968.0
620300,F,True,True,usa,houston,IAH,51,Texas,8,3,3,3,0.0,1.3333333333333333,0.6666666666666666,431.84666666666664,0.6666666666666666,1.3333333333333333,1668.41,507.0
620382,F,False,True,usa,st. louis,STL,20,Missouri,8,2,1,2,0.5,1.0,0.0,201.37,0.0,4.5,181.233,1163.15
620453,F,True,True,usa,richmond,RIC,51,Virginia,8,1,1,1,1.0,2.0,1.0,311.245,0.0,2.0,622.49,363.6
620884,F,False,False,usa,chicago,MDW,36,Illinois,8,3,3,2,0.3333333333333333,1.0,0.3333333333333333,173.22000000000003,0.5,3.0,519.6600000000001,1020.45
620972,M,False,False,usa,kansas city,MCI,41,Missouri,8,3,3,3,0.3333333333333333,1.3333333333333333,0.3333333333333333,240.17333333333332,0.3333333333333333,2.0,984.15,1286.6
621072,F,True,True,usa,providence,PVD,57,Rhode Island,8,1,1,1,0.0,1.0,0.0,460.17,0.0,4.0,460.17,356.0
621085,F,False,False,usa,minneapolis,MSP,51,Minnesota,8,1,0,1,0.0,,,,1.0,7.0,,735.0
621113,F,False,False,usa,new york,LGA,31,New York,8,0,0,0,,,,,,,,
621150,F,False,True,usa,phoenix,LUF,20,Arizona,8,0,0,0,,,,,,,,
621291,F,True,False,usa,indianapolis,IND,55,Gujarat,8,5,4,4,0.0,2.25,0.25,166.18229166666666,0.0,5.75,1717.81,5212.0
621607,F,False,True,canada,ottawa,YOW,35,Ontario,8,2,2,2,0.5,1.0,0.0,218.315,0.5,3.5,386.173,1075.0
621665,F,False,True,usa,chicago,MDW,49,Illinois,9,4,4,3,0.5,1.25,0.75,355.13875,0.0,1.6666666666666667,1459.91,799.0
621811,F,True,True,usa,norfolk,NGU,43,Virginia,8,2,2,1,0.0,1.0,0.0,341.64,0.0,3.0,683.28,489.0
621922,F,False,False,usa,milwaukee,MKE,24,Wisconsin,8,1,1,1,0.0,1.0,0.0,263.71,0.0,3.0,263.71,294.0
622149,F,True,False,usa,santa ana,SNA,48,California,8,1,1,1,1.0,1.0,0.0,453.63,0.0,1.0,408.267,154.0
622293,F,False,False,usa,las vegas,LAS,31,Nevada,10,3,3,1,0.6666666666666666,1.6666666666666667,0.6666666666666666,718.5666666666666,0.0,3.0,3361.425,1356.0
622343,F,False,False,usa,chicago,ORD,49,Illinois,8,1,1,1,0.0,1.0,1.0,420.14,0.0,2.0,420.14,492.0
623077,M,False,False,usa,miami,TNT,37,Florida,8,4,2,4,0.25,1.0,0.5,348.67499999999995,0.0,5.5,647.9594999999999,3290.0
623087,F,False,False,usa,new york,LGA,50,New York,9,3,3,3,0.0,1.0,0.0,390.3766666666667,0.3333333333333333,2.6666666666666665,1171.13,2507.0
623417,F,True,True,usa,sacramento,MHR,57,California,8,0,0,0,,,,,,,,
623691,F,False,False,usa,detroit,YIP,27,Michigan,8,1,1,1,1.0,1.0,0.0,474.78,0.0,8.0,474.78,712.8000000000001
623815,F,False,False,canada,calgary,YYC,34,Alberta,8,3,3,3,0.3333333333333333,1.0,0.3333333333333333,282.2033333333333,0.6666666666666666,1.6666666666666667,826.6914999999999,570.0
623935,F,True,True,usa,new york,LGA,61,New York,9,2,1,1,0.0,2.0,1.0,2344.355,1.0,8.0,4688.71,2232.0
624215,F,False,True,usa,austin,AUS,41,Texas,8,4,4,4,0.25,1.25,0.75,342.525,0.0,1.25,1546.004,845.0
624258,F,True,False,canada,calgary,YYC,42,Alberta,8,1,1,1,0.0,1.0,0.0,428.87,0.0,3.0,428.87,843.0
624497,F,False,True,canada,edmonton,YXD,30,,8,1,1,1,0.0,3.0,3.0,408.8066666666667,0.0,1.0,1226.42,423.0
624593,M,True,True,usa,new york,JFK,42,New York,8,2,2,2,0.0,1.0,1.0,310.96000000000004,0.5,4.5,621.9200000000001,719.0
624636,F,True,False,usa,jacksonville,NIP,46,Florida,8,3,3,3,0.0,1.0,0.6666666666666666,579.37,0.3333333333333333,2.3333333333333335,1738.11,752.0
624913,M,False,True,canada,halifax,YAW,43,,8,3,3,3,0.3333333333333333,1.0,1.0,466.0733333333333,0.3333333333333333,1.3333333333333333,1348.0555,889.8
625030,F,False,False,usa,oklahoma city,OKC,43,Oklahoma,8,5,4,4,0.2,1.0,0.5,374.22249999999997,0.25,3.5,1476.2095,3954.0
625703,F,False,False,canada,ottawa,YOW,36,Ontario,8,2,2,2,0.0,1.0,0.5,133.57,0.0,1.5,267.14,305.0
625984,F,True,False,usa,new york,JFK,52,New York,8,3,3,3,0.6666666666666666,1.3333333333333333,0.6666666666666666,495.9166666666667,0.3333333333333333,2.6666666666666665,1543.83,879.5999999999999
626037,F,False,False,usa,anchorage,ANC,28,Alaska,8,0,0,0,,,,,,,,
626067,F,False,False,usa,long beach,LGB,22,California,8,0,0,0,,,,,,,,
626249,F,False,False,canada,gatineau,YND,32,Quebec,8,0,0,0,,,,,,,,
626318,F,True,False,usa,new york,JFK,57,New York,9,3,2,2,0.6666666666666666,1.0,0.5,112.47,0.0,3.5,224.94,965.2
626329,F,False,False,usa,little rock,LIT,47,Arkansas,8,1,1,1,0.0,1.0,1.0,165.84,0.0,2.0,165.84,406.0
626558,F,False,False,usa,st. petersburg,PIE,35,Florida,8,0,0,0,,,,,,,,
626587,M,False,False,usa,lincoln,LNK,20,Nebraska,8,1,0,1,0.0,,,,1.0,9.0,,693.0
627041,F,False,False,canada,gatineau,YND,44,Quebec,8,2,2,1,0.0,1.0,0.0,260.57500000000005,1.0,2.0,521.1500000000001,126.0
627158,M,True,True,usa,houston,IAH,51,Texas,8,3,3,1,0.3333333333333333,1.0,0.6666666666666666,415.8333333333333,0.0,1.0,1247.5,142.0
627176,F,False,False,usa,indianapolis,IND,51,Gujarat,8,2,2,2,0.0,1.0,0.5,85.215,0.5,1.5,170.43,527.0
627475,F,False,False,canada,calgary,YYC,19,Alberta,8,0,0,0,,,,,,,,
627518,F,False,True,usa,anchorage,ANC,20,Alaska,8,1,1,1,1.0,1.0,1.0,1035.3,0.0,3.0,983.5349999999999,477.0
627617,F,True,False,usa,laredo,LRD,23,Texas,8,2,1,2,0.5,1.0,0.0,286.96,0.0,3.0,258.264,1120.0
627729,F,False,True,canada,toronto,YKZ,26,Ontario,8,0,0,0,,,,,,,,
628023,F,True,False,usa,el paso,BIF,50,Texas,8,3,3,2,0.0,1.0,0.3333333333333333,534.7633333333333,0.0,1.0,1604.29,924.0
628033,M,True,True,usa,st. petersburg,PIE,36,Florida,8,4,3,3,0.5,1.0,0.0,414.9666666666667,0.3333333333333333,5.333333333333333,1133.9205,9831.0
628671,F,False,True,usa,new york,JFK,38,New York,8,2,2,2,0.5,1.5,1.0,290.555,0.0,2.5,924.658,514.0
629345,F,False,False,usa,new orleans,NBG,20,Louisiana,9,1,0,1,0.0,,,,1.0,12.0,,6588.0
629725,F,False,False,usa,atlanta,ATL,48,Georgia,8,3,3,1,0.3333333333333333,1.0,0.3333333333333333,216.79333333333332,0.0,1.0,584.5360000000001,185.0
629747,F,False,False,usa,milwaukee,MKE,21,Wisconsin,8,0,0,0,,,,,,,,
629803,M,False,True,usa,tulsa,TUL,43,Oklahoma,8,3,3,2,0.6666666666666666,1.3333333333333333,1.0,333.03000000000003,0.0,2.5,1345.987,1206.9
629877,F,True,False,canada,halifax,YHZ,47,Nova Scotia,8,2,2,2,0.0,1.5,0.5,237.855,0.5,9.5,601.16,3959.0
629952,F,False,False,usa,cincinnati,CVG,48,Kentucky,8,3,3,3,0.0,1.3333333333333333,0.6666666666666666,255.70333333333335,0.6666666666666666,1.6666666666666667,1214.37,1429.0
630039,F,False,False,usa,los angeles,LAX,42,California,8,1,1,1,0.0,1.0,0.0,182.36,0.0,3.0,182.36,1002.0
630097,F,True,False,usa,santa ana,SNA,47,California,8,3,2,3,0.0,1.0,1.0,587.7,0.3333333333333333,3.3333333333333335,1175.4,2399.0
630176,F,True,True,usa,montgomery,MXF,54,Alabama,8,1,1,1,0.0,1.0,0.0,597.57,0.0,1.0,597.57,108.0
630607,F,False,False,usa,seattle,BFI,29,Washington,8,0,0,0,,,,,,,,
630738,F,False,False,usa,birmingham,BHM,45,Alabama,9,3,3,2,0.3333333333333333,1.0,0.3333333333333333,172.63333333333335,0.5,4.0,493.05850000000004,723.5
630992,F,True,True,usa,montgomery,MXF,61,Alabama,8,1,0,1,0.0,,,,0.0,6.0,,546.0
631319,F,True,False,canada,montreal,YMX,52,Quebec,8,2,2,2,0.0,1.0,0.5,225.95499999999998,0.0,3.0,451.90999999999997,1826.0
631384,F,True,False,usa,richmond,RIC,57,Virginia,8,0,0,0,,,,,,,,
631448,F,True,True,usa,cincinnati,CVG,42,Kentucky,8,2,0,2,0.5,,,,1.0,3.5,,1690.0
631477,F,True,True,usa,riverside,RAL,62,California,9,1,1,1,0.0,1.0,1.0,691.17,0.0,3.0,691.17,132.0
631970,F,False,False,usa,memphis,MEM,56,Tennessee,8,3,3,3,0.0,1.0,0.3333333333333333,287.6233333333334,0.3333333333333333,1.0,862.8700000000001,491.0
631975,F,False,False,canada,montreal,YMX,41,Quebec,8,1,1,0,0.0,1.0,1.0,100.99,,,100.99,
631993,F,True,True,canada,ottawa,YOW,50,Ontario,8,2,2,2,0.5,1.0,0.5,618.965,0.5,1.5,1237.93,486.2
632239,F,True,False,usa,los angeles,LAX,57,California,8,1,1,1,1.0,1.0,0.0,27.52,1.0,1.0,24.768,141.0
632475,F,True,False,canada,ottawa,YOW,70,Ontario,8,1,0,1,0.0,,,,0.0,3.0,,468.0
632665,F,False,False,usa,dallas,DAL,38,Texas,8,1,1,1,1.0,1.0,3.0,341.97,1.0,4.0,341.97,1007.0
632866,F,True,False,usa,austin,AUS,50,Texas,8,0,0,0,,,,,,,,
633183,F,False,False,usa,new york,LGA,42,New York,8,3,3,2,0.6666666666666666,1.0,0.6666666666666666,341.46333333333337,0.0,2.0,964.6935000000001,1321.5
633195,F,False,False,canada,winnipeg,YAV,33,,8,2,2,1,0.0,1.0,1.0,370.825,0.0,1.0,741.65,316.0
633725,F,True,False,canada,hamilton,YHM,50,Ontario,8,6,6,6,0.5,1.0,0.6666666666666666,137.79999999999998,0.0,1.6666666666666667,814.372,1674.6
633972,F,True,False,usa,richmond,RIC,74,Virginia,8,0,0,0,,,,,,,,
634130,F,True,False,usa,new york,JFK,52,New York,8,4,2,4,0.0,1.0,1.0,540.085,0.0,3.75,1080.17,5496.0
634795,F,True,True,usa,houston,HOU,48,Texas,8,2,1,2,0.5,1.0,0.0,203.68,0.0,3.0,162.94400000000002,465.0
634824,F,True,False,usa,new york,LGA,40,New York,8,2,2,2,0.0,1.0,0.5,117.58,0.5,1.5,235.16,269.0
635300,F,True,False,usa,chicago,ORD,47,Illinois,8,6,5,5,0.6666666666666666,1.2,1.6,248.04000000000002,0.4,2.8,1217.311,3728.1
635303,F,False,True,usa,los angeles,LAX,45,California,8,4,4,3,0.0,2.0,1.0,501.9441666666667,1.0,2.3333333333333335,4148.16,5694.0
635375,F,False,False,usa,fayetteville,FYV,19,Arkansas,8,1,0,1,0.0,,,,1.0,21.0,,1932.0
635576,F,True,False,canada,toronto,YKZ,42,Ontario,9,4,4,3,0.0,1.25,0.25,378.21999999999997,0.6666666666666666,1.3333333333333333,2167.4700000000003,777.0
635790,F,False,False,usa,boston,BOS,51,Massachusetts,8,4,4,2,0.25,1.0,0.75,519.5450000000001,0.5,1.5,2072.801,522.0
636251,F,True,False,usa,louisville,LOU,70,Kentucky,8,1,0,1,0.0,,,,0.0,5.0,,1890.0
636873,F,False,False,usa,chicago,ORD,46,Illinois,8,5,5,5,0.2,1.2,0.8,237.096,0.4,4.0,1647.66,2715.3999999999996
636874,F,False,False,usa,reno,RNO,51,Nevada,8,3,3,3,0.3333333333333333,1.0,0.3333333333333333,525.7433333333333,0.0,3.3333333333333335,1513.046,1383.0
637421,F,True,True,usa,new york,LGA,33,New York,8,3,2,3,0.0,1.5,0.5,270.8575,0.0,2.0,708.24,1320.0
638237,F,False,True,canada,toronto,YZD,25,,9,0,0,0,,,,,,,,
638565,F,True,True,usa,chicago,MDW,50,Illinois,8,3,3,2,0.0,1.0,0.3333333333333333,165.46,0.0,4.0,496.38,471.0
638576,F,False,True,usa,phoenix,PHX,40,Arizona,8,3,3,2,0.6666666666666666,1.0,0.6666666666666666,585.5466666666667,0.5,4.5,1707.7060000000001,1317.0
638580,F,False,False,canada,victoria,YYJ,45,British Columbia,8,2,0,2,0.0,,,,0.5,5.5,,2017.0
638598,F,False,False,usa,dallas,DAL,20,Texas,8,1,1,1,0.0,1.0,1.0,413.52,0.0,3.0,413.52,219.0
638600,F,False,False,canada,winnipeg,YWG,76,Manitoba,8,0,0,0,,,,,,,,
639009,F,False,False,usa,oklahoma city,OKC,38,Oklahoma,8,3,3,3,0.3333333333333333,1.6666666666666667,1.6666666666666667,268.92555555555555,0.0,1.3333333333333333,1365.897,773.0
639168,F,False,True,canada,montreal,YUL,44,Quebec,8,2,2,2,0.5,1.0,0.5,448.635,0.5,6.5,897.27,3567.7
639458,F,False,False,usa,stockton,SCK,45,California,8,3,3,3,0.3333333333333333,1.0,0.3333333333333333,443.82,0.6666666666666666,1.6666666666666667,1267.155,901.0
639510,F,True,False,usa,san diego,NZY,59,California,9,2,2,2,1.0,1.0,0.0,459.245,0.0,2.5,818.5640000000001,815.0
639554,F,False,False,usa,los angeles,LAX,20,California,8,2,2,2,0.0,1.0,0.5,451.34499999999997,0.5,2.5,902.6899999999999,1340.0
639894,F,True,True,usa,brownsville,BRO,46,Texas,8,2,1,2,0.0,1.0,0.0,653.32,0.0,9.5,653.32,5671.0
640580,F,True,False,canada,montreal,YMX,56,Quebec,8,3,3,3,0.3333333333333333,1.0,0.3333333333333333,266.85,0.6666666666666666,3.6666666666666665,796.3805000000001,2466.4
640689,F,False,False,usa,omaha,OFF,53,Nebraska,10,3,3,3,0.3333333333333333,1.0,0.6666666666666666,374.3633333333334,0.3333333333333333,2.0,1093.249,1069.0
640867,F,False,True,canada,montreal,YHU,53,Quebec,9,2,2,2,0.0,1.5,0.5,236.7525,0.5,2.0,693.44,1037.0
640968,F,True,False,usa,indianapolis,IND,57,Gujarat,8,2,2,1,0.5,1.0,1.0,220.27,0.0,3.0,403.0235,981.0
641364,F,False,False,usa,las vegas,LSV,32,Nevada,8,5,5,4,0.4,1.0,0.8,304.118,0.0,1.75,1520.59,1002.1000000000001
642578,F,True,True,usa,new york,LGA,66,New York,8,3,2,2,0.3333333333333333,1.0,1.0,344.03,0.5,3.0,688.06,415.5
642786,F,False,False,usa,charlotte,CLT,44,North Carolina,8,3,2,3,0.3333333333333333,1.0,1.0,75.24,0.6666666666666666,7.333333333333333,141.8865,4396.0
642820,F,True,True,usa,las vegas,LAS,50,Nevada,8,2,2,2,0.0,1.0,0.0,357.715,0.0,3.0,715.43,1172.0
643359,M,False,False,usa,santa ana,SNA,28,California,8,1,1,1,1.0,1.0,0.0,524.85,1.0,2.0,472.365,258.0
643469,F,True,False,usa,new york,LGA,45,New York,8,3,1,3,0.3333333333333333,1.0,0.0,27.93,0.6666666666666666,11.0,23.7405,4530.0
643929,F,True,False,usa,new york,LGA,43,New York,8,2,1,2,0.0,2.0,1.0,470.995,0.0,3.5,941.99,2994.0
644467,F,False,True,usa,detroit,DTW,35,Michigan,8,3,3,3,0.3333333333333333,2.3333333333333335,1.0,279.05916666666667,0.0,2.0,1606.26,1525.2
644639,F,True,True,usa,santa ana,SNA,61,California,8,0,0,0,,,,,,,,
644870,F,False,False,usa,bakersfield,BFL,50,California,9,5,3,4,0.4,1.0,1.3333333333333333,513.1166666666667,0.5,4.25,1539.3500000000001,2186.5
645022,F,False,False,usa,corpus christi,CRP,20,Texas,8,1,0,1,0.0,,,,0.0,5.0,,445.0
645168,F,True,False,usa,baton rouge,BTR,40,Louisiana,8,3,3,2,0.6666666666666666,1.3333333333333333,0.3333333333333333,1155.405,0.0,2.0,5592.9710000000005,667.8
645685,M,False,False,usa,orlando,MCO,53,Florida,8,4,4,4,0.25,1.0,0.75,336.645,0.25,1.75,1346.58,897.25
645933,F,True,False,usa,fresno,FAT,40,California,9,2,2,2,0.0,1.5,0.0,382.33500000000004,0.0,4.0,855.6,1190.0
645939,F,True,True,usa,austin,AUS,54,Texas,8,0,0,0,,,,,,,,
646127,F,False,True,usa,shreveport,SHV,25,Louisiana,8,0,0,0,,,,,,,,
646197,F,False,False,usa,los angeles,LAX,25,California,8,0,0,0,,,,,,,,
646257,F,False,False,usa,indianapolis,IND,39,Gujarat,8,1,1,1,0.0,1.0,1.0,77.63,0.0,3.0,77.63,639.0
646259,F,True,True,usa,new york,JFK,26,New York,8,2,0,2,0.0,,,,0.5,4.5,,1999.0
646424,F,True,False,canada,montreal,YMX,46,Quebec,8,2,1,2,0.5,2.0,0.0,290.425,0.0,7.0,580.85,4671.6
646455,F,True,False,usa,houston,IAH,54,Texas,8,4,4,3,0.25,1.25,1.0,426.0575,0.0,4.333333333333333,2071.0519999999997,3609.0
646937,F,False,True,usa,mobile,MOB,48,Alabama,9,3,3,3,0.0,2.0,1.0,402.5441666666666,0.0,2.0,2285.5699999999997,1687.0
647555,M,True,False,usa,cleveland,CLE,60,Ohio,8,1,1,1,0.0,1.0,1.0,101.75,0.0,2.0,101.75,232.0
647638,F,False,False,canada,winnipeg,YAV,20,,8,1,0,1,0.0,,,,0.0,3.0,,315.0
647674,F,False,True,usa,chicago,ORD,39,Illinois,8,4,3,4,0.25,1.0,0.6666666666666666,361.6666666666667,0.75,1.75,1085.0,1296.0
648201,F,False,False,usa,anchorage,ANC,20,Alaska,8,0,0,0,,,,,,,,
648379,M,True,True,canada,montreal,YMX,42,Quebec,8,1,1,1,0.0,1.0,0.0,710.38,0.0,4.0,710.38,980.0
648990,F,True,False,usa,san jose,SJC,50,California,9,3,3,3,0.3333333333333333,1.3333333333333333,0.6666666666666666,210.92499999999998,0.3333333333333333,5.333333333333333,754.4,2255.0
649080,F,False,True,usa,houston,IAH,40,Texas,8,2,1,2,0.5,1.0,1.0,376.9,0.0,3.0,376.9,888.0
649081,F,False,False,usa,nashville,BNA,46,Tennessee,8,4,4,3,0.25,1.0,0.5,186.4875,0.0,2.3333333333333335,745.95,900.0
649208,F,False,True,usa,el paso,BIF,36,Texas,8,1,1,1,0.0,1.0,0.0,417.01,0.0,6.0,417.01,1008.0
649935,F,False,False,usa,stockton,SCK,25,California,8,0,0,0,,,,,,,,
650049,F,False,True,canada,gatineau,YND,26,Quebec,8,1,1,1,0.0,3.0,2.0,34.36666666666667,0.0,8.0,103.1,2928.0
650055,F,True,False,usa,new york,LGA,36,New York,8,2,2,2,0.0,1.0,0.5,435.885,0.0,1.0,871.77,549.0
650079,F,True,False,usa,san antonio,SKF,44,Texas,8,2,2,1,0.0,1.0,1.0,442.445,0.0,7.0,884.89,1190.0
650606,F,False,False,canada,quebec,YQB,21,Quebec,8,0,0,0,,,,,,,,
651390,F,False,True,usa,stockton,SCK,32,California,8,1,1,1,0.0,1.0,1.0,767.08,1.0,1.0,767.08,283.0
651675,F,False,True,usa,tulsa,TUL,57,Oklahoma,8,3,3,3,0.6666666666666666,1.0,1.3333333333333333,374.6233333333333,0.6666666666666666,2.0,1123.87,768.4
651805,M,True,True,usa,new york,JFK,50,New York,8,2,2,2,0.0,1.0,0.5,582.73,0.5,2.0,1165.46,712.0
651828,F,True,True,usa,phoenix,PHX,44,Arizona,9,2,1,2,0.0,3.0,0.0,693.9266666666667,0.0,4.5,2081.78,1258.0
652003,F,True,True,canada,toronto,YYZ,50,Ontario,8,0,0,0,,,,,,,,
652040,F,False,False,canada,calgary,YYC,56,Alberta,8,3,3,3,1.0,1.3333333333333333,1.0,409.5583333333334,0.0,2.3333333333333335,1462.6375,1534.0500000000002
652190,F,False,True,usa,los angeles,LAX,21,California,8,0,0,0,,,,,,,,
652527,F,False,False,usa,akron,AKR,31,Ondo,8,1,1,1,0.0,1.0,1.0,93.89,1.0,1.0,93.89,193.0
653332,F,True,True,usa,new york,LGA,55,New York,9,1,1,1,0.0,1.0,0.0,408.33,1.0,3.0,408.33,600.0
653852,F,False,False,usa,new york,JFK,51,New York,8,1,1,1,0.0,1.0,1.0,191.1,1.0,1.0,191.1,331.0
654233,F,False,False,usa,memphis,MEM,41,Tennessee,8,4,4,4,0.25,1.0,0.5,189.26749999999998,0.25,3.0,757.0699999999999,1774.1999999999998
654259,F,True,False,usa,san diego,SAN,48,California,8,5,5,5,0.0,1.4,0.8,459.44699999999995,0.6,3.4,3289.85,4196.0
655300,F,False,False,usa,new orleans,NBG,54,Louisiana,8,2,2,2,1.0,1.0,1.0,253.435,0.0,2.5,476.13,1044.5
655499,F,False,False,usa,baltimore,BWI,69,Maryland,8,2,1,2,1.0,2.0,0.0,656.94,0.0,4.0,1182.4920000000002,965.6
656150,F,True,True,usa,st. louis,STL,49,Missouri,8,1,1,1,0.0,1.0,0.0,117.67,0.0,3.0,117.67,801.0
656346,F,True,True,usa,chicago,UGN,50,Illinois,8,2,2,2,0.0,1.0,1.0,377.065,0.0,8.5,754.13,1986.0
656422,F,False,False,canada,quebec,YQB,39,Quebec,8,4,4,3,0.0,1.75,1.0,563.4025,0.3333333333333333,1.3333333333333333,3230.64,1400.0
656471,F,False,True,usa,new york,JFK,31,New York,8,1,1,1,0.0,2.0,1.0,54.335,0.0,2.0,108.67,544.0
656560,F,True,True,canada,london,YXU,42,Ontario,8,1,1,1,0.0,1.0,2.0,246.88,1.0,8.0,246.88,464.0
656708,F,True,True,canada,edmonton,YXD,55,,8,2,2,2,0.0,1.0,1.0,611.495,0.0,2.0,1222.99,586.0
656850,F,False,False,usa,new york,LGA,26,New York,8,0,0,0,,,,,,,,
656873,F,False,False,canada,ottawa,YOW,49,Ontario,8,3,3,2,0.3333333333333333,1.0,0.0,368.7633333333333,0.5,2.5,1106.29,609.0
656920,F,True,False,usa,jacksonville,NIP,39,Florida,8,3,2,1,0.3333333333333333,2.5,0.5,256.475,0.0,2.0,1080.934,1464.0
657122,F,True,True,canada,toronto,YTZ,61,Ontario,9,2,1,2,0.0,1.0,0.0,171.08,0.5,5.0,171.08,915.0
657343,F,True,False,usa,corpus christi,CRP,59,Texas,8,0,0,0,,,,,,,,
657514,F,True,False,usa,tulsa,TUL,45,Oklahoma,8,0,0,0,,,,,,,,
657629,M,False,False,usa,phoenix,LUF,31,Arizona,8,4,3,3,0.25,1.6666666666666667,0.3333333333333333,381.48333333333335,0.6666666666666666,5.0,1957.65,2095.7
658234,F,False,True,usa,tacoma,TCM,42,Washington,8,1,1,0,0.0,1.0,1.0,286.51,,,286.51,
658528,F,True,True,usa,sacramento,SAC,51,California,8,1,1,1,0.0,1.0,1.0,68.55,1.0,1.0,68.55,359.0
659128,F,True,True,usa,new york,JFK,51,New York,8,5,5,5,0.6,1.0,1.2,518.5260000000001,0.0,2.4,2568.473,1666.0
659161,F,False,False,usa,new york,LGA,42,New York,8,5,5,4,0.0,1.6,0.4,273.976,0.25,2.25,2874.3199999999997,2251.0
659832,F,True,False,usa,los angeles,LAX,46,California,8,4,4,3,0.25,1.25,0.25,441.5925,0.0,1.6666666666666667,2412.17,787.8
660110,F,False,False,usa,dallas,DAL,27,Texas,8,2,2,2,0.0,1.0,0.5,470.345,0.5,2.0,940.69,962.0
660903,F,False,True,usa,philadelphia,PNE,20,Pennsylvania,8,0,0,0,,,,,,,,
662010,F,True,False,usa,denver,DEN,44,Colorado,8,4,4,4,0.25,1.75,0.5,306.0425,0.5,2.5,1901.92,4031.0
662535,F,False,False,usa,kansas city,MCI,44,Missouri,8,1,1,1,0.0,1.0,1.0,116.49,0.0,1.0,116.49,238.0
662596,F,False,False,usa,nashville,BNA,22,Tennessee,8,1,1,0,0.0,1.0,1.0,226.09,,,226.09,
662750,F,True,True,usa,dallas,DAL,51,Texas,9,0,0,0,,,,,,,,
663017,M,True,False,usa,houston,HOU,43,Texas,9,4,4,4,0.5,1.5,1.0,343.7325,0.25,3.75,2044.871,3784.35
663565,F,False,False,usa,san antonio,SKF,43,Texas,8,4,3,4,0.25,1.3333333333333333,0.6666666666666666,388.83666666666664,0.25,6.25,1362.4005,15824.0
664084,F,False,False,usa,new york,JFK,38,New York,8,1,1,1,0.0,1.0,1.0,199.32,1.0,2.0,199.32,218.0
664119,F,True,False,usa,st. petersburg,SPG,58,Florida,8,1,0,1,1.0,,,,0.0,8.0,,1893.6000000000001
664401,F,False,False,usa,columbus,LCK,44,Ohio,8,2,2,2,0.5,1.0,0.0,291.96000000000004,1.0,1.5,516.6675,741.0
664405,F,True,True,canada,montreal,YHU,56,Quebec,8,1,1,1,1.0,1.0,0.0,212.82,0.0,1.0,212.82,95.94999999999999
664998,F,True,False,usa,houston,EFD,51,Texas,8,2,2,1,0.5,2.0,1.0,272.81166666666667,0.0,1.0,703.829,240.0
665746,F,True,False,usa,boston,BOS,49,Massachusetts,8,1,1,0,1.0,2.0,1.0,459.67,,,919.34,
665892,F,False,True,usa,knoxville,TYS,34,Tennessee,8,5,4,5,0.4,1.0,0.5,308.2075,0.6,3.4,1206.742,3280.4
666174,M,True,False,canada,toronto,YKZ,44,Ontario,8,1,1,1,0.0,1.0,1.0,548.74,0.0,2.0,548.74,604.0
666718,F,True,False,usa,memphis,MEM,48,Tennessee,8,2,2,1,0.5,1.0,0.5,297.865,0.0,2.0,595.73,209.00000000000003
667299,F,True,False,usa,los angeles,LAX,71,California,9,0,0,0,,,,,,,,
667536,F,False,False,usa,portland,PDX,27,Oregon,8,2,2,2,0.0,1.0,1.5,630.1700000000001,0.0,1.0,1260.3400000000001,255.0
667718,F,False,False,usa,nashville,BNA,40,Tennessee,8,2,2,2,0.5,1.5,0.5,391.5925,0.5,2.5,978.5515,522.0
667916,F,False,False,canada,vancouver,YVR,50,British Columbia,9,3,3,2,0.0,1.0,0.3333333333333333,639.8833333333333,0.0,3.0,1919.65,657.0
667929,F,False,False,usa,new york,LGA,38,New York,8,1,1,0,1.0,1.0,1.0,108.19,,,108.19,
667981,F,True,False,usa,san antonio,RND,50,Texas,8,3,3,3,0.0,1.0,0.0,317.12666666666667,0.3333333333333333,6.333333333333333,951.38,3540.0
668083,M,False,False,canada,montreal,YUL,24,Quebec,8,2,1,1,0.0,1.0,0.0,320.63,0.0,5.0,320.63,220.0
668172,F,False,False,usa,san francisco,SFO,35,California,8,3,3,2,0.3333333333333333,1.3333333333333333,0.6666666666666666,662.4633333333333,0.5,1.5,2590.7690000000002,1027.0
668677,F,False,False,usa,new york,LGA,32,New York,8,2,2,2,0.0,1.5,0.0,235.20000000000002,0.0,1.5,525.7,870.0
668776,F,True,True,usa,sacramento,SMF,40,California,8,3,2,3,0.6666666666666666,1.0,0.5,294.545,0.0,5.666666666666667,534.98,4535.0
669140,F,True,True,usa,detroit,YIP,66,Michigan,9,2,1,2,0.5,1.0,2.0,228.64,0.5,2.5,194.344,288.0
669155,F,False,True,usa,new york,LGA,22,New York,8,1,0,1,1.0,,,,1.0,17.0,,1550.3999999999999
669329,F,False,False,canada,vancouver,YVR,34,British Columbia,8,2,1,2,0.0,3.0,0.0,322.87333333333333,0.0,9.0,968.62,22356.0
669348,F,True,False,usa,bakersfield,BFL,42,California,8,2,2,2,0.0,1.0,0.5,581.73,0.0,3.5,1163.46,532.0
670471,F,True,True,usa,louisville,LOU,42,Kentucky,8,2,2,2,0.0,1.0,0.5,193.53,0.5,2.0,387.06,916.0
670971,F,False,False,usa,st. louis,STL,43,Missouri,8,1,1,1,0.0,1.0,0.0,190.49,0.0,1.0,190.49,146.0
671066,F,True,True,usa,providence,PVD,51,Rhode Island,8,1,1,1,0.0,1.0,0.0,97.51,0.0,6.0,97.51,552.0
671151,F,True,False,usa,milwaukee,MKE,53,Wisconsin,8,3,3,3,0.3333333333333333,1.0,0.3333333333333333,323.2033333333334,0.0,3.3333333333333335,960.7260000000001,1270.0
671999,F,False,True,usa,los angeles,LAX,19,California,8,0,0,0,,,,,,,,
672009,F,True,False,usa,indianapolis,IND,53,Gujarat,8,2,2,2,0.5,3.0,0.0,479.41499999999996,0.0,1.0,2359.5885,828.0
672112,F,True,True,usa,madison,MSN,52,Wisconsin,8,4,2,3,0.5,1.0,0.5,245.42,0.3333333333333333,5.0,400.96,1692.0
673076,F,False,False,usa,new york,JFK,23,New York,9,1,1,1,1.0,1.0,2.0,97.44,0.0,2.0,87.696,346.0
674375,F,True,False,usa,sacramento,SMF,48,California,8,2,1,2,0.5,1.0,1.0,444.2,0.5,7.0,444.2,1090.9
675201,M,False,True,usa,phoenix,PHX,47,Arizona,8,6,5,6,0.5,1.0,0.6,531.346,0.3333333333333333,3.3333333333333335,2572.6025,3223.45
676043,F,True,False,usa,wichita,IAB,65,Kansas,8,0,0,0,,,,,,,,
676373,F,True,True,usa,new york,LGA,37,New York,8,2,1,2,0.0,1.0,1.0,508.72,0.0,7.0,508.72,2424.0
677209,F,False,False,canada,toronto,YTZ,42,Ontario,8,1,1,1,0.0,1.0,0.0,96.3,0.0,2.0,96.3,216.0
677896,F,True,True,usa,denver,DEN,67,Colorado,8,2,1,2,0.5,1.0,0.0,314.7,0.5,4.5,283.23,852.0
678536,F,True,False,usa,milwaukee,MKE,34,Wisconsin,8,1,0,1,0.0,,,,0.0,17.0,,901.0
678547,F,False,False,canada,toronto,YKZ,33,Ontario,8,2,1,1,0.5,1.0,1.0,274.58,0.0,10.0,274.58,3834.0
679047,F,False,False,usa,riverside,RAL,40,California,8,2,1,2,0.5,1.0,1.0,116.92,0.5,5.0,116.92,1320.0
679066,F,True,False,usa,montgomery,MXF,48,Alabama,8,3,3,3,0.0,1.3333333333333333,0.6666666666666666,221.24333333333334,0.0,4.333333333333333,954.7,2241.0
679442,M,True,False,usa,winston-salem,INT,45,North Carolina,8,1,1,1,0.0,2.0,1.0,165.61,0.0,1.0,331.22,332.0
680424,F,True,True,usa,new york,LGA,52,New York,8,3,2,3,0.0,1.0,0.0,187.32,0.6666666666666666,3.6666666666666665,374.64,1927.0
681050,F,False,False,usa,orlando,ORL,53,Florida,8,2,2,1,0.0,1.5,0.5,322.9775,0.0,5.0,1060.13,420.0
681720,M,False,True,usa,new york,LGA,41,New York,8,4,4,2,0.25,1.0,0.25,303.84999999999997,1.0,1.5,1215.3999999999999,908.0
682005,F,False,False,usa,los angeles,LAX,33,California,9,2,0,2,0.5,,,,0.0,4.5,,1054.0
683663,F,True,False,usa,austin,AUS,68,Texas,8,1,0,1,0.0,,,,0.0,3.0,,564.0
683976,F,False,True,usa,los angeles,LAX,25,California,8,1,0,1,0.0,,,,0.0,5.0,,280.0
683978,F,True,True,usa,columbus,CMH,56,Ohio,8,3,3,3,0.0,1.0,0.6666666666666666,249.81666666666663,0.6666666666666666,2.3333333333333335,749.4499999999999,1091.0
684510,F,False,True,usa,corpus christi,CRP,38,Texas,8,3,1,3,0.0,1.0,0.0,37.12,0.0,5.666666666666667,37.12,8092.0
684806,F,False,True,usa,dallas,DAL,30,Texas,8,4,4,4,0.0,1.5,0.0,317.7266666666667,0.25,3.5,1931.56,1319.0
685604,F,True,False,usa,new york,LGA,58,New York,8,1,1,1,0.0,1.0,1.0,441.23,1.0,6.0,441.23,2340.0
686920,F,True,False,usa,richmond,RIC,57,Virginia,8,2,2,2,0.5,1.0,1.0,406.70500000000004,0.5,5.0,770.2160000000001,2310.0
688312,F,True,False,usa,fort worth,FTW,30,Texas,8,0,0,0,,,,,,,,
689374,F,True,True,usa,san jose,SJC,58,California,8,1,1,1,0.0,1.0,0.0,670.38,1.0,3.0,670.38,258.0
689624,F,False,True,canada,toronto,YYZ,31,Ontario,8,3,3,2,0.3333333333333333,1.0,0.6666666666666666,458.69,0.5,8.0,1376.07,2594.5
689984,F,False,True,usa,philadelphia,PHL,23,Pennsylvania,8,3,2,3,0.3333333333333333,1.0,0.5,269.075,0.0,4.333333333333333,510.58000000000004,1286.0
690420,F,True,True,usa,st. petersburg,PIE,57,Florida,8,3,3,3,0.3333333333333333,1.0,0.0,548.16,0.6666666666666666,2.6666666666666665,1644.48,736.2
690422,F,False,False,usa,new york,LGA,47,New York,8,3,3,3,0.0,1.0,0.6666666666666666,423.3933333333334,0.3333333333333333,2.3333333333333335,1270.18,1657.0
691334,F,False,True,usa,new york,JFK,51,New York,8,3,3,3,0.0,1.0,0.6666666666666666,623.4466666666667,0.6666666666666666,2.6666666666666665,1870.3400000000001,1558.0
691546,F,False,True,usa,portland,PWM,49,Maine,8,5,5,5,0.2,1.0,0.6,314.122,0.2,2.2,1570.6100000000001,1720.4
693301,F,False,False,usa,el paso,ELP,76,Texas,9,2,1,2,0.0,1.0,1.0,209.88,0.0,1.5,209.88,464.0
693729,F,True,True,usa,dallas,DAL,31,Texas,8,2,2,2,0.0,1.0,1.0,217.47000000000003,0.5,2.0,434.94000000000005,683.0
694265,F,True,True,usa,des moines,DSM,32,Iowa,8,0,0,0,,,,,,,,
695094,F,True,False,usa,san diego,SAN,44,California,8,1,1,1,0.0,1.0,0.0,29.52,0.0,2.0,29.52,392.0
695132,F,True,True,usa,san antonio,SAT,51,Texas,8,2,2,2,0.5,1.0,0.5,402.66999999999996,0.5,1.0,805.3399999999999,545.8
695557,F,False,False,usa,san diego,SAN,33,California,8,4,4,4,0.25,1.25,0.75,444.80125000000004,0.25,2.5,2338.9175,2663.6
698291,F,False,False,usa,corpus christi,CRP,29,Texas,8,3,3,3,0.0,1.3333333333333333,0.6666666666666666,349.7266666666667,0.3333333333333333,3.6666666666666665,1150.25,1752.0
699040,F,False,False,usa,kansas city,MCI,38,Missouri,8,1,1,0,1.0,1.0,0.0,135.85,,,129.05749999999998,
700289,F,True,False,usa,new york,JFK,73,New York,8,1,0,1,1.0,,,,0.0,4.0,,1447.2
700666,F,True,True,usa,portland,PDX,61,Oregon,8,1,0,1,0.0,,,,1.0,14.0,,7700.0
701565,F,True,True,usa,charlotte,CLT,55,North Carolina,8,3,3,3,0.3333333333333333,1.0,0.3333333333333333,442.0833333333333,0.6666666666666666,1.3333333333333333,1326.25,727.6
702595,F,False,True,usa,fort worth,FTW,43,Texas,8,3,3,3,0.3333333333333333,1.0,0.3333333333333333,319.0966666666667,0.3333333333333333,2.0,957.2900000000001,779.0
703333,F,False,True,usa,boston,BOS,45,Massachusetts,9,1,1,1,1.0,1.0,0.0,729.6,0.0,4.0,656.64,452.0
704652,F,False,True,usa,new york,JFK,52,New York,8,3,3,3,0.0,1.3333333333333333,0.6666666666666666,425.8766666666667,0.3333333333333333,1.6666666666666667,1376.95,1034.0
707525,F,True,True,usa,indianapolis,IND,47,Gujarat,8,3,3,3,0.0,1.6666666666666667,1.0,175.77999999999997,0.6666666666666666,7.0,777.92,4526.0
708887,F,False,False,usa,rochester,ROC,25,New York,8,2,0,2,0.0,,,,0.0,13.5,,7824.0
710489,F,False,False,usa,buffalo,BUF,39,New York,8,3,3,2,0.0,1.3333333333333333,0.6666666666666666,189.79833333333332,0.0,2.0,579.28,1239.0
710523,F,False,False,canada,london,YXU,20,Ontario,8,0,0,0,,,,,,,,
713557,F,True,False,usa,minneapolis,MSP,60,Minnesota,8,2,2,2,0.0,1.5,1.0,338.93,0.0,3.5,1013.9300000000001,1074.0
714420,F,True,True,usa,nashville,BNA,45,Tennessee,9,2,2,2,0.5,1.5,1.0,143.60750000000002,0.0,2.5,424.4165,1596.7
714504,F,False,False,usa,san antonio,SAT,48,Texas,8,2,2,2,0.5,1.0,1.0,386.52,0.5,2.5,773.04,631.2
715059,F,False,False,usa,houston,IAH,44,Texas,8,3,3,3,0.3333333333333333,1.0,0.3333333333333333,350.0366666666667,0.3333333333333333,1.3333333333333333,1050.1100000000001,640.6
716337,F,True,False,usa,indianapolis,IND,38,Gujarat,9,2,1,2,0.0,1.0,0.0,517.85,1.0,6.0,517.85,1256.0
716801,F,True,False,usa,sacramento,SAC,70,California,8,1,0,1,0.0,,,,0.0,2.0,,138.0
717149,F,True,False,canada,ottawa,YOW,34,Ontario,9,1,1,1,1.0,1.0,1.0,640.53,0.0,1.0,480.3975,77.0
717546,F,True,False,usa,new orleans,NBG,68,Louisiana,8,2,2,2,0.5,1.0,0.5,124.94,0.0,2.5,218.386,558.0
720860,F,False,True,usa,long beach,LGB,40,California,8,4,4,4,0.0,1.5,0.75,230.32833333333335,0.5,2.5,1880.1200000000001,2247.0
721496,F,True,True,usa,chicago,MDW,52,Illinois,8,2,1,2,1.0,1.0,0.0,64.27,0.5,8.0,61.05649999999999,2275.6
721570,F,False,False,usa,newark,EWR,46,New Jersey,8,1,0,1,0.0,,,,1.0,17.0,,1258.0
725357,F,True,False,usa,cincinnati,CVG,47,Kentucky,8,0,0,0,,,,,,,,
727886,F,True,False,usa,san francisco,SFO,48,California,8,2,2,2,0.0,1.0,0.0,490.93,0.0,1.0,981.86,309.0
728820,M,False,True,usa,houston,HOU,41,Texas,8,1,0,1,1.0,,,,0.0,5.0,,450.0
733654,F,True,False,usa,portland,PWM,70,Maine,8,0,0,0,,,,,,,,
734565,F,True,False,usa,honolulu,HNL,60,Hawaii,8,2,2,2,0.5,1.0,0.5,1377.1,0.5,2.5,2633.8940000000002,713.0
741190,F,False,True,canada,toronto,YTZ,23,Ontario,8,0,0,0,,,,,,,,
741902,F,True,True,canada,halifax,YAW,50,,8,1,1,1,0.0,1.0,1.0,432.76,0.0,1.0,432.76,276.0
743151,F,False,True,usa,seattle,BFI,36,Washington,8,0,0,0,,,,,,,,
752933,F,True,False,usa,fresno,FAT,70,California,8,1,0,1,1.0,,,,0.0,7.0,,3298.3999999999996
756434,F,False,True,usa,omaha,OFF,44,Nebraska,8,2,1,2,0.0,1.0,0.0,359.14,0.0,2.5,359.14,1255.0
757930,F,False,False,usa,las vegas,LAS,48,Nevada,8,4,3,3,0.25,1.0,0.3333333333333333,314.55,0.6666666666666666,4.0,802.375,2180.0
760793,F,True,False,usa,modesto,MOD,43,California,8,3,2,3,0.3333333333333333,1.0,0.5,412.63,0.3333333333333333,4.666666666666667,825.26,2664.0
767426,F,True,True,usa,fayetteville,FYV,39,Arkansas,8,4,2,3,0.25,2.0,0.5,239.99666666666667,0.3333333333333333,3.6666666666666665,1140.1200000000001,3052.0
770252,F,False,False,usa,oakland,OAK,27,California,8,0,0,0,,,,,,,,
774666,F,True,False,usa,minneapolis,MSP,47,Minnesota,8,2,2,1,0.5,1.0,1.5,316.845,0.0,5.0,633.69,585.0
777366,F,False,False,usa,new york,JFK,51,New York,8,1,1,1,0.0,1.0,0.0,108.73,0.0,2.0,108.73,628.0
780167,F,True,True,usa,los angeles,LAX,52,California,8,2,2,1,0.5,1.5,0.0,448.53499999999997,0.0,1.0,1122.106,220.0
785186,F,True,True,usa,little rock,LIT,47,Arkansas,8,2,2,2,0.0,1.0,0.0,176.675,1.0,1.0,353.35,291.0
792549,F,False,False,usa,kansas city,MCI,48,Missouri,8,4,4,1,0.0,1.0,0.5,259.7925,1.0,4.0,1039.17,144.0
811077,F,True,True,usa,knoxville,TYS,47,Tennessee,8,1,1,1,0.0,1.0,0.0,579.79,0.0,6.0,579.79,852.0
844489,M,False,True,usa,el paso,BIF,26,Texas,8,0,0,0,,,,,,,,
